STATEFP,COUNTYFP,TRACTCE,BLKGRPCE,GEOID,PUMA,TRACTGEOID
41,001,950100,3,410019501003,00100,41001950100
41,001,950100,1,410019501001,00100,41001950100
41,001,950100,2,410019501002,00100,41001950100
41,001,950200,2,410019502002,00100,41001950200
41,001,950200,1,410019502001,00100,41001950200
41,001,950200,3,410019502003,00100,41001950200
41,001,950300,2,410019503002,00100,41001950300
41,001,950300,1,410019503001,00100,41001950300
41,001,950300,3,410019503003,00100,41001950300
41,001,950400,3,410019504003,00100,41001950400
41,001,950400,2,410019504002,00100,41001950400
41,001,950400,1,410019504001,00100,41001950400
41,001,950500,1,410019505001,00100,41001950500
41,001,950500,2,410019505002,00100,41001950500
41,001,950600,3,410019506003,00100,41001950600
41,001,950600,2,410019506002,00100,41001950600
41,001,950600,1,410019506001,00100,41001950600
41,003,000100,1,410030001001,00600,41003000100
41,003,000100,3,410030001003,00600,41003000100
41,003,000100,4,410030001004,00600,41003000100
41,003,000100,2,410030001002,00600,41003000100
41,003,000202,2,410030002022,00600,41003000202
41,003,000202,1,410030002021,00600,41003000202
41,003,000400,3,410030004003,00600,41003000400
41,003,000400,4,410030004004,00600,41003000400
41,003,000400,1,410030004001,00600,41003000400
41,003,000400,2,410030004002,00600,41003000400
41,003,000500,2,410030005002,00600,41003000500
41,003,000500,3,410030005003,00600,41003000500
41,003,000500,1,410030005001,00600,41003000500
41,003,000600,1,410030006001,00600,41003000600
41,003,000600,3,410030006003,00600,41003000600
41,003,000600,2,410030006002,00600,41003000600
41,003,000900,2,410030009002,00600,41003000900
41,003,000900,5,410030009005,00600,41003000900
41,003,000900,4,410030009004,00600,41003000900
41,003,000900,3,410030009003,00600,41003000900
41,003,000900,1,410030009001,00600,41003000900
41,003,001001,3,410030010013,00600,41003001001
41,003,001001,1,410030010011,00600,41003001001
41,003,001001,2,410030010012,00600,41003001001
41,003,001002,2,410030010022,00600,41003001002
41,003,001002,3,410030010023,00600,41003001002
41,003,001002,1,410030010021,00600,41003001002
41,003,001101,2,410030011012,00600,41003001101
41,003,001101,4,410030011014,00600,41003001101
41,003,001101,3,410030011013,00600,41003001101
41,003,001101,1,410030011011,00600,41003001101
41,003,001102,3,410030011023,00600,41003001102
41,003,001102,4,410030011024,00600,41003001102
41,003,001102,2,410030011022,00600,41003001102
41,003,001102,1,410030011021,00600,41003001102
41,003,010100,3,410030101003,00600,41003010100
41,003,010100,4,410030101004,00600,41003010100
41,003,010100,2,410030101002,00600,41003010100
41,003,010100,1,410030101001,00600,41003010100
41,003,010100,5,410030101005,00600,41003010100
41,003,010200,2,410030102002,00600,41003010200
41,003,010200,1,410030102001,00600,41003010200
41,003,010200,3,410030102003,00600,41003010200
41,003,010300,3,410030103003,00600,41003010300
41,003,010300,1,410030103001,00600,41003010300
41,003,010300,2,410030103002,00600,41003010300
41,003,010400,1,410030104001,00600,41003010400
41,003,010400,2,410030104002,00600,41003010400
41,003,010400,3,410030104003,00600,41003010400
41,003,010600,4,410030106004,00600,41003010600
41,003,010600,2,410030106002,00600,41003010600
41,003,010600,3,410030106003,00600,41003010600
41,003,010600,1,410030106001,00600,41003010600
41,003,010702,3,410030107023,00600,41003010702
41,003,010702,1,410030107021,00600,41003010702
41,003,010702,2,410030107022,00600,41003010702
41,003,010800,3,410030108003,00600,41003010800
41,003,010800,2,410030108002,00600,41003010800
41,003,010800,1,410030108001,00600,41003010800
41,003,010900,1,410030109001,00600,41003010900
41,003,010900,2,410030109002,00600,41003010900
41,005,020100,3,410050201003,01319,41005020100
41,005,020100,1,410050201001,01319,41005020100
41,005,020100,2,410050201002,01319,41005020100
41,005,020200,2,410050202002,01319,41005020200
41,005,020200,4,410050202004,01319,41005020200
41,005,020200,1,410050202001,01319,41005020200
41,005,020200,3,410050202003,01319,41005020200
41,005,020200,5,410050202005,01319,41005020200
41,005,020302,2,410050203022,01319,41005020302
41,005,020302,1,410050203021,01319,41005020302
41,005,020303,2,410050203032,01319,41005020303
41,005,020303,1,410050203031,01319,41005020303
41,005,020303,3,410050203033,01319,41005020303
41,005,020304,3,410050203043,01319,41005020304
41,005,020304,2,410050203042,01319,41005020304
41,005,020304,1,410050203041,01319,41005020304
41,005,020401,2,410050204012,01319,41005020401
41,005,020401,3,410050204013,01319,41005020401
41,005,020401,4,410050204014,01319,41005020401
41,005,020401,1,410050204011,01319,41005020401
41,005,020403,2,410050204032,01319,41005020403
41,005,020403,1,410050204031,01319,41005020403
41,005,020404,1,410050204041,01319,41005020404
41,005,020404,2,410050204042,01319,41005020404
41,005,020501,1,410050205011,01319,41005020501
41,005,020501,3,410050205013,01319,41005020501
41,005,020501,2,410050205012,01319,41005020501
41,005,020503,1,410050205031,01319,41005020503
41,005,020503,2,410050205032,01319,41005020503
41,005,020504,2,410050205042,01319,41005020504
41,005,020504,3,410050205043,01319,41005020504
41,005,020504,1,410050205041,01319,41005020504
41,005,020505,1,410050205051,01319,41005020505
41,005,020505,2,410050205052,01319,41005020505
41,005,020600,2,410050206002,01319,41005020600
41,005,020600,3,410050206003,01319,41005020600
41,005,020600,1,410050206001,01319,41005020600
41,005,020700,3,410050207003,01319,41005020700
41,005,020700,2,410050207002,01319,41005020700
41,005,020700,1,410050207001,01319,41005020700
41,005,020800,2,410050208002,01318,41005020800
41,005,020800,1,410050208001,01318,41005020800
41,005,020800,3,410050208003,01318,41005020800
41,005,020900,3,410050209003,01318,41005020900
41,005,020900,2,410050209002,01318,41005020900
41,005,020900,1,410050209001,01318,41005020900
41,005,021000,1,410050210001,01318,41005021000
41,005,021000,3,410050210003,01318,41005021000
41,005,021000,2,410050210002,01318,41005021000
41,005,021100,4,410050211004,01318,41005021100
41,005,021100,3,410050211003,01318,41005021100
41,005,021100,2,410050211002,01318,41005021100
41,005,021100,1,410050211001,01318,41005021100
41,005,021200,1,410050212001,01318,41005021200
41,005,021200,2,410050212002,01318,41005021200
41,005,021200,3,410050212003,01318,41005021200
41,005,021300,3,410050213003,01318,41005021300
41,005,021300,1,410050213001,01318,41005021300
41,005,021300,2,410050213002,01318,41005021300
41,005,021400,1,410050214001,01318,41005021400
41,005,021400,2,410050214002,01318,41005021400
41,005,021400,3,410050214003,01318,41005021400
41,005,021500,1,410050215001,01318,41005021500
41,005,021500,2,410050215002,01318,41005021500
41,005,021601,2,410050216012,01318,41005021601
41,005,021601,4,410050216014,01318,41005021601
41,005,021601,1,410050216011,01318,41005021601
41,005,021601,3,410050216013,01318,41005021601
41,005,021602,3,410050216023,01318,41005021602
41,005,021602,2,410050216022,01318,41005021602
41,005,021602,1,410050216021,01318,41005021602
41,005,021700,2,410050217002,01318,41005021700
41,005,021700,1,410050217001,01318,41005021700
41,005,021700,3,410050217003,01318,41005021700
41,005,021801,2,410050218012,01318,41005021801
41,005,021801,3,410050218013,01318,41005021801
41,005,021801,1,410050218011,01318,41005021801
41,005,021802,2,410050218022,01318,41005021802
41,005,021802,1,410050218021,01318,41005021802
41,005,021900,2,410050219002,01318,41005021900
41,005,021900,1,410050219001,01318,41005021900
41,005,022000,3,410050220003,01318,41005022000
41,005,022000,2,410050220002,01318,41005022000
41,005,022000,1,410050220001,01318,41005022000
41,005,022101,3,410050221013,01318,41005022101
41,005,022101,2,410050221012,01318,41005022101
41,005,022101,1,410050221011,01318,41005022101
41,005,022101,4,410050221014,01318,41005022101
41,005,022103,2,410050221032,01318,41005022103
41,005,022103,1,410050221031,01318,41005022103
41,005,022105,2,410050221052,01318,41005022105
41,005,022105,3,410050221053,01318,41005022105
41,005,022105,1,410050221051,01318,41005022105
41,005,022107,1,410050221071,01318,41005022107
41,005,022107,2,410050221072,01318,41005022107
41,005,022108,2,410050221082,01318,41005022108
41,005,022108,1,410050221081,01318,41005022108
41,005,022201,1,410050222011,01318,41005022201
41,005,022201,3,410050222013,01318,41005022201
41,005,022201,2,410050222012,01318,41005022201
41,005,022205,1,410050222051,01318,41005022205
41,005,022205,2,410050222052,01318,41005022205
41,005,022206,1,410050222061,01318,41005022206
41,005,022206,2,410050222062,01318,41005022206
41,005,022207,2,410050222072,01318,41005022207
41,005,022207,1,410050222071,01318,41005022207
41,005,022208,1,410050222081,01318,41005022208
41,005,022208,2,410050222082,01318,41005022208
41,005,022301,2,410050223012,01318,41005022301
41,005,022301,1,410050223011,01318,41005022301
41,005,022301,3,410050223013,01318,41005022301
41,005,022302,3,410050223023,01318,41005022302
41,005,022302,1,410050223021,01318,41005022302
41,005,022302,2,410050223022,01318,41005022302
41,005,022400,5,410050224005,01318,41005022400
41,005,022400,2,410050224002,01318,41005022400
41,005,022400,1,410050224001,01318,41005022400
41,005,022400,4,410050224004,01318,41005022400
41,005,022400,3,410050224003,01318,41005022400
41,005,022500,2,410050225002,01318,41005022500
41,005,022500,1,410050225001,01318,41005022500
41,005,022500,4,410050225004,01318,41005022500
41,005,022500,3,410050225003,01318,41005022500
41,005,022602,2,410050226022,01318,41005022602
41,005,022602,1,410050226021,01318,41005022602
41,005,022603,1,410050226031,01318,41005022603
41,005,022605,1,410050226051,01318,41005022605
41,005,022605,2,410050226052,01318,41005022605
41,005,022605,3,410050226053,01318,41005022605
41,005,022606,1,410050226061,01318,41005022606
41,005,022702,4,410050227024,01319,41005022702
41,005,022702,3,410050227023,01319,41005022702
41,005,022702,1,410050227021,01319,41005022702
41,005,022702,2,410050227022,01319,41005022702
41,005,022707,1,410050227071,01319,41005022707
41,005,022707,2,410050227072,01319,41005022707
41,005,022708,1,410050227081,01319,41005022708
41,005,022708,2,410050227082,01319,41005022708
41,005,022710,1,410050227101,01319,41005022710
41,005,022800,1,410050228001,01319,41005022800
41,005,022800,2,410050228002,01319,41005022800
41,005,022800,4,410050228004,01319,41005022800
41,005,022800,3,410050228003,01319,41005022800
41,005,022901,1,410050229011,01317,41005022901
41,005,022904,2,410050229042,01319,41005022904
41,005,022904,1,410050229041,01319,41005022904
41,005,022905,2,410050229052,01319,41005022905
41,005,022905,3,410050229053,01319,41005022905
41,005,022905,1,410050229051,01319,41005022905
41,005,022906,2,410050229062,01319,41005022906
41,005,022906,1,410050229061,01319,41005022906
41,005,022907,1,410050229071,01319,41005022907
41,005,022907,2,410050229072,01319,41005022907
41,005,023001,1,410050230011,01317,41005023001
41,005,023001,2,410050230012,01317,41005023001
41,005,023002,1,410050230021,01317,41005023002
41,005,023002,2,410050230022,01317,41005023002
41,005,023100,1,410050231001,01317,41005023100
41,005,023100,2,410050231002,01317,41005023100
41,005,023100,3,410050231003,01317,41005023100
41,005,023201,1,410050232011,01317,41005023201
41,005,023201,2,410050232012,01317,41005023201
41,005,023202,2,410050232022,01317,41005023202
41,005,023202,1,410050232021,01317,41005023202
41,005,023202,3,410050232023,01317,41005023202
41,005,023300,3,410050233003,01317,41005023300
41,005,023300,1,410050233001,01317,41005023300
41,005,023300,2,410050233002,01317,41005023300
41,005,023401,2,410050234012,01317,41005023401
41,005,023401,3,410050234013,01317,41005023401
41,005,023401,1,410050234011,01317,41005023401
41,005,023403,1,410050234031,01317,41005023403
41,005,023404,4,410050234044,01317,41005023404
41,005,023404,3,410050234043,01317,41005023404
41,005,023404,1,410050234041,01317,41005023404
41,005,023404,2,410050234042,01317,41005023404
41,005,023500,2,410050235002,01317,41005023500
41,005,023500,4,410050235004,01317,41005023500
41,005,023500,5,410050235005,01317,41005023500
41,005,023500,1,410050235001,01317,41005023500
41,005,023500,3,410050235003,01317,41005023500
41,005,023600,1,410050236001,01317,41005023600
41,005,023600,2,410050236002,01317,41005023600
41,005,023600,3,410050236003,01317,41005023600
41,005,023700,2,410050237002,01317,41005023700
41,005,023700,3,410050237003,01317,41005023700
41,005,023700,4,410050237004,01317,41005023700
41,005,023700,1,410050237001,01317,41005023700
41,005,023800,3,410050238003,01317,41005023800
41,005,023800,2,410050238002,01317,41005023800
41,005,023800,4,410050238004,01317,41005023800
41,005,023800,5,410050238005,01317,41005023800
41,005,023800,1,410050238001,01317,41005023800
41,005,023901,1,410050239011,01317,41005023901
41,005,023902,3,410050239023,01317,41005023902
41,005,023902,1,410050239021,01317,41005023902
41,005,023902,2,410050239022,01317,41005023902
41,005,024000,2,410050240002,01317,41005024000
41,005,024000,1,410050240001,01317,41005024000
41,005,024100,1,410050241001,01317,41005024100
41,005,024100,3,410050241003,01317,41005024100
41,005,024100,2,410050241002,01317,41005024100
41,005,024200,1,410050242001,01317,41005024200
41,005,024200,4,410050242004,01317,41005024200
41,005,024200,3,410050242003,01317,41005024200
41,005,024200,2,410050242002,01317,41005024200
41,005,024302,3,410050243023,01317,41005024302
41,005,024302,2,410050243022,01317,41005024302
41,005,024302,1,410050243021,01317,41005024302
41,005,024303,2,410050243032,01317,41005024303
41,005,024303,1,410050243031,01317,41005024303
41,005,024304,1,410050243041,01317,41005024304
41,005,024304,2,410050243042,01317,41005024304
41,005,024400,2,410050244002,01319,41005024400
41,005,024400,3,410050244003,01319,41005024400
41,005,024400,1,410050244001,01319,41005024400
41,005,980000,1,410059800001,01317,41005980000
41,007,950100,1,410079501001,00500,41007950100
41,007,950100,2,410079501002,00500,41007950100
41,007,950100,3,410079501003,00500,41007950100
41,007,950200,2,410079502002,00500,41007950200
41,007,950200,3,410079502003,00500,41007950200
41,007,950200,4,410079502004,00500,41007950200
41,007,950200,1,410079502001,00500,41007950200
41,007,950300,1,410079503001,00500,41007950300
41,007,950300,2,410079503002,00500,41007950300
41,007,950300,3,410079503003,00500,41007950300
41,007,950300,4,410079503004,00500,41007950300
41,007,950400,1,410079504001,00500,41007950400
41,007,950400,3,410079504003,00500,41007950400
41,007,950400,2,410079504002,00500,41007950400
41,007,950500,2,410079505002,00500,41007950500
41,007,950500,3,410079505003,00500,41007950500
41,007,950500,1,410079505001,00500,41007950500
41,007,950600,1,410079506001,00500,41007950600
41,007,950600,3,410079506003,00500,41007950600
41,007,950600,2,410079506002,00500,41007950600
41,007,950700,2,410079507002,00500,41007950700
41,007,950700,1,410079507001,00500,41007950700
41,007,950900,2,410079509002,00500,41007950900
41,007,950900,4,410079509004,00500,41007950900
41,007,950900,3,410079509003,00500,41007950900
41,007,950900,5,410079509005,00500,41007950900
41,007,950900,6,410079509006,00500,41007950900
41,007,950900,1,410079509001,00500,41007950900
41,007,951100,2,410079511002,00500,41007951100
41,007,951100,3,410079511003,00500,41007951100
41,007,951100,1,410079511001,00500,41007951100
41,007,951100,4,410079511004,00500,41007951100
41,007,951200,3,410079512003,00500,41007951200
41,007,951200,1,410079512001,00500,41007951200
41,007,951200,2,410079512002,00500,41007951200
41,007,951300,1,410079513001,00500,41007951300
41,007,951300,2,410079513002,00500,41007951300
41,009,970200,2,410099702002,00500,41009970200
41,009,970200,1,410099702001,00500,41009970200
41,009,970200,3,410099702003,00500,41009970200
41,009,970200,5,410099702005,00500,41009970200
41,009,970200,4,410099702004,00500,41009970200
41,009,970300,5,410099703005,00500,41009970300
41,009,970300,4,410099703004,00500,41009970300
41,009,970300,3,410099703003,00500,41009970300
41,009,970300,2,410099703002,00500,41009970300
41,009,970300,1,410099703001,00500,41009970300
41,009,970400,2,410099704002,00500,41009970400
41,009,970400,1,410099704001,00500,41009970400
41,009,970500,3,410099705003,00500,41009970500
41,009,970500,2,410099705002,00500,41009970500
41,009,970500,4,410099705004,00500,41009970500
41,009,970500,1,410099705001,00500,41009970500
41,009,970600,1,410099706001,00500,41009970600
41,009,970600,2,410099706002,00500,41009970600
41,009,970600,4,410099706004,00500,41009970600
41,009,970600,3,410099706003,00500,41009970600
41,009,970700,2,410099707002,00500,41009970700
41,009,970700,3,410099707003,00500,41009970700
41,009,970700,1,410099707001,00500,41009970700
41,009,970700,4,410099707004,00500,41009970700
41,009,970800,1,410099708001,00500,41009970800
41,009,970800,2,410099708002,00500,41009970800
41,009,970800,3,410099708003,00500,41009970800
41,009,970900,2,410099709002,00500,41009970900
41,009,970900,3,410099709003,00500,41009970900
41,009,970900,1,410099709001,00500,41009970900
41,009,971000,1,410099710001,00500,41009971000
41,009,971000,3,410099710003,00500,41009971000
41,009,971000,2,410099710002,00500,41009971000
41,009,971100,1,410099711001,00500,41009971100
41,009,971100,2,410099711002,00500,41009971100
41,009,971100,3,410099711003,00500,41009971100
41,011,000100,1,410110001001,00800,41011000100
41,011,000100,5,410110001005,00800,41011000100
41,011,000100,3,410110001003,00800,41011000100
41,011,000100,2,410110001002,00800,41011000100
41,011,000100,4,410110001004,00800,41011000100
41,011,000100,6,410110001006,00800,41011000100
41,011,000200,2,410110002002,00800,41011000200
41,011,000200,3,410110002003,00800,41011000200
41,011,000200,1,410110002001,00800,41011000200
41,011,000300,3,410110003003,00800,41011000300
41,011,000300,4,410110003004,00800,41011000300
41,011,000300,2,410110003002,00800,41011000300
41,011,000300,1,410110003001,00800,41011000300
41,011,000400,5,410110004005,00800,41011000400
41,011,000400,6,410110004006,00800,41011000400
41,011,000400,3,410110004003,00800,41011000400
41,011,000400,1,410110004001,00800,41011000400
41,011,000400,2,410110004002,00800,41011000400
41,011,000400,4,410110004004,00800,41011000400
41,011,000502,2,410110005022,00800,41011000502
41,011,000502,1,410110005021,00800,41011000502
41,011,000503,1,410110005031,00800,41011000503
41,011,000503,2,410110005032,00800,41011000503
41,011,000504,3,410110005043,00800,41011000504
41,011,000504,1,410110005041,00800,41011000504
41,011,000504,5,410110005045,00800,41011000504
41,011,000504,4,410110005044,00800,41011000504
41,011,000504,2,410110005042,00800,41011000504
41,011,000600,2,410110006002,00800,41011000600
41,011,000600,1,410110006001,00800,41011000600
41,011,000600,3,410110006003,00800,41011000600
41,011,000700,4,410110007004,00800,41011000700
41,011,000700,5,410110007005,00800,41011000700
41,011,000700,2,410110007002,00800,41011000700
41,011,000700,3,410110007003,00800,41011000700
41,011,000700,6,410110007006,00800,41011000700
41,011,000700,8,410110007008,00800,41011000700
41,011,000700,7,410110007007,00800,41011000700
41,011,000700,1,410110007001,00800,41011000700
41,011,000800,2,410110008002,00800,41011000800
41,011,000800,1,410110008001,00800,41011000800
41,011,000900,4,410110009004,00800,41011000900
41,011,000900,6,410110009006,00800,41011000900
41,011,000900,2,410110009002,00800,41011000900
41,011,000900,1,410110009001,00800,41011000900
41,011,000900,8,410110009008,00800,41011000900
41,011,000900,7,410110009007,00800,41011000900
41,011,000900,3,410110009003,00800,41011000900
41,011,000900,5,410110009005,00800,41011000900
41,011,001000,6,410110010006,00800,41011001000
41,011,001000,3,410110010003,00800,41011001000
41,011,001000,5,410110010005,00800,41011001000
41,011,001000,4,410110010004,00800,41011001000
41,011,001000,1,410110010001,00800,41011001000
41,011,001000,7,410110010007,00800,41011001000
41,011,001000,2,410110010002,00800,41011001000
41,011,001100,5,410110011005,00800,41011001100
41,011,001100,1,410110011001,00800,41011001100
41,011,001100,7,410110011007,00800,41011001100
41,011,001100,2,410110011002,00800,41011001100
41,011,001100,3,410110011003,00800,41011001100
41,011,001100,4,410110011004,00800,41011001100
41,011,001100,6,410110011006,00800,41011001100
41,013,950100,1,410139501001,00200,41013950100
41,013,950100,5,410139501005,00200,41013950100
41,013,950100,4,410139501004,00200,41013950100
41,013,950100,2,410139501002,00200,41013950100
41,013,950100,3,410139501003,00200,41013950100
41,013,950200,2,410139502002,00200,41013950200
41,013,950200,3,410139502003,00200,41013950200
41,013,950200,4,410139502004,00200,41013950200
41,013,950200,1,410139502001,00200,41013950200
41,013,950300,2,410139503002,00200,41013950300
41,013,950300,3,410139503003,00200,41013950300
41,013,950300,1,410139503001,00200,41013950300
41,013,950300,4,410139503004,00200,41013950300
41,013,950300,5,410139503005,00200,41013950300
41,013,950400,2,410139504002,00200,41013950400
41,013,950400,1,410139504001,00200,41013950400
41,015,950100,1,410159501001,00800,41015950100
41,015,950100,3,410159501003,00800,41015950100
41,015,950100,2,410159501002,00800,41015950100
41,015,950200,3,410159502003,00800,41015950200
41,015,950200,2,410159502002,00800,41015950200
41,015,950200,1,410159502001,00800,41015950200
41,015,950301,1,410159503011,00800,41015950301
41,015,950301,3,410159503013,00800,41015950301
41,015,950301,2,410159503012,00800,41015950301
41,015,950302,1,410159503021,00800,41015950302
41,015,950302,3,410159503023,00800,41015950302
41,015,950302,2,410159503022,00800,41015950302
41,015,950400,3,410159504003,00800,41015950400
41,015,950400,2,410159504002,00800,41015950400
41,015,950400,4,410159504004,00800,41015950400
41,015,950400,1,410159504001,00800,41015950400
41,017,000100,1,410170001001,00400,41017000100
41,017,000200,3,410170002003,00400,41017000200
41,017,000200,2,410170002002,00400,41017000200
41,017,000200,4,410170002004,00400,41017000200
41,017,000200,1,410170002001,00400,41017000200
41,017,000300,3,410170003003,00400,41017000300
41,017,000300,1,410170003001,00400,41017000300
41,017,000300,2,410170003002,00400,41017000300
41,017,000300,4,410170003004,00400,41017000300
41,017,000401,2,410170004012,00400,41017000401
41,017,000401,1,410170004011,00400,41017000401
41,017,000402,3,410170004023,00400,41017000402
41,017,000402,2,410170004022,00400,41017000402
41,017,000402,1,410170004021,00400,41017000402
41,017,000500,1,410170005001,00400,41017000500
41,017,000500,5,410170005005,00400,41017000500
41,017,000500,3,410170005003,00400,41017000500
41,017,000500,4,410170005004,00400,41017000500
41,017,000500,2,410170005002,00400,41017000500
41,017,000600,2,410170006002,00400,41017000600
41,017,000600,1,410170006001,00400,41017000600
41,017,000600,3,410170006003,00400,41017000600
41,017,000600,4,410170006004,00400,41017000600
41,017,000700,3,410170007003,00400,41017000700
41,017,000700,2,410170007002,00400,41017000700
41,017,000700,4,410170007004,00400,41017000700
41,017,000700,1,410170007001,00400,41017000700
41,017,000800,3,410170008003,00400,41017000800
41,017,000800,4,410170008004,00400,41017000800
41,017,000800,2,410170008002,00400,41017000800
41,017,000800,1,410170008001,00400,41017000800
41,017,000900,3,410170009003,00400,41017000900
41,017,000900,1,410170009001,00400,41017000900
41,017,000900,2,410170009002,00400,41017000900
41,017,000900,4,410170009004,00400,41017000900
41,017,001001,5,410170010015,00400,41017001001
41,017,001001,4,410170010014,00400,41017001001
41,017,001001,3,410170010013,00400,41017001001
41,017,001001,2,410170010012,00400,41017001001
41,017,001001,1,410170010011,00400,41017001001
41,017,001002,1,410170010021,00400,41017001002
41,017,001100,3,410170011003,00400,41017001100
41,017,001100,2,410170011002,00400,41017001100
41,017,001100,1,410170011001,00400,41017001100
41,017,001200,3,410170012003,00400,41017001200
41,017,001200,4,410170012004,00400,41017001200
41,017,001200,2,410170012002,00400,41017001200
41,017,001200,1,410170012001,00400,41017001200
41,017,001300,3,410170013003,00400,41017001300
41,017,001300,4,410170013004,00400,41017001300
41,017,001300,2,410170013002,00400,41017001300
41,017,001300,1,410170013001,00400,41017001300
41,017,001300,5,410170013005,00400,41017001300
41,017,001400,1,410170014001,00400,41017001400
41,017,001400,2,410170014002,00400,41017001400
41,017,001400,3,410170014003,00400,41017001400
41,017,001500,1,410170015001,00400,41017001500
41,017,001500,3,410170015003,00400,41017001500
41,017,001500,2,410170015002,00400,41017001500
41,017,001500,5,410170015005,00400,41017001500
41,017,001500,4,410170015004,00400,41017001500
41,017,001600,3,410170016003,00400,41017001600
41,017,001600,2,410170016002,00400,41017001600
41,017,001600,1,410170016001,00400,41017001600
41,017,001700,3,410170017003,00400,41017001700
41,017,001700,4,410170017004,00400,41017001700
41,017,001700,1,410170017001,00400,41017001700
41,017,001700,2,410170017002,00400,41017001700
41,017,001800,3,410170018003,00400,41017001800
41,017,001800,4,410170018004,00400,41017001800
41,017,001800,2,410170018002,00400,41017001800
41,017,001800,1,410170018001,00400,41017001800
41,017,001901,1,410170019011,00400,41017001901
41,017,001902,3,410170019023,00400,41017001902
41,017,001902,2,410170019022,00400,41017001902
41,017,001902,1,410170019021,00400,41017001902
41,017,001902,4,410170019024,00400,41017001902
41,017,002000,3,410170020003,00400,41017002000
41,017,002000,2,410170020002,00400,41017002000
41,017,002000,1,410170020001,00400,41017002000
41,017,002000,4,410170020004,00400,41017002000
41,017,002100,4,410170021004,00400,41017002100
41,017,002100,3,410170021003,00400,41017002100
41,017,002100,1,410170021001,00400,41017002100
41,017,002100,2,410170021002,00400,41017002100
41,019,010000,1,410190100001,01000,41019010000
41,019,010000,2,410190100002,01000,41019010000
41,019,020000,2,410190200002,01000,41019020000
41,019,020000,3,410190200003,01000,41019020000
41,019,020000,4,410190200004,01000,41019020000
41,019,020000,1,410190200001,01000,41019020000
41,019,030000,2,410190300002,01000,41019030000
41,019,030000,3,410190300003,01000,41019030000
41,019,030000,1,410190300001,01000,41019030000
41,019,040000,2,410190400002,01000,41019040000
41,019,040000,1,410190400001,01000,41019040000
41,019,040000,3,410190400003,01000,41019040000
41,019,050001,1,410190500011,01000,41019050001
41,019,050001,4,410190500014,01000,41019050001
41,019,050001,3,410190500013,01000,41019050001
41,019,050001,2,410190500012,01000,41019050001
41,019,050002,1,410190500021,01000,41019050002
41,019,050002,3,410190500023,01000,41019050002
41,019,050002,2,410190500022,01000,41019050002
41,019,050002,4,410190500024,01000,41019050002
41,019,060000,1,410190600001,01000,41019060000
41,019,060000,3,410190600003,01000,41019060000
41,019,060000,2,410190600002,01000,41019060000
41,019,070000,2,410190700002,01000,41019070000
41,019,070000,3,410190700003,01000,41019070000
41,019,070000,1,410190700001,01000,41019070000
41,019,080000,1,410190800001,01000,41019080000
41,019,080000,5,410190800005,01000,41019080000
41,019,080000,4,410190800004,01000,41019080000
41,019,080000,3,410190800003,01000,41019080000
41,019,080000,2,410190800002,01000,41019080000
41,019,090000,1,410190900001,01000,41019090000
41,019,090000,2,410190900002,01000,41019090000
41,019,090000,4,410190900004,01000,41019090000
41,019,090000,3,410190900003,01000,41019090000
41,019,100000,3,410191000003,01000,41019100000
41,019,100000,2,410191000002,01000,41019100000
41,019,100000,1,410191000001,01000,41019100000
41,019,110000,2,410191100002,01000,41019110000
41,019,110000,1,410191100001,01000,41019110000
41,019,110000,3,410191100003,01000,41019110000
41,019,120000,4,410191200004,01000,41019120000
41,019,120000,2,410191200002,01000,41019120000
41,019,120000,1,410191200001,01000,41019120000
41,019,120000,3,410191200003,01000,41019120000
41,019,120000,5,410191200005,01000,41019120000
41,019,120000,6,410191200006,01000,41019120000
41,019,130000,5,410191300005,01000,41019130000
41,019,130000,4,410191300004,01000,41019130000
41,019,130000,2,410191300002,01000,41019130000
41,019,130000,3,410191300003,01000,41019130000
41,019,130000,1,410191300001,01000,41019130000
41,019,140000,2,410191400002,01000,41019140000
41,019,140000,4,410191400004,01000,41019140000
41,019,140000,5,410191400005,01000,41019140000
41,019,140000,3,410191400003,01000,41019140000
41,019,140000,1,410191400001,01000,41019140000
41,019,150000,3,410191500003,01000,41019150000
41,019,150000,1,410191500001,01000,41019150000
41,019,150000,2,410191500002,01000,41019150000
41,019,160000,4,410191600004,01000,41019160000
41,019,160000,3,410191600003,01000,41019160000
41,019,160000,2,410191600002,01000,41019160000
41,019,160000,5,410191600005,01000,41019160000
41,019,160000,1,410191600001,01000,41019160000
41,019,170000,1,410191700001,01000,41019170000
41,019,170000,2,410191700002,01000,41019170000
41,019,180000,4,410191800004,01000,41019180000
41,019,180000,2,410191800002,01000,41019180000
41,019,180000,3,410191800003,01000,41019180000
41,019,180000,5,410191800005,01000,41019180000
41,019,180000,1,410191800001,01000,41019180000
41,019,190000,3,410191900003,01000,41019190000
41,019,190000,2,410191900002,01000,41019190000
41,019,190000,1,410191900001,01000,41019190000
41,019,200000,1,410192000001,01000,41019200000
41,019,200000,4,410192000004,01000,41019200000
41,019,200000,2,410192000002,01000,41019200000
41,019,200000,3,410192000003,01000,41019200000
41,019,210000,5,410192100005,01000,41019210000
41,019,210000,2,410192100002,01000,41019210000
41,019,210000,4,410192100004,01000,41019210000
41,019,210000,1,410192100001,01000,41019210000
41,019,210000,3,410192100003,01000,41019210000
41,021,960100,3,410219601003,00200,41021960100
41,021,960100,2,410219601002,00200,41021960100
41,021,960100,1,410219601001,00200,41021960100
41,023,960100,2,410239601002,00200,41023960100
41,023,960100,1,410239601001,00200,41023960100
41,023,960100,3,410239601003,00200,41023960100
41,023,960200,4,410239602004,00200,41023960200
41,023,960200,1,410239602001,00200,41023960200
41,023,960200,5,410239602005,00200,41023960200
41,023,960200,2,410239602002,00200,41023960200
41,023,960200,3,410239602003,00200,41023960200
41,025,960100,5,410259601005,00300,41025960100
41,025,960100,3,410259601003,00300,41025960100
41,025,960100,4,410259601004,00300,41025960100
41,025,960100,2,410259601002,00300,41025960100
41,025,960100,1,410259601001,00300,41025960100
41,025,960200,2,410259602002,00300,41025960200
41,025,960200,1,410259602001,00300,41025960200
41,027,950100,2,410279501002,00200,41027950100
41,027,950100,1,410279501001,00200,41027950100
41,027,950100,3,410279501003,00200,41027950100
41,027,950100,4,410279501004,00200,41027950100
41,027,950200,1,410279502001,00200,41027950200
41,027,950200,3,410279502003,00200,41027950200
41,027,950200,4,410279502004,00200,41027950200
41,027,950200,2,410279502002,00200,41027950200
41,027,950200,5,410279502005,00200,41027950200
41,027,950300,3,410279503003,00200,41027950300
41,027,950300,2,410279503002,00200,41027950300
41,027,950300,5,410279503005,00200,41027950300
41,027,950300,1,410279503001,00200,41027950300
41,027,950300,6,410279503006,00200,41027950300
41,027,950300,4,410279503004,00200,41027950300
41,027,950400,3,410279504003,00200,41027950400
41,027,950400,2,410279504002,00200,41027950400
41,027,950400,4,410279504004,00200,41027950400
41,027,950400,1,410279504001,00200,41027950400
41,029,000100,2,410290001002,00901,41029000100
41,029,000100,1,410290001001,00901,41029000100
41,029,000201,2,410290002012,00901,41029000201
41,029,000201,1,410290002011,00901,41029000201
41,029,000201,3,410290002013,00901,41029000201
41,029,000202,1,410290002021,00901,41029000202
41,029,000202,3,410290002023,00901,41029000202
41,029,000202,2,410290002022,00901,41029000202
41,029,000203,3,410290002033,00901,41029000203
41,029,000203,2,410290002032,00901,41029000203
41,029,000203,1,410290002031,00901,41029000203
41,029,000300,2,410290003002,00901,41029000300
41,029,000300,1,410290003001,00901,41029000300
41,029,000403,1,410290004031,00901,41029000403
41,029,000403,2,410290004032,00901,41029000403
41,029,000404,1,410290004041,00901,41029000404
41,029,000404,2,410290004042,00901,41029000404
41,029,000405,1,410290004051,00901,41029000405
41,029,000405,2,410290004052,00901,41029000405
41,029,000406,2,410290004062,00901,41029000406
41,029,000406,1,410290004061,00901,41029000406
41,029,000501,1,410290005011,00901,41029000501
41,029,000501,2,410290005012,00901,41029000501
41,029,000502,2,410290005022,00901,41029000502
41,029,000502,1,410290005021,00901,41029000502
41,029,000502,3,410290005023,00901,41029000502
41,029,000601,4,410290006014,00901,41029000601
41,029,000601,3,410290006013,00901,41029000601
41,029,000601,2,410290006012,00901,41029000601
41,029,000601,1,410290006011,00901,41029000601
41,029,000602,1,410290006021,00901,41029000602
41,029,000602,2,410290006022,00901,41029000602
41,029,000602,3,410290006023,00901,41029000602
41,029,000700,4,410290007004,00901,41029000700
41,029,000700,1,410290007001,00901,41029000700
41,029,000700,2,410290007002,00901,41029000700
41,029,000700,5,410290007005,00901,41029000700
41,029,000700,3,410290007003,00901,41029000700
41,029,000800,2,410290008002,00901,41029000800
41,029,000800,1,410290008001,00901,41029000800
41,029,000900,2,410290009002,00901,41029000900
41,029,000900,4,410290009004,00901,41029000900
41,029,000900,3,410290009003,00901,41029000900
41,029,000900,1,410290009001,00901,41029000900
41,029,001001,2,410290010012,00901,41029001001
41,029,001001,3,410290010013,00901,41029001001
41,029,001001,4,410290010014,00901,41029001001
41,029,001001,1,410290010011,00901,41029001001
41,029,001002,1,410290010021,00901,41029001002
41,029,001002,3,410290010023,00901,41029001002
41,029,001002,2,410290010022,00901,41029001002
41,029,001100,3,410290011003,00901,41029001100
41,029,001100,1,410290011001,00901,41029001100
41,029,001100,2,410290011002,00901,41029001100
41,029,001200,2,410290012002,00901,41029001200
41,029,001200,1,410290012001,00901,41029001200
41,029,001301,2,410290013012,00902,41029001301
41,029,001301,4,410290013014,00902,41029001301
41,029,001301,3,410290013013,00902,41029001301
41,029,001301,1,410290013011,00902,41029001301
41,029,001302,4,410290013024,00902,41029001302
41,029,001302,2,410290013022,00902,41029001302
41,029,001302,1,410290013021,00902,41029001302
41,029,001302,5,410290013025,00902,41029001302
41,029,001302,3,410290013023,00902,41029001302
41,029,001400,2,410290014002,00902,41029001400
41,029,001400,1,410290014001,00902,41029001400
41,029,001400,3,410290014003,00902,41029001400
41,029,001500,3,410290015003,00902,41029001500
41,029,001500,2,410290015002,00902,41029001500
41,029,001500,1,410290015001,00902,41029001500
41,029,001500,4,410290015004,00902,41029001500
41,029,001601,1,410290016011,00901,41029001601
41,029,001601,2,410290016012,00901,41029001601
41,029,001602,5,410290016025,00902,41029001602
41,029,001602,4,410290016024,00902,41029001602
41,029,001602,2,410290016022,00902,41029001602
41,029,001602,1,410290016021,00902,41029001602
41,029,001602,3,410290016023,00902,41029001602
41,029,001700,1,410290017001,00902,41029001700
41,029,001700,4,410290017004,00902,41029001700
41,029,001700,2,410290017002,00902,41029001700
41,029,001700,3,410290017003,00902,41029001700
41,029,001800,3,410290018003,00902,41029001800
41,029,001800,4,410290018004,00902,41029001800
41,029,001800,1,410290018001,00902,41029001800
41,029,001800,2,410290018002,00902,41029001800
41,029,001900,1,410290019001,00902,41029001900
41,029,001900,2,410290019002,00902,41029001900
41,029,002000,1,410290020001,00902,41029002000
41,029,002000,2,410290020002,00902,41029002000
41,029,002100,3,410290021003,00902,41029002100
41,029,002100,1,410290021001,00902,41029002100
41,029,002100,2,410290021002,00902,41029002100
41,029,002200,2,410290022002,00902,41029002200
41,029,002200,4,410290022004,00902,41029002200
41,029,002200,3,410290022003,00902,41029002200
41,029,002200,1,410290022001,00902,41029002200
41,029,002300,1,410290023001,00902,41029002300
41,029,002300,2,410290023002,00902,41029002300
41,029,002400,2,410290024002,00902,41029002400
41,029,002400,1,410290024001,00902,41029002400
41,029,002500,2,410290025002,00902,41029002500
41,029,002500,1,410290025001,00902,41029002500
41,029,002500,3,410290025003,00902,41029002500
41,029,002600,1,410290026001,00902,41029002600
41,029,002600,2,410290026002,00902,41029002600
41,029,002700,4,410290027004,00902,41029002700
41,029,002700,1,410290027001,00902,41029002700
41,029,002700,2,410290027002,00902,41029002700
41,029,002700,3,410290027003,00902,41029002700
41,029,002800,3,410290028003,00902,41029002800
41,029,002800,1,410290028001,00902,41029002800
41,029,002800,2,410290028002,00902,41029002800
41,029,002900,1,410290029001,00902,41029002900
41,029,002900,5,410290029005,00902,41029002900
41,029,002900,3,410290029003,00902,41029002900
41,029,002900,4,410290029004,00902,41029002900
41,029,002900,2,410290029002,00902,41029002900
41,029,002900,6,410290029006,00902,41029002900
41,029,003001,2,410290030012,00902,41029003001
41,029,003001,3,410290030013,00902,41029003001
41,029,003001,4,410290030014,00902,41029003001
41,029,003001,1,410290030011,00902,41029003001
41,029,003002,3,410290030023,00902,41029003002
41,029,003002,1,410290030021,00902,41029003002
41,029,003002,2,410290030022,00902,41029003002
41,031,940000,2,410319400002,00200,41031940000
41,031,940000,1,410319400001,00200,41031940000
41,031,960100,1,410319601001,00200,41031960100
41,031,960100,2,410319601002,00200,41031960100
41,031,960201,1,410319602011,00200,41031960201
41,031,960201,2,410319602012,00200,41031960201
41,031,960202,2,410319602022,00200,41031960202
41,031,960202,1,410319602021,00200,41031960202
41,031,960202,3,410319602023,00200,41031960202
41,031,960301,3,410319603013,00200,41031960301
41,031,960301,2,410319603012,00200,41031960301
41,031,960301,1,410319603011,00200,41031960301
41,031,960302,3,410319603023,00200,41031960302
41,031,960302,4,410319603024,00200,41031960302
41,031,960302,2,410319603022,00200,41031960302
41,031,960302,1,410319603021,00200,41031960302
41,033,360100,2,410333601002,00800,41033360100
41,033,360100,1,410333601001,00800,41033360100
41,033,360300,1,410333603001,00800,41033360300
41,033,360300,4,410333603004,00800,41033360300
41,033,360300,3,410333603003,00800,41033360300
41,033,360300,2,410333603002,00800,41033360300
41,033,360400,1,410333604001,00800,41033360400
41,033,360400,2,410333604002,00800,41033360400
41,033,360500,2,410333605002,00800,41033360500
41,033,360500,3,410333605003,00800,41033360500
41,033,360500,4,410333605004,00800,41033360500
41,033,360500,1,410333605001,00800,41033360500
41,033,360600,4,410333606004,00800,41033360600
41,033,360600,2,410333606002,00800,41033360600
41,033,360600,5,410333606005,00800,41033360600
41,033,360600,1,410333606001,00800,41033360600
41,033,360600,3,410333606003,00800,41033360600
41,033,360701,1,410333607011,00800,41033360701
41,033,360701,2,410333607012,00800,41033360701
41,033,360701,3,410333607013,00800,41033360701
41,033,360702,3,410333607023,00800,41033360702
41,033,360702,2,410333607022,00800,41033360702
41,033,360702,1,410333607021,00800,41033360702
41,033,360800,3,410333608003,00800,41033360800
41,033,360800,1,410333608001,00800,41033360800
41,033,360800,2,410333608002,00800,41033360800
41,033,360900,2,410333609002,00800,41033360900
41,033,360900,1,410333609001,00800,41033360900
41,033,361000,3,410333610003,00800,41033361000
41,033,361000,4,410333610004,00800,41033361000
41,033,361000,2,410333610002,00800,41033361000
41,033,361000,1,410333610001,00800,41033361000
41,033,361100,4,410333611004,00800,41033361100
41,033,361100,2,410333611002,00800,41033361100
41,033,361100,3,410333611003,00800,41033361100
41,033,361100,1,410333611001,00800,41033361100
41,033,361200,2,410333612002,00800,41033361200
41,033,361200,1,410333612001,00800,41033361200
41,033,361200,3,410333612003,00800,41033361200
41,033,361200,4,410333612004,00800,41033361200
41,033,361300,1,410333613001,00800,41033361300
41,033,361300,2,410333613002,00800,41033361300
41,033,361300,4,410333613004,00800,41033361300
41,033,361300,3,410333613003,00800,41033361300
41,033,361400,2,410333614002,00800,41033361400
41,033,361400,1,410333614001,00800,41033361400
41,033,361500,1,410333615001,00800,41033361500
41,033,361600,7,410333616007,00800,41033361600
41,033,361600,4,410333616004,00800,41033361600
41,033,361600,3,410333616003,00800,41033361600
41,033,361600,6,410333616006,00800,41033361600
41,033,361600,1,410333616001,00800,41033361600
41,033,361600,2,410333616002,00800,41033361600
41,033,361600,5,410333616005,00800,41033361600
41,035,970100,3,410359701003,00300,41035970100
41,035,970100,2,410359701002,00300,41035970100
41,035,970100,1,410359701001,00300,41035970100
41,035,970200,2,410359702002,00300,41035970200
41,035,970200,1,410359702001,00300,41035970200
41,035,970200,4,410359702004,00300,41035970200
41,035,970200,3,410359702003,00300,41035970200
41,035,970300,1,410359703001,00300,41035970300
41,035,970300,2,410359703002,00300,41035970300
41,035,970300,4,410359703004,00300,41035970300
41,035,970300,3,410359703003,00300,41035970300
41,035,970400,1,410359704001,00300,41035970400
41,035,970500,2,410359705002,00300,41035970500
41,035,970500,1,410359705001,00300,41035970500
41,035,970600,1,410359706001,00300,41035970600
41,035,970700,2,410359707002,00300,41035970700
41,035,970700,1,410359707001,00300,41035970700
41,035,970800,2,410359708002,00300,41035970800
41,035,970800,1,410359708001,00300,41035970800
41,035,970900,2,410359709002,00300,41035970900
41,035,970900,1,410359709001,00300,41035970900
41,035,970900,3,410359709003,00300,41035970900
41,035,971000,2,410359710002,00300,41035971000
41,035,971000,1,410359710001,00300,41035971000
41,035,971100,1,410359711001,00300,41035971100
41,035,971100,3,410359711003,00300,41035971100
41,035,971100,4,410359711004,00300,41035971100
41,035,971100,2,410359711002,00300,41035971100
41,035,971200,3,410359712003,00300,41035971200
41,035,971200,2,410359712002,00300,41035971200
41,035,971200,1,410359712001,00300,41035971200
41,035,971300,1,410359713001,00300,41035971300
41,035,971300,4,410359713004,00300,41035971300
41,035,971300,2,410359713002,00300,41035971300
41,035,971300,3,410359713003,00300,41035971300
41,035,971300,5,410359713005,00300,41035971300
41,035,971300,6,410359713006,00300,41035971300
41,035,971400,5,410359714005,00300,41035971400
41,035,971400,2,410359714002,00300,41035971400
41,035,971400,3,410359714003,00300,41035971400
41,035,971400,4,410359714004,00300,41035971400
41,035,971400,1,410359714001,00300,41035971400
41,035,971500,3,410359715003,00300,41035971500
41,035,971500,4,410359715004,00300,41035971500
41,035,971500,1,410359715001,00300,41035971500
41,035,971500,5,410359715005,00300,41035971500
41,035,971500,2,410359715002,00300,41035971500
41,035,971600,3,410359716003,00300,41035971600
41,035,971600,1,410359716001,00300,41035971600
41,035,971600,2,410359716002,00300,41035971600
41,035,971600,4,410359716004,00300,41035971600
41,035,971700,1,410359717001,00300,41035971700
41,035,971700,4,410359717004,00300,41035971700
41,035,971700,2,410359717002,00300,41035971700
41,035,971700,3,410359717003,00300,41035971700
41,035,971800,2,410359718002,00300,41035971800
41,035,971800,3,410359718003,00300,41035971800
41,035,971800,1,410359718001,00300,41035971800
41,035,971900,4,410359719004,00300,41035971900
41,035,971900,1,410359719001,00300,41035971900
41,035,971900,2,410359719002,00300,41035971900
41,035,971900,5,410359719005,00300,41035971900
41,035,971900,3,410359719003,00300,41035971900
41,035,972000,2,410359720002,00300,41035972000
41,035,972000,1,410359720001,00300,41035972000
41,035,972000,4,410359720004,00300,41035972000
41,035,972000,3,410359720003,00300,41035972000
41,037,960100,2,410379601002,00300,41037960100
41,037,960100,1,410379601001,00300,41037960100
41,037,960200,5,410379602005,00300,41037960200
41,037,960200,7,410379602007,00300,41037960200
41,037,960200,4,410379602004,00300,41037960200
41,037,960200,1,410379602001,00300,41037960200
41,037,960200,6,410379602006,00300,41037960200
41,037,960200,2,410379602002,00300,41037960200
41,037,960200,3,410379602003,00300,41037960200
41,039,000100,5,410390001005,00705,41039000100
41,039,000100,3,410390001003,00705,41039000100
41,039,000100,1,410390001001,00705,41039000100
41,039,000100,2,410390001002,00705,41039000100
41,039,000100,4,410390001004,00705,41039000100
41,039,000200,2,410390002002,00705,41039000200
41,039,000200,1,410390002001,00705,41039000200
41,039,000200,3,410390002003,00705,41039000200
41,039,000200,4,410390002004,00705,41039000200
41,039,000300,1,410390003001,00705,41039000300
41,039,000300,2,410390003002,00705,41039000300
41,039,000402,2,410390004022,00705,41039000402
41,039,000402,1,410390004021,00705,41039000402
41,039,000402,3,410390004023,00705,41039000402
41,039,000403,3,410390004033,00705,41039000403
41,039,000403,1,410390004031,00705,41039000403
41,039,000403,2,410390004032,00705,41039000403
41,039,000403,4,410390004034,00705,41039000403
41,039,000404,3,410390004043,00705,41039000404
41,039,000404,2,410390004042,00705,41039000404
41,039,000404,1,410390004041,00705,41039000404
41,039,000500,1,410390005001,00705,41039000500
41,039,000500,2,410390005002,00705,41039000500
41,039,000500,3,410390005003,00705,41039000500
41,039,000702,2,410390007022,00705,41039000702
41,039,000702,1,410390007021,00705,41039000702
41,039,000705,1,410390007051,00705,41039000705
41,039,000705,3,410390007053,00705,41039000705
41,039,000705,2,410390007052,00705,41039000705
41,039,000706,2,410390007062,00705,41039000706
41,039,000706,1,410390007061,00705,41039000706
41,039,000707,1,410390007071,00705,41039000707
41,039,000707,2,410390007072,00705,41039000707
41,039,000707,3,410390007073,00705,41039000707
41,039,000708,1,410390007081,00705,41039000708
41,039,000708,2,410390007082,00705,41039000708
41,039,000800,1,410390008001,00705,41039000800
41,039,000800,2,410390008002,00705,41039000800
41,039,000902,1,410390009021,00705,41039000902
41,039,000902,3,410390009023,00705,41039000902
41,039,000902,4,410390009024,00705,41039000902
41,039,000902,2,410390009022,00705,41039000902
41,039,000903,1,410390009031,00705,41039000903
41,039,000903,3,410390009033,00705,41039000903
41,039,000903,4,410390009034,00705,41039000903
41,039,000903,2,410390009032,00705,41039000903
41,039,000904,1,410390009041,00705,41039000904
41,039,000904,2,410390009042,00705,41039000904
41,039,001001,2,410390010012,00705,41039001001
41,039,001001,1,410390010011,00705,41039001001
41,039,001002,2,410390010022,00705,41039001002
41,039,001002,3,410390010023,00705,41039001002
41,039,001002,1,410390010021,00705,41039001002
41,039,001101,2,410390011012,00705,41039001101
41,039,001101,3,410390011013,00705,41039001101
41,039,001101,1,410390011011,00705,41039001101
41,039,001102,2,410390011022,00705,41039001102
41,039,001102,1,410390011021,00705,41039001102
41,039,001102,3,410390011023,00705,41039001102
41,039,001201,3,410390012013,00705,41039001201
41,039,001201,2,410390012012,00705,41039001201
41,039,001201,1,410390012011,00705,41039001201
41,039,001202,2,410390012022,00705,41039001202
41,039,001202,3,410390012023,00705,41039001202
41,039,001202,1,410390012021,00705,41039001202
41,039,001301,2,410390013012,00705,41039001301
41,039,001301,3,410390013013,00705,41039001301
41,039,001301,1,410390013011,00705,41039001301
41,039,001302,3,410390013023,00705,41039001302
41,039,001302,1,410390013021,00705,41039001302
41,039,001302,2,410390013022,00705,41039001302
41,039,001400,2,410390014002,00705,41039001400
41,039,001400,1,410390014001,00705,41039001400
41,039,001500,1,410390015001,00705,41039001500
41,039,001500,3,410390015003,00705,41039001500
41,039,001500,2,410390015002,00705,41039001500
41,039,001500,4,410390015004,00705,41039001500
41,039,001600,4,410390016004,00705,41039001600
41,039,001600,2,410390016002,00705,41039001600
41,039,001600,5,410390016005,00705,41039001600
41,039,001600,1,410390016001,00705,41039001600
41,039,001600,3,410390016003,00705,41039001600
41,039,001700,3,410390017003,00705,41039001700
41,039,001700,1,410390017001,00705,41039001700
41,039,001700,4,410390017004,00705,41039001700
41,039,001700,2,410390017002,00705,41039001700
41,039,001801,2,410390018012,00704,41039001801
41,039,001801,3,410390018013,00704,41039001801
41,039,001801,1,410390018011,00704,41039001801
41,039,001803,2,410390018032,00704,41039001803
41,039,001803,3,410390018033,00704,41039001803
41,039,001803,1,410390018031,00704,41039001803
41,039,001804,1,410390018041,00704,41039001804
41,039,001804,2,410390018042,00704,41039001804
41,039,001902,4,410390019024,00704,41039001902
41,039,001902,2,410390019022,00704,41039001902
41,039,001902,3,410390019023,00704,41039001902
41,039,001902,1,410390019021,00704,41039001902
41,039,001903,1,410390019031,00704,41039001903
41,039,001903,2,410390019032,00704,41039001903
41,039,001904,3,410390019043,00704,41039001904
41,039,001904,1,410390019041,00704,41039001904
41,039,001904,2,410390019042,00704,41039001904
41,039,002001,1,410390020011,00704,41039002001
41,039,002001,2,410390020012,00704,41039002001
41,039,002002,2,410390020022,00704,41039002002
41,039,002002,1,410390020021,00704,41039002002
41,039,002101,2,410390021012,00704,41039002101
41,039,002101,1,410390021011,00704,41039002101
41,039,002102,1,410390021021,00704,41039002102
41,039,002102,3,410390021023,00704,41039002102
41,039,002102,2,410390021022,00704,41039002102
41,039,002201,2,410390022012,00704,41039002201
41,039,002201,1,410390022011,00704,41039002201
41,039,002202,1,410390022021,00704,41039002202
41,039,002202,2,410390022022,00704,41039002202
41,039,002202,3,410390022023,00704,41039002202
41,039,002301,1,410390023011,00703,41039002301
41,039,002301,2,410390023012,00703,41039002301
41,039,002302,2,410390023022,00703,41039002302
41,039,002302,1,410390023021,00703,41039002302
41,039,002302,3,410390023023,00703,41039002302
41,039,002401,2,410390024012,00703,41039002401
41,039,002401,1,410390024011,00703,41039002401
41,039,002401,3,410390024013,00703,41039002401
41,039,002403,3,410390024033,00703,41039002403
41,039,002403,1,410390024031,00703,41039002403
41,039,002403,2,410390024032,00703,41039002403
41,039,002404,2,410390024042,00703,41039002404
41,039,002404,1,410390024041,00703,41039002404
41,039,002501,2,410390025012,00703,41039002501
41,039,002501,3,410390025013,00703,41039002501
41,039,002501,1,410390025011,00703,41039002501
41,039,002503,4,410390025034,00703,41039002503
41,039,002503,1,410390025031,00703,41039002503
41,039,002503,3,410390025033,00703,41039002503
41,039,002503,2,410390025032,00703,41039002503
41,039,002504,2,410390025042,00703,41039002504
41,039,002504,1,410390025041,00703,41039002504
41,039,002600,2,410390026002,00703,41039002600
41,039,002600,3,410390026003,00703,41039002600
41,039,002600,1,410390026001,00703,41039002600
41,039,002700,2,410390027002,00703,41039002700
41,039,002700,1,410390027001,00703,41039002700
41,039,002800,1,410390028001,00703,41039002800
41,039,002800,3,410390028003,00703,41039002800
41,039,002800,2,410390028002,00703,41039002800
41,039,002902,2,410390029022,00704,41039002902
41,039,002902,1,410390029021,00704,41039002902
41,039,002903,2,410390029032,00704,41039002903
41,039,002903,1,410390029031,00704,41039002903
41,039,002904,3,410390029043,00704,41039002904
41,039,002904,2,410390029042,00704,41039002904
41,039,002904,1,410390029041,00704,41039002904
41,039,003000,3,410390030003,00704,41039003000
41,039,003000,1,410390030001,00704,41039003000
41,039,003000,2,410390030002,00704,41039003000
41,039,003101,3,410390031013,00704,41039003101
41,039,003101,2,410390031012,00704,41039003101
41,039,003101,1,410390031011,00704,41039003101
41,039,003102,2,410390031022,00704,41039003102
41,039,003102,4,410390031024,00704,41039003102
41,039,003102,1,410390031021,00704,41039003102
41,039,003102,3,410390031023,00704,41039003102
41,039,003201,1,410390032011,00704,41039003201
41,039,003201,2,410390032012,00704,41039003201
41,039,003202,3,410390032023,00704,41039003202
41,039,003202,1,410390032021,00704,41039003202
41,039,003202,2,410390032022,00704,41039003202
41,039,003301,3,410390033013,00704,41039003301
41,039,003301,2,410390033012,00704,41039003301
41,039,003301,1,410390033011,00704,41039003301
41,039,003302,1,410390033021,00704,41039003302
41,039,003302,3,410390033023,00704,41039003302
41,039,003302,2,410390033022,00704,41039003302
41,039,003400,2,410390034002,00704,41039003400
41,039,003400,3,410390034003,00704,41039003400
41,039,003400,4,410390034004,00704,41039003400
41,039,003400,1,410390034001,00704,41039003400
41,039,003500,1,410390035001,00704,41039003500
41,039,003500,4,410390035004,00704,41039003500
41,039,003500,2,410390035002,00704,41039003500
41,039,003500,3,410390035003,00704,41039003500
41,039,003600,2,410390036002,00703,41039003600
41,039,003600,1,410390036001,00703,41039003600
41,039,003600,3,410390036003,00703,41039003600
41,039,003700,1,410390037001,00703,41039003700
41,039,003700,2,410390037002,00703,41039003700
41,039,003800,2,410390038002,00703,41039003800
41,039,003800,1,410390038001,00703,41039003800
41,039,003800,3,410390038003,00703,41039003800
41,039,003800,4,410390038004,00703,41039003800
41,039,003800,5,410390038005,00703,41039003800
41,039,003900,2,410390039002,00703,41039003900
41,039,003900,3,410390039003,00703,41039003900
41,039,003900,1,410390039001,00703,41039003900
41,039,004000,1,410390040001,00703,41039004000
41,039,004000,3,410390040003,00703,41039004000
41,039,004000,2,410390040002,00703,41039004000
41,039,004100,1,410390041001,00703,41039004100
41,039,004100,4,410390041004,00703,41039004100
41,039,004100,2,410390041002,00703,41039004100
41,039,004100,3,410390041003,00703,41039004100
41,039,004200,2,410390042002,00703,41039004200
41,039,004200,3,410390042003,00703,41039004200
41,039,004200,1,410390042001,00703,41039004200
41,039,004300,4,410390043004,00703,41039004300
41,039,004300,3,410390043003,00703,41039004300
41,039,004300,2,410390043002,00703,41039004300
41,039,004300,1,410390043001,00703,41039004300
41,039,004401,4,410390044014,00703,41039004401
41,039,004401,2,410390044012,00703,41039004401
41,039,004401,3,410390044013,00703,41039004401
41,039,004401,1,410390044011,00703,41039004401
41,039,004403,1,410390044031,00703,41039004403
41,039,004403,2,410390044032,00703,41039004403
41,039,004403,3,410390044033,00703,41039004403
41,039,004403,4,410390044034,00703,41039004403
41,039,004404,3,410390044043,00703,41039004404
41,039,004404,1,410390044041,00703,41039004404
41,039,004404,2,410390044042,00703,41039004404
41,039,004405,2,410390044052,00703,41039004405
41,039,004405,1,410390044051,00703,41039004405
41,039,004405,3,410390044053,00703,41039004405
41,039,004501,3,410390045013,00703,41039004501
41,039,004501,1,410390045011,00703,41039004501
41,039,004501,2,410390045012,00703,41039004501
41,039,004502,1,410390045021,00703,41039004502
41,039,004502,3,410390045023,00703,41039004502
41,039,004502,2,410390045022,00703,41039004502
41,039,004600,3,410390046003,00703,41039004600
41,039,004600,1,410390046001,00703,41039004600
41,039,004600,2,410390046002,00703,41039004600
41,039,004700,3,410390047003,00703,41039004700
41,039,004700,4,410390047004,00703,41039004700
41,039,004700,2,410390047002,00703,41039004700
41,039,004700,1,410390047001,00703,41039004700
41,039,004800,3,410390048003,00703,41039004800
41,039,004800,2,410390048002,00703,41039004800
41,039,004800,1,410390048001,00703,41039004800
41,039,004900,2,410390049002,00703,41039004900
41,039,004900,3,410390049003,00703,41039004900
41,039,004900,1,410390049001,00703,41039004900
41,039,005000,3,410390050003,00703,41039005000
41,039,005000,2,410390050002,00703,41039005000
41,039,005000,1,410390050001,00703,41039005000
41,039,005000,4,410390050004,00703,41039005000
41,039,005100,1,410390051001,00703,41039005100
41,039,005100,2,410390051002,00703,41039005100
41,039,005200,2,410390052002,00703,41039005200
41,039,005200,1,410390052001,00703,41039005200
41,039,005300,1,410390053001,00703,41039005300
41,039,005300,2,410390053002,00703,41039005300
41,039,005400,2,410390054002,00703,41039005400
41,039,005400,3,410390054003,00703,41039005400
41,039,005400,4,410390054004,00703,41039005400
41,039,005400,1,410390054001,00703,41039005400
41,041,950100,1,410419501001,00500,41041950100
41,041,950100,2,410419501002,00500,41041950100
41,041,950303,2,410419503032,00500,41041950303
41,041,950303,1,410419503031,00500,41041950303
41,041,950304,3,410419503043,00500,41041950304
41,041,950304,2,410419503042,00500,41041950304
41,041,950304,1,410419503041,00500,41041950304
41,041,950400,1,410419504001,00500,41041950400
41,041,950400,2,410419504002,00500,41041950400
41,041,950601,3,410419506013,00500,41041950601
41,041,950601,2,410419506012,00500,41041950601
41,041,950601,1,410419506011,00500,41041950601
41,041,950602,1,410419506021,00500,41041950602
41,041,950602,2,410419506022,00500,41041950602
41,041,950800,1,410419508001,00500,41041950800
41,041,950800,2,410419508002,00500,41041950800
41,041,950900,4,410419509004,00500,41041950900
41,041,950900,3,410419509003,00500,41041950900
41,041,950900,2,410419509002,00500,41041950900
41,041,950900,1,410419509001,00500,41041950900
41,041,951000,1,410419510001,00500,41041951000
41,041,951000,2,410419510002,00500,41041951000
41,041,951100,2,410419511002,00500,41041951100
41,041,951100,1,410419511001,00500,41041951100
41,041,951200,1,410419512001,00500,41041951200
41,041,951200,2,410419512002,00500,41041951200
41,041,951300,2,410419513002,00500,41041951300
41,041,951300,1,410419513001,00500,41041951300
41,041,951400,2,410419514002,00500,41041951400
41,041,951400,1,410419514001,00500,41041951400
41,041,951500,2,410419515002,00500,41041951500
41,041,951500,1,410419515001,00500,41041951500
41,041,951600,1,410419516001,00500,41041951600
41,041,951600,3,410419516003,00500,41041951600
41,041,951600,2,410419516002,00500,41041951600
41,041,951700,1,410419517001,00500,41041951700
41,041,951800,2,410419518002,00500,41041951800
41,041,951800,1,410419518001,00500,41041951800
41,041,951800,3,410419518003,00500,41041951800
41,041,990100,0,410419901000,00500,41041990100
41,043,020100,1,410430201001,00600,41043020100
41,043,020100,2,410430201002,00600,41043020100
41,043,020100,3,410430201003,00600,41043020100
41,043,020100,4,410430201004,00600,41043020100
41,043,020200,1,410430202001,00600,41043020200
41,043,020300,4,410430203004,00600,41043020300
41,043,020300,1,410430203001,00600,41043020300
41,043,020300,3,410430203003,00600,41043020300
41,043,020300,5,410430203005,00600,41043020300
41,043,020300,2,410430203002,00600,41043020300
41,043,020400,3,410430204003,00600,41043020400
41,043,020400,1,410430204001,00600,41043020400
41,043,020400,4,410430204004,00600,41043020400
41,043,020400,2,410430204002,00600,41043020400
41,043,020500,2,410430205002,00600,41043020500
41,043,020500,1,410430205001,00600,41043020500
41,043,020600,4,410430206004,00600,41043020600
41,043,020600,5,410430206005,00600,41043020600
41,043,020600,2,410430206002,00600,41043020600
41,043,020600,3,410430206003,00600,41043020600
41,043,020600,1,410430206001,00600,41043020600
41,043,020700,3,410430207003,00600,41043020700
41,043,020700,1,410430207001,00600,41043020700
41,043,020700,2,410430207002,00600,41043020700
41,043,020801,2,410430208012,00600,41043020801
41,043,020801,1,410430208011,00600,41043020801
41,043,020802,1,410430208021,00600,41043020802
41,043,020802,3,410430208023,00600,41043020802
41,043,020802,4,410430208024,00600,41043020802
41,043,020802,2,410430208022,00600,41043020802
41,043,030100,1,410430301001,00600,41043030100
41,043,030100,2,410430301002,00600,41043030100
41,043,030100,4,410430301004,00600,41043030100
41,043,030100,5,410430301005,00600,41043030100
41,043,030100,3,410430301003,00600,41043030100
41,043,030200,4,410430302004,00600,41043030200
41,043,030200,1,410430302001,00600,41043030200
41,043,030200,2,410430302002,00600,41043030200
41,043,030200,5,410430302005,00600,41043030200
41,043,030200,6,410430302006,00600,41043030200
41,043,030200,3,410430302003,00600,41043030200
41,043,030300,3,410430303003,00600,41043030300
41,043,030300,1,410430303001,00600,41043030300
41,043,030300,2,410430303002,00600,41043030300
41,043,030401,4,410430304014,00600,41043030401
41,043,030401,3,410430304013,00600,41043030401
41,043,030401,6,410430304016,00600,41043030401
41,043,030401,2,410430304012,00600,41043030401
41,043,030401,1,410430304011,00600,41043030401
41,043,030401,5,410430304015,00600,41043030401
41,043,030402,4,410430304024,00600,41043030402
41,043,030402,2,410430304022,00600,41043030402
41,043,030402,3,410430304023,00600,41043030402
41,043,030402,1,410430304021,00600,41043030402
41,043,030402,5,410430304025,00600,41043030402
41,043,030500,3,410430305003,00600,41043030500
41,043,030500,2,410430305002,00600,41043030500
41,043,030500,1,410430305001,00600,41043030500
41,043,030600,2,410430306002,00600,41043030600
41,043,030600,4,410430306004,00600,41043030600
41,043,030600,5,410430306005,00600,41043030600
41,043,030600,3,410430306003,00600,41043030600
41,043,030600,1,410430306001,00600,41043030600
41,043,030700,3,410430307003,00600,41043030700
41,043,030700,2,410430307002,00600,41043030700
41,043,030700,1,410430307001,00600,41043030700
41,043,030700,4,410430307004,00600,41043030700
41,043,030800,4,410430308004,00600,41043030800
41,043,030800,5,410430308005,00600,41043030800
41,043,030800,1,410430308001,00600,41043030800
41,043,030800,3,410430308003,00600,41043030800
41,043,030800,2,410430308002,00600,41043030800
41,043,030800,6,410430308006,00600,41043030800
41,043,030902,5,410430309025,00600,41043030902
41,043,030902,1,410430309021,00600,41043030902
41,043,030902,4,410430309024,00600,41043030902
41,043,030902,2,410430309022,00600,41043030902
41,043,030902,3,410430309023,00600,41043030902
41,043,030903,1,410430309031,00600,41043030903
41,043,030903,3,410430309033,00600,41043030903
41,043,030903,4,410430309034,00600,41043030903
41,043,030903,2,410430309032,00600,41043030903
41,043,030904,3,410430309043,00600,41043030904
41,043,030904,1,410430309041,00600,41043030904
41,043,030904,2,410430309042,00600,41043030904
41,045,940000,1,410459400001,00300,41045940000
41,045,970200,3,410459702003,00300,41045970200
41,045,970200,1,410459702001,00300,41045970200
41,045,970200,2,410459702002,00300,41045970200
41,045,970200,4,410459702004,00300,41045970200
41,045,970300,1,410459703001,00300,41045970300
41,045,970300,3,410459703003,00300,41045970300
41,045,970300,4,410459703004,00300,41045970300
41,045,970300,5,410459703005,00300,41045970300
41,045,970300,2,410459703002,00300,41045970300
41,045,970400,3,410459704003,00300,41045970400
41,045,970400,4,410459704004,00300,41045970400
41,045,970400,2,410459704002,00300,41045970400
41,045,970400,5,410459704005,00300,41045970400
41,045,970400,1,410459704001,00300,41045970400
41,045,970500,4,410459705004,00300,41045970500
41,045,970500,5,410459705005,00300,41045970500
41,045,970500,2,410459705002,00300,41045970500
41,045,970500,1,410459705001,00300,41045970500
41,045,970500,6,410459705006,00300,41045970500
41,045,970500,3,410459705003,00300,41045970500
41,045,970600,2,410459706002,00300,41045970600
41,045,970600,3,410459706003,00300,41045970600
41,045,970600,4,410459706004,00300,41045970600
41,045,970600,1,410459706001,00300,41045970600
41,045,970600,5,410459706005,00300,41045970600
41,045,970700,1,410459707001,00300,41045970700
41,045,970900,3,410459709003,00300,41045970900
41,045,970900,2,410459709002,00300,41045970900
41,045,970900,1,410459709001,00300,41045970900
41,045,970900,4,410459709004,00300,41045970900
41,047,000200,1,410470002001,01104,41047000200
41,047,000200,2,410470002002,01104,41047000200
41,047,000200,3,410470002003,01104,41047000200
41,047,000300,2,410470003002,01103,41047000300
41,047,000300,3,410470003003,01103,41047000300
41,047,000300,1,410470003001,01103,41047000300
41,047,000300,4,410470003004,01103,41047000300
41,047,000400,3,410470004003,01103,41047000400
41,047,000400,2,410470004002,01103,41047000400
41,047,000400,1,410470004001,01103,41047000400
41,047,000501,1,410470005011,01103,41047000501
41,047,000501,2,410470005012,01103,41047000501
41,047,000502,2,410470005022,01103,41047000502
41,047,000502,1,410470005021,01103,41047000502
41,047,000502,3,410470005023,01103,41047000502
41,047,000600,3,410470006003,01104,41047000600
41,047,000600,2,410470006002,01104,41047000600
41,047,000600,1,410470006001,01104,41047000600
41,047,000701,1,410470007011,01104,41047000701
41,047,000701,2,410470007012,01104,41047000701
41,047,000701,3,410470007013,01104,41047000701
41,047,000900,6,410470009006,01104,41047000900
41,047,000900,7,410470009007,01104,41047000900
41,047,000900,2,410470009002,01104,41047000900
41,047,000900,3,410470009003,01104,41047000900
41,047,000900,4,410470009004,01104,41047000900
41,047,000900,5,410470009005,01104,41047000900
41,047,000900,1,410470009001,01104,41047000900
41,047,001000,2,410470010002,01104,41047001000
41,047,001000,1,410470010001,01104,41047001000
41,047,001000,3,410470010003,01104,41047001000
41,047,001100,1,410470011001,01104,41047001100
41,047,001100,3,410470011003,01104,41047001100
41,047,001100,2,410470011002,01104,41047001100
41,047,001200,1,410470012001,01104,41047001200
41,047,001200,2,410470012002,01104,41047001200
41,047,001300,3,410470013003,01104,41047001300
41,047,001300,2,410470013002,01104,41047001300
41,047,001300,1,410470013001,01104,41047001300
41,047,001401,2,410470014012,01103,41047001401
41,047,001401,1,410470014011,01103,41047001401
41,047,001401,3,410470014013,01103,41047001401
41,047,001402,3,410470014023,01103,41047001402
41,047,001402,2,410470014022,01103,41047001402
41,047,001402,1,410470014021,01103,41047001402
41,047,001501,1,410470015011,01103,41047001501
41,047,001501,2,410470015012,01103,41047001501
41,047,001501,3,410470015013,01103,41047001501
41,047,001502,3,410470015023,01103,41047001502
41,047,001502,2,410470015022,01103,41047001502
41,047,001502,1,410470015021,01103,41047001502
41,047,001503,2,410470015032,01103,41047001503
41,047,001503,1,410470015031,01103,41047001503
41,047,001503,3,410470015033,01103,41047001503
41,047,001601,2,410470016012,01103,41047001601
41,047,001601,3,410470016013,01103,41047001601
41,047,001601,1,410470016011,01103,41047001601
41,047,001601,4,410470016014,01103,41047001601
41,047,001602,5,410470016025,01103,41047001602
41,047,001602,4,410470016024,01103,41047001602
41,047,001602,1,410470016021,01103,41047001602
41,047,001602,3,410470016023,01103,41047001602
41,047,001602,2,410470016022,01103,41047001602
41,047,001603,4,410470016034,01103,41047001603
41,047,001603,2,410470016032,01103,41047001603
41,047,001603,1,410470016031,01103,41047001603
41,047,001603,3,410470016033,01103,41047001603
41,047,001604,3,410470016043,01103,41047001604
41,047,001604,1,410470016041,01103,41047001604
41,047,001604,4,410470016044,01103,41047001604
41,047,001604,2,410470016042,01103,41047001604
41,047,001701,1,410470017011,01103,41047001701
41,047,001701,3,410470017013,01103,41047001701
41,047,001701,2,410470017012,01103,41047001701
41,047,001702,1,410470017021,01103,41047001702
41,047,001702,2,410470017022,01103,41047001702
41,047,001702,3,410470017023,01103,41047001702
41,047,001703,3,410470017033,01103,41047001703
41,047,001703,1,410470017031,01103,41047001703
41,047,001703,2,410470017032,01103,41047001703
41,047,001801,2,410470018012,01104,41047001801
41,047,001801,4,410470018014,01104,41047001801
41,047,001801,1,410470018011,01104,41047001801
41,047,001801,3,410470018013,01104,41047001801
41,047,001802,3,410470018023,01104,41047001802
41,047,001802,2,410470018022,01104,41047001802
41,047,001802,1,410470018021,01104,41047001802
41,047,001802,4,410470018024,01104,41047001802
41,047,001802,5,410470018025,01104,41047001802
41,047,001803,1,410470018031,01104,41047001803
41,047,001803,2,410470018032,01104,41047001803
41,047,002000,3,410470020003,01104,41047002000
41,047,002000,1,410470020001,01104,41047002000
41,047,002000,2,410470020002,01104,41047002000
41,047,002000,4,410470020004,01104,41047002000
41,047,002101,2,410470021012,01104,41047002101
41,047,002101,1,410470021011,01104,41047002101
41,047,002102,4,410470021024,01104,41047002102
41,047,002102,3,410470021023,01104,41047002102
41,047,002102,2,410470021022,01104,41047002102
41,047,002102,1,410470021021,01104,41047002102
41,047,002201,2,410470022012,01104,41047002201
41,047,002201,1,410470022011,01104,41047002201
41,047,002202,3,410470022023,01104,41047002202
41,047,002202,1,410470022021,01104,41047002202
41,047,002202,2,410470022022,01104,41047002202
41,047,002301,1,410470023011,01104,41047002301
41,047,002301,2,410470023012,01104,41047002301
41,047,002303,3,410470023033,01104,41047002303
41,047,002303,2,410470023032,01104,41047002303
41,047,002303,1,410470023031,01104,41047002303
41,047,002304,3,410470023043,01104,41047002304
41,047,002304,2,410470023042,01104,41047002304
41,047,002304,1,410470023041,01104,41047002304
41,047,002304,4,410470023044,01104,41047002304
41,047,002400,2,410470024002,01104,41047002400
41,047,002400,1,410470024001,01104,41047002400
41,047,002501,1,410470025011,01103,41047002501
41,047,002501,3,410470025013,01103,41047002501
41,047,002501,2,410470025012,01103,41047002501
41,047,002502,3,410470025023,01105,41047002502
41,047,002502,2,410470025022,01105,41047002502
41,047,002502,1,410470025021,01105,41047002502
41,047,002600,2,410470026002,01105,41047002600
41,047,002600,1,410470026001,01105,41047002600
41,047,002700,3,410470027003,01105,41047002700
41,047,002700,4,410470027004,01105,41047002700
41,047,002700,5,410470027005,01105,41047002700
41,047,002700,2,410470027002,01105,41047002700
41,047,002700,1,410470027001,01105,41047002700
41,047,002800,1,410470028001,01105,41047002800
41,047,002800,2,410470028002,01105,41047002800
41,047,010100,2,410470101002,01105,41047010100
41,047,010100,1,410470101001,01105,41047010100
41,047,010201,2,410470102012,01105,41047010201
41,047,010201,1,410470102011,01105,41047010201
41,047,010202,3,410470102023,01105,41047010202
41,047,010202,4,410470102024,01105,41047010202
41,047,010202,2,410470102022,01105,41047010202
41,047,010202,1,410470102021,01105,41047010202
41,047,010303,2,410470103032,01105,41047010303
41,047,010303,1,410470103031,01105,41047010303
41,047,010304,2,410470103042,01105,41047010304
41,047,010304,1,410470103041,01105,41047010304
41,047,010304,3,410470103043,01105,41047010304
41,047,010304,4,410470103044,01105,41047010304
41,047,010305,1,410470103051,01105,41047010305
41,047,010305,3,410470103053,01105,41047010305
41,047,010305,2,410470103052,01105,41047010305
41,047,010306,4,410470103064,01105,41047010306
41,047,010306,3,410470103063,01105,41047010306
41,047,010306,5,410470103065,01105,41047010306
41,047,010306,2,410470103062,01105,41047010306
41,047,010306,1,410470103061,01105,41047010306
41,047,010307,3,410470103073,01105,41047010307
41,047,010307,2,410470103072,01105,41047010307
41,047,010307,1,410470103071,01105,41047010307
41,047,010400,1,410470104001,01105,41047010400
41,047,010400,4,410470104004,01105,41047010400
41,047,010400,2,410470104002,01105,41047010400
41,047,010400,5,410470104005,01105,41047010400
41,047,010400,3,410470104003,01105,41047010400
41,047,010501,2,410470105012,01105,41047010501
41,047,010501,3,410470105013,01105,41047010501
41,047,010501,1,410470105011,01105,41047010501
41,047,010501,4,410470105014,01105,41047010501
41,047,010502,3,410470105023,01105,41047010502
41,047,010502,1,410470105021,01105,41047010502
41,047,010502,2,410470105022,01105,41047010502
41,047,010503,1,410470105031,01105,41047010503
41,047,010503,2,410470105032,01105,41047010503
41,047,010503,3,410470105033,01105,41047010503
41,047,010600,1,410470106001,01105,41047010600
41,047,010600,2,410470106002,01105,41047010600
41,047,010600,3,410470106003,01105,41047010600
41,047,010701,2,410470107012,01105,41047010701
41,047,010701,4,410470107014,01105,41047010701
41,047,010701,5,410470107015,01105,41047010701
41,047,010701,1,410470107011,01105,41047010701
41,047,010701,3,410470107013,01105,41047010701
41,047,010702,3,410470107023,01105,41047010702
41,047,010702,2,410470107022,01105,41047010702
41,047,010702,1,410470107021,01105,41047010702
41,047,010801,2,410470108012,01105,41047010801
41,047,010801,5,410470108015,01105,41047010801
41,047,010801,4,410470108014,01105,41047010801
41,047,010801,3,410470108013,01105,41047010801
41,047,010801,1,410470108011,01105,41047010801
41,047,010802,1,410470108021,01105,41047010802
41,047,010802,3,410470108023,01105,41047010802
41,047,010802,2,410470108022,01105,41047010802
41,047,010802,4,410470108024,01105,41047010802
41,049,970100,4,410499701004,00200,41049970100
41,049,970100,3,410499701003,00200,41049970100
41,049,970100,2,410499701002,00200,41049970100
41,049,970100,1,410499701001,00200,41049970100
41,049,970100,5,410499701005,00200,41049970100
41,049,970200,6,410499702006,00200,41049970200
41,049,970200,5,410499702005,00200,41049970200
41,049,970200,1,410499702001,00200,41049970200
41,049,970200,2,410499702002,00200,41049970200
41,049,970200,3,410499702003,00200,41049970200
41,049,970200,4,410499702004,00200,41049970200
41,051,000100,4,410510001004,01303,41051000100
41,051,000100,6,410510001006,01303,41051000100
41,051,000100,3,410510001003,01303,41051000100
41,051,000100,2,410510001002,01303,41051000100
41,051,000100,5,410510001005,01303,41051000100
41,051,000100,1,410510001001,01303,41051000100
41,051,000100,7,410510001007,01303,41051000100
41,051,000200,3,410510002003,01303,41051000200
41,051,000200,2,410510002002,01303,41051000200
41,051,000200,1,410510002001,01303,41051000200
41,051,000200,4,410510002004,01303,41051000200
41,051,000301,1,410510003011,01303,41051000301
41,051,000301,3,410510003013,01303,41051000301
41,051,000301,2,410510003012,01303,41051000301
41,051,000301,4,410510003014,01303,41051000301
41,051,000302,1,410510003021,01303,41051000302
41,051,000302,5,410510003025,01303,41051000302
41,051,000302,2,410510003022,01303,41051000302
41,051,000302,3,410510003023,01303,41051000302
41,051,000302,6,410510003026,01303,41051000302
41,051,000302,4,410510003024,01303,41051000302
41,051,000401,1,410510004011,01303,41051000401
41,051,000401,3,410510004013,01303,41051000401
41,051,000401,2,410510004012,01303,41051000401
41,051,000401,4,410510004014,01303,41051000401
41,051,000402,3,410510004023,01303,41051000402
41,051,000402,1,410510004021,01303,41051000402
41,051,000402,2,410510004022,01303,41051000402
41,051,000501,3,410510005013,01303,41051000501
41,051,000501,4,410510005014,01303,41051000501
41,051,000501,1,410510005011,01303,41051000501
41,051,000501,2,410510005012,01303,41051000501
41,051,000502,1,410510005021,01303,41051000502
41,051,000502,4,410510005024,01303,41051000502
41,051,000502,3,410510005023,01303,41051000502
41,051,000502,5,410510005025,01303,41051000502
41,051,000502,2,410510005022,01303,41051000502
41,051,000601,3,410510006013,01303,41051000601
41,051,000601,4,410510006014,01303,41051000601
41,051,000601,1,410510006011,01303,41051000601
41,051,000601,2,410510006012,01303,41051000601
41,051,000602,4,410510006024,01303,41051000602
41,051,000602,2,410510006022,01303,41051000602
41,051,000602,1,410510006021,01303,41051000602
41,051,000602,3,410510006023,01303,41051000602
41,051,000701,4,410510007014,01303,41051000701
41,051,000701,2,410510007012,01303,41051000701
41,051,000701,1,410510007011,01303,41051000701
41,051,000701,3,410510007013,01303,41051000701
41,051,000702,2,410510007022,01303,41051000702
41,051,000702,3,410510007023,01303,41051000702
41,051,000702,1,410510007021,01303,41051000702
41,051,000702,4,410510007024,01303,41051000702
41,051,000801,1,410510008011,01303,41051000801
41,051,000801,3,410510008013,01303,41051000801
41,051,000801,4,410510008014,01303,41051000801
41,051,000801,2,410510008012,01303,41051000801
41,051,000802,3,410510008023,01303,41051000802
41,051,000802,4,410510008024,01303,41051000802
41,051,000802,2,410510008022,01303,41051000802
41,051,000802,1,410510008021,01303,41051000802
41,051,000901,1,410510009011,01303,41051000901
41,051,000901,4,410510009014,01303,41051000901
41,051,000901,2,410510009012,01303,41051000901
41,051,000901,3,410510009013,01303,41051000901
41,051,000902,3,410510009023,01303,41051000902
41,051,000902,1,410510009021,01303,41051000902
41,051,000902,2,410510009022,01303,41051000902
41,051,001000,5,410510010005,01303,41051001000
41,051,001000,1,410510010001,01303,41051001000
41,051,001000,3,410510010003,01303,41051001000
41,051,001000,2,410510010002,01303,41051001000
41,051,001000,4,410510010004,01303,41051001000
41,051,001101,2,410510011012,01305,41051001101
41,051,001101,1,410510011011,01305,41051001101
41,051,001102,1,410510011021,01303,41051001102
41,051,001201,3,410510012013,01305,41051001201
41,051,001201,4,410510012014,01305,41051001201
41,051,001201,2,410510012012,01305,41051001201
41,051,001201,1,410510012011,01305,41051001201
41,051,001202,1,410510012021,01305,41051001202
41,051,001202,3,410510012023,01305,41051001202
41,051,001202,2,410510012022,01305,41051001202
41,051,001301,1,410510013011,01305,41051001301
41,051,001301,2,410510013012,01305,41051001301
41,051,001301,4,410510013014,01305,41051001301
41,051,001301,3,410510013013,01305,41051001301
41,051,001302,3,410510013023,01305,41051001302
41,051,001302,2,410510013022,01305,41051001302
41,051,001302,1,410510013021,01305,41051001302
41,051,001400,3,410510014003,01305,41051001400
41,051,001400,2,410510014002,01305,41051001400
41,051,001400,4,410510014004,01305,41051001400
41,051,001400,1,410510014001,01305,41051001400
41,051,001400,5,410510014005,01305,41051001400
41,051,001500,3,410510015003,01305,41051001500
41,051,001500,1,410510015001,01305,41051001500
41,051,001500,2,410510015002,01305,41051001500
41,051,001601,4,410510016014,01305,41051001601
41,051,001601,3,410510016013,01305,41051001601
41,051,001601,1,410510016011,01305,41051001601
41,051,001601,6,410510016016,01305,41051001601
41,051,001601,2,410510016012,01305,41051001601
41,051,001601,5,410510016015,01305,41051001601
41,051,001602,4,410510016024,01305,41051001602
41,051,001602,2,410510016022,01305,41051001602
41,051,001602,3,410510016023,01305,41051001602
41,051,001602,1,410510016021,01305,41051001602
41,051,001701,1,410510017011,01305,41051001701
41,051,001701,2,410510017012,01305,41051001701
41,051,001701,3,410510017013,01305,41051001701
41,051,001701,7,410510017017,01305,41051001701
41,051,001701,4,410510017014,01305,41051001701
41,051,001701,6,410510017016,01305,41051001701
41,051,001701,5,410510017015,01305,41051001701
41,051,001702,3,410510017023,01302,41051001702
41,051,001702,1,410510017021,01302,41051001702
41,051,001702,2,410510017022,01302,41051001702
41,051,001801,3,410510018013,01305,41051001801
41,051,001801,2,410510018012,01305,41051001801
41,051,001801,1,410510018011,01305,41051001801
41,051,001802,1,410510018021,01305,41051001802
41,051,001802,2,410510018022,01305,41051001802
41,051,001900,4,410510019004,01305,41051001900
41,051,001900,2,410510019002,01305,41051001900
41,051,001900,3,410510019003,01305,41051001900
41,051,001900,1,410510019001,01305,41051001900
41,051,002000,5,410510020005,01305,41051002000
41,051,002000,3,410510020003,01305,41051002000
41,051,002000,1,410510020001,01305,41051002000
41,051,002000,2,410510020002,01305,41051002000
41,051,002000,4,410510020004,01305,41051002000
41,051,002100,2,410510021002,01305,41051002100
41,051,002100,1,410510021001,01305,41051002100
41,051,002203,3,410510022033,01301,41051002203
41,051,002203,2,410510022032,01301,41051002203
41,051,002203,1,410510022031,01301,41051002203
41,051,002203,4,410510022034,01301,41051002203
41,051,002303,1,410510023031,01305,41051002303
41,051,002303,2,410510023032,01305,41051002303
41,051,002401,3,410510024013,01305,41051002401
41,051,002401,1,410510024011,01305,41051002401
41,051,002401,2,410510024012,01305,41051002401
41,051,002402,1,410510024021,01305,41051002402
41,051,002402,2,410510024022,01305,41051002402
41,051,002402,3,410510024023,01305,41051002402
41,051,002501,3,410510025013,01305,41051002501
41,051,002501,5,410510025015,01305,41051002501
41,051,002501,4,410510025014,01305,41051002501
41,051,002501,2,410510025012,01305,41051002501
41,051,002501,6,410510025016,01305,41051002501
41,051,002501,1,410510025011,01305,41051002501
41,051,002502,3,410510025023,01305,41051002502
41,051,002502,1,410510025021,01305,41051002502
41,051,002502,2,410510025022,01305,41051002502
41,051,002502,4,410510025024,01305,41051002502
41,051,002600,2,410510026002,01305,41051002600
41,051,002600,3,410510026003,01305,41051002600
41,051,002600,1,410510026001,01305,41051002600
41,051,002701,3,410510027013,01305,41051002701
41,051,002701,2,410510027012,01305,41051002701
41,051,002701,1,410510027011,01305,41051002701
41,051,002702,1,410510027021,01305,41051002702
41,051,002702,2,410510027022,01305,41051002702
41,051,002801,2,410510028012,01305,41051002801
41,051,002801,1,410510028011,01305,41051002801
41,051,002802,2,410510028022,01305,41051002802
41,051,002802,1,410510028021,01305,41051002802
41,051,002802,3,410510028023,01305,41051002802
41,051,002901,3,410510029013,01305,41051002901
41,051,002901,2,410510029012,01305,41051002901
41,051,002901,1,410510029011,01305,41051002901
41,051,002901,4,410510029014,01305,41051002901
41,051,002902,1,410510029021,01305,41051002902
41,051,002902,4,410510029024,01305,41051002902
41,051,002902,3,410510029023,01305,41051002902
41,051,002902,2,410510029022,01305,41051002902
41,051,002902,5,410510029025,01305,41051002902
41,051,002903,4,410510029034,01302,41051002903
41,051,002903,3,410510029033,01302,41051002903
41,051,002903,1,410510029031,01302,41051002903
41,051,002903,2,410510029032,01302,41051002903
41,051,003000,4,410510030004,01301,41051003000
41,051,003000,1,410510030001,01301,41051003000
41,051,003000,2,410510030002,01301,41051003000
41,051,003000,3,410510030003,01301,41051003000
41,051,003100,4,410510031004,01301,41051003100
41,051,003100,2,410510031002,01301,41051003100
41,051,003100,1,410510031001,01301,41051003100
41,051,003100,3,410510031003,01301,41051003100
41,051,003200,3,410510032003,01301,41051003200
41,051,003200,2,410510032002,01301,41051003200
41,051,003200,4,410510032004,01301,41051003200
41,051,003200,1,410510032001,01301,41051003200
41,051,003301,2,410510033012,01301,41051003301
41,051,003301,1,410510033011,01301,41051003301
41,051,003301,3,410510033013,01301,41051003301
41,051,003302,2,410510033022,01301,41051003302
41,051,003302,1,410510033021,01301,41051003302
41,051,003401,4,410510034014,01301,41051003401
41,051,003401,1,410510034011,01301,41051003401
41,051,003401,3,410510034013,01301,41051003401
41,051,003401,2,410510034012,01301,41051003401
41,051,003402,3,410510034023,01301,41051003402
41,051,003402,2,410510034022,01301,41051003402
41,051,003402,1,410510034021,01301,41051003402
41,051,003501,1,410510035011,01301,41051003501
41,051,003501,4,410510035014,01301,41051003501
41,051,003501,3,410510035013,01301,41051003501
41,051,003501,2,410510035012,01301,41051003501
41,051,003502,2,410510035022,01301,41051003502
41,051,003502,1,410510035021,01301,41051003502
41,051,003601,2,410510036012,01301,41051003601
41,051,003601,1,410510036011,01301,41051003601
41,051,003601,3,410510036013,01301,41051003601
41,051,003601,4,410510036014,01301,41051003601
41,051,003602,4,410510036024,01301,41051003602
41,051,003602,1,410510036021,01301,41051003602
41,051,003602,3,410510036023,01301,41051003602
41,051,003602,2,410510036022,01301,41051003602
41,051,003603,2,410510036032,01301,41051003603
41,051,003603,1,410510036031,01301,41051003603
41,051,003701,3,410510037013,01301,41051003701
41,051,003701,4,410510037014,01301,41051003701
41,051,003701,1,410510037011,01301,41051003701
41,051,003701,2,410510037012,01301,41051003701
41,051,003702,1,410510037021,01301,41051003702
41,051,003702,2,410510037022,01301,41051003702
41,051,003702,3,410510037023,01301,41051003702
41,051,003801,3,410510038013,01301,41051003801
41,051,003801,1,410510038011,01301,41051003801
41,051,003801,2,410510038012,01301,41051003801
41,051,003802,3,410510038023,01301,41051003802
41,051,003802,2,410510038022,01301,41051003802
41,051,003802,1,410510038021,01301,41051003802
41,051,003803,3,410510038033,01301,41051003803
41,051,003803,2,410510038032,01301,41051003803
41,051,003803,1,410510038031,01301,41051003803
41,051,003901,2,410510039012,01301,41051003901
41,051,003901,5,410510039015,01301,41051003901
41,051,003901,3,410510039013,01301,41051003901
41,051,003901,4,410510039014,01301,41051003901
41,051,003901,1,410510039011,01301,41051003901
41,051,003902,1,410510039021,01301,41051003902
41,051,003902,3,410510039023,01301,41051003902
41,051,003902,4,410510039024,01301,41051003902
41,051,003902,2,410510039022,01301,41051003902
41,051,004001,1,410510040011,01301,41051004001
41,051,004001,3,410510040013,01301,41051004001
41,051,004001,4,410510040014,01301,41051004001
41,051,004001,2,410510040012,01301,41051004001
41,051,004002,2,410510040022,01301,41051004002
41,051,004002,4,410510040024,01301,41051004002
41,051,004002,3,410510040023,01301,41051004002
41,051,004002,1,410510040021,01301,41051004002
41,051,004101,3,410510041013,01301,41051004101
41,051,004101,4,410510041014,01301,41051004101
41,051,004101,1,410510041011,01301,41051004101
41,051,004101,2,410510041012,01301,41051004101
41,051,004102,4,410510041024,01301,41051004102
41,051,004102,3,410510041023,01301,41051004102
41,051,004102,2,410510041022,01301,41051004102
41,051,004102,1,410510041021,01301,41051004102
41,051,004200,2,410510042002,01301,41051004200
41,051,004200,1,410510042001,01301,41051004200
41,051,004300,1,410510043001,01314,41051004300
41,051,004500,1,410510045001,01314,41051004500
41,051,004601,1,410510046011,01314,41051004601
41,051,004601,2,410510046012,01314,41051004601
41,051,004602,1,410510046021,01314,41051004602
41,051,004602,2,410510046022,01314,41051004602
41,051,004700,1,410510047001,01314,41051004700
41,051,004700,3,410510047003,01314,41051004700
41,051,004700,2,410510047002,01314,41051004700
41,051,004800,1,410510048001,01314,41051004800
41,051,004800,3,410510048003,01314,41051004800
41,051,004800,2,410510048002,01314,41051004800
41,051,004900,2,410510049002,01314,41051004900
41,051,004900,3,410510049003,01314,41051004900
41,051,004900,1,410510049001,01314,41051004900
41,051,005000,1,410510050001,01314,41051005000
41,051,005100,2,410510051002,01314,41051005100
41,051,005100,3,410510051003,01314,41051005100
41,051,005100,1,410510051001,01314,41051005100
41,051,005200,1,410510052001,01314,41051005200
41,051,005200,3,410510052003,01314,41051005200
41,051,005200,4,410510052004,01314,41051005200
41,051,005200,2,410510052002,01314,41051005200
41,051,005500,2,410510055002,01314,41051005500
41,051,005500,1,410510055001,01314,41051005500
41,051,005600,4,410510056004,01314,41051005600
41,051,005600,2,410510056002,01314,41051005600
41,051,005600,1,410510056001,01314,41051005600
41,051,005600,3,410510056003,01314,41051005600
41,051,005700,3,410510057003,01314,41051005700
41,051,005700,2,410510057002,01314,41051005700
41,051,005700,1,410510057001,01314,41051005700
41,051,005800,4,410510058004,01314,41051005800
41,051,005800,2,410510058002,01314,41051005800
41,051,005800,3,410510058003,01314,41051005800
41,051,005800,5,410510058005,01314,41051005800
41,051,005800,1,410510058001,01314,41051005800
41,051,005900,2,410510059002,01314,41051005900
41,051,005900,4,410510059004,01314,41051005900
41,051,005900,1,410510059001,01314,41051005900
41,051,005900,3,410510059003,01314,41051005900
41,051,006001,2,410510060012,01314,41051006001
41,051,006001,1,410510060011,01314,41051006001
41,051,006002,1,410510060021,01314,41051006002
41,051,006100,2,410510061002,01314,41051006100
41,051,006100,1,410510061001,01314,41051006100
41,051,006200,1,410510062001,01314,41051006200
41,051,006200,2,410510062002,01314,41051006200
41,051,006200,3,410510062003,01314,41051006200
41,051,006300,1,410510063001,01314,41051006300
41,051,006300,2,410510063002,01314,41051006300
41,051,006300,3,410510063003,01314,41051006300
41,051,006402,2,410510064022,01314,41051006402
41,051,006402,1,410510064021,01314,41051006402
41,051,006403,2,410510064032,01314,41051006403
41,051,006403,3,410510064033,01314,41051006403
41,051,006403,1,410510064031,01314,41051006403
41,051,006404,1,410510064041,01314,41051006404
41,051,006404,2,410510064042,01314,41051006404
41,051,006501,1,410510065011,01314,41051006501
41,051,006501,2,410510065012,01314,41051006501
41,051,006501,3,410510065013,01314,41051006501
41,051,006502,2,410510065022,01314,41051006502
41,051,006502,1,410510065021,01314,41051006502
41,051,006601,2,410510066012,01314,41051006601
41,051,006601,1,410510066011,01314,41051006601
41,051,006602,2,410510066022,01314,41051006602
41,051,006602,1,410510066021,01314,41051006602
41,051,006602,3,410510066023,01314,41051006602
41,051,006701,1,410510067011,01314,41051006701
41,051,006701,2,410510067012,01314,41051006701
41,051,006702,1,410510067021,01314,41051006702
41,051,006702,2,410510067022,01314,41051006702
41,051,006801,1,410510068011,01314,41051006801
41,051,006802,2,410510068022,01314,41051006802
41,051,006802,1,410510068021,01314,41051006802
41,051,006900,2,410510069002,01314,41051006900
41,051,006900,1,410510069001,01314,41051006900
41,051,007000,2,410510070002,01314,41051007000
41,051,007000,4,410510070004,01314,41051007000
41,051,007000,1,410510070001,01314,41051007000
41,051,007000,3,410510070003,01314,41051007000
41,051,007100,1,410510071001,01314,41051007100
41,051,007100,2,410510071002,01314,41051007100
41,051,007201,1,410510072011,01301,41051007201
41,051,007201,2,410510072012,01301,41051007201
41,051,007202,1,410510072021,01301,41051007202
41,051,007300,1,410510073001,01302,41051007300
41,051,007400,1,410510074001,01301,41051007400
41,051,007400,2,410510074002,01301,41051007400
41,051,007500,3,410510075003,01305,41051007500
41,051,007500,1,410510075001,01305,41051007500
41,051,007500,2,410510075002,01305,41051007500
41,051,007600,1,410510076001,01305,41051007600
41,051,007600,2,410510076002,01305,41051007600
41,051,007700,1,410510077001,01302,41051007700
41,051,007700,2,410510077002,01302,41051007700
41,051,007800,1,410510078001,01302,41051007800
41,051,007800,2,410510078002,01302,41051007800
41,051,007900,2,410510079002,01302,41051007900
41,051,007900,1,410510079001,01302,41051007900
41,051,008001,2,410510080012,01302,41051008001
41,051,008001,1,410510080011,01302,41051008001
41,051,008002,2,410510080022,01302,41051008002
41,051,008002,1,410510080021,01302,41051008002
41,051,008100,3,410510081003,01302,41051008100
41,051,008100,1,410510081001,01302,41051008100
41,051,008100,2,410510081002,01302,41051008100
41,051,008100,4,410510081004,01302,41051008100
41,051,008201,3,410510082013,01302,41051008201
41,051,008201,1,410510082011,01302,41051008201
41,051,008201,2,410510082012,01302,41051008201
41,051,008202,1,410510082021,01302,41051008202
41,051,008202,2,410510082022,01302,41051008202
41,051,008202,3,410510082023,01302,41051008202
41,051,008301,1,410510083011,01303,41051008301
41,051,008301,2,410510083012,01303,41051008301
41,051,008302,2,410510083022,01302,41051008302
41,051,008302,1,410510083021,01302,41051008302
41,051,008400,2,410510084002,01302,41051008400
41,051,008400,1,410510084001,01302,41051008400
41,051,008500,2,410510085002,01303,41051008500
41,051,008500,1,410510085001,01303,41051008500
41,051,008600,1,410510086001,01303,41051008600
41,051,008600,2,410510086002,01303,41051008600
41,051,008700,3,410510087003,01303,41051008700
41,051,008700,1,410510087001,01303,41051008700
41,051,008700,2,410510087002,01303,41051008700
41,051,008800,1,410510088001,01303,41051008800
41,051,008800,2,410510088002,01303,41051008800
41,051,008800,3,410510088003,01303,41051008800
41,051,008901,1,410510089011,01316,41051008901
41,051,008901,2,410510089012,01316,41051008901
41,051,008901,3,410510089013,01316,41051008901
41,051,008902,2,410510089022,01303,41051008902
41,051,008902,1,410510089021,01303,41051008902
41,051,009000,3,410510090003,01302,41051009000
41,051,009000,2,410510090002,01302,41051009000
41,051,009000,1,410510090001,01302,41051009000
41,051,009101,2,410510091012,01302,41051009101
41,051,009101,1,410510091011,01302,41051009101
41,051,009102,3,410510091023,01302,41051009102
41,051,009102,4,410510091024,01302,41051009102
41,051,009102,1,410510091021,01302,41051009102
41,051,009102,2,410510091022,01302,41051009102
41,051,009201,2,410510092012,01302,41051009201
41,051,009201,1,410510092011,01302,41051009201
41,051,009201,3,410510092013,01302,41051009201
41,051,009202,1,410510092021,01302,41051009202
41,051,009202,2,410510092022,01302,41051009202
41,051,009202,3,410510092023,01302,41051009202
41,051,009301,3,410510093013,01302,41051009301
41,051,009301,2,410510093012,01302,41051009301
41,051,009301,1,410510093011,01302,41051009301
41,051,009302,2,410510093022,01302,41051009302
41,051,009302,1,410510093021,01302,41051009302
41,051,009400,2,410510094002,01302,41051009400
41,051,009400,1,410510094001,01302,41051009400
41,051,009400,3,410510094003,01302,41051009400
41,051,009400,4,410510094004,01302,41051009400
41,051,009400,5,410510094005,01302,41051009400
41,051,009501,1,410510095011,01302,41051009501
41,051,009501,2,410510095012,01302,41051009501
41,051,009502,1,410510095021,01302,41051009502
41,051,009502,2,410510095022,01302,41051009502
41,051,009502,3,410510095023,01302,41051009502
41,051,009603,1,410510096031,01316,41051009603
41,051,009603,2,410510096032,01316,41051009603
41,051,009604,2,410510096042,01316,41051009604
41,051,009604,1,410510096041,01316,41051009604
41,051,009605,1,410510096051,01316,41051009605
41,051,009605,3,410510096053,01316,41051009605
41,051,009605,2,410510096052,01316,41051009605
41,051,009606,2,410510096062,01316,41051009606
41,051,009606,1,410510096061,01316,41051009606
41,051,009701,3,410510097013,01302,41051009701
41,051,009701,2,410510097012,01302,41051009701
41,051,009701,1,410510097011,01302,41051009701
41,051,009702,4,410510097024,01316,41051009702
41,051,009702,3,410510097023,01316,41051009702
41,051,009702,2,410510097022,01316,41051009702
41,051,009702,1,410510097021,01316,41051009702
41,051,009801,1,410510098011,01316,41051009801
41,051,009801,2,410510098012,01316,41051009801
41,051,009803,2,410510098032,01316,41051009803
41,051,009803,3,410510098033,01316,41051009803
41,051,009803,1,410510098031,01316,41051009803
41,051,009803,4,410510098034,01316,41051009803
41,051,009804,2,410510098042,01302,41051009804
41,051,009804,1,410510098041,01302,41051009804
41,051,009903,4,410510099034,01316,41051009903
41,051,009903,1,410510099031,01316,41051009903
41,051,009903,3,410510099033,01316,41051009903
41,051,009903,2,410510099032,01316,41051009903
41,051,009904,2,410510099042,01316,41051009904
41,051,009904,3,410510099043,01316,41051009904
41,051,009904,1,410510099041,01316,41051009904
41,051,009905,2,410510099052,01316,41051009905
41,051,009905,1,410510099051,01316,41051009905
41,051,009906,1,410510099061,01316,41051009906
41,051,009906,2,410510099062,01316,41051009906
41,051,009907,1,410510099071,01316,41051009907
41,051,009907,3,410510099073,01316,41051009907
41,051,009907,2,410510099072,01316,41051009907
41,051,010001,2,410510100012,01316,41051010001
41,051,010001,3,410510100013,01316,41051010001
41,051,010001,1,410510100011,01316,41051010001
41,051,010002,2,410510100022,01316,41051010002
41,051,010002,1,410510100021,01316,41051010002
41,051,010100,3,410510101003,01316,41051010100
41,051,010100,4,410510101004,01316,41051010100
41,051,010100,2,410510101002,01316,41051010100
41,051,010100,1,410510101001,01316,41051010100
41,051,010200,3,410510102003,01316,41051010200
41,051,010200,2,410510102002,01316,41051010200
41,051,010200,1,410510102001,01316,41051010200
41,051,010303,1,410510103031,01316,41051010303
41,051,010303,2,410510103032,01316,41051010303
41,051,010304,2,410510103042,01316,41051010304
41,051,010304,1,410510103041,01316,41051010304
41,051,010305,1,410510103051,01316,41051010305
41,051,010305,2,410510103052,01316,41051010305
41,051,010305,3,410510103053,01316,41051010305
41,051,010306,1,410510103061,01316,41051010306
41,051,010306,3,410510103063,01316,41051010306
41,051,010306,2,410510103062,01316,41051010306
41,051,010402,1,410510104021,01316,41051010402
41,051,010402,3,410510104023,01316,41051010402
41,051,010402,2,410510104022,01316,41051010402
41,051,010405,3,410510104053,01316,41051010405
41,051,010405,4,410510104054,01316,41051010405
41,051,010405,2,410510104052,01316,41051010405
41,051,010405,1,410510104051,01316,41051010405
41,051,010407,2,410510104072,01316,41051010407
41,051,010407,3,410510104073,01316,41051010407
41,051,010407,1,410510104071,01316,41051010407
41,051,010408,4,410510104084,01316,41051010408
41,051,010408,2,410510104082,01316,41051010408
41,051,010408,3,410510104083,01316,41051010408
41,051,010408,1,410510104081,01316,41051010408
41,051,010409,2,410510104092,01316,41051010409
41,051,010409,1,410510104091,01316,41051010409
41,051,010409,3,410510104093,01316,41051010409
41,051,010410,1,410510104101,01316,41051010410
41,051,010410,3,410510104103,01316,41051010410
41,051,010410,2,410510104102,01316,41051010410
41,051,010411,2,410510104112,01316,41051010411
41,051,010411,1,410510104111,01316,41051010411
41,051,010500,2,410510105002,01316,41051010500
41,051,010500,1,410510105001,01316,41051010500
41,051,010500,4,410510105004,01316,41051010500
41,051,010500,3,410510105003,01316,41051010500
41,051,010600,2,410510106002,01314,41051010600
41,051,010600,1,410510106001,01314,41051010600
41,051,010600,3,410510106003,01314,41051010600
41,051,980000,1,410519800001,01301,41051980000
41,053,005100,2,410530051002,01200,41053005100
41,053,005100,1,410530051001,01200,41053005100
41,053,005201,1,410530052011,01200,41053005201
41,053,005201,2,410530052012,01200,41053005201
41,053,005201,3,410530052013,01200,41053005201
41,053,005202,4,410530052024,01200,41053005202
41,053,005202,1,410530052021,01200,41053005202
41,053,005202,2,410530052022,01200,41053005202
41,053,005202,3,410530052023,01200,41053005202
41,053,005300,2,410530053002,01200,41053005300
41,053,005300,3,410530053003,01200,41053005300
41,053,005300,1,410530053001,01200,41053005300
41,053,005300,4,410530053004,01200,41053005300
41,053,005300,5,410530053005,01200,41053005300
41,053,020202,3,410530202023,01200,41053020202
41,053,020202,1,410530202021,01200,41053020202
41,053,020202,2,410530202022,01200,41053020202
41,053,020203,2,410530202032,01200,41053020203
41,053,020203,1,410530202031,01200,41053020203
41,053,020203,3,410530202033,01200,41053020203
41,053,020204,1,410530202041,01200,41053020204
41,053,020204,3,410530202043,01200,41053020204
41,053,020204,2,410530202042,01200,41053020204
41,053,020302,4,410530203024,01200,41053020302
41,053,020302,5,410530203025,01200,41053020302
41,053,020302,2,410530203022,01200,41053020302
41,053,020302,1,410530203021,01200,41053020302
41,053,020302,3,410530203023,01200,41053020302
41,053,020303,2,410530203032,01200,41053020303
41,053,020303,1,410530203031,01200,41053020303
41,053,020304,2,410530203042,01200,41053020304
41,053,020304,1,410530203041,01200,41053020304
41,053,020304,3,410530203043,01200,41053020304
41,053,020400,3,410530204003,01200,41053020400
41,053,020400,1,410530204001,01200,41053020400
41,053,020400,5,410530204005,01200,41053020400
41,053,020400,4,410530204004,01200,41053020400
41,053,020400,2,410530204002,01200,41053020400
41,053,020500,3,410530205003,01200,41053020500
41,053,020500,1,410530205001,01200,41053020500
41,053,020500,2,410530205002,01200,41053020500
41,055,950100,2,410559501002,00200,41055950100
41,055,950100,1,410559501001,00200,41055950100
41,057,960100,2,410579601002,00500,41057960100
41,057,960100,4,410579601004,00500,41057960100
41,057,960100,3,410579601003,00500,41057960100
41,057,960100,1,410579601001,00500,41057960100
41,057,960200,2,410579602002,00500,41057960200
41,057,960200,3,410579602003,00500,41057960200
41,057,960200,1,410579602001,00500,41057960200
41,057,960300,1,410579603001,00500,41057960300
41,057,960300,2,410579603002,00500,41057960300
41,057,960400,1,410579604001,00500,41057960400
41,057,960400,6,410579604006,00500,41057960400
41,057,960400,3,410579604003,00500,41057960400
41,057,960400,7,410579604007,00500,41057960400
41,057,960400,5,410579604005,00500,41057960400
41,057,960400,2,410579604002,00500,41057960400
41,057,960400,4,410579604004,00500,41057960400
41,057,960500,2,410579605002,00500,41057960500
41,057,960500,1,410579605001,00500,41057960500
41,057,960500,3,410579605003,00500,41057960500
41,057,960600,3,410579606003,00500,41057960600
41,057,960600,1,410579606001,00500,41057960600
41,057,960600,2,410579606002,00500,41057960600
41,057,960700,1,410579607001,00500,41057960700
41,057,960700,3,410579607003,00500,41057960700
41,057,960700,2,410579607002,00500,41057960700
41,057,960800,3,410579608003,00500,41057960800
41,057,960800,1,410579608001,00500,41057960800
41,057,960800,2,410579608002,00500,41057960800
41,059,940000,1,410599400001,00100,41059940000
41,059,940000,2,410599400002,00100,41059940000
41,059,950100,2,410599501002,00100,41059950100
41,059,950100,1,410599501001,00100,41059950100
41,059,950100,4,410599501004,00100,41059950100
41,059,950100,3,410599501003,00100,41059950100
41,059,950200,6,410599502006,00100,41059950200
41,059,950200,7,410599502007,00100,41059950200
41,059,950200,2,410599502002,00100,41059950200
41,059,950200,1,410599502001,00100,41059950200
41,059,950200,4,410599502004,00100,41059950200
41,059,950200,3,410599502003,00100,41059950200
41,059,950200,5,410599502005,00100,41059950200
41,059,950300,3,410599503003,00100,41059950300
41,059,950300,1,410599503001,00100,41059950300
41,059,950300,2,410599503002,00100,41059950300
41,059,950400,3,410599504003,00100,41059950400
41,059,950400,2,410599504002,00100,41059950400
41,059,950400,4,410599504004,00100,41059950400
41,059,950400,5,410599504005,00100,41059950400
41,059,950400,1,410599504001,00100,41059950400
41,059,950400,6,410599504006,00100,41059950400
41,059,950500,1,410599505001,00100,41059950500
41,059,950500,3,410599505003,00100,41059950500
41,059,950500,2,410599505002,00100,41059950500
41,059,950500,4,410599505004,00100,41059950500
41,059,950600,2,410599506002,00100,41059950600
41,059,950600,4,410599506004,00100,41059950600
41,059,950600,6,410599506006,00100,41059950600
41,059,950600,3,410599506003,00100,41059950600
41,059,950600,1,410599506001,00100,41059950600
41,059,950600,5,410599506005,00100,41059950600
41,059,950700,2,410599507002,00100,41059950700
41,059,950700,3,410599507003,00100,41059950700
41,059,950700,1,410599507001,00100,41059950700
41,059,950800,4,410599508004,00100,41059950800
41,059,950800,2,410599508002,00100,41059950800
41,059,950800,3,410599508003,00100,41059950800
41,059,950800,1,410599508001,00100,41059950800
41,059,950900,1,410599509001,00100,41059950900
41,059,950900,2,410599509002,00100,41059950900
41,059,950900,3,410599509003,00100,41059950900
41,059,951000,5,410599510005,00100,41059951000
41,059,951000,3,410599510003,00100,41059951000
41,059,951000,4,410599510004,00100,41059951000
41,059,951000,1,410599510001,00100,41059951000
41,059,951000,2,410599510002,00100,41059951000
41,059,951100,2,410599511002,00100,41059951100
41,059,951100,3,410599511003,00100,41059951100
41,059,951100,4,410599511004,00100,41059951100
41,059,951100,1,410599511001,00100,41059951100
41,059,951100,5,410599511005,00100,41059951100
41,059,951200,3,410599512003,00100,41059951200
41,059,951200,5,410599512005,00100,41059951200
41,059,951200,4,410599512004,00100,41059951200
41,059,951200,1,410599512001,00100,41059951200
41,059,951200,6,410599512006,00100,41059951200
41,059,951200,2,410599512002,00100,41059951200
41,059,951300,2,410599513002,00100,41059951300
41,059,951300,4,410599513004,00100,41059951300
41,059,951300,3,410599513003,00100,41059951300
41,059,951300,1,410599513001,00100,41059951300
41,059,951400,1,410599514001,00100,41059951400
41,059,951400,2,410599514002,00100,41059951400
41,061,970100,4,410619701004,00100,41061970100
41,061,970100,2,410619701002,00100,41061970100
41,061,970100,3,410619701003,00100,41061970100
41,061,970100,1,410619701001,00100,41061970100
41,061,970200,3,410619702003,00100,41061970200
41,061,970200,1,410619702001,00100,41061970200
41,061,970200,2,410619702002,00100,41061970200
41,061,970300,2,410619703002,00100,41061970300
41,061,970300,1,410619703001,00100,41061970300
41,061,970400,2,410619704002,00100,41061970400
41,061,970400,1,410619704001,00100,41061970400
41,061,970400,3,410619704003,00100,41061970400
41,061,970500,1,410619705001,00100,41061970500
41,061,970500,3,410619705003,00100,41061970500
41,061,970500,2,410619705002,00100,41061970500
41,061,970600,3,410619706003,00100,41061970600
41,061,970600,4,410619706004,00100,41061970600
41,061,970600,1,410619706001,00100,41061970600
41,061,970600,2,410619706002,00100,41061970600
41,061,970700,1,410619707001,00100,41061970700
41,061,970700,2,410619707002,00100,41061970700
41,061,970700,3,410619707003,00100,41061970700
41,061,970800,2,410619708002,00100,41061970800
41,061,970800,4,410619708004,00100,41061970800
41,061,970800,3,410619708003,00100,41061970800
41,061,970800,1,410619708001,00100,41061970800
41,063,960100,1,410639601001,00100,41063960100
41,063,960200,1,410639602001,00100,41063960200
41,063,960200,2,410639602002,00100,41063960200
41,063,960300,4,410639603004,00100,41063960300
41,063,960300,1,410639603001,00100,41063960300
41,063,960300,3,410639603003,00100,41063960300
41,063,960300,2,410639603002,00100,41063960300
41,065,970100,3,410659701003,00200,41065970100
41,065,970100,1,410659701001,00200,41065970100
41,065,970100,2,410659701002,00200,41065970100
41,065,970200,1,410659702001,00200,41065970200
41,065,970200,3,410659702003,00200,41065970200
41,065,970200,2,410659702002,00200,41065970200
41,065,970300,2,410659703002,00200,41065970300
41,065,970300,1,410659703001,00200,41065970300
41,065,970300,3,410659703003,00200,41065970300
41,065,970400,1,410659704001,00200,41065970400
41,065,970400,2,410659704002,00200,41065970400
41,065,970500,2,410659705002,00200,41065970500
41,065,970500,1,410659705001,00200,41065970500
41,065,970500,3,410659705003,00200,41065970500
41,065,970600,2,410659706002,00200,41065970600
41,065,970600,1,410659706001,00200,41065970600
41,065,970700,1,410659707001,00200,41065970700
41,065,970700,2,410659707002,00200,41065970700
41,065,970800,4,410659708004,00200,41065970800
41,065,970800,2,410659708002,00200,41065970800
41,065,970800,3,410659708003,00200,41065970800
41,065,970800,1,410659708001,00200,41065970800
41,067,030101,4,410670301014,01324,41067030101
41,067,030101,1,410670301011,01324,41067030101
41,067,030101,2,410670301012,01324,41067030101
41,067,030101,3,410670301013,01324,41067030101
41,067,030102,1,410670301021,01324,41067030102
41,067,030102,2,410670301022,01324,41067030102
41,067,030200,1,410670302001,01324,41067030200
41,067,030200,4,410670302004,01324,41067030200
41,067,030200,2,410670302002,01324,41067030200
41,067,030200,3,410670302003,01324,41067030200
41,067,030300,2,410670303002,01324,41067030300
41,067,030300,3,410670303003,01324,41067030300
41,067,030300,1,410670303001,01324,41067030300
41,067,030300,4,410670303004,01324,41067030300
41,067,030401,2,410670304012,01324,41067030401
41,067,030401,1,410670304011,01324,41067030401
41,067,030401,3,410670304013,01324,41067030401
41,067,030402,3,410670304023,01324,41067030402
41,067,030402,2,410670304022,01324,41067030402
41,067,030402,1,410670304021,01324,41067030402
41,067,030501,2,410670305012,01324,41067030501
41,067,030501,1,410670305011,01324,41067030501
41,067,030501,4,410670305014,01324,41067030501
41,067,030501,3,410670305013,01324,41067030501
41,067,030502,3,410670305023,01324,41067030502
41,067,030502,2,410670305022,01324,41067030502
41,067,030502,1,410670305021,01324,41067030502
41,067,030600,2,410670306002,01320,41067030600
41,067,030600,3,410670306003,01320,41067030600
41,067,030600,1,410670306001,01320,41067030600
41,067,030700,2,410670307002,01320,41067030700
41,067,030700,1,410670307001,01320,41067030700
41,067,030801,4,410670308014,01320,41067030801
41,067,030801,1,410670308011,01320,41067030801
41,067,030801,2,410670308012,01320,41067030801
41,067,030801,3,410670308013,01320,41067030801
41,067,030803,2,410670308032,01320,41067030803
41,067,030803,1,410670308031,01320,41067030803
41,067,030803,4,410670308034,01320,41067030803
41,067,030803,3,410670308033,01320,41067030803
41,067,030805,2,410670308052,01320,41067030805
41,067,030805,3,410670308053,01320,41067030805
41,067,030805,1,410670308051,01320,41067030805
41,067,030806,1,410670308061,01320,41067030806
41,067,030900,2,410670309002,01320,41067030900
41,067,030900,3,410670309003,01320,41067030900
41,067,030900,1,410670309001,01320,41067030900
41,067,031003,3,410670310033,01324,41067031003
41,067,031003,1,410670310031,01324,41067031003
41,067,031003,2,410670310032,01324,41067031003
41,067,031003,4,410670310034,01324,41067031003
41,067,031003,5,410670310035,01324,41067031003
41,067,031004,4,410670310044,01324,41067031004
41,067,031004,1,410670310041,01324,41067031004
41,067,031004,3,410670310043,01324,41067031004
41,067,031004,2,410670310042,01324,41067031004
41,067,031005,3,410670310053,01324,41067031005
41,067,031005,4,410670310054,01324,41067031005
41,067,031005,2,410670310052,01324,41067031005
41,067,031005,1,410670310051,01324,41067031005
41,067,031006,4,410670310064,01324,41067031006
41,067,031006,2,410670310062,01324,41067031006
41,067,031006,3,410670310063,01324,41067031006
41,067,031006,1,410670310061,01324,41067031006
41,067,031100,2,410670311002,01324,41067031100
41,067,031100,1,410670311001,01324,41067031100
41,067,031200,3,410670312003,01324,41067031200
41,067,031200,1,410670312001,01324,41067031200
41,067,031200,2,410670312002,01324,41067031200
41,067,031200,4,410670312004,01324,41067031200
41,067,031300,4,410670313004,01324,41067031300
41,067,031300,2,410670313002,01324,41067031300
41,067,031300,3,410670313003,01324,41067031300
41,067,031300,1,410670313001,01324,41067031300
41,067,031402,1,410670314021,01324,41067031402
41,067,031402,2,410670314022,01324,41067031402
41,067,031403,3,410670314033,01324,41067031403
41,067,031403,1,410670314031,01324,41067031403
41,067,031403,2,410670314032,01324,41067031403
41,067,031404,2,410670314042,01324,41067031404
41,067,031404,4,410670314044,01324,41067031404
41,067,031404,3,410670314043,01324,41067031404
41,067,031404,1,410670314041,01324,41067031404
41,067,031504,3,410670315043,01321,41067031504
41,067,031504,1,410670315041,01321,41067031504
41,067,031504,2,410670315042,01321,41067031504
41,067,031504,4,410670315044,01321,41067031504
41,067,031506,2,410670315062,01321,41067031506
41,067,031506,1,410670315061,01321,41067031506
41,067,031507,3,410670315073,01321,41067031507
41,067,031507,1,410670315071,01321,41067031507
41,067,031507,2,410670315072,01321,41067031507
41,067,031508,3,410670315083,01324,41067031508
41,067,031508,5,410670315085,01324,41067031508
41,067,031508,2,410670315082,01324,41067031508
41,067,031508,1,410670315081,01324,41067031508
41,067,031508,4,410670315084,01324,41067031508
41,067,031509,2,410670315092,01321,41067031509
41,067,031509,1,410670315091,01321,41067031509
41,067,031511,2,410670315112,01321,41067031511
41,067,031511,1,410670315111,01321,41067031511
41,067,031512,3,410670315123,01321,41067031512
41,067,031512,1,410670315121,01321,41067031512
41,067,031512,2,410670315122,01321,41067031512
41,067,031513,1,410670315131,01321,41067031513
41,067,031513,3,410670315133,01321,41067031513
41,067,031513,2,410670315132,01321,41067031513
41,067,031514,1,410670315141,01321,41067031514
41,067,031514,3,410670315143,01321,41067031514
41,067,031514,2,410670315142,01321,41067031514
41,067,031606,1,410670316061,01323,41067031606
41,067,031606,3,410670316063,01323,41067031606
41,067,031606,2,410670316062,01323,41067031606
41,067,031609,1,410670316091,01322,41067031609
41,067,031609,4,410670316094,01322,41067031609
41,067,031609,3,410670316093,01322,41067031609
41,067,031609,2,410670316092,01322,41067031609
41,067,031610,1,410670316101,01323,41067031610
41,067,031610,5,410670316105,01323,41067031610
41,067,031610,3,410670316103,01323,41067031610
41,067,031610,2,410670316102,01323,41067031610
41,067,031610,4,410670316104,01323,41067031610
41,067,031611,1,410670316111,01323,41067031611
41,067,031611,2,410670316112,01323,41067031611
41,067,031611,3,410670316113,01323,41067031611
41,067,031612,1,410670316121,01323,41067031612
41,067,031613,3,410670316133,01323,41067031613
41,067,031613,2,410670316132,01323,41067031613
41,067,031613,4,410670316134,01323,41067031613
41,067,031613,1,410670316131,01323,41067031613
41,067,031614,1,410670316141,01323,41067031614
41,067,031614,2,410670316142,01323,41067031614
41,067,031615,2,410670316152,01323,41067031615
41,067,031615,3,410670316153,01323,41067031615
41,067,031615,1,410670316151,01323,41067031615
41,067,031615,4,410670316154,01323,41067031615
41,067,031616,1,410670316161,01322,41067031616
41,067,031616,2,410670316162,01322,41067031616
41,067,031617,4,410670316174,01322,41067031617
41,067,031617,2,410670316172,01322,41067031617
41,067,031617,3,410670316173,01322,41067031617
41,067,031617,1,410670316171,01322,41067031617
41,067,031703,1,410670317031,01323,41067031703
41,067,031703,3,410670317033,01323,41067031703
41,067,031703,2,410670317032,01323,41067031703
41,067,031704,1,410670317041,01323,41067031704
41,067,031704,2,410670317042,01323,41067031704
41,067,031704,5,410670317045,01323,41067031704
41,067,031704,6,410670317046,01323,41067031704
41,067,031704,4,410670317044,01323,41067031704
41,067,031704,3,410670317043,01323,41067031704
41,067,031705,3,410670317053,01323,41067031705
41,067,031705,1,410670317051,01323,41067031705
41,067,031705,2,410670317052,01323,41067031705
41,067,031706,2,410670317062,01323,41067031706
41,067,031706,3,410670317063,01323,41067031706
41,067,031706,1,410670317061,01323,41067031706
41,067,031804,2,410670318042,01323,41067031804
41,067,031804,1,410670318041,01323,41067031804
41,067,031805,2,410670318052,01323,41067031805
41,067,031805,4,410670318054,01323,41067031805
41,067,031805,1,410670318051,01323,41067031805
41,067,031805,3,410670318053,01323,41067031805
41,067,031806,2,410670318062,01323,41067031806
41,067,031806,3,410670318063,01323,41067031806
41,067,031806,1,410670318061,01323,41067031806
41,067,031807,2,410670318072,01323,41067031807
41,067,031807,1,410670318071,01323,41067031807
41,067,031812,1,410670318121,01323,41067031812
41,067,031812,2,410670318122,01323,41067031812
41,067,031813,2,410670318132,01323,41067031813
41,067,031813,1,410670318131,01323,41067031813
41,067,031814,1,410670318141,01323,41067031814
41,067,031814,2,410670318142,01323,41067031814
41,067,031815,2,410670318152,01323,41067031815
41,067,031815,3,410670318153,01323,41067031815
41,067,031815,1,410670318151,01323,41067031815
41,067,031904,2,410670319042,01320,41067031904
41,067,031904,1,410670319041,01320,41067031904
41,067,031907,4,410670319074,01320,41067031907
41,067,031907,1,410670319071,01320,41067031907
41,067,031907,3,410670319073,01320,41067031907
41,067,031907,2,410670319072,01320,41067031907
41,067,031907,5,410670319075,01320,41067031907
41,067,031908,1,410670319081,01320,41067031908
41,067,031908,2,410670319082,01320,41067031908
41,067,031909,2,410670319092,01320,41067031909
41,067,031909,1,410670319091,01320,41067031909
41,067,031910,1,410670319101,01320,41067031910
41,067,031910,2,410670319102,01320,41067031910
41,067,031910,3,410670319103,01320,41067031910
41,067,031911,1,410670319111,01320,41067031911
41,067,031911,2,410670319112,01320,41067031911
41,067,031912,1,410670319121,01320,41067031912
41,067,031912,2,410670319122,01320,41067031912
41,067,031912,3,410670319123,01320,41067031912
41,067,032001,3,410670320013,01320,41067032001
41,067,032001,1,410670320011,01320,41067032001
41,067,032001,2,410670320012,01320,41067032001
41,067,032003,2,410670320032,01320,41067032003
41,067,032003,1,410670320031,01320,41067032003
41,067,032003,3,410670320033,01320,41067032003
41,067,032004,2,410670320042,01320,41067032004
41,067,032004,1,410670320041,01320,41067032004
41,067,032005,2,410670320052,01320,41067032005
41,067,032005,4,410670320054,01320,41067032005
41,067,032005,1,410670320051,01320,41067032005
41,067,032005,3,410670320053,01320,41067032005
41,067,032103,1,410670321031,01320,41067032103
41,067,032103,3,410670321033,01320,41067032103
41,067,032103,2,410670321032,01320,41067032103
41,067,032104,2,410670321042,01320,41067032104
41,067,032104,3,410670321043,01320,41067032104
41,067,032104,1,410670321041,01320,41067032104
41,067,032107,1,410670321071,01320,41067032107
41,067,032108,1,410670321081,01320,41067032108
41,067,032108,3,410670321083,01320,41067032108
41,067,032108,2,410670321082,01320,41067032108
41,067,032109,1,410670321091,01320,41067032109
41,067,032109,2,410670321092,01320,41067032109
41,067,032110,2,410670321102,01320,41067032110
41,067,032110,1,410670321101,01320,41067032110
41,067,032200,1,410670322001,01322,41067032200
41,067,032200,2,410670322002,01322,41067032200
41,067,032200,4,410670322004,01322,41067032200
41,067,032200,3,410670322003,01322,41067032200
41,067,032300,1,410670323001,01322,41067032300
41,067,032404,3,410670324043,01322,41067032404
41,067,032404,1,410670324041,01322,41067032404
41,067,032404,4,410670324044,01322,41067032404
41,067,032404,5,410670324045,01322,41067032404
41,067,032404,2,410670324042,01322,41067032404
41,067,032406,5,410670324065,01322,41067032406
41,067,032406,2,410670324062,01322,41067032406
41,067,032406,3,410670324063,01322,41067032406
41,067,032406,4,410670324064,01322,41067032406
41,067,032406,1,410670324061,01322,41067032406
41,067,032407,2,410670324072,01322,41067032407
41,067,032407,1,410670324071,01322,41067032407
41,067,032408,1,410670324081,01322,41067032408
41,067,032408,2,410670324082,01322,41067032408
41,067,032409,2,410670324092,01322,41067032409
41,067,032409,1,410670324091,01322,41067032409
41,067,032410,3,410670324103,01322,41067032410
41,067,032410,1,410670324101,01322,41067032410
41,067,032410,2,410670324102,01322,41067032410
41,067,032501,2,410670325012,01322,41067032501
41,067,032501,1,410670325011,01322,41067032501
41,067,032502,1,410670325021,01322,41067032502
41,067,032503,2,410670325032,01322,41067032503
41,067,032503,1,410670325031,01322,41067032503
41,067,032603,4,410670326034,01322,41067032603
41,067,032603,3,410670326033,01322,41067032603
41,067,032603,1,410670326031,01322,41067032603
41,067,032603,2,410670326032,01322,41067032603
41,067,032604,2,410670326042,01322,41067032604
41,067,032604,1,410670326041,01322,41067032604
41,067,032604,5,410670326045,01322,41067032604
41,067,032604,3,410670326043,01322,41067032604
41,067,032604,4,410670326044,01322,41067032604
41,067,032606,2,410670326062,01322,41067032606
41,067,032606,1,410670326061,01322,41067032606
41,067,032606,4,410670326064,01322,41067032606
41,067,032606,3,410670326063,01322,41067032606
41,067,032606,5,410670326065,01322,41067032606
41,067,032607,1,410670326071,01322,41067032607
41,067,032608,1,410670326081,01322,41067032608
41,067,032609,1,410670326091,01322,41067032609
41,067,032610,2,410670326102,01322,41067032610
41,067,032610,1,410670326101,01322,41067032610
41,067,032700,3,410670327003,01321,41067032700
41,067,032700,1,410670327001,01321,41067032700
41,067,032700,2,410670327002,01321,41067032700
41,067,032800,1,410670328001,01321,41067032800
41,067,032901,2,410670329012,01321,41067032901
41,067,032901,1,410670329011,01321,41067032901
41,067,032902,1,410670329021,01321,41067032902
41,067,032902,4,410670329024,01321,41067032902
41,067,032902,3,410670329023,01321,41067032902
41,067,032902,2,410670329022,01321,41067032902
41,067,033000,3,410670330003,01321,41067033000
41,067,033000,2,410670330002,01321,41067033000
41,067,033000,4,410670330004,01321,41067033000
41,067,033000,1,410670330001,01321,41067033000
41,067,033101,1,410670331011,01321,41067033101
41,067,033102,2,410670331022,01321,41067033102
41,067,033102,1,410670331021,01321,41067033102
41,067,033200,3,410670332003,01321,41067033200
41,067,033200,2,410670332002,01321,41067033200
41,067,033200,1,410670332001,01321,41067033200
41,067,033301,2,410670333012,01321,41067033301
41,067,033301,4,410670333014,01321,41067033301
41,067,033301,3,410670333013,01321,41067033301
41,067,033301,1,410670333011,01321,41067033301
41,067,033302,2,410670333022,01321,41067033302
41,067,033302,1,410670333021,01321,41067033302
41,067,033400,1,410670334001,01321,41067033400
41,067,033400,2,410670334002,01321,41067033400
41,067,033500,1,410670335001,01321,41067033500
41,067,033500,2,410670335002,01321,41067033500
41,067,033600,2,410670336002,01321,41067033600
41,067,033600,3,410670336003,01321,41067033600
41,067,033600,1,410670336001,01321,41067033600
41,069,960100,2,410699601002,00200,41069960100
41,069,960100,1,410699601001,00200,41069960100
41,071,030101,1,410710301011,01200,41071030101
41,071,030101,2,410710301012,01200,41071030101
41,071,030102,2,410710301022,01200,41071030102
41,071,030102,3,410710301023,01200,41071030102
41,071,030102,1,410710301021,01200,41071030102
41,071,030201,3,410710302013,01200,41071030201
41,071,030201,2,410710302012,01200,41071030201
41,071,030201,1,410710302011,01200,41071030201
41,071,030201,4,410710302014,01200,41071030201
41,071,030202,3,410710302023,01200,41071030202
41,071,030202,2,410710302022,01200,41071030202
41,071,030202,1,410710302021,01200,41071030202
41,071,030301,2,410710303012,01200,41071030301
41,071,030301,4,410710303014,01200,41071030301
41,071,030301,5,410710303015,01200,41071030301
41,071,030301,1,410710303011,01200,41071030301
41,071,030301,3,410710303013,01200,41071030301
41,071,030302,1,410710303021,01200,41071030302
41,071,030302,2,410710303022,01200,41071030302
41,071,030400,3,410710304003,01200,41071030400
41,071,030400,5,410710304005,01200,41071030400
41,071,030400,1,410710304001,01200,41071030400
41,071,030400,2,410710304002,01200,41071030400
41,071,030400,4,410710304004,01200,41071030400
41,071,030501,2,410710305012,01200,41071030501
41,071,030501,1,410710305011,01200,41071030501
41,071,030501,3,410710305013,01200,41071030501
41,071,030501,4,410710305014,01200,41071030501
41,071,030502,3,410710305023,01200,41071030502
41,071,030502,2,410710305022,01200,41071030502
41,071,030502,1,410710305021,01200,41071030502
41,071,030502,4,410710305024,01200,41071030502
41,071,030601,3,410710306013,01200,41071030601
41,071,030601,2,410710306012,01200,41071030601
41,071,030601,1,410710306011,01200,41071030601
41,071,030602,2,410710306022,01200,41071030602
41,071,030602,1,410710306021,01200,41071030602
41,071,030701,2,410710307012,01200,41071030701
41,071,030701,3,410710307013,01200,41071030701
41,071,030701,1,410710307011,01200,41071030701
41,071,030702,1,410710307021,01200,41071030702
41,071,030702,2,410710307022,01200,41071030702
41,071,030702,3,410710307023,01200,41071030702
41,071,030702,4,410710307024,01200,41071030702
41,071,030801,1,410710308011,01200,41071030801
41,071,030801,3,410710308013,01200,41071030801
41,071,030801,2,410710308012,01200,41071030801
41,071,030802,2,410710308022,01200,41071030802
41,071,030802,1,410710308021,01200,41071030802
41,071,030802,3,410710308023,01200,41071030802
41,071,030900,2,410710309002,01200,41071030900
41,071,030900,1,410710309001,01200,41071030900
41,071,031000,1,410710310001,01200,41071031000
41,071,031000,2,410710310002,01200,41071031000
