SERIALNO,PUMA5,HWEIGHT,PERSONS,UNITTYPE,BLDGSZ,HINC
2006000001572,1302,20,5,0,2,74263.12502
2006000009986,1305,16,2,0,2,22003.8889
2006000010543,1302,10,2,0,9,9932.31096
2006000012215,1302,15,1,0,2,28727.29939
2006000014484,1302,14,2,0,7,9626.701392
2006000014589,1301,40,2,0,9,7793.043984
2006000015364,1305,15,2,0,2,31477.7855
2006000017591,1305,15,3,0,4,5348.16744
2006000024763,1305,43,0,0,1,-19998
2006000026458,1301,37,11,0,3,106122.9225
2006000033351,1302,11,1,0,2,23761.14391
2006000034397,1305,15,1,0,2,74912.54536
2006000036495,1302,18,1,0,3,30713.76158
2006000039908,1305,0,1,1,0,-19998
2006000044450,1303,10,2,0,2,38201.196
2006000047049,1303,17,3,0,2,39500.03666
2006000047126,1303,7,2,0,2,63413.98536
2006000048986,1301,0,1,2,0,-19998
2006000058148,1301,14,2,0,2,56537.77008
2006000063656,1301,19,3,0,2,32089.00464
2006000064628,1301,24,1,0,2,23684.74152
2006000065856,1303,15,2,0,2,31324.98072
2006000070767,1301,16,1,0,9,8939.079864
2006000072783,1301,15,5,0,2,65171.24038
2006000073067,1301,34,1,0,2,15135.31386
2006000076611,1305,15,2,0,2,23226.32717
2006000077684,1305,15,1,0,6,15654.85012
2006000079561,1301,13,2,0,2,99323.1096
2006000081113,1305,21,1,0,2,56537.77008
2006000081149,1303,17,2,0,2,12759.19946
2006000081463,1305,57,4,0,3,98559.08568
2006000081599,1301,18,2,0,3,12453.5899
2006000082958,1302,11,2,0,8,8098.653552
2006000083954,1301,13,2,0,2,11850.011
2006000084522,1302,18,4,0,2,37437.17208
2006000084556,1305,17,4,0,2,225387.0564
2006000085774,1302,12,2,0,2,66393.67865
2006000086958,1305,23,2,0,2,41257.29168
2006000088908,1305,43,1,0,5,6876.21528
2006000090705,1301,9,4,0,2,33617.05248
2006000096123,1305,14,1,0,2,51953.62656
2006000096513,1302,18,1,0,2,28650.897
2006000098574,1305,18,4,0,2,40340.46298
2006000099034,1305,21,1,0,4,15280.4784
2006000102677,1303,25,1,0,3,32089.00464
2006000104838,1302,19,1,0,7,7716.641592
2006000109773,1305,21,1,0,4,7640.2392
2006000109944,1302,15,4,0,2,57301.794
2006000110044,1302,21,1,0,2,13599.62578
2006000110212,1305,27,0,0,5,-19998
2006000112613,1301,13,4,0,2,53328.86962
2006000114680,1305,38,2,0,2,139052.3534
2006000114819,1303,19,2,0,2,29567.7257
2006000119063,1305,13,1,0,7,19864.62192
2006000120383,1305,14,2,0,4,43702.16822
2006000121879,1305,15,2,0,2,64178.00928
2006000122018,1303,15,1,0,2,4584.14352
2006000122051,1302,86,1,0,6,5699.618443
2006000122394,1302,11,8,0,2,45765.03281
2006000126682,1305,18,1,0,5,15586.08797
2006000127305,1305,68,0,0,4,-19998
2006000127859,1301,22,1,0,8,12224.38272
2006000133611,1301,42,0,0,2,-19998
2006000133786,1303,19,2,0,2,35832.72185
2006000138449,1301,16,2,0,2,88626.77472
2006000140263,1302,11,1,0,9,26817.23959
2006000141676,1305,28,1,0,9,20934.25541
2006000144195,1303,11,2,0,2,78694.46376
2006000144762,1305,10,2,0,2,102379.2053
2006000147225,1305,22,2,0,2,101065.0841
2006000147734,1302,21,1,0,5,10597.01177
2006000149279,1302,43,1,0,7,28498.09222
2006000153896,1303,19,1,0,2,22003.8889
2006000157958,1305,19,2,0,2,42785.33952
2006000159640,1305,18,1,0,8,18917.23226
2006000160847,1305,24,2,0,2,70404.80423
2006000165393,1301,14,2,0,2,57301.794
2006000165931,1301,26,0,0,2,-19998
2006000167826,1305,66,2,0,5,22156.69368
2006000168427,1305,21,1,0,5,21851.08411
2006000175137,1305,12,4,0,2,263970.2644
2006000179540,1305,24,2,0,6,24448.76544
2006000181010,1302,0,1,1,0,-19998
2006000182853,1301,6,2,0,2,19803.50001
2006000183156,1305,17,3,0,2,62749.28455
2006000183511,1305,28,2,0,4,16502.91667
2006000184819,1305,15,4,0,2,52717.65048
2006000185126,1305,23,3,0,2,64942.0332
2006000187463,1302,15,3,0,1,52335.63852
2006000189447,1305,0,1,2,0,-19998
2006000189749,1303,19,3,0,2,31936.96388
2006000190200,1305,0,1,1,0,-19998
2006000194966,1302,20,1,0,2,24372.36305
2006000197319,1305,29,3,0,9,37896.35046
2006000198286,1301,17,3,0,2,0
2006000202103,1303,40,4,0,2,23913.9487
2006000204325,1302,13,2,0,2,12720.99827
2006000212076,1302,16,6,0,1,22003.8889
2006000215232,1302,17,1,0,2,34381.0764
2006000215477,1305,31,2,0,2,50960.39546
2006000217001,1303,9,2,0,2,26053.21567
2006000217672,1305,0,1,1,0,-19998
2006000217790,1303,24,5,0,5,95885.00196
2006000219543,1302,0,1,1,0,-19998
2006000220995,1303,18,1,0,2,3476.308836
2006000221848,1303,13,1,0,2,14745.66166
2006000223079,1301,34,2,0,2,30713.76158
2006000228712,1303,20,3,0,2,63413.98536
2006000230771,1302,13,1,0,2,27504.86112
2006000231725,1302,20,2,0,2,33364.92459
2006000236068,1302,17,1,0,2,15280.4784
2006000236565,1301,0,1,2,0,-19998
2006000236944,1303,49,3,0,2,45841.4352
2006000238265,1305,0,1,1,0,-19998
2006000239674,1301,15,2,0,2,14249.04611
2006000241165,1301,14,1,0,5,0
2006000243078,1305,13,3,0,2,108491.3966
2006000243154,1305,15,1,0,9,427.8533952
2006000244088,1305,15,2,0,9,52259.23613
2006000246444,1302,63,4,0,5,19100.598
2006000251732,1301,47,4,0,2,121479.8033
2006000253212,1305,18,4,0,2,165029.1667
2006000256794,1303,18,2,0,2,37941.42787
2006000258941,1305,20,4,0,2,38965.21992
2006000259177,1303,15,1,0,2,14134.44252
2006000260520,1303,14,1,0,2,16808.52624
2006000262068,1301,19,6,0,8,23913.9487
2006000262418,1303,17,1,0,2,20399.43866
2006000267191,1305,29,2,0,8,27504.86112
2006000267884,1303,20,2,0,2,62573.55905
2006000270206,1302,18,2,0,2,45459.42324
2006000275891,1302,43,1,0,2,0
2006000277930,1301,14,1,0,2,9168.28704
2006000277942,1301,8,3,0,2,84959.4599
2006000278493,1305,9,1,0,2,22920.7176
2006000279287,1305,16,2,0,2,36780.11151
2006000280166,1301,14,4,0,2,39729.24384
2006000283671,1303,16,1,0,2,13828.83295
2006000286240,1301,4,6,0,2,25976.81328
2006000288008,1301,7,2,0,2,51189.60264
2006000289075,1301,13,1,0,2,22615.10803
2006000290722,1305,15,1,0,4,11154.74923
2006000291250,1302,6,1,0,2,11918.77315
2006000292185,1301,10,1,0,3,26740.8372
2006000292321,1303,17,4,0,2,38201.196
2006000294583,1305,17,2,0,2,42449.169
2006000296454,1302,17,3,0,2,54398.5031
2006000297204,1303,27,1,0,2,30560.9568
2006000302849,1305,16,4,0,2,80222.5116
2006000303890,1301,11,2,0,2,84042.6312
2006000305355,1303,12,2,0,4,37437.17208
2006000307260,1302,15,2,0,2,94738.96608
2006000307918,1305,22,1,0,7,20934.25541
2006000308862,1302,14,3,0,2,28956.50657
2006000311748,1305,14,2,0,2,5118.960264
2006000314289,1302,22,6,0,2,74652.77722
2006000317391,1305,24,2,0,5,44313.38736
2006000317877,1305,13,1,0,6,15127.67362
2006000320741,1302,21,2,0,2,42938.1443
2006000321969,1302,32,1,0,8,18030.96451
2006000324133,1305,14,3,0,5,69526.17672
2006000327130,1303,14,4,0,2,89390.79864
2006000327365,1303,30,1,0,2,30560.9568
2006000327608,1303,15,1,0,2,10214.99981
2006000328894,1302,14,2,0,2,56537.77008
2006000329095,1303,26,1,0,2,71436.23652
2006000331420,1303,16,3,0,2,39729.24384
2006000331466,1305,17,1,0,9,9168.28704
2006000333699,1302,4,2,0,2,68150.93366
2006000338329,1301,20,2,0,2,13446.82099
2006000340167,1302,12,1,0,2,34381.0764
2006000342010,1302,16,7,0,2,11001.94445
2006000342134,1302,29,4,0,2,40111.2558
2006000343092,1305,16,2,0,2,125299.9229
2006000344409,1302,0,1,1,0,-19998
2006000347537,1302,58,5,0,5,3056.09568
2006000348687,1303,52,2,0,7,22920.7176
2006000349603,1301,16,1,0,2,14210.84491
2006000349662,1305,20,1,0,8,57301.794
2006000351311,1305,16,1,0,9,1528.04784
2006000352223,1302,13,2,0,2,64942.0332
2006000353488,1305,23,3,0,2,61121.9136
2006000354681,1305,45,1,0,2,22920.7176
2006000356265,1302,0,1,1,0,-19998
2006000358180,1301,14,2,0,2,30560.9568
2006000359296,1302,11,3,0,2,82590.98575
2006000367384,1302,16,1,0,8,6998.459107
2006000368522,1301,13,4,0,2,233027.2956
2006000368775,1302,74,1,0,2,26817.23959
2006000371258,1305,20,2,0,2,80222.5116
2006000373879,1305,14,2,0,2,20147.31077
2006000375729,1301,20,2,0,2,64942.0332
2006000378167,1303,17,1,0,6,42792.97976
2006000379519,1305,32,1,0,2,25212.78936
2006000383325,1302,15,2,0,2,5577.374616
2006000386814,1305,17,1,0,9,7716.641592
2006000388435,1301,39,1,0,2,8954.360342
2006000389565,1305,13,1,0,9,13828.83295
2006000392663,1305,30,0,0,2,-19998
2006000392772,1305,15,2,0,2,87098.72688
2006000394691,1302,0,1,1,0,-19998
2006000396086,1302,43,2,0,2,110019.4445
2006000396944,1302,11,1,0,2,58829.84184
2006000400662,1302,29,1,0,6,12300.78511
2006000402227,1303,17,1,0,2,7334.629632
2006000404318,1301,10,3,0,2,41562.90125
2006000405352,1302,19,4,0,2,49661.5548
2006000407288,1301,19,2,0,2,72582.2724
2006000411272,1303,15,4,0,2,46536.69697
2006000414024,1303,8,1,0,4,15433.28318
2006000414929,1303,12,2,0,2,15738.89275
2006000417403,1303,49,3,0,8,32165.40703
2006000424554,1303,12,4,0,2,24555.72879
2006000426668,1302,16,1,0,2,113610.3569
2006000426747,1303,48,1,0,9,4202.13156
2006000428792,1305,74,1,0,6,2292.07176
2006000432489,1303,21,5,0,2,54780.51506
2006000434824,1303,16,3,0,2,36673.14816
2006000434884,1302,12,1,0,3,18871.39082
2006000435208,1305,16,1,0,2,19253.40278
2006000438407,1302,34,3,0,5,35145.10032
2006000446153,1301,9,2,0,2,55009.72224
2006000450366,1301,38,3,0,2,34381.0764
2006000451305,1303,34,4,0,2,22080.29129
2006000451860,1301,9,1,0,2,11765.96837
2006000453574,1305,19,2,0,2,49661.5548
2006000455964,1305,23,2,0,2,72582.2724
2006000458446,1305,16,1,0,6,32853.02856
2006000472301,1302,14,2,0,2,72994.84532
2006000477181,1301,18,1,0,7,23073.52238
2006000483773,1303,30,5,0,2,54169.29593
2006000485665,1303,16,2,0,2,43549.36344
2006000486444,1303,11,3,0,2,43396.55866
2006000490728,1305,17,1,0,2,49661.5548
2006000492250,1302,12,5,0,2,49662.31882
2006000493437,1302,19,1,0,2,42021.3156
2006000494952,1305,23,1,0,3,28268.88504
2006000495691,1303,50,2,0,2,48095.30576
2006000495766,1302,23,1,0,2,221566.9368
2006000497134,1305,13,1,0,2,12224.38272
2006000497969,1305,17,2,0,2,48889.89064
2006000501914,1302,14,2,0,2,14806.78357
2006000502443,1305,20,1,0,7,13905.23534
2006000504272,1305,44,0,0,9,-19998
2006000505294,1302,17,3,0,2,56980.90395
2006000507039,1303,23,2,0,4,30560.9568
2006000513782,1303,51,0,0,4,-19998
2006000513803,1305,20,3,0,2,54551.30789
2006000516696,1301,3,2,0,2,9756.585458
2006000516868,1303,29,1,0,5,44542.59454
2006000517616,1301,21,4,0,2,43167.35148
2006000523384,1305,18,2,0,2,77166.41592
2006000523452,1305,20,1,0,2,19100.598
2006000528840,1302,0,1,1,0,-19998
2006000531884,1303,30,1,0,2,11842.37076
2006000532167,1302,22,3,0,2,108491.3966
2006000534066,1302,16,2,0,2,23990.35109
2006000541357,1302,15,4,0,2,32089.00464
2006000541651,1302,59,0,0,2,-19998
2006000544687,1302,35,1,0,6,20170.23149
2006000548090,1303,15,2,0,2,60396.09088
2006000550058,1302,32,6,0,5,37437.17208
2006000555061,1301,48,2,0,2,32471.0166
2006000555603,1303,15,1,0,1,8557.067904
2006000567615,1303,25,1,0,4,32853.02856
2006000567652,1303,13,2,0,4,16808.52624
2006000568970,1303,0,1,2,0,-19998
2006000569103,1305,30,5,0,2,54398.5031
2006000569714,1303,14,1,0,2,25212.78936
2006000572593,1301,12,1,0,2,53481.6744
2006000575039,1302,0,1,1,0,-19998
2006000577934,1302,43,3,0,4,48515.51892
2006000578773,1301,16,3,0,2,78388.85419
2006000579052,1301,17,1,0,2,34381.0764
2006000579395,1301,15,1,0,6,26743.8933
2006000579974,1301,12,4,0,2,83278.60728
2006000580019,1302,13,2,0,2,35985.52663
2006000581082,1303,10,1,0,2,41257.29168
2006000583295,1301,21,1,0,2,39118.0247
2006000584318,1303,16,2,0,2,110936.2732
2006000585679,1303,22,2,0,2,20781.45062
2006000586821,1301,15,1,0,2,15280.4784
2006000587960,1302,1,5,0,2,25976.81328
2006000588074,1301,30,1,0,5,20628.64584
2006000590503,1303,14,1,0,2,11689.56598
2006000591868,1305,55,0,0,2,-19998
2006000595763,1305,22,2,0,2,42915.22359
2006000599025,1302,16,2,0,5,12827.96162
2006000602607,1302,0,1,1,0,-19998
2006000602695,1305,33,4,0,2,90154.82256
2006000604265,1305,15,4,0,2,75050.06966
2006000608712,1301,0,1,2,0,-19998
2006000608826,1303,10,1,0,2,13294.01621
2006000611672,1305,17,2,0,2,13752.43056
2006000615412,1305,19,2,0,2,35832.72185
2006000617026,1302,82,0,0,5,-19998
2006000617239,1301,11,4,0,2,91339.05964
2006000623676,1305,24,1,0,8,0
2006000629946,1305,9,1,0,2,68762.1528
2006000634562,1301,34,4,0,2,57301.794
2006000635693,1303,11,1,0,2,21392.66976
2006000636323,1303,53,1,0,9,3667.314816
2006000636329,1301,3,2,0,2,55009.72224
2006000636359,1303,50,2,0,2,53481.6744
2006000636832,1305,12,4,0,2,66470.08104
2006000638684,1305,20,2,0,2,64789.22842
2006000639989,1305,31,4,0,2,97871.46415
2006000640440,1303,17,2,0,2,96649.02588
2006000642654,1301,10,3,0,2,54001.21067
2006000644444,1305,14,1,0,2,6012.86825
2006000644578,1303,9,2,0,2,129807.664
2006000648440,1305,15,1,0,6,114.603588
2006000648708,1303,20,2,0,2,133704.186
2006000651711,1303,15,1,0,2,45841.4352
2006000655816,1301,15,2,0,2,14287.2473
2006000657424,1305,13,2,0,2,68762.1528
2006000664294,1303,18,2,0,2,42594.33354
2006000667903,1302,0,1,2,0,-19998
2006000676824,1302,26,1,0,2,11001.94445
2006000678320,1302,0,1,1,0,-19998
2006000678827,1305,13,1,0,2,31324.98072
2006000679482,1303,15,1,0,2,14974.86883
2006000679813,1303,9,2,0,5,23684.74152
2006000681075,1302,8,2,0,2,67768.9217
2006000681264,1305,63,1,0,4,22233.09607
2006000683082,1301,14,1,0,2,7640.2392
2006000683730,1301,28,1,0,9,10849.13966
2006000684747,1305,18,4,0,2,129884.0664
2006000686239,1302,16,3,0,2,59593.86576
2006000688928,1302,9,2,0,2,67998.12888
2006000690523,1302,24,2,0,7,18336.57408
2006000690550,1305,16,3,0,2,68609.34802
2006000691639,1302,18,1,0,8,15586.08797
2006000696787,1305,17,4,0,2,38201.196
2006000697105,1303,15,3,0,2,29262.11614
2006000700886,1302,16,1,0,2,28268.88504
2006000702922,1302,24,1,0,9,6264.996144
2006000703368,1303,15,2,0,2,26893.64198
2006000704174,1305,14,1,0,9,32394.61421
2006000704208,1305,18,2,0,7,32089.00464
2006000707839,1301,16,2,0,2,45153.81367
2006000707851,1301,14,2,0,2,115214.8071
2006000707887,1301,22,1,0,2,23073.52238
2006000711995,1303,20,2,0,8,15662.49036
2006000712750,1301,20,1,0,2,38201.196
2006000720279,1303,12,1,0,2,25976.81328
2006000721461,1303,26,2,0,9,6188.593752
2006000724855,1302,9,2,0,2,36214.73381
2006000725256,1303,27,1,0,7,9932.31096
2006000730473,1303,16,2,0,9,13752.43056
2006000733598,1303,15,1,0,9,10696.33488
2006000739091,1305,16,1,0,5,7793.043984
2006000741931,1302,21,4,0,2,31172.17594
2006000742691,1301,21,2,0,2,31324.98072
2006000746505,1305,16,2,0,2,110019.4445
2006000747863,1303,11,0,0,2,-19998
2006000748059,1302,16,5,0,1,37437.17208
2006000750825,1305,7,6,0,2,32707.86402
2006000752045,1305,14,2,0,2,42250.52278
2006000752177,1305,23,2,0,2,34457.47879
2006000754916,1303,14,1,0,2,31630.59029
2006000761287,1303,24,2,0,2,35909.12424
2006000765938,1301,26,2,0,2,51052.07833
2006000769532,1301,19,1,0,10,29185.71374
2006000771481,1301,15,2,0,2,21698.27933
2006000773881,1302,12,2,0,9,30866.56637
2006000779762,1301,14,2,0,2,226915.1042
2006000783682,1302,46,2,0,2,12224.38272
2006000784599,1301,25,3,0,2,117659.6837
2006000788018,1301,45,2,0,2,53481.6744
2006000791856,1302,20,3,0,3,93974.94216
2006000793582,1305,18,2,0,2,61381.68173
2006000795011,1301,5,2,0,2,22454.66301
2006000798492,1301,0,1,2,0,-19998
2006000798913,1305,14,1,0,2,70825.01738
2006000799839,1301,24,3,0,2,40798.87733
2006000800092,1303,17,2,0,2,51342.40742
2006000801603,1302,0,1,1,0,-19998
2006000804375,1305,16,2,0,2,42021.3156
2006000805599,1301,10,2,0,2,58677.03706
2006000805671,1301,19,1,0,1,30560.9568
2006000806726,1305,14,1,0,2,43167.35148
2006000808127,1301,13,1,0,2,14210.84491
2006000809613,1305,11,2,0,2,30408.15202
2006000815938,1305,26,3,0,2,29055.82968
2006000816158,1305,10,3,0,2,71819.0125
2006000818636,1305,15,4,0,2,74950.74655
2006000820722,1301,18,2,0,1,41585.82197
2006000822886,1305,9,2,0,2,58065.81792
2006000826254,1305,17,2,0,2,44771.80171
2006000829921,1305,66,3,0,2,46758.2639
2006000831994,1303,16,2,0,2,46628.37984
2006000833296,1305,20,2,0,4,14745.66166
2006000838074,1302,35,2,0,6,9932.31096
2006000839569,1302,14,2,0,2,38965.21992
2006000840444,1301,16,1,0,2,23684.74152
2006000843309,1301,35,0,0,4,-19998
2006000843861,1302,15,1,0,2,11918.77315
2006000845612,1302,0,1,1,0,-19998
2006000851214,1301,27,2,0,2,25212.78936
2006000855048,1302,20,4,0,2,102990.4244
2006000855390,1301,14,2,0,2,46911.06869
2006000860170,1301,26,2,0,9,8923.799386
2006000863874,1302,17,2,0,2,92446.89432
2006000863895,1302,17,1,0,2,48133.50696
2006000866267,1305,18,1,0,9,9473.896608
2006000869592,1303,0,1,2,0,-19998
2006000873336,1301,22,1,0,2,6.11219136
2006000874733,1305,10,2,0,8,23684.74152
2006000882609,1302,10,2,0,5,35909.12424
2006000882918,1302,18,5,0,2,63031.9734
2006000883198,1301,14,2,0,2,45535.82563
2006000883243,1305,16,2,0,2,24143.15587
2006000885163,1303,15,2,0,2,50425.57872
2006000885315,1303,50,2,0,4,21010.6578
2006000886288,1302,20,2,0,2,68685.75041
2006000893779,1302,16,4,0,2,22920.7176
2006000894324,1305,22,2,0,5,11460.3588
2006000896308,1305,16,2,0,2,93669.33259
2006000896365,1305,0,1,1,0,-19998
2006000897050,1305,17,1,0,5,6952.617672
2006000897252,1303,9,2,0,2,58218.6227
2006000898463,1305,14,2,0,2,72047.45566
2006000898532,1301,23,2,0,2,123160.6559
2006000899489,1303,0,1,2,0,-19998
2006000900042,1303,26,3,0,2,178819.7985
2006000901709,1305,18,1,0,9,18947.79322
2006000903721,1303,20,3,0,2,3667.314816
2006000905985,1305,47,0,0,2,-19998
2006000910583,1303,23,2,0,2,76402.392
2006000911121,1302,37,1,0,2,8152.135226
2006000917266,1305,19,4,0,2,117888.8909
2006000920381,1305,15,4,0,2,234287.9351
2006000921670,1301,14,2,0,2,22156.69368
2006000922349,1301,25,4,0,2,35603.51467
2006000923225,1305,16,2,0,4,24448.76544
2006000923428,1305,17,3,0,2,97031.03784
2006000924792,1305,13,5,0,2,60969.10882
2006000925248,1305,11,2,0,2,109255.4206
2006000930226,1305,42,0,0,4,-19998
2006000935132,1305,25,2,0,8,5730.1794
2006000940143,1305,22,2,0,2,18718.58604
2006000946438,1305,9,1,0,7,25992.09376
2006000950339,1305,16,1,0,2,126063.9468
2006000950727,1301,13,2,0,2,92294.08954
2006000951466,1301,23,2,0,2,33617.05248
2006000952201,1301,0,1,2,0,-19998
2006000958037,1302,16,2,0,2,98559.08568
2006000960093,1302,25,3,0,2,37284.3673
2006000964839,1303,16,1,0,2,72582.2724
2006000968652,1305,13,2,0,2,171905.382
2006000968688,1303,11,1,0,3,30637.35919
2006000970559,1301,16,2,0,2,69373.37194
2006000970845,1302,15,3,0,2,38201.196
2006000971078,1301,13,1,0,2,10008.71335
2006000977980,1303,17,2,0,4,7334.629632
2006000978426,1301,13,1,0,2,49661.5548
2006000978959,1303,5,2,0,2,27352.05634
2006000979694,1303,44,1,0,2,38201.196
2006000980443,1303,61,1,0,2,21392.66976
2006000980647,1303,18,2,0,2,53710.88158
2006000982383,1303,28,1,0,4,132940.1621
2006000988094,1303,23,4,0,2,104442.0699
2006000989262,1305,11,2,0,2,34381.0764
2006000992586,1301,27,5,0,2,64942.0332
2006000992906,1303,14,1,0,5,7640.2392
2006000999144,1305,30,2,0,4,42021.3156
2006001007190,1302,18,5,0,2,30560.9568
2006001008781,1302,0,1,1,0,-19998
2006001009156,1301,20,2,0,2,42021.3156
2006001010528,1302,17,3,0,2,94051.34455
2006001014940,1302,14,1,0,2,12147.98033
2006001016643,1302,12,2,0,2,48897.53088
2006001020248,1302,16,1,0,9,6417.800928
2006001026744,1303,36,3,0,2,64178.00928
2006001032268,1301,17,2,0,2,85570.67904
2006001033085,1303,11,1,0,6,19895.18288
2006001035379,1302,18,1,0,8,1528.04784
2006001042206,1305,16,1,0,2,39729.24384
2006001043522,1303,18,2,0,2,19253.40278
2006001044602,1302,0,1,1,0,-19998
2006001044910,1305,15,2,0,2,31324.98072
2006001045399,1302,11,2,0,8,6952.617672
2006001045939,1305,20,4,0,2,34457.47879
2006001046186,1301,11,3,0,2,11918.77315
2006001052821,1305,15,1,0,2,74874.34416
2006001053135,1305,41,1,0,7,5500.972224
2006001054588,1305,18,2,0,2,234708.1482
2006001057294,1303,46,1,0,7,10085.11574
2006001059269,1305,42,2,0,9,142108.4491
2006001081749,1303,19,1,0,9,6417.800928
2006001083425,1303,11,3,0,2,14134.44252
2006001085424,1303,0,1,2,0,-19998
2006001086881,1302,15,1,0,2,28650.897
2006001087382,1302,22,2,0,5,29414.92092
2006001091220,1302,19,2,0,2,65973.46549
2006001092193,1303,10,4,0,2,33617.05248
2006001100778,1303,14,0,0,2,-19998
2006001101265,1302,26,2,0,2,31859.79746
2006001103818,1305,14,1,0,9,5348.16744
2006001104420,1301,39,2,0,5,12224.38272
2006001107781,1301,39,3,0,2,35832.72185
2006001109369,1301,14,1,0,3,42174.12038
2006001110647,1303,40,0,0,5,-19998
2006001112787,1301,14,1,0,3,64942.0332
2006001117221,1302,18,3,0,2,31462.50503
2006001119922,1305,19,1,0,2,45.8414352
2006001120061,1301,0,1,2,0,-19998
2006001126626,1302,15,4,0,1,53634.47918
2006001127590,1303,18,2,0,4,6417.800928
2006001128443,1305,12,3,0,2,9168.28704
2006001130820,1305,23,4,0,2,171615.0529
2006001140921,1302,18,3,0,2,38048.39122
2006001142673,1303,19,1,0,7,20475.84106
2006001142691,1303,24,3,0,2,48897.53088
2006001143385,1305,16,2,0,2,113457.5521
2006001143629,1305,12,6,0,2,112005.9067
2006001145809,1302,21,1,0,2,41028.0845
2006001145858,1302,14,1,0,6,6876.21528
2006001147002,1303,18,1,0,4,15891.69754
2006001152204,1301,16,6,0,9,38583.20796
2006001155531,1303,48,4,0,2,221872.5464
2006001158538,1305,17,4,0,2,52091.15087
2006001158565,1301,11,1,0,2,57301.794
2006001162077,1305,15,1,0,2,3438.10764
2006001164371,1302,13,1,0,5,1146.03588
2006001166761,1301,17,1,0,3,21392.66976
2006001167637,1302,12,2,0,2,58829.84184
2006001168593,1302,0,1,1,0,-19998
2006001170798,1305,47,1,0,4,26740.8372
2006001171182,1301,17,2,0,8,290329.0896
2006001172723,1303,25,4,0,2,38354.00078
2006001172810,1302,19,2,0,2,18718.58604
2006001175762,1301,14,2,0,2,69449.77433
2006001176656,1302,16,2,0,5,25976.81328
2006001177975,1303,9,2,0,6,15769.45371
2006001178204,1302,20,2,0,2,31401.38311
2006001178764,1302,16,1,0,2,22156.69368
2006001180247,1303,9,1,0,6,11383.95641
2006001181759,1305,17,1,0,8,22156.69368
2006001187479,1303,13,1,0,2,34381.0764
2006001187924,1303,20,2,0,2,15578.44773
2006001189795,1305,14,1,0,2,22920.7176
2006001193289,1305,17,1,0,2,68762.1528
2006001195864,1301,18,1,0,2,8939.079864
2006001200270,1302,17,1,0,9,38124.79361
2006001200911,1303,16,4,0,2,36100.13022
2006001204206,1303,20,2,0,2,120715.7794
2006001211301,1305,22,1,0,4,33617.05248
2006001211916,1303,16,2,0,2,14478.25328
2006001212264,1303,51,0,0,2,-19998
2006001217164,1301,17,2,0,2,85570.67904
2006001223818,1305,21,3,0,2,87862.7508
2006001224548,1303,16,2,0,2,175.7255016
2006001227254,1303,17,4,0,2,221566.9368
2006001227723,1303,18,1,0,2,34381.0764
2006001228079,1301,14,2,0,2,89390.79864
2006001230800,1302,16,1,0,2,8251.458336
2006001231926,1303,15,1,0,7,8175.055944
2006001233217,1305,13,3,0,3,103998.936
2006001236356,1302,17,3,0,2,74950.74655
2006001237181,1305,60,0,0,8,-19998
2006001237728,1305,15,1,0,9,14745.66166
2006001238219,1302,34,3,0,2,39423.63427
2006001239887,1301,23,2,0,2,10696.33488
2006001241192,1302,21,1,0,2,21239.86498
2006001241490,1303,30,1,0,2,17572.55016
2006001242363,1302,0,1,1,0,-19998
2006001242863,1305,21,2,0,7,1474.566166
2006001245522,1301,16,1,0,2,9550.299
2006001247665,1305,24,1,0,6,16808.52624
2006001248854,1305,30,1,0,4,4354.936344
2006001255131,1305,14,4,0,2,95120.97804
2006001255485,1305,18,2,0,5,45917.83759
2006001256380,1305,19,1,0,5,38201.196
2006001257035,1303,14,5,0,2,55926.55094
2006001260411,1302,15,2,0,3,48775.28705
2006001266006,1305,17,1,0,9,47369.48304
2006001268967,1305,17,1,0,3,45894.91687
2006001269604,1301,14,1,0,2,24601.57022
2006001271315,1305,18,1,0,2,46911.06869
2006001272492,1301,16,1,0,8,672.3410496
2006001273752,1305,25,1,0,9,19864.62192
2006001277256,1305,13,1,0,2,4584.14352
2006001282603,1305,16,1,0,2,9168.28704
2006001283174,1302,22,1,0,2,17648.95255
2006001284082,1305,45,1,0,8,12224.38272
2006001286748,1305,52,0,0,8,-19998
2006001287956,1301,9,3,0,2,34686.68597
2006001288086,1301,21,1,0,9,17037.73342
2006001289296,1305,12,1,0,2,33693.45487
2006001290387,1301,18,1,0,2,57301.794
2006001290850,1303,22,2,0,2,70290.20064
2006001292100,1305,20,2,0,4,45841.4352
2006001295702,1303,13,1,0,2,10161.51814
2006001297159,1301,25,1,0,2,9015.482256
2006001301070,1301,11,1,0,5,16044.50232
2006001306519,1303,13,5,0,2,49661.5548
2006001306890,1305,14,1,0,7,12606.39468
2006001307960,1303,17,3,0,2,55086.12463
2006001308849,1302,8,5,0,2,70672.2126
2006001311891,1302,18,4,0,2,84042.6312
2006001313964,1303,23,5,0,2,23684.74152
2006001318315,1305,14,1,0,2,46605.45912
2006001319655,1302,0,1,2,0,-19998
2006001325783,1303,12,3,0,4,49126.73806
2006001326689,1301,17,1,0,2,19100.598
2006001332067,1305,39,1,0,7,11460.3588
2006001333178,1301,20,2,0,2,20628.64584
2006001335144,1302,19,4,0,2,45841.4352
2006001338162,1303,56,2,0,2,48133.50696
2006001339826,1303,21,2,0,2,56155.75812
2006001341065,1301,21,4,0,2,65706.05712
2006001344528,1305,13,4,0,2,64254.41167
2006001345011,1305,16,2,0,2,61121.9136
2006001350744,1301,18,2,0,8,7487.434416
2006001351082,1302,32,3,0,5,20628.64584
2006001352308,1301,11,3,0,2,42326.92517
2006001353382,1301,26,3,0,2,8190.336422
2007000000767,1305,16,2,0,2,54398.5031
2007000001660,1303,39,1,0,2,35145.10032
2007000005192,1305,0,1,1,0,-19998
2007000005333,1301,12,2,0,2,18183.7693
2007000009088,1302,16,4,0,2,45688.63042
2007000014772,1302,19,1,0,2,33922.66205
2007000014870,1301,18,2,0,2,45841.4352
2007000015250,1303,36,3,0,2,54627.71028
2007000015256,1302,23,5,0,2,38201.196
2007000021197,1302,19,1,0,1,26664.43481
2007000021315,1301,18,2,0,2,76402.392
2007000028384,1305,19,2,0,9,56919.78204
2007000032447,1301,41,4,0,2,37437.17208
2007000032887,1301,11,4,0,2,57301.794
2007000037301,1301,11,4,0,2,55773.74616
2007000041882,1302,17,5,0,2,69067.76237
2007000043717,1303,18,1,0,2,65018.43559
2007000047153,1303,50,2,0,6,53634.47918
2007000048509,1303,17,3,0,2,32853.02856
2007000049416,1303,18,2,0,2,37437.17208
2007000050406,1301,16,1,0,9,7716.641592
2007000051151,1302,0,1,1,0,-19998
2007000052117,1303,14,2,0,7,5959.386576
2007000053701,1303,54,1,0,2,16044.50232
2007000059662,1301,14,1,0,2,22767.91282
2007000060287,1302,14,1,0,2,18336.57408
2007000065900,1303,18,2,0,4,33693.45487
2007000068231,1305,8,2,0,2,32394.61421
2007000072054,1303,0,1,2,0,-19998
2007000073221,1301,19,1,0,2,19100.598
2007000079336,1303,19,4,0,2,59899.47533
2007000082705,1303,13,3,0,2,36673.14816
2007000083263,1301,15,0,0,2,-19998
2007000084678,1302,14,2,0,2,40034.85341
2007000084978,1301,10,2,0,2,60357.88968
2007000085048,1303,14,1,0,3,5959.386576
2007000085936,1305,20,5,0,2,78465.25658
2007000086673,1302,17,2,0,2,79458.48768
2007000094496,1301,55,1,0,5,22920.7176
2007000096631,1301,23,4,0,2,38201.196
2007000097575,1301,15,2,0,2,48897.53088
2007000099435,1302,14,1,0,6,37880.30595
2007000103288,1305,20,4,0,2,82896.59532
2007000105303,1302,21,2,0,2,14249.04611
2007000105729,1302,16,3,0,5,24066.75348
2007000107964,1303,26,4,0,2,121250.5961
2007000108135,1302,46,5,0,2,60357.88968
2007000112618,1301,15,1,0,2,33617.05248
2007000115407,1301,13,1,0,2,55926.55094
2007000116075,1302,22,1,0,2,16197.3071
2007000116322,1305,14,1,0,2,12988.40664
2007000116534,1303,26,2,0,2,26053.21567
2007000117132,1302,21,2,0,2,43472.96105
2007000118171,1305,18,2,0,3,52717.65048
2007000118318,1301,8,2,0,2,22538.70564
2007000118728,1305,15,0,0,2,-19998
2007000119214,1305,15,2,0,2,29032.90896
2007000122431,1303,24,1,0,9,21239.86498
2007000122630,1301,17,1,0,8,13064.80903
2007000129393,1302,13,7,0,2,77502.58644
2007000131361,1303,56,1,0,2,62649.96144
2007000132590,1301,14,1,0,2,34075.46683
2007000136110,1302,5,1,0,5,61121.9136
2007000136511,1302,15,1,0,9,9244.689432
2007000137263,1302,4,2,0,2,115214.8071
2007000138311,1303,33,4,0,3,9168.28704
2007000138524,1302,46,1,0,8,15280.4784
2007000140246,1305,19,2,0,2,49661.5548
2007000140251,1305,0,1,1,0,-19998
2007000142079,1303,13,2,0,2,48133.50696
2007000142499,1305,18,2,0,2,55012.77834
2007000143308,1305,19,3,0,2,184435.3743
2007000150673,1303,17,1,0,2,29338.51853
2007000160371,1302,12,2,0,2,24227.1985
2007000163267,1305,19,4,0,2,99017.50003
2007000163428,1302,15,4,0,2,91682.8704
2007000166080,1301,27,1,0,2,45841.4352
2007000167656,1301,30,1,0,5,7334.629632
2007000170209,1303,0,1,2,0,-19998
2007000170595,1305,18,2,0,2,100071.853
2007000173216,1303,10,2,0,2,25900.41089
2007000176329,1301,24,2,0,2,123374.5826
2007000177005,1301,0,1,2,0,-19998
2007000183318,1305,68,4,0,2,16350.11189
2007000186748,1305,20,1,0,2,22920.7176
2007000193225,1301,11,2,0,2,109255.4206
2007000196040,1302,21,1,0,5,46605.45912
2007000200936,1305,12,1,0,2,52052.94967
2007000210130,1302,15,3,0,6,38201.196
2007000211658,1302,14,3,0,2,38965.21992
2007000215893,1303,0,1,2,0,-19998
2007000222230,1303,19,3,0,2,80833.73074
2007000222900,1305,15,1,0,2,34002.12054
2007000223347,1303,12,2,0,5,31630.59029
2007000225819,1305,14,2,0,2,100851.1574
2007000226811,1302,16,5,0,2,58829.84184
2007000227052,1303,12,1,0,9,9932.31096
2007000230803,1303,16,2,0,2,28987.06752
2007000230953,1305,19,2,0,4,-5874.579921
2007000231985,1301,16,2,0,2,26740.8372
2007000234752,1305,10,2,0,2,39729.24384
2007000236412,1305,17,1,0,2,73575.5035
2007000237939,1305,23,2,0,4,43549.36344
2007000239849,1303,20,1,0,5,6112.19136
2007000245333,1301,9,1,0,1,18336.57408
2007000245949,1301,12,2,0,2,58829.84184
2007000249025,1305,22,1,0,2,45841.4352
2007000249478,1303,25,1,0,2,46605.45912
2007000249556,1302,32,2,0,2,26435.22763
2007000250546,1301,6,0,0,2,-19998
2007000250552,1305,16,1,0,2,30713.76158
2007000250564,1303,15,2,0,2,158993.3778
2007000253786,1303,22,1,0,3,26664.43481
2007000264855,1305,18,2,0,2,11727.76717
2007000268251,1301,24,4,0,2,53305.9489
2007000271638,1302,3,2,0,2,50425.57872
2007000274294,1303,16,1,0,2,19024.19561
2007000275434,1303,26,4,0,2,245251.6783
2007000275849,1302,12,1,0,2,25212.78936
2007000277867,1305,60,4,0,6,51113.20025
2007000279349,1302,12,2,0,3,121632.6081
2007000280971,1303,36,1,0,2,36673.14816
2007000281366,1301,17,2,0,2,23684.74152
2007000282387,1302,31,5,0,9,36749.55055
2007000282639,1303,16,1,0,2,7105.422456
2007000286061,1301,23,4,0,2,96267.01392
2007000287418,1301,15,3,0,2,76402.392
2007000287526,1301,12,1,0,2,28574.49461
2007000290086,1305,24,3,0,2,42021.3156
2007000291778,1301,11,2,0,2,49737.95719
2007000295919,1305,15,2,0,2,128585.2257
2007000300857,1305,15,2,0,2,148984.6644
2007000305696,1305,17,1,0,5,11651.36478
2007000306041,1302,62,4,0,2,40493.26776
2007000312818,1301,11,2,0,2,51311.84647
2007000313466,1302,0,1,1,0,-19998
2007000317693,1303,18,3,0,2,55773.74616
2007000319285,1303,39,1,0,2,45841.4352
2007000321641,1303,12,1,0,7,9244.689432
2007000322592,1302,21,3,0,4,53863.68636
2007000322909,1302,9,2,0,2,84042.6312
2007000323147,1302,22,1,0,2,16808.52624
2007000325513,1302,0,1,2,0,-19998
2007000326668,1301,19,2,0,2,118423.7076
2007000327461,1303,15,1,0,2,40493.26776
2007000340947,1305,17,1,0,2,9168.28704
2007000342407,1305,0,1,1,0,-19998
2007000342954,1305,12,1,0,8,9168.28704
2007000345459,1302,5,3,0,2,86334.70296
2007000350409,1305,13,2,0,2,16732.12385
2007000351205,1303,12,1,0,5,764.02392
2007000353096,1302,28,1,0,8,7181.824848
2007000353397,1305,12,1,0,2,25671.20371
2007000353810,1303,12,1,0,2,6341.398536
2007000355193,1301,18,2,0,2,69526.17672
2007000357588,1303,13,4,0,2,14134.44252
2007000357663,1303,23,2,0,2,62711.08335
2007000357816,1303,20,2,0,2,43396.55866
2007000358954,1302,7,2,0,7,19253.40278
2007000366553,1302,24,1,0,3,19100.598
2007000367897,1303,12,1,0,2,84042.6312
2007000368921,1305,14,5,0,2,89085.18907
2007000370742,1302,20,1,0,2,36673.14816
2007000371769,1303,17,1,0,6,8862.677472
2007000373820,1301,60,1,0,2,57301.794
2007000374087,1303,57,4,0,2,19864.62192
2007000374232,1305,0,1,1,0,-19998
2007000374522,1301,11,3,0,2,19253.40278
2007000375127,1305,17,2,0,4,36673.14816
2007000377062,1303,16,1,0,2,37666.37926
2007000383353,1303,28,4,0,2,207814.5062
2007000383377,1301,17,4,0,2,107192.556
2007000383466,1302,4,1,0,2,42785.33952
2007000385290,1301,20,1,0,2,52106.43134
2007000388785,1302,0,1,1,0,-19998
2007000389580,1301,17,1,0,6,22920.7176
2007000390279,1302,28,1,0,2,45917.83759
2007000392666,1302,24,1,0,9,6295.557101
2007000394114,1303,28,3,0,3,85952.691
2007000395383,1302,15,1,0,9,55888.34975
2007000396866,1303,15,4,0,2,39729.24384
2007000406216,1305,53,0,0,2,-19998
2007000412012,1305,38,2,0,2,33005.83334
2007000413619,1303,22,4,0,2,112357.3577
2007000414805,1303,14,1,0,2,41257.29168
2007000422759,1302,34,2,0,8,39729.24384
2007000423702,1303,14,1,0,2,7265.867479
2007000424026,1303,10,2,0,2,36291.1362
2007000425397,1305,13,2,0,2,72276.66283
2007000426650,1303,49,0,0,2,-19998
2007000428824,1305,12,2,0,6,15670.1306
2007000429093,1305,15,3,0,2,75875.2155
2007000429656,1305,47,1,0,9,20323.03627
2007000431539,1301,15,3,0,2,76402.392
2007000435633,1301,22,2,0,7,0
2007000436862,1301,16,1,0,2,17878.15973
2007000437939,1305,20,1,0,3,48591.92131
2007000441648,1305,55,2,0,4,44313.38736
2007000444250,1302,19,4,0,2,54856.91746
2007000446996,1303,23,2,0,2,141344.4252
2007000449662,1302,20,2,0,2,57148.98922
2007000449788,1302,7,2,0,1,20552.24345
2007000451825,1305,16,1,0,2,24723.81405
2007000452163,1302,0,1,1,0,-19998
2007000454048,1302,49,0,0,2,-19998
2007000458038,1305,16,2,0,3,30820.72493
2007000459692,1305,13,1,0,9,2872.729939
2007000460496,1305,22,1,0,2,55086.12463
2007000461402,1303,27,2,0,2,48523.15916
2007000461558,1305,0,1,1,0,-19998
2007000462111,1303,22,3,0,2,24448.76544
2007000463118,1301,10,2,0,3,37437.17208
2007000468384,1301,18,2,0,2,29414.92092
2007000473570,1302,25,5,0,2,33999.06444
2007000477647,1302,14,2,0,2,14058.04013
2007000477763,1301,10,1,0,2,15356.88079
2007000479312,1305,43,2,0,2,9855.908568
2007000481049,1302,18,1,0,4,26015.01448
2007000481657,1303,18,1,0,2,95502.99
2007000486863,1303,16,1,0,2,60357.88968
2007000488383,1305,12,5,0,2,687.621528
2007000490657,1303,11,1,0,4,32853.02856
2007000491907,1305,21,3,0,8,31630.59029
2007000493967,1305,24,2,0,7,58371.42749
2007000497827,1302,18,1,0,5,9168.28704
2007000500315,1301,64,3,0,2,53481.6744
2007000500324,1305,70,1,0,8,13752.43056
2007000504801,1305,14,2,0,4,45306.61846
2007000504963,1305,11,2,0,2,21621.87694
2007000505486,1303,13,2,0,2,12224.38272
2007000507286,1302,12,2,0,2,50578.3835
2007000510172,1301,19,1,0,2,34381.0764
2007000510563,1303,31,1,0,9,17190.5382
2007000512253,1303,66,0,0,2,-19998
2007000513317,1302,18,2,0,2,64330.81406
2007000515862,1303,15,1,0,7,6303.19734
2007000517095,1301,31,1,0,2,9168.28704
2007000517134,1305,18,6,0,2,195590.1235
2007000518291,1305,19,2,0,2,77930.43984
2007000523982,1301,17,1,0,2,44542.59454
2007000525347,1301,25,2,0,2,76402.392
2007000526488,1305,16,1,0,7,66515.92248
2007000528129,1302,22,1,0,2,25900.41089
2007000536684,1305,30,2,0,2,100698.3527
2007000539644,1303,18,2,0,2,11368.67593
2007000539938,1303,12,4,0,2,58829.84184
2007000540651,1303,21,1,0,2,31783.39507
2007000544915,1302,16,2,0,4,60128.6825
2007000547518,1303,14,5,0,2,84042.6312
2007000550932,1305,12,2,0,2,68762.1528
2007000552650,1301,17,3,0,2,55811.94736
2007000555237,1302,11,2,0,2,22385.90086
2007000555968,1305,16,3,0,2,80986.53552
2007000557737,1302,13,4,0,2,30026.14006
2007000558942,1301,14,2,0,2,25655.92323
2007000561228,1301,12,2,0,2,41639.30364
2007000562659,1305,45,1,0,5,9550.299
2007000564667,1302,15,1,0,2,17457.94657
2007000565843,1305,15,1,0,2,55009.72224
2007000567298,1302,15,5,0,2,67463.31214
2007000568035,1303,20,3,0,2,114603.588
2007000568804,1302,17,1,0,4,16044.50232
2007000573444,1305,17,4,0,2,237611.4391
2007000574090,1305,57,0,0,6,-19998
2007000574718,1305,13,2,0,2,571642.6969
2007000575382,1305,13,1,0,5,36673.14816
2007000579032,1303,24,2,0,2,63413.98536
2007000583228,1303,20,2,0,2,29032.90896
2007000583711,1301,17,3,0,2,48133.50696
2007000585034,1301,8,1,0,2,33021.11382
2007000586498,1303,15,2,0,6,13294.01621
2007000588658,1305,17,2,0,2,55773.74616
2007000590798,1305,15,1,0,2,53481.6744
2007000594484,1303,15,1,0,5,19100.598
2007000594671,1303,41,4,0,3,0
2007000594852,1305,17,2,0,9,50043.56676
2007000596135,1305,12,1,0,2,24295.96066
2007000597380,1305,0,1,1,0,-19998
2007000600570,1302,15,1,0,2,42785.33952
2007000602551,1305,20,1,0,2,31783.39507
2007000604255,1302,13,1,0,2,54704.11267
2007000609435,1302,13,1,0,2,48989.21375
2007000611991,1301,23,1,0,9,16426.51428
2007000612272,1305,13,2,0,2,84271.83838
2007000614136,1305,0,1,2,0,-19998
2007000616133,1305,16,1,0,8,18336.57408
2007000623664,1302,3,4,0,2,54398.5031
2007000625681,1302,24,3,0,5,0
2007000626979,1303,10,2,0,2,24166.07659
2007000629613,1302,18,3,0,3,56537.77008
2007000631221,1303,15,2,0,2,20934.25541
2007000633069,1305,40,1,0,7,22997.11999
2007000634662,1305,14,1,0,2,94738.96608
2007000637317,1301,35,6,0,2,58065.81792
2007000645413,1302,15,1,0,7,25976.81328
2007000646308,1305,0,1,1,0,-19998
2007000646624,1303,75,3,0,2,33311.44291
2007000647190,1303,13,2,0,2,35099.25888
2007000660121,1303,16,1,0,2,21163.46258
2007000662006,1301,29,0,0,2,-19998
2007000664641,1301,13,1,0,2,12682.79707
2007000669576,1302,0,1,1,0,-19998
2007000669624,1303,4,3,0,2,44939.88697
2007000672484,1302,14,3,0,2,41715.70603
2007000675103,1301,21,3,0,2,61121.9136
2007000677608,1305,14,2,0,2,7716.641592
2007000677682,1303,15,2,0,2,19177.00039
2007000678696,1302,12,2,0,2,42028.95584
2007000678699,1305,21,1,0,7,14898.46644
2007000679808,1301,15,2,0,4,17037.73342
2007000681052,1303,16,1,0,3,9168.28704
2007000682372,1301,12,1,0,2,38201.196
2007000685076,1301,21,4,0,4,10619.93249
2007000688634,1301,16,1,0,2,9626.701392
2007000693049,1302,21,1,0,2,12682.79707
2007000694717,1303,18,2,0,2,46758.2639
2007000694729,1305,14,1,0,6,13905.23534
2007000695755,1305,14,2,0,6,13981.63774
2007000700917,1302,16,3,0,2,80222.5116
2007000701098,1302,17,1,0,2,5118.960264
2007000701376,1305,16,1,0,8,32853.02856
2007000706503,1305,10,1,0,9,7640.2392
2007000707813,1302,17,1,0,2,8709.872688
2007000709253,1302,17,2,0,3,74110.32024
2007000709478,1301,12,1,0,2,20093.8291
2007000712488,1302,18,2,0,2,54589.50908
2007000713262,1303,59,2,0,2,91682.8704
2007000718969,1301,0,1,2,0,-19998
2007000720311,1301,0,1,2,0,-19998
2007000723556,1301,18,5,0,2,40493.26776
2007000725678,1305,69,0,0,5,-19998
2007000726882,1303,20,2,0,2,69296.96954
2007000732020,1302,14,1,0,2,101615.1814
2007000733257,1302,17,4,0,7,36367.53859
2007000733324,1305,22,1,0,2,76402.392
2007000733762,1305,14,4,0,2,148831.8596
2007000736613,1305,14,2,0,2,44160.58258
2007000744591,1305,21,1,0,7,37742.78165
2007000745716,1301,17,2,0,3,30560.9568
2007000758021,1303,12,3,0,2,43320.15626
2007000761845,1301,15,3,0,2,15127.67362
2007000763845,1301,20,2,0,2,47522.28782
2007000767454,1302,13,2,0,2,23042.96143
2007000767914,1305,20,2,0,2,108032.9823
2007000774642,1303,15,4,0,2,45535.82563
2007000779245,1305,14,4,0,3,31508.34646
2007000779824,1303,12,6,0,2,52106.43134
2007000780951,1303,13,1,0,2,45077.41128
2007000781137,1303,16,2,0,2,45612.22802
2007000781420,1302,15,1,0,5,12147.98033
2007000781652,1302,18,1,0,9,21851.08411
2007000782257,1305,19,2,0,2,45841.4352
2007000782317,1305,17,2,0,2,52717.65048
2007000788727,1303,17,5,0,5,33617.05248
2007000791566,1302,17,1,0,8,23684.74152
2007000793230,1305,47,0,0,2,-19998
2007000793523,1302,8,3,0,2,72582.2724
2007000794777,1303,40,6,0,2,25976.81328
2007000795060,1303,28,4,0,2,19100.598
2007000795206,1305,69,1,0,3,5806.581792
2007000795699,1305,17,2,0,3,24295.96066
2007000798407,1301,20,2,0,2,106963.3488
2007000803636,1302,12,4,0,2,101080.3646
2007000804733,1302,11,2,0,5,30713.76158
2007000808695,1305,25,1,0,6,382.01196
2007000809762,1305,0,1,1,0,-19998
2007000813704,1303,15,1,0,8,30560.9568
2007000814935,1303,16,2,0,2,29651.76834
2007000815214,1305,18,2,0,2,25441.99654
2007000815924,1302,21,4,0,2,39729.24384
2007000822626,1303,11,1,0,2,11613.16358
2007000822670,1305,16,4,0,2,38201.196
2007000825827,1305,38,3,0,4,12224.38272
2007000826193,1302,23,3,0,2,66496.05785
2007000828491,1303,16,1,0,2,29796.93288
2007000829494,1305,13,1,0,7,12224.38272
2007000837980,1305,13,1,0,2,42021.3156
2007000841603,1303,13,2,0,2,48897.53088
2007000845653,1305,15,1,0,2,133704.186
2007000846775,1303,48,1,0,2,63413.98536
2007000850454,1305,14,1,0,2,45841.4352
2007000851232,1305,6,2,0,2,77395.6231
2007000852637,1305,13,3,0,2,96725.42827
2007000856186,1303,12,1,0,9,5730.1794
2007000856247,1303,17,3,0,2,23761.14391
2007000857047,1303,17,2,0,8,25212.78936
2007000859830,1302,64,1,0,2,19100.598
2007000860103,1301,15,3,0,2,95885.00196
2007000864871,1302,16,1,0,7,21392.66976
2007000866429,1301,12,2,0,2,123007.8511
2007000869877,1302,20,2,0,2,6952.617672
2007000870243,1305,12,2,0,2,32241.80942
2007000877214,1305,18,1,0,9,22844.31521
2007000877256,1301,47,3,0,2,29338.51853
2007000877466,1301,0,1,2,0,-19998
2007000882117,1302,7,4,0,2,54245.69832
2007000882715,1305,17,3,0,2,46605.45912
2007000882721,1303,52,1,0,2,49669.19504
2007000884433,1303,24,4,0,2,237611.4391
2007000892029,1305,17,3,0,2,49661.5548
2007000892999,1302,6,2,0,2,101424.1754
2007000893966,1303,60,4,0,4,24066.75348
2007000897275,1305,33,1,0,9,16808.52624
2007000897683,1302,22,1,0,2,21087.06019
2007000903267,1302,16,4,0,2,96114.20914
2007000904433,1301,16,3,0,2,104671.277
2007000905610,1305,16,1,0,9,42021.3156
2007000906705,1302,15,2,0,2,31019.37115
2007000906871,1305,7,5,0,2,62649.96144
2007000907631,1305,17,2,0,2,70443.00542
2007000911539,1305,15,3,0,5,29032.90896
2007000914803,1305,19,2,0,2,45841.4352
2007000917631,1301,23,2,0,2,37971.98882
2007000922190,1305,61,1,0,6,19864.62192
2007000927135,1305,22,3,0,2,49585.15241
2007000928694,1303,8,2,0,2,39729.24384
2007000929868,1301,11,1,0,5,36673.14816
2007000932794,1303,37,2,0,4,21545.47454
2007000932867,1303,18,4,0,2,72276.66283
2007000933870,1303,30,0,0,2,-19998
2007000935698,1305,15,4,0,2,38965.21992
2007000939628,1301,56,2,0,2,61121.9136
2007000940242,1301,51,0,0,4,-19998
2007000940606,1301,18,2,0,2,43549.36344
2007000943476,1303,19,2,0,2,103158.5097
2007000943933,1302,17,2,0,2,39729.24384
2007000945206,1305,14,3,0,2,48897.53088
2007000951526,1302,16,3,0,2,39347.23188
2007000960483,1305,62,1,0,4,19100.598
2007000968902,1302,21,3,0,2,52717.65048
2007000969127,1302,28,0,0,2,-19998
2007000970788,1303,42,1,0,5,4889.753088
2007000970971,1305,16,1,0,7,23684.74152
2007000971887,1302,12,2,0,2,30675.56039
2007000974698,1302,40,0,0,5,-19998
2007000975079,1301,16,3,0,8,1833.657408
2007000976408,1303,20,2,0,5,11918.77315
2007000978578,1301,21,1,0,2,57301.794
2007000983206,1303,19,2,0,2,65709.11322
2007000990511,1305,22,1,0,2,19100.598
2007000991236,1301,3,1,0,2,27122.84916
2007000991547,1302,27,2,0,1,33617.05248
2007000996000,1301,18,2,0,2,29032.90896
2007000996740,1301,53,2,0,2,13217.61382
2007000998121,1303,20,2,0,6,31324.98072
2007000998865,1303,17,1,0,2,25976.81328
2007001001582,1305,10,1,0,8,10085.11574
2007001004012,1305,41,1,0,9,21392.66976
2007001005966,1301,23,2,0,2,27504.86112
2007001013427,1303,15,1,0,5,194772.6179
2007001013957,1305,0,1,1,0,-19998
2007001018493,1303,24,3,0,2,70725.69427
2007001020657,1305,17,1,0,7,25976.81328
2007001022408,1302,8,4,0,2,50608.94446
2007001023099,1302,14,1,0,2,20628.64584
2007001024978,1305,14,3,0,2,54856.91746
2007001025911,1305,20,3,0,2,45841.4352
2007001025992,1301,11,1,0,2,27428.45873
2007001026652,1301,63,1,0,4,6570.605712
2007001028467,1301,5,6,0,2,104671.277
2007001029083,1301,18,2,0,2,45001.00889
2007001030380,1303,32,0,0,2,-19998
2007001031333,1302,16,3,0,2,18336.57408
2007001034271,1303,12,3,0,2,48866.96992
2007001035279,1301,16,2,0,8,123626.7105
2007001035460,1302,0,1,1,0,-19998
2007001035693,1301,79,3,0,4,19864.62192
2007001038925,1302,21,4,0,2,73422.69871
2007001038931,1302,13,4,0,2,56537.77008
2007001039256,1305,20,1,0,2,35641.71587
2007001039318,1305,34,3,0,7,27504.86112
2007001039916,1301,62,1,0,2,6570.605712
2007001041430,1305,17,1,0,2,61121.9136
2007001045511,1305,13,4,0,2,64942.0332
2007001047632,1301,23,2,0,2,62649.96144
2007001049991,1305,18,2,0,2,79611.29246
2007001051703,1302,5,1,0,2,43854.97301
2007001055880,1303,22,3,0,2,32471.0166
2007001061121,1301,14,1,0,4,10008.71335
2007001064382,1303,27,2,0,2,52717.65048
2007001067026,1303,17,3,0,2,26435.22763
2007001068747,1301,11,3,0,2,19177.00039
2007001070249,1301,50,4,0,7,4125.729168
2007001071217,1301,16,2,0,2,8480.665512
2007001072752,1305,15,2,0,2,93058.11346
2007001074979,1303,20,2,0,2,13370.4186
2007001075947,1305,42,0,0,2,-19998
2007001077210,1302,0,1,1,0,-19998
2007001080651,1305,19,2,0,2,37207.9649
2007001082186,1303,19,4,0,2,85952.691
2007001084438,1302,11,3,0,2,29949.73766
2007001084594,1305,19,3,0,2,83278.60728
2007001085386,1303,62,4,0,2,56537.77008
2007001086304,1302,18,1,0,2,47369.48304
2007001087240,1302,9,4,0,2,96649.02588
2007001088282,1302,0,1,1,0,-19998
2007001089115,1305,29,3,0,2,25976.81328
2007001089906,1305,14,1,0,9,10696.33488
2007001089942,1301,17,3,0,2,78006.84223
2007001091118,1301,17,3,0,2,70290.20064
2007001092098,1301,22,2,0,7,0
2007001096464,1301,11,2,0,2,52717.65048
2007001096954,1305,25,5,0,2,75516.12425
2007001097222,1303,14,1,0,2,9168.28704
2007001097314,1303,15,2,0,2,64942.0332
2007001102571,1302,54,2,0,3,21392.66976
2007001102643,1301,0,1,2,0,-19998
2007001103058,1305,0,1,1,0,-19998
2007001111793,1301,24,6,0,2,20934.25541
2007001114008,1302,14,3,0,7,29109.31135
2007001114331,1302,14,1,0,2,14058.04013
2007001117927,1305,16,2,0,2,32486.29708
2007001120252,1302,27,6,0,2,21010.6578
2007001121077,1302,24,2,0,2,67234.10496
2007001121775,1303,20,1,0,9,26817.23959
2007001125158,1303,17,3,0,5,32929.43095
2007001133730,1303,9,2,0,2,61885.93752
2007001135230,1302,3,5,0,2,67004.89778
2007001136431,1303,32,1,0,2,42785.33952
2007001136991,1303,16,2,0,2,141290.9435
2007001143102,1301,14,1,0,2,41944.91321
2007001147062,1302,15,3,0,2,45383.02085
2007001147530,1301,13,2,0,2,80986.53552
2007001148631,1305,16,1,0,8,26740.8372
2007001150835,1302,62,3,0,2,23684.74152
2007001152619,1301,14,1,0,9,5195.362656
2007001154591,1301,34,3,0,2,84806.65512
2007001155796,1305,16,3,0,2,63436.90608
2007001158060,1301,13,1,0,5,5806.581792
2007001159898,1302,18,2,0,2,46223.44716
2007001160330,1301,6,2,0,2,37926.14739
2007001165821,1305,22,2,0,6,58677.03706
2007001167641,1305,17,2,0,2,69526.17672
2007001173323,1305,14,2,0,2,5348.16744
2007001177563,1302,16,2,0,2,32700.22378
2007001178405,1301,18,2,0,1,35297.9051
2007001178748,1303,14,1,0,2,17572.55016
2007001179070,1303,15,2,0,2,61121.9136
2007001179227,1303,20,1,0,5,22920.7176
2007001184726,1301,58,1,0,4,3667.314816
2007001184834,1302,65,5,0,4,6876.21528
2007001186521,1301,16,1,0,4,916.828704
2007001186805,1302,0,1,2,0,-19998
2007001186983,1302,14,1,0,2,29804.57312
2007001187386,1302,11,3,0,2,59693.18887
2007001189474,1305,15,2,0,4,43702.16822
2007001189583,1301,13,1,0,2,12186.18152
2007001193321,1303,31,4,0,2,104671.277
2007001194056,1303,21,1,0,6,25976.81328
2007001194441,1305,35,2,0,9,41257.29168
2007001197747,1301,11,1,0,2,15922.25849
2007001201511,1302,21,4,0,2,50807.59068
2007001201995,1301,15,3,0,2,106199.3249
2007001202127,1302,13,1,0,2,8404.26312
2007001204664,1305,21,2,0,2,242195.5826
2007001207636,1302,0,1,1,0,-19998
2007001207974,1303,21,2,0,2,13294.01621
2007001207998,1301,19,1,0,2,39729.24384
2007001212282,1302,16,6,0,2,63413.98536
2007001212712,1305,18,3,0,2,116895.6598
2007001213823,1303,13,1,0,2,30560.9568
2007001216061,1303,27,2,0,6,23684.74152
2007001217968,1301,17,1,0,7,20628.64584
2007001228077,1303,21,4,0,2,61121.9136
2007001229566,1303,17,4,0,2,103143.2292
2007001230331,1303,42,3,0,6,8480.665512
2007001232351,1301,43,0,0,2,-19998
2007001233112,1301,42,4,0,7,23684.74152
2007001239395,1305,23,2,0,2,50654.7859
2007001240028,1301,18,1,0,2,11918.77315
2007001240894,1301,16,3,0,4,1298.840664
2007001241571,1301,13,1,0,7,16884.92863
2007001243252,1305,0,1,1,0,-19998
2007001245288,1302,24,1,0,2,22309.49846
2007001246497,1305,67,1,0,6,22920.7176
2007001248252,1305,22,2,0,5,49661.5548
2007001249214,1301,50,3,0,2,20514.04225
2007001252892,1305,23,2,0,6,18336.57408
2007001254122,1305,21,1,0,6,38201.196
2007001254595,1305,58,2,0,4,34381.0764
2007001255388,1305,14,1,0,3,57301.794
2007001256485,1301,17,2,0,2,72582.2724
2007001258804,1301,19,2,0,2,20934.25541
2007001260435,1302,21,1,0,5,18794.98843
2007001263189,1301,19,2,0,3,15280.4784
2007001266754,1305,14,3,0,2,38201.196
2007001271940,1302,34,4,0,2,9473.896608
2007001273072,1302,20,1,0,3,10008.71335
2007001279718,1305,13,2,0,8,11001.94445
2007001283997,1301,11,1,0,2,68762.1528
2007001285803,1305,31,0,0,2,-19998
2007001290383,1301,22,1,0,2,45841.4352
2007001290891,1303,13,1,0,2,26893.64198
2007001291087,1305,0,1,1,0,-19998
2007001291237,1301,48,0,0,2,-19998
2007001293276,1301,13,2,0,2,29032.90896
2007001294645,1302,20,1,0,2,21621.87694
2007001295792,1303,24,4,0,2,35145.10032
2007001296897,1305,9,5,0,8,34992.29554
2007001299618,1301,56,1,0,2,19100.598
2007001305252,1305,10,2,0,2,80222.5116
2007001306139,1303,9,5,0,2,75714.77047
2007001306178,1303,18,2,0,3,51189.60264
2007001310315,1303,45,1,0,2,30560.9568
2007001314063,1301,10,1,0,2,76402.392
2007001315748,1305,17,1,0,7,8404.26312
2007001318979,1301,16,1,0,2,237642.0001
2007001319353,1305,13,1,0,2,17496.14777
2007001328391,1303,44,2,0,2,23302.72956
2007001330130,1301,14,2,0,4,45841.4352
2007001330695,1303,14,2,0,6,39286.10997
2007001330789,1301,11,2,0,2,91682.8704
2007001331302,1302,0,1,1,0,-19998
2007001333008,1302,11,1,0,2,18565.78126
2007001333437,1302,18,4,0,2,49661.5548
2007001335639,1305,12,1,0,9,37437.17208
2007001336004,1302,39,4,0,3,84042.6312
2007001336220,1305,10,3,0,2,128432.421
2007001337176,1301,17,1,0,2,28116.08026
2007001338605,1302,21,3,0,9,39882.04862
2007001343706,1301,19,6,0,2,23837.5463
2007001346179,1301,13,1,0,6,0
2007001346287,1305,21,2,0,5,24448.76544
2007001350001,1301,14,4,0,2,109026.2134
2007001352169,1305,0,1,2,0,-19998
2007001353179,1302,0,1,2,0,-19998
2007001354253,1303,18,0,0,2,-19998
2007001357545,1303,0,1,2,0,-19998
2007001359664,1305,0,1,2,0,-19998
2007001361016,1305,11,2,0,7,23531.93674
2007001364128,1302,12,0,0,2,-19998
2007001366416,1305,18,2,0,2,26129.61806
2007001368333,1302,18,1,0,3,12453.5899
2007001372563,1305,16,1,0,7,19100.598
2007001372998,1302,31,1,0,2,15280.4784
2008000005380,1303,13,7,0,3,41012.80403
2008000016725,1301,13,3,0,2,42021.3156
2008000016850,1305,16,2,0,2,42861.74191
2008000020056,1305,46,1,0,2,53558.07679
2008000028201,1305,0,1,2,0,-19998
2008000029697,1302,50,1,0,2,42785.33952
2008000033153,1301,13,1,0,2,35145.10032
2008000033230,1301,12,1,0,2,39729.24384
2008000034793,1301,35,2,0,2,65706.05712
2008000035051,1302,14,1,0,8,32318.21182
2008000035069,1303,10,4,0,2,65706.05712
2008000039494,1302,17,3,0,5,77930.43984
2008000041131,1305,14,2,0,8,38201.196
2008000041419,1302,23,3,0,5,67234.10496
2008000046461,1305,18,2,0,2,103181.4304
2008000047462,1301,17,1,0,2,64942.0332
2008000048198,1305,13,1,0,6,22920.7176
2008000048367,1303,7,2,0,2,140809.6085
2008000050441,1302,14,2,0,2,58829.84184
2008000055460,1303,46,3,0,2,43549.36344
2008000056117,1302,40,1,0,6,48897.53088
2008000058090,1305,17,1,0,2,38201.196
2008000058127,1302,19,4,0,2,17572.55016
2008000058836,1302,27,5,0,2,38201.196
2008000059521,1305,20,3,0,2,7640.2392
2008000063099,1302,19,5,0,2,110019.4445
2008000064041,1302,0,1,1,0,-19998
2008000070158,1302,14,1,0,9,13599.62578
2008000071689,1302,0,1,1,0,-19998
2008000074880,1301,12,3,0,6,94738.96608
2008000077583,1305,14,1,0,2,25594.80132
2008000077779,1305,14,1,0,2,21316.26737
2008000079937,1305,16,1,0,5,7640.2392
2008000080997,1302,17,2,0,2,86334.70296
2008000084642,1303,43,1,0,9,30560.9568
2008000085709,1303,17,3,0,2,11460.3588
2008000085749,1305,10,4,0,2,62191.54709
2008000085804,1302,60,2,0,7,34992.29554
2008000089760,1301,6,2,0,2,35603.51467
2008000090506,1301,28,2,0,2,141038.8156
2008000091432,1305,16,2,0,2,97795.06176
2008000096108,1303,17,4,0,2,89390.79864
2008000098697,1303,22,2,0,2,47369.48304
2008000103651,1305,22,3,0,2,48897.53088
2008000104059,1303,47,4,0,2,11460.3588
2008000104719,1301,19,2,0,3,44618.99693
2008000115349,1305,59,0,0,2,-19998
2008000116276,1302,16,1,0,2,19864.62192
2008000116636,1303,20,1,0,2,65706.05712
2008000118509,1301,35,0,0,2,-19998
2008000122258,1302,20,2,0,2,44313.38736
2008000123571,1301,15,1,0,2,20857.85302
2008000126172,1305,16,1,0,2,6112.19136
2008000128762,1302,18,2,0,1,15815.29514
2008000131027,1301,19,3,0,2,78694.46376
2008000134166,1301,19,3,0,2,41562.90125
2008000134601,1303,25,2,0,4,49355.94523
2008000136394,1305,19,3,0,7,96114.20914
2008000140577,1302,15,2,0,9,38965.21992
2008000140652,1305,20,2,0,4,36673.14816
2008000150456,1305,25,2,0,2,42785.33952
2008000156495,1302,23,1,0,4,9878.829286
2008000159257,1305,14,1,0,2,11689.56598
2008000160701,1302,0,1,1,0,-19998
2008000164258,1303,38,1,0,8,8404.26312
2008000164408,1302,12,1,0,9,11918.77315
2008000164980,1305,20,1,0,9,25526.03917
2008000165418,1303,16,4,0,2,70366.60303
2008000168720,1305,12,5,0,2,76402.392
2008000171383,1303,17,2,0,3,42785.33952
2008000171505,1305,13,1,0,8,15280.4784
2008000175967,1305,11,5,0,2,53481.6744
2008000177693,1305,17,2,0,2,87480.73884
2008000178177,1303,15,1,0,4,12453.5899
2008000178848,1301,20,1,0,2,42021.3156
2008000181463,1301,22,2,0,2,30178.94484
2008000181469,1303,18,4,0,2,77395.6231
2008000185138,1301,14,3,0,2,42021.3156
2008000186220,1303,15,2,0,2,22309.49846
2008000189042,1305,20,3,0,4,56614.17247
2008000194587,1302,19,1,0,3,17137.05653
2008000195166,1301,11,2,0,2,58065.81792
2008000195506,1302,0,1,2,0,-19998
2008000199848,1305,15,4,0,2,72582.2724
2008000203137,1302,17,1,0,2,19864.62192
2008000203893,1302,11,2,0,2,39347.23188
2008000208270,1303,19,2,0,2,110783.4684
2008000210910,1302,15,2,0,2,64712.82602
2008000212048,1301,22,5,0,2,45841.4352
2008000212290,1302,21,1,0,6,15891.69754
2008000212941,1302,13,2,0,2,9550.299
2008000213096,1301,18,2,0,2,123771.875
2008000217574,1303,10,4,0,2,79458.48768
2008000222468,1305,16,2,0,2,34686.68597
2008000223353,1302,0,1,1,0,-19998
2008000226632,1303,42,0,0,2,-19998
2008000226833,1302,19,3,0,2,133172.4254
2008000226870,1302,20,1,0,9,19941.02431
2008000227968,1303,12,0,0,3,-19998
2008000227983,1301,72,2,0,6,23913.9487
2008000232630,1301,15,2,0,2,32089.00464
2008000235928,1305,13,1,0,8,1910.0598
2008000236066,1302,22,4,0,2,59823.07294
2008000236929,1301,20,2,0,1,13676.02817
2008000240461,1305,14,1,0,4,72582.2724
2008000240464,1301,28,1,0,2,37162.12347
2008000241546,1303,16,1,0,2,8457.744794
2008000245517,1302,22,3,0,2,97795.06176
2008000248990,1303,15,1,0,7,9855.908568
2008000249263,1303,17,2,0,2,36673.14816
2008000251981,1302,10,4,0,2,37055.16012
2008000255049,1303,19,4,0,2,32914.15047
2008000256344,1305,15,2,0,2,265880.3242
2008000257052,1301,13,3,0,6,7029.020064
2008000258880,1303,22,2,0,9,33617.05248
2008000264706,1305,10,1,0,9,-3819.355576
2008000266826,1305,14,1,0,3,22156.69368
2008000270749,1302,16,1,0,9,9932.31096
2008000271339,1305,12,2,0,2,47140.27586
2008000272178,1301,34,0,0,2,-19998
2008000273663,1305,18,3,0,2,65629.65473
2008000275075,1302,19,2,0,3,30790.16398
2008000275788,1305,54,4,0,2,76402.392
2008000276118,1303,16,1,0,2,7.6402392
2008000277767,1303,5,2,0,2,39882.04862
2008000280206,1305,51,3,0,2,99323.1096
2008000283321,1301,9,3,0,7,110019.4445
2008000285366,1301,42,1,0,2,11460.3588
2008000285766,1301,34,2,0,2,5959.386576
2008000286704,1303,49,3,0,2,41257.29168
2008000294970,1301,22,4,0,2,80378.37248
2008000296582,1305,20,2,0,4,53481.6744
2008000298304,1303,14,1,0,1,11460.3588
2008000300591,1302,63,1,0,8,9168.28704
2008000302832,1303,16,1,0,2,20093.8291
2008000306311,1302,21,4,0,2,21774.68172
2008000307917,1302,22,2,0,2,38736.01274
2008000308258,1303,13,1,0,2,26893.64198
2008000308461,1305,47,1,0,2,32089.00464
2008000309001,1303,16,2,0,2,116131.6358
2008000309510,1303,44,4,0,3,13752.43056
2008000310504,1305,21,2,0,2,61121.9136
2008000310956,1301,34,1,0,2,10467.1277
2008000314371,1302,27,3,0,2,48133.50696
2008000314960,1303,14,3,0,2,38659.61035
2008000315576,1302,20,6,0,2,81750.55944
2008000316220,1303,13,2,0,9,44466.19214
2008000316241,1305,19,3,0,2,52610.68713
2008000317786,1301,21,1,0,2,16808.52624
2008000322196,1305,47,0,0,2,-19998
2008000324036,1301,9,1,0,5,7181.824848
2008000324072,1301,69,1,0,2,20246.63388
2008000324445,1305,22,1,0,2,19864.62192
2008000326793,1305,13,2,0,2,70290.20064
2008000330838,1302,15,2,0,2,38415.1227
2008000331501,1302,11,5,0,2,36673.14816
2008000333154,1302,14,1,0,2,26588.03242
2008000336673,1302,63,1,0,2,28116.08026
2008000337481,1301,54,1,0,7,61121.9136
2008000339580,1305,17,1,0,2,55850.14855
2008000341196,1302,62,1,0,2,51953.62656
2008000344719,1301,13,1,0,2,29032.90896
2008000348762,1301,19,5,0,2,59670.26815
2008000350523,1303,11,1,0,7,44466.19214
2008000354831,1303,19,1,0,9,8327.860728
2008000354837,1302,56,1,0,6,34533.88118
2008000356351,1301,49,0,0,6,-19998
2008000356951,1302,16,1,0,2,45841.4352
2008000358256,1302,14,2,0,2,29873.33527
2008000359589,1305,19,1,0,9,22538.70564
2008000360204,1301,19,2,0,2,109255.4206
2008000362117,1302,13,1,0,5,30560.9568
2008000363185,1305,0,1,2,0,-19998
2008000367955,1302,8,3,0,2,68456.54323
2008000368183,1302,15,4,0,2,44313.38736
2008000370187,1305,45,2,0,2,38201.196
2008000371164,1302,14,3,0,2,64178.00928
2008000372431,1301,21,2,0,2,8022.25116
2008000376432,1305,6,4,0,2,40416.86537
2008000377595,1301,24,4,0,2,92401.05288
2008000380311,1301,16,1,0,2,0
2008000387216,1305,22,2,0,2,116895.6598
2008000388679,1302,16,2,0,2,69678.9815
2008000388861,1302,24,2,0,5,34915.89314
2008000392448,1305,17,2,0,2,84042.6312
2008000397751,1305,13,2,0,2,45077.41128
2008000400634,1301,12,2,0,10,12682.79707
2008000401811,1302,16,1,0,2,10772.73727
2008000402328,1305,19,1,0,2,22156.69368
2008000402709,1301,47,1,0,4,26740.8372
2008000408700,1305,16,2,0,2,37131.56251
2008000411870,1303,14,2,0,2,61121.9136
2008000412456,1301,16,2,0,2,94280.55173
2008000413181,1303,17,2,0,2,24601.57022
2008000413214,1305,69,1,0,7,15280.4784
2008000414493,1305,0,1,1,0,-19998
2008000417211,1301,22,4,0,6,13370.4186
2008000418438,1305,19,2,0,2,71207.02934
2008000418713,1302,20,1,0,2,12606.39468
2008000420467,1301,15,1,0,2,26740.8372
2008000421394,1305,44,1,0,9,3820.1196
2008000423992,1303,13,2,0,8,16044.50232
2008000424493,1302,14,1,0,2,50425.57872
2008000435212,1303,16,2,0,2,46376.25194
2008000438036,1305,12,1,0,9,15280.4784
2008000441934,1303,15,2,0,2,14822.06405
2008000443040,1305,19,2,0,9,36673.14816
2008000443243,1301,12,3,0,2,45841.4352
2008000443657,1301,22,3,0,2,51724.41938
2008000446624,1301,35,2,0,2,46070.64238
2008000448698,1301,14,2,0,2,50425.57872
2008000454199,1301,12,3,0,2,15815.29514
2008000455074,1305,22,3,0,3,39500.03666
2008000457007,1305,16,2,0,2,76402.392
2008000457141,1305,17,1,0,2,3667.314816
2008000457817,1305,16,3,0,2,51953.62656
2008000459065,1303,12,0,0,6,-19998
2008000459501,1302,3,3,0,2,85570.67904
2008000459819,1303,53,1,0,2,0
2008000462087,1305,21,1,0,7,7640.2392
2008000464081,1303,21,0,0,2,-19998
2008000471971,1303,18,2,0,7,36550.90433
2008000474324,1301,22,1,0,8,10467.1277
2008000476380,1303,34,6,0,2,39729.24384
2008000476869,1303,13,2,0,2,7365.190589
2008000484171,1303,26,1,0,8,6647.008104
2008000484991,1303,14,3,0,3,46605.45912
2008000485425,1303,10,2,0,2,48591.92131
2008000485801,1305,17,1,0,2,114603.588
2008000488143,1302,47,1,0,4,25136.38697
2008000488461,1303,16,1,0,2,41257.29168
2008000493570,1305,14,4,0,2,85112.26469
2008000494756,1301,25,2,0,2,103907.2531
2008000497017,1305,46,0,0,2,-19998
2008000499916,1305,20,4,0,2,30255.34723
2008000511339,1303,11,1,0,4,29949.73766
2008000512656,1305,15,1,0,2,79076.47572
2008000512853,1302,57,1,0,7,7411.032024
2008000513707,1302,8,2,0,2,106963.3488
2008000515853,1302,14,2,0,6,55773.74616
2008000521021,1303,18,1,0,2,39423.63427
2008000521805,1302,10,1,0,2,38201.196
2008000524630,1305,16,4,0,2,33617.05248
2008000525057,1305,17,1,0,9,15280.4784
2008000525063,1301,0,1,1,0,-19998
2008000525698,1301,23,2,0,10,34151.86922
2008000526913,1305,11,1,0,2,78694.46376
2008000527655,1301,33,3,0,2,79458.48768
2008000528252,1302,27,2,0,2,56996.18443
2008000528455,1305,24,2,0,2,89390.79864
2008000528917,1303,13,2,0,2,52992.69909
2008000531606,1302,13,1,0,6,34381.0764
2008000534058,1305,17,3,0,2,91759.27279
2008000534437,1301,16,4,0,2,62436.03474
2008000534978,1305,0,1,1,0,-19998
2008000536326,1303,15,2,0,2,25594.80132
2008000537658,1302,9,2,0,2,5806.581792
2008000538640,1301,15,3,0,2,64712.82602
2008000547397,1301,16,1,0,2,44771.80171
2008000548114,1305,17,3,0,2,161667.4615
2008000549441,1305,24,3,0,2,73728.30828
2008000549670,1305,10,2,0,6,59135.45141
2008000550017,1301,51,2,0,7,0
2008000550521,1303,21,1,0,7,12835.60186
2008000551148,1305,12,2,0,2,72200.26044
2008000552070,1303,18,2,0,2,120333.7674
2008000552878,1301,45,5,0,2,109629.7923
2008000553232,1305,13,2,0,2,59593.86576
2008000555355,1303,11,2,0,2,52664.16881
2008000555482,1301,14,3,0,2,140611.7263
2008000557993,1302,18,2,0,8,17572.55016
2008000558663,1301,24,4,0,2,8939.079864
2008000559037,1302,19,2,0,5,44618.99693
2008000559678,1301,15,2,0,2,18336.57408
2008000561205,1303,11,3,0,2,12533.04838
2008000561322,1302,14,2,0,2,47140.27586
2008000561673,1303,36,6,0,2,31936.19986
2008000565236,1305,12,1,0,5,10696.33488
2008000566118,1302,15,1,0,1,13981.63774
2008000567522,1301,16,4,0,2,80069.70682
2008000569859,1302,10,5,0,2,87786.34841
2008000573776,1305,15,2,0,2,116131.6358
2008000574820,1303,30,2,0,2,112311.5162
2008000575881,1302,0,1,1,0,-19998
2008000580168,1302,14,3,0,1,50578.3835
2008000580625,1301,16,2,0,2,24448.76544
2008000581934,1302,17,2,0,8,32853.02856
2008000588518,1303,14,1,0,2,68762.1528
2008000588817,1302,27,2,0,2,25212.78936
2008000589006,1305,15,1,0,2,18336.57408
2008000594070,1303,15,2,0,2,55162.52702
2008000594519,1305,15,1,0,2,15280.4784
2008000597255,1301,48,0,0,2,-19998
2008000598007,1303,46,1,0,2,26740.8372
2008000603255,1301,22,2,0,2,43549.36344
2008000605296,1301,11,4,0,2,28276.52528
2008000606987,1305,14,3,0,2,63795.99732
2008000607152,1303,17,2,0,4,118805.7196
2008000607397,1302,18,4,0,5,11689.56598
2008000611412,1301,8,2,0,2,99323.1096
2008000611556,1302,14,1,0,2,6723.410496
2008000612326,1301,15,2,0,2,75638.36808
2008000614026,1302,47,6,0,2,126063.9468
2008000614107,1303,0,1,2,0,-19998
2008000621965,1302,16,4,0,2,100132.975
2008000622285,1303,15,2,0,2,86029.09339
2008000630158,1302,21,3,0,2,0
2008000631044,1305,45,2,0,8,2597.681328
2008000632872,1302,13,1,0,2,9932.31096
2008000632982,1303,19,1,0,6,10696.33488
2008000633467,1303,13,1,0,2,10467.1277
2008000639630,1302,15,2,0,7,16884.92863
2008000639964,1303,19,1,0,7,916.828704
2008000640696,1301,19,1,0,2,44055.9113
2008000640850,1303,32,1,0,8,49661.5548
2008000641213,1305,15,4,0,2,587840.004
2008000641610,1303,27,3,0,2,17801.75734
2008000646602,1305,13,1,0,7,26740.8372
2008000648431,1303,16,3,0,5,20857.85302
2008000652248,1303,23,1,0,4,36673.14816
2008000653790,1303,19,1,0,2,28268.88504
2008000657770,1302,15,3,0,2,34381.0764
2008000659321,1302,17,5,0,2,49279.54284
2008000659330,1303,17,2,0,2,11460.3588
2008000662914,1302,0,1,1,0,-19998
2008000663010,1302,22,1,0,2,14745.66166
2008000668001,1302,16,2,0,2,71054.22456
2008000674634,1305,22,3,0,2,55773.74616
2008000676892,1305,13,1,0,2,60357.88968
2008000678492,1301,0,1,2,0,-19998
2008000679809,1303,28,1,0,6,38201.196
2008000680380,1302,12,1,0,2,8251.458336
2008000680424,1301,20,1,0,5,29032.90896
2008000681551,1301,7,2,0,7,25289.19175
2008000683798,1301,23,4,0,2,53481.6744
2008000688264,1302,0,1,2,0,-19998
2008000689028,1301,27,4,0,2,35145.10032
2008000692292,1303,12,2,0,2,83278.60728
2008000698673,1301,28,5,0,2,17343.34298
2008000698981,1301,15,2,0,2,50425.57872
2008000699945,1302,48,1,0,6,38201.196
2008000706061,1303,17,1,0,9,10467.1277
2008000708081,1305,10,2,0,2,54933.31985
2008000709372,1303,0,1,2,0,-19998
2008000709572,1303,45,3,0,5,19100.598
2008000715557,1305,16,1,0,1,18336.57408
2008000718785,1302,15,1,0,5,33005.83334
2008000723061,1305,16,3,0,2,91415.46203
2008000729355,1301,11,2,0,2,33235.04052
2008000730245,1302,37,2,0,2,55086.12463
2008000732614,1301,77,7,0,2,66622.88582
2008000735542,1302,10,2,0,4,26358.82524
2008000736367,1302,13,2,0,3,8709.872688
2008000739440,1303,14,6,0,2,11613.16358
2008000740758,1301,20,1,0,5,16739.76409
2008000744140,1302,22,4,0,2,57301.794
2008000744527,1301,21,2,0,2,141344.4252
2008000745325,1305,52,3,0,7,40798.87733
2008000750558,1302,29,2,0,2,21698.27933
2008000754088,1301,20,2,0,2,48897.53088
2008000758042,1302,14,1,0,9,38965.21992
2008000761496,1302,0,1,2,0,-19998
2008000764199,1305,19,2,0,2,91682.8704
2008000765564,1303,18,1,0,2,9473.896608
2008000768888,1302,14,2,0,2,182869.1253
2008000769646,1305,37,1,0,8,32089.00464
2008000770299,1303,18,3,0,4,17801.75734
2008000774545,1305,15,1,0,9,8022.25116
2008000776085,1305,13,5,0,2,152896.4669
2008000778020,1303,26,2,0,2,57301.794
2008000779729,1305,21,1,0,8,12071.57794
2008000779817,1302,20,1,0,2,30102.54245
2008000780706,1305,23,4,0,2,92446.89432
2008000781730,1303,20,1,0,9,47369.48304
2008000781767,1303,17,2,0,2,3056.09568
2008000786540,1302,19,2,0,2,60357.88968
2008000787292,1302,6,8,0,2,76402.392
2008000789341,1305,21,2,0,9,40951.68211
2008000792698,1305,16,1,0,9,16502.91667
2008000793298,1302,17,2,0,3,6876.21528
2008000794190,1305,0,1,1,0,-19998
2008000794429,1305,22,3,0,2,108491.3966
2008000800248,1305,12,2,0,2,47598.69022
2008000802289,1305,10,2,0,8,11452.71856
2008000802504,1301,25,1,0,2,22920.7176
2008000804216,1303,15,2,0,2,30178.94484
2008000806325,1301,13,1,0,7,6035.788968
2008000806412,1305,21,3,0,2,63569.84624
2008000807009,1302,16,1,0,8,38201.196
2008000807434,1305,15,2,0,2,55009.72224
2008000808570,1303,13,1,0,2,38965.21992
2008000811287,1302,18,4,0,2,41257.29168
2008000811365,1301,13,1,0,2,56766.97726
2008000812792,1305,12,3,0,2,91682.8704
2008000813380,1305,14,4,0,2,90154.82256
2008000814230,1305,41,1,0,2,55773.74616
2008000815182,1302,10,4,0,2,63719.59493
2008000816191,1305,16,4,0,2,87862.7508
2008000816688,1301,26,3,0,2,78694.46376
2008000817554,1305,10,2,0,9,117659.6837
2008000820459,1305,27,2,0,6,54169.29593
2008000820468,1301,21,1,0,7,9168.28704
2008000821396,1305,12,1,0,9,30408.15202
2008000821470,1301,61,2,0,2,48209.90935
2008000823126,1302,11,2,0,2,54245.69832
2008000828851,1301,19,6,0,2,128356.0186
2008000830996,1302,23,4,0,5,13752.43056
2008000833692,1305,19,2,0,2,25747.6061
2008000835119,1302,17,1,0,8,15280.4784
2008000836794,1301,48,3,0,2,45077.41128
2008000841740,1302,17,1,0,2,35145.10032
2008000847343,1302,21,1,0,4,8327.860728
2008000849121,1302,16,3,0,2,62344.35187
2008000854711,1305,19,2,0,4,40516.18848
2008000858624,1305,0,1,1,0,-19998
2008000859199,1302,18,2,0,2,103143.2292
2008000859726,1303,11,4,0,2,38736.01274
2008000862769,1302,45,4,0,2,84806.65512
2008000864415,1305,27,4,0,2,141344.4252
2008000865164,1302,19,6,0,2,33999.06444
2008000866400,1301,25,4,0,2,81368.54748
2008000869650,1302,0,1,2,0,-19998
2008000869760,1305,13,1,0,4,10696.33488
2008000870129,1305,16,1,0,2,76402.392
2008000870804,1302,3,3,0,2,26358.82524
2008000873459,1305,17,2,0,9,160827.0352
2008000874766,1303,11,1,0,2,32868.30904
2008000875705,1302,53,1,0,8,21392.66976
2008000878892,1301,19,1,0,2,24372.36305
2008000882391,1302,15,2,0,2,33617.05248
2008000885293,1305,16,1,0,5,21927.4865
2008000885561,1301,20,2,0,6,6723.410496
2008000885897,1305,16,2,0,2,61045.51121
2008000888673,1301,20,1,0,3,27199.25155
2008000891365,1302,17,2,0,8,12224.38272
2008000892245,1303,0,1,2,0,-19998
2008000892361,1301,7,3,0,2,101615.1814
2008000893835,1301,52,2,0,2,28574.49461
2008000893995,1305,19,1,0,9,9168.28704
2008000900550,1301,0,1,1,0,-19998
2008000901028,1302,20,2,0,2,28650.897
2008000901856,1302,0,1,1,0,-19998
2008000903975,1301,18,2,0,2,42403.32756
2008000907926,1305,25,2,0,2,76402.392
2008000910999,1302,14,1,0,2,19711.81714
2008000915605,1301,15,1,0,3,53481.6744
2008000915764,1302,8,1,0,8,24448.76544
2008000916245,1303,44,5,0,2,28727.29939
2008000917708,1301,59,4,0,2,117124.8669
2008000919117,1303,21,1,0,8,13752.43056
2008000919444,1302,20,2,0,2,34915.89314
2008000921430,1303,20,3,0,2,35909.12424
2008000923378,1305,17,1,0,2,73346.29632
2008000923614,1303,19,2,0,2,85280.34995
2008000923851,1305,0,1,1,0,-19998
2008000924136,1305,22,1,0,2,179545.6212
2008000924947,1305,45,2,0,2,87098.72688
2008000925275,1302,18,2,0,2,70366.60303
2008000927381,1302,14,2,0,3,37513.57447
2008000928418,1303,13,1,0,2,53787.28397
2008000929879,1303,20,2,0,2,64560.02124
2008000931860,1305,18,2,0,2,89390.79864
2008000936056,1303,15,4,0,2,6876.21528
2008000942364,1303,19,2,0,6,56919.78204
2008000942897,1305,19,1,0,2,47751.495
2008000949284,1303,18,1,0,2,40493.26776
2008000950895,1305,32,6,0,2,58952.08567
2008000955461,1301,16,4,0,2,77930.43984
2008000956149,1305,15,4,0,2,265498.3122
2008000960361,1303,14,2,0,2,28192.48265
2008000968673,1301,33,3,0,3,3132.498072
2008000971462,1302,19,3,0,2,43549.36344
2008000975481,1303,14,2,0,5,40493.26776
2008000979639,1302,55,2,0,7,8939.079864
2008000982097,1305,24,6,0,2,261144.1399
2008000987027,1305,17,1,0,9,47522.28782
2008000988962,1301,60,2,0,2,76249.58722
2008000989747,1301,51,2,0,6,32853.02856
2008000992725,1302,25,2,0,5,37589.97686
2008000992749,1303,53,0,0,7,-19998
2008000994423,1303,10,2,0,4,37437.17208
2008000997336,1305,42,3,0,2,22156.69368
2008000998397,1303,25,4,0,6,6555.325234
2008001002715,1302,0,1,1,0,-19998
2008001008873,1303,15,1,0,2,57301.794
2008001010170,1305,15,4,0,2,50425.57872
2008001013318,1301,16,3,0,2,3590.912424
2008001014052,1303,16,1,0,2,57301.794
2008001017366,1302,18,1,0,6,34381.0764
2008001018502,1302,18,1,0,9,41180.88929
2008001019807,1301,16,1,0,2,58065.81792
2008001026746,1302,14,1,0,3,34381.0764
2008001029966,1301,12,1,0,4,22920.7176
2008001031466,1303,25,2,0,2,105435.301
2008001033628,1301,15,3,0,2,126827.9707
2008001036072,1301,13,2,0,2,38965.21992
2008001036647,1303,27,3,0,2,31554.1879
2008001038476,1305,14,1,0,7,23684.74152
2008001041545,1301,17,3,0,2,30790.16398
2008001042167,1303,25,1,0,4,7643.295296
2008001043266,1301,12,1,0,6,8251.458336
2008001046744,1305,16,1,0,9,9168.28704
2008001054403,1302,15,1,0,9,43702.16822
2008001055073,1305,18,2,0,2,93669.33259
2008001055148,1302,35,3,0,2,41180.88929
2008001061179,1302,40,0,0,2,-19998
2008001061410,1305,0,1,1,0,-19998
2008001066481,1301,17,2,0,2,43549.36344
2008001075508,1303,11,3,0,7,15280.4784
2008001076694,1302,13,2,0,2,26358.82524
2008001078299,1305,17,2,0,2,18412.97647
2008001081018,1302,0,1,1,0,-19998
2008001086027,1303,16,2,0,7,22233.09607
2008001092422,1305,14,2,0,2,25724.68539
2008001094296,1302,16,1,0,5,22920.7176
2008001099603,1301,0,1,2,0,-19998
2008001099926,1302,16,1,0,6,9932.31096
2008001101765,1305,12,2,0,2,160445.0232
2008001101897,1302,36,1,0,8,36673.14816
2008001103617,1301,22,1,0,2,0
2008001104791,1303,19,4,0,2,55620.94138
2008001106064,1301,13,2,0,2,101309.5718
2008001106353,1303,12,1,0,2,13217.61382
2008001110694,1303,18,3,0,2,70290.20064
2008001117514,1301,17,2,0,2,47827.89739
2008001117638,1303,27,2,0,2,21239.86498
2008001127685,1305,12,2,0,4,63413.98536
2008001128737,1301,31,4,0,2,122243.8272
2008001129285,1302,15,2,0,2,44313.38736
2008001131400,1305,14,3,0,2,92828.90628
2008001138851,1302,22,7,0,8,26358.82524
2008001140455,1301,11,1,0,2,76402.392
2008001141828,1303,17,1,0,4,34648.48477
2008001146005,1303,15,4,0,2,133092.9669
2008001149849,1302,17,1,0,2,23837.5463
2008001150096,1305,18,3,0,2,145943.8492
2008001153521,1301,14,1,0,2,19100.598
2008001153754,1305,22,1,0,8,26740.8372
2008001154584,1303,17,4,0,2,114.603588
2008001160102,1305,16,1,0,3,15586.08797
2008001166572,1301,18,2,0,2,134009.7956
2008001167370,1305,13,3,0,2,65706.05712
2008001167833,1301,4,3,0,2,38048.39122
2008001167950,1301,15,6,0,2,126904.3731
2008001171213,1301,18,3,0,2,29254.4759
2008001173584,1303,14,2,0,2,98719.5307
2008001174472,1303,36,0,0,4,-19998
2008001175942,1301,68,1,0,6,15311.03936
2008001181433,1303,15,2,0,2,15517.32582
2008001183410,1301,13,2,0,8,16273.7095
2008001186621,1305,12,1,0,2,29032.90896
2008001188203,1302,21,3,0,2,110095.8469
2008001190959,1305,19,3,0,2,83278.60728
2008001191208,1303,19,1,0,4,19436.76852
2008001191568,1303,47,1,0,2,8404.26312
2008001192159,1302,18,2,0,2,48828.76873
2008001193950,1301,13,2,0,2,16044.50232
2008001198178,1305,26,1,0,2,38201.196
2008001199273,1302,16,2,0,2,63413.98536
2008001200897,1305,14,1,0,9,7334.629632
2008001207547,1305,50,1,0,2,38201.196
2008001213903,1302,0,1,1,0,-19998
2008001213991,1305,14,1,0,7,27504.86112
2008001219730,1303,14,2,0,2,38201.196
2008001220738,1305,15,2,0,2,64942.0332
2008001224457,1305,17,2,0,6,18489.37886
2008001224624,1302,12,2,0,2,50578.3835
2008001224885,1301,41,1,0,2,30560.9568
2008001225168,1301,21,2,0,2,42250.52278
2008001226587,1303,17,2,0,2,55773.74616
2008001232614,1302,20,2,0,2,29032.90896
2008001234776,1303,21,2,0,2,126086.8675
2008001235556,1305,21,2,0,2,116131.6358
2008001238419,1302,29,4,0,2,32272.37038
2008001240716,1305,19,2,0,2,67081.30018
2008001245557,1303,60,0,0,2,-19998
2008001247283,1303,9,2,0,4,63413.98536
2008001249557,1303,12,4,0,2,47178.47706
2008001252449,1303,19,2,0,2,47369.48304
2008001254761,1302,25,3,0,2,80528.12117
2008001255969,1303,13,1,0,2,8457.744794
2008001256633,1302,16,1,0,2,11460.3588
2008001256920,1301,22,6,0,2,76402.392
2008001260946,1303,15,1,0,2,61885.93752
2008001263735,1305,0,1,1,0,-19998
2008001263982,1302,17,3,0,2,83278.60728
2008001265933,1302,33,2,0,2,31783.39507
2008001268194,1303,20,2,0,5,17572.55016
2008001268810,1302,16,2,0,6,42021.3156
2008001271726,1302,11,2,0,2,45535.82563
2008001274121,1302,20,7,0,2,47675.09261
2008001275823,1305,0,1,1,0,-19998
2008001278978,1303,52,0,0,7,-19998
2008001280504,1305,43,0,0,9,-19998
2008001282559,1301,26,1,0,2,23990.35109
2008001284445,1305,16,2,0,2,10161.51814
2008001293320,1303,5,3,0,2,33005.83334
2008001296164,1303,22,2,0,2,22003.8889
2008001296813,1301,16,2,0,2,165029.1667
2008001299067,1302,13,1,0,2,32853.02856
2008001299690,1305,67,1,0,2,7067.22126
2008001302685,1301,0,1,2,0,-19998
2008001307263,1305,16,2,0,2,29445.48188
2008001308551,1301,15,2,0,2,122243.8272
2008001311214,1302,31,4,0,2,39729.24384
2008001313661,1305,36,2,0,9,45765.03281
2008001318081,1302,40,2,0,2,120257.365
2008001318148,1305,14,1,0,2,38201.196
2008001318574,1302,16,6,0,2,147892.1102
2008001318646,1303,18,1,0,7,17190.5382
2008001320948,1301,12,1,0,3,81017.09648
2008001321909,1303,12,2,0,2,69908.18868
2008001323915,1301,26,2,0,2,76402.392
2008001324484,1301,13,1,0,2,27504.86112
2008001327496,1301,13,1,0,5,12529.99229
2008001330748,1301,22,2,0,2,59746.67054
2008001330823,1303,37,1,0,7,35909.12424
2008001331015,1301,0,1,1,0,-19998
2008001340310,1301,16,2,0,2,63719.59493
2008001342551,1305,36,3,0,2,106963.3488
2008001348122,1305,17,2,0,2,7311.708914
2008001349245,1302,7,2,0,2,72582.2724
2008001350138,1303,33,2,0,5,16808.52624
2008001352128,1303,81,1,0,6,19100.598
2008001357939,1302,12,1,0,2,12835.60186
2008001359537,1302,14,1,0,6,21392.66976
2008001361121,1305,21,2,0,7,29796.93288
2008001362137,1305,22,2,0,5,14134.44252
2008001362194,1303,14,3,0,2,21010.6578
2008001362221,1303,11,1,0,2,36673.14816
2008001372890,1303,7,4,0,2,45841.4352
2008001374479,1302,14,3,0,2,34915.89314
2008001378544,1305,66,0,0,2,-19998
2008001382991,1305,16,4,0,2,58371.42749
2008001385546,1303,13,2,0,2,9550.299
2009000003192,1301,6,1,0,2,19788.21953
2009000005620,1301,17,3,0,2,282306.8384
2009000007189,1303,15,12,0,2,88626.77472
2009000007407,1305,17,2,0,2,46452.65434
2009000007493,1301,9,1,0,6,1604.450232
2009000009033,1302,17,3,0,7,29796.93288
2009000011201,1305,56,3,0,4,37597.6171
2009000018830,1303,18,1,0,7,32891.22976
2009000025387,1301,16,1,0,9,76.402392
2009000029805,1302,16,2,0,2,102379.2053
2009000030388,1302,54,1,0,8,13981.63774
2009000030856,1305,21,2,0,2,109255.4206
2009000031988,1305,16,1,0,5,9473.896608
2009000033674,1302,50,4,0,2,71818.24848
2009000036676,1301,0,1,1,0,-19998
2009000038766,1302,0,1,2,0,-19998
2009000041051,1302,24,2,0,2,43549.36344
2009000041199,1303,22,2,0,2,22271.29727
2009000048234,1305,15,0,0,5,-19998
2009000048333,1303,35,2,0,3,44466.19214
2009000050774,1302,25,3,0,2,17648.95255
2009000052099,1305,14,4,0,2,236083.3913
2009000053086,1303,40,2,0,1,24509.88735
2009000053743,1305,14,2,0,2,41715.70603
2009000053907,1305,14,1,0,9,5348.16744
2009000056297,1305,16,2,0,2,274284.5873
2009000059942,1301,18,1,0,2,6723.410496
2009000064754,1305,15,2,0,2,237687.8415
2009000065221,1301,21,2,0,6,77472.02549
2009000077021,1302,0,1,1,0,-19998
2009000077485,1302,50,2,0,2,42021.3156
2009000077676,1305,17,3,0,2,69526.17672
2009000078946,1305,19,1,0,2,51953.62656
2009000080697,1305,24,4,0,2,85899.20933
2009000082106,1301,14,1,0,2,27199.25155
2009000082215,1305,10,3,0,2,154332.8318
2009000083345,1305,19,2,0,2,124077.4846
2009000085807,1302,34,3,0,7,18565.78126
2009000086650,1303,16,2,0,5,9450.97589
2009000091290,1303,9,3,0,2,85570.67904
2009000096838,1302,16,4,0,2,44771.80171
2009000097649,1301,51,2,0,2,22920.7176
2009000099762,1302,23,2,0,7,31324.98072
2009000112035,1302,17,1,0,2,23837.5463
2009000113453,1302,16,1,0,9,30560.9568
2009000115088,1302,20,3,0,2,39347.23188
2009000115191,1305,15,1,0,9,16197.3071
2009000116699,1305,17,4,0,2,51877.22417
2009000120706,1302,13,1,0,7,19100.598
2009000125828,1302,21,2,0,2,36596.74577
2009000126100,1305,19,1,0,6,22920.7176
2009000126619,1305,15,2,0,2,31859.79746
2009000127291,1305,25,2,0,2,126063.9468
2009000132389,1303,40,2,0,2,58600.63466
2009000133097,1301,16,1,0,2,42021.3156
2009000134579,1302,5,3,0,2,56545.41032
2009000136174,1302,30,3,0,2,54245.69832
2009000138339,1305,13,1,0,9,51984.18752
2009000140204,1303,15,1,0,2,36673.14816
2009000143790,1301,10,4,0,2,107727.3727
2009000147562,1305,16,2,0,2,42174.12038
2009000148877,1301,13,2,0,2,30560.9568
2009000156962,1302,42,2,0,1,33005.83334
2009000157617,1301,6,2,0,2,57301.794
2009000158668,1305,13,1,0,8,19253.40278
2009000159820,1305,16,2,0,2,208578.5302
2009000160929,1303,20,2,0,4,119722.5483
2009000160953,1305,28,1,0,4,92446.89432
2009000161016,1303,25,4,0,4,54092.89354
2009000165500,1305,21,3,0,2,148984.6644
2009000168076,1303,0,1,1,0,-19998
2009000170076,1302,1,4,0,2,84867.77703
2009000171202,1301,16,2,0,3,4278.533952
2009000171627,1302,0,1,1,0,-19998
2009000177361,1305,44,1,0,8,9168.28704
2009000180088,1303,59,1,0,9,61121.9136
2009000181615,1301,37,2,0,2,39729.24384
2009000182838,1305,21,2,0,2,74110.32024
2009000183980,1305,13,4,0,2,247696.5549
2009000184662,1305,16,1,0,6,17037.73342
2009000189252,1305,11,2,0,2,48897.53088
2009000192263,1302,22,4,0,2,534.816744
2009000195957,1303,60,3,0,2,228443.1521
2009000198849,1305,23,2,0,5,74568.73459
2009000200323,1303,23,1,0,2,28750.22011
2009000200836,1305,11,1,0,6,11460.3588
2009000204524,1305,17,2,0,9,29032.90896
2009000206486,1301,15,1,0,1,19100.598
2009000206631,1302,15,1,0,2,198218.3658
2009000207229,1302,21,7,0,2,68150.93366
2009000208192,1301,11,1,0,2,61885.93752
2009000208449,1302,9,4,0,2,54245.69832
2009000210939,1301,41,1,0,2,64942.0332
2009000211714,1303,14,2,0,2,53481.6744
2009000218464,1305,15,2,0,2,29032.90896
2009000224725,1303,22,4,0,2,61121.9136
2009000229284,1305,17,1,0,2,30560.9568
2009000229976,1302,0,1,1,0,-19998
2009000234148,1302,18,2,0,2,32471.0166
2009000234628,1302,14,7,0,2,112976.2171
2009000235111,1305,15,1,0,2,243188.8137
2009000235706,1303,55,0,0,2,-19998
2009000237839,1302,38,3,0,5,33617.05248
2009000241215,1305,22,3,0,2,42174.12038
2009000241598,1303,15,2,0,2,38674.89083
2009000242738,1302,14,2,0,2,54948.60033
2009000244197,1301,20,2,0,2,54245.69832
2009000248688,1301,15,3,0,2,30560.9568
2009000254839,1305,17,1,0,8,5348.16744
2009000256544,1302,0,1,1,0,-19998
2009000256863,1303,26,3,0,2,34381.0764
2009000257382,1305,16,1,0,6,25212.78936
2009000260554,1303,16,2,0,2,49661.5548
2009000263039,1305,22,2,0,2,19177.00039
2009000267274,1302,31,0,0,2,-19998
2009000278794,1305,28,1,0,8,26740.8372
2009000278900,1302,20,3,0,2,57301.794
2009000284009,1302,63,0,0,4,-19998
2009000288025,1302,14,1,0,7,21927.4865
2009000292561,1305,13,4,0,2,102149.9981
2009000293582,1303,15,1,0,8,38201.196
2009000300768,1305,20,2,0,2,31095.77354
2009000302489,1301,0,1,2,0,-19998
2009000303331,1301,8,3,0,2,76402.392
2009000303631,1303,17,4,0,4,16350.11189
2009000307195,1301,48,2,0,2,11307.55402
2009000307665,1301,11,4,0,3,80986.53552
2009000308683,1301,6,2,0,5,20628.64584
2009000310992,1305,20,1,0,2,24754.37501
2009000313103,1303,22,1,0,2,33158.63813
2009000316382,1305,19,2,0,2,25518.39893
2009000317450,1302,21,2,0,7,32929.43095
2009000319296,1301,13,1,0,2,11078.34684
2009000319677,1301,21,2,0,4,43396.55866
2009000319737,1303,12,4,0,2,8786.27508
2009000322332,1301,29,2,0,2,11460.3588
2009000322726,1305,31,2,0,2,221566.9368
2009000323364,1302,23,1,0,2,25059.98458
2009000324881,1301,18,2,0,2,36138.33142
2009000329741,1305,19,2,0,3,99323.1096
2009000331148,1302,21,2,0,2,68612.40411
2009000331317,1305,13,2,0,2,44145.3021
2009000331570,1301,27,1,0,2,19100.598
2009000332242,1302,50,4,0,2,59593.86576
2009000334010,1303,13,2,0,5,37895.58643
2009000334431,1301,19,3,0,2,152040.7601
2009000334630,1305,17,3,0,2,77472.02549
2009000337475,1302,12,2,0,2,57301.794
2009000341516,1303,11,3,0,5,66042.22764
2009000342279,1302,15,3,0,7,11108.9078
2009000342470,1303,13,4,0,2,157388.9275
2009000344092,1305,9,6,0,2,129884.0664
2009000345143,1303,15,2,0,2,36673.14816
2009000348991,1305,24,2,0,2,38201.196
2009000349536,1303,10,2,0,2,63406.34512
2009000356129,1305,35,4,0,2,67463.31214
2009000358393,1305,22,2,0,5,41333.69407
2009000358894,1303,22,2,0,6,20628.64584
2009000366287,1305,11,2,0,2,58829.84184
2009000373314,1302,20,4,0,2,76708.00157
2009000373440,1301,11,2,0,2,48133.50696
2009000375096,1302,15,1,0,3,21545.47454
2009000378684,1302,42,1,0,5,26740.8372
2009000378981,1305,9,4,0,2,95502.99
2009000379952,1302,11,4,0,2,72696.87599
2009000382002,1301,85,5,0,9,22462.30325
2009000385456,1301,8,2,0,2,22156.69368
2009000385996,1303,17,1,0,2,32089.00464
2009000386005,1305,29,1,0,2,37674.0195
2009000387537,1301,14,2,0,2,66569.40415
2009000389719,1305,14,1,0,5,44313.38736
2009000390518,1303,16,1,0,2,12300.78511
2009000390816,1302,0,1,1,0,-19998
2009000394026,1305,17,1,0,5,26740.8372
2009000394195,1301,13,2,0,2,53787.28397
2009000395328,1303,16,2,0,8,125452.7277
2009000396170,1305,34,1,0,6,6112.19136
2009000398119,1302,19,1,0,8,39729.24384
2009000398481,1301,21,1,0,2,4584.14352
2009000400035,1305,10,3,0,2,74874.34416
2009000403146,1303,15,2,0,2,6257.355905
2009000405128,1305,15,2,0,8,17343.34298
2009000406370,1301,10,2,0,2,57301.794
2009000409642,1305,14,2,0,7,17595.47088
2009000415550,1301,54,0,0,2,-19998
2009000418028,1301,14,3,0,9,29521.88427
2009000419923,1301,18,1,0,3,55200.72822
2009000420048,1302,14,1,0,2,167779.6528
2009000420093,1305,11,1,0,8,123007.8511
2009000423025,1301,16,2,0,2,34381.0764
2009000423462,1305,28,2,0,2,58829.84184
2009000434579,1305,14,1,0,7,26740.8372
2009000435812,1303,21,2,0,2,25212.78936
2009000440064,1302,14,2,0,2,47293.08065
2009000441838,1301,36,1,0,2,34381.0764
2009000442353,1303,15,5,0,2,49126.73806
2009000446062,1303,28,2,0,2,67234.10496
2009000446203,1302,13,2,0,2,40034.85341
2009000446441,1301,8,2,0,2,26817.23959
2009000448115,1302,49,1,0,2,5730.1794
2009000450118,1305,20,2,0,2,56996.18443
2009000450592,1302,14,2,0,5,24983.58218
2009000451581,1303,20,1,0,2,22920.7176
2009000452079,1301,18,2,0,2,68838.55519
2009000452508,1305,57,2,0,2,65515.05114
2009000452759,1303,20,1,0,7,8175.055944
2009000453787,1303,16,1,0,8,10085.11574
2009000457440,1301,18,4,0,2,103296.034
2009000462374,1305,21,1,0,7,12453.5899
2009000463693,1305,26,1,0,2,46608.51522
2009000467949,1303,12,2,0,2,20781.45062
2009000470390,1303,50,4,0,4,22156.69368
2009000471115,1305,52,0,0,2,-19998
2009000472880,1303,3,2,0,2,37437.17208
2009000474492,1302,34,2,0,4,84348.24077
2009000474990,1301,17,1,0,2,84042.6312
2009000476179,1303,50,1,0,9,11460.3588
2009000476968,1301,11,2,0,2,56499.56888
2009000477061,1303,29,4,0,2,255222.1905
2009000478313,1303,11,5,0,2,43281.95507
2009000482934,1303,13,1,0,2,11460.3588
2009000485407,1301,18,2,0,2,43778.57062
2009000486035,1303,16,1,0,2,41257.29168
2009000488902,1302,25,2,0,2,10543.5301
2009000490635,1302,9,2,0,2,22920.7176
2009000494823,1305,14,2,0,2,69067.76237
2009000495434,1305,16,1,0,2,12835.60186
2009000496862,1302,14,1,0,3,31783.39507
2009000497254,1305,16,1,0,2,20628.64584
2009000499439,1302,22,2,0,2,68991.35998
2009000499610,1303,25,2,0,4,19864.62192
2009000499862,1301,34,2,0,1,66470.08104
2009000501226,1302,15,1,0,4,6127.471838
2009000502001,1302,3,1,0,2,15280.4784
2009000507176,1302,19,3,0,8,5348.16744
2009000511622,1303,40,3,0,2,93210.91824
2009000513338,1305,11,2,0,9,45841.4352
2009000514942,1305,17,2,0,5,18871.39082
2009000518606,1305,18,1,0,8,12338.98631
2009000523964,1305,20,4,0,2,108491.3966
2009000524341,1303,26,3,0,2,41180.88929
2009000524513,1305,16,1,0,9,10085.11574
2009000525129,1305,33,6,0,2,39118.0247
2009000525963,1301,13,1,0,5,25212.78936
2009000529225,1301,16,2,0,4,12224.38272
2009000533417,1303,21,4,0,2,67234.10496
2009000536497,1302,12,1,0,2,35374.3075
2009000542960,1302,0,1,1,0,-19998
2009000543942,1305,14,4,0,2,91530.06562
2009000544740,1305,62,3,0,2,71512.63891
2009000545820,1305,13,1,0,4,8098.653552
2009000547687,1301,21,2,0,2,84806.65512
2009000548718,1303,27,1,0,7,26740.8372
2009000549886,1302,12,1,0,2,32318.21182
2009000552561,1305,32,2,0,2,40416.86537
2009000556351,1302,19,4,0,2,40493.26776
2009000557848,1301,23,2,0,3,14974.86883
2009000559726,1301,18,1,0,2,19864.62192
2009000562629,1305,14,2,0,2,16120.90471
2009000563014,1305,15,1,0,9,13752.43056
2009000564076,1302,52,7,0,5,534.816744
2009000564776,1301,21,1,0,1,916.828704
2009000566473,1302,12,1,0,2,11460.3588
2009000568371,1303,21,2,0,4,33617.05248
2009000570222,1301,9,2,0,2,18336.57408
2009000571224,1305,17,3,0,2,123924.6798
2009000572486,1305,23,3,0,2,93363.72302
2009000572908,1305,16,1,0,9,33617.05248
2009000575583,1301,18,1,0,6,5806.581792
2009000578594,1305,35,1,0,2,46223.44716
2009000579749,1302,38,0,0,6,-19998
2009000580800,1302,14,2,0,2,44389.78975
2009000582874,1302,65,4,0,1,6112.19136
2009000583381,1305,23,2,0,5,23608.33913
2009000587910,1302,13,3,0,2,96083.64818
2009000596918,1302,0,1,1,0,-19998
2009000597436,1303,26,2,0,9,38300.51911
2009000597622,1301,10,3,0,2,101847.4446
2009000598060,1305,44,0,0,8,-19998
2009000600624,1305,15,2,0,2,44160.58258
2009000601062,1302,11,3,0,2,48362.71414
2009000601822,1305,41,0,0,8,-19998
2009000603294,1301,13,2,0,2,26588.03242
2009000606331,1303,11,2,0,2,88244.76276
2009000609499,1301,9,2,0,2,84363.52125
2009000614386,1301,16,3,0,2,108881.0488
2009000614591,1301,7,2,0,3,55773.74616
2009000617368,1302,21,3,0,2,60357.88968
2009000619683,1301,19,2,0,2,22408.82157
2009000621920,1305,39,2,0,2,6188.593752
2009000630116,1305,16,5,0,2,90154.82256
2009000631425,1305,11,1,0,2,17519.06849
2009000632815,1302,19,2,0,2,15937.53897
2009000634231,1305,19,2,0,5,44557.87501
2009000634450,1305,13,2,0,2,15738.89275
2009000636810,1303,13,1,0,2,9932.31096
2009000644315,1305,40,1,0,7,19100.598
2009000645072,1301,20,3,0,2,171905.382
2009000645628,1303,32,3,0,4,8404.26312
2009000651183,1301,13,2,0,2,42097.71799
2009000651558,1305,16,1,0,5,35909.12424
2009000654278,1301,13,2,0,2,32295.2911
2009000655973,1303,23,2,0,2,0
2009000657134,1301,18,2,0,2,84806.65512
2009000658886,1301,21,4,0,2,85272.70971
2009000661374,1303,18,2,0,2,35909.12424
2009000661539,1303,17,2,0,2,12300.78511
2009000663385,1305,73,3,0,2,165816.1114
2009000664171,1303,12,5,0,2,15662.49036
2009000667325,1305,15,6,0,2,41333.69407
2009000672748,1302,62,4,0,2,61121.9136
2009000674580,1305,50,2,0,2,44466.19214
2009000675804,1301,11,6,0,2,140435.2367
2009000685356,1301,22,1,0,7,11307.55402
2009000689020,1302,13,1,0,2,30560.9568
2009000690509,1303,18,2,0,5,8304.94001
2009000691010,1301,14,1,0,2,22920.7176
2009000692313,1301,18,2,0,2,36902.35534
2009000696815,1302,24,3,0,2,17114.13581
2009000699653,1305,16,1,0,2,56843.37965
2009000700235,1305,22,0,0,9,-19998
2009000704702,1301,6,3,0,2,70595.81021
2009000704767,1305,16,2,0,2,32089.00464
2009000705599,1302,49,3,0,8,15738.89275
2009000707309,1301,19,2,0,10,31324.98072
2009000708754,1303,24,2,0,2,86334.70296
2009000709604,1302,0,1,2,0,-19998
2009000710521,1301,15,3,0,2,123084.2535
2009000714325,1301,18,6,0,2,55391.7342
2009000717616,1305,5,3,0,2,81444.94987
2009000724848,1303,41,2,0,2,5653.777008
2009000728855,1302,36,1,0,7,16808.52624
2009000733959,1302,16,1,0,7,20628.64584
2009000738621,1305,14,2,0,6,16044.50232
2009000739007,1303,14,3,0,2,87862.7508
2009000749905,1303,18,3,0,2,38201.196
2009000751731,1305,18,1,0,6,16044.50232
2009000754894,1302,37,8,0,2,47675.09261
2009000756813,1305,16,1,0,8,34686.68597
2009000757387,1305,15,4,0,2,187185.8604
2009000758513,1305,18,1,0,2,15204.07601
2009000760648,1302,12,4,0,6,15968.09993
2009000768680,1302,50,2,0,2,47407.68424
2009000770065,1301,25,6,0,2,58677.03706
2009000775858,1303,34,3,0,3,38354.00078
2009000777867,1302,22,2,0,2,21545.47454
2009000779329,1303,31,1,0,2,33005.83334
2009000779680,1301,12,4,0,2,56919.78204
2009000779818,1302,18,2,0,8,25518.39893
2009000781851,1301,9,2,0,2,59593.86576
2009000783249,1303,19,2,0,2,31706.99268
2009000783331,1301,27,3,0,2,67692.51931
2009000786634,1303,15,1,0,7,7640.2392
2009000787708,1301,29,2,0,2,65706.05712
2009000793056,1302,0,1,1,0,-19998
2009000795518,1305,17,2,0,2,93287.32063
2009000795657,1302,53,5,0,2,51189.60264
2009000798309,1301,45,4,0,6,13752.43056
2009000799131,1305,15,4,0,2,191005.98
2009000799484,1301,75,2,0,4,37742.78165
2009000800924,1301,16,2,0,1,69526.17672
2009000804694,1305,23,3,0,2,109255.4206
2009000805500,1305,16,2,0,2,55773.74616
2009000805972,1305,12,5,0,2,139969.1821
2009000808351,1305,42,1,0,4,8633.470296
2009000808890,1301,16,5,0,2,92828.90628
2009000809724,1305,18,1,0,4,11001.94445
2009000809751,1303,20,1,0,9,10314.32292
2009000818094,1301,11,2,0,2,6876.21528
2009000823791,1303,68,3,0,5,18336.57408
2009000824557,1305,15,1,0,9,993.231096
2009000826437,1305,12,1,0,2,24143.15587
2009000827719,1303,17,2,0,2,60205.0849
2009000830799,1302,0,1,1,0,-19998
2009000830839,1301,13,1,0,2,84042.6312
2009000831341,1302,0,1,1,0,-19998
2009000832746,1303,28,2,0,2,22997.11999
2009000834776,1301,13,2,0,2,36061.92902
2009000839283,1305,15,3,0,2,255986.2144
2009000841584,1305,21,2,0,2,122167.4248
2009000842262,1305,17,1,0,4,28268.88504
2009000843317,1305,24,5,0,2,33426.0465
2009000846400,1305,20,1,0,2,30560.9568
2009000848273,1302,17,2,0,5,20705.04823
2009000852208,1305,13,1,0,2,13064.80903
2009000853915,1303,33,2,0,2,10696.33488
2009000855712,1303,15,11,0,2,359977.5101
2009000856406,1302,13,1,0,7,41906.71201
2009000857135,1301,16,2,0,4,32547.41899
2009000863200,1305,14,1,0,2,9168.28704
2009000864658,1305,12,3,0,2,18336.57408
2009000866273,1301,23,2,0,5,0
2009000866819,1305,59,0,0,8,-19998
2009000871682,1302,13,4,0,9,25976.81328
2009000877583,1301,17,1,0,5,24448.76544
2009000879789,1301,74,1,0,9,8175.055944
2009000880623,1303,10,2,0,2,22080.29129
2009000882360,1301,18,2,0,2,128508.8233
2009000887825,1303,11,1,0,2,1146.03588
2009000887858,1302,16,1,0,7,8327.860728
2009000889869,1305,13,4,0,2,71054.22456
2009000890700,1302,8,1,0,2,22920.7176
2009000892826,1302,5,1,0,2,32089.00464
2009000894475,1305,18,2,0,2,10925.54206
2009000910937,1303,0,1,1,0,-19998
2009000911669,1302,19,1,0,2,39041.62231
2009000912724,1305,14,5,0,2,75791.17286
2009000915712,1301,17,2,0,2,133016.5645
2009000915922,1305,19,2,0,2,65247.64277
2009000918270,1302,11,2,0,2,88550.37233
2009000925944,1303,14,1,0,6,28268.88504
2009000927508,1301,61,0,0,6,-19998
2009000928720,1302,12,1,0,2,9703.103784
2009000931758,1302,19,3,0,2,26030.29495
2009000932772,1303,12,2,0,2,79611.29246
2009000933494,1303,9,3,0,2,94738.96608
2009000935846,1301,19,1,0,2,44313.38736
2009000937311,1305,20,1,0,7,7976.409725
2009000942228,1305,49,1,0,2,76402.392
2009000946329,1301,25,2,0,2,66167.52757
2009000946961,1303,3,7,0,5,31401.38311
2009000950212,1302,22,1,0,2,155249.6605
2009000951780,1305,14,3,0,2,98329.8785
2009000952230,1301,15,4,0,2,57301.794
2009000952513,1303,17,2,0,2,9397.494216
2009000956355,1305,13,2,0,4,113151.9426
2009000957239,1305,11,1,0,8,19406.20757
2009000961778,1302,23,1,0,7,17419.74538
2009000965707,1303,23,2,0,2,29796.93288
2009000971993,1302,14,1,0,2,39729.24384
2009000973228,1302,12,1,0,9,11536.76119
2009000975358,1302,20,3,0,2,43396.55866
2009000975610,1301,15,1,0,7,8939.079864
2009000977972,1305,18,2,0,6,45841.4352
2009000978317,1303,18,2,0,5,19864.62192
2009000980643,1305,15,2,0,2,152804.784
2009000981587,1301,8,2,0,2,30920.04804
2009000984154,1305,16,1,0,9,0
2009000985995,1301,42,1,0,4,29032.90896
2009000988020,1303,0,1,2,0,-19998
2009000992283,1303,13,2,0,9,10849.13966
2009000996276,1302,29,1,0,6,9932.31096
2009001000735,1305,24,2,0,2,47369.48304
2009001001718,1301,12,1,0,9,1329.401621
2009001005922,1305,13,1,0,2,32547.41899
2009001008117,1305,22,2,0,6,11078.34684
2009001008561,1301,12,2,0,2,67234.10496
2009001012683,1305,22,2,0,2,46605.45912
2009001015831,1305,13,2,0,2,89795.73132
2009001016147,1305,18,2,0,2,62344.35187
2009001020361,1305,18,3,0,2,42479.72995
2009001021219,1305,24,1,0,3,42021.3156
2009001022094,1305,21,2,0,2,135232.2338
2009001022533,1302,14,6,0,2,29644.1281
2009001024281,1305,17,3,0,2,62955.57101
2009001026099,1302,12,3,0,2,29720.53049
2009001027293,1303,45,1,0,7,40798.87733
2009001029613,1305,18,2,0,2,51953.62656
2009001029849,1303,14,2,0,2,36673.14816
2009001033333,1303,16,3,0,2,53176.06483
2009001035659,1303,12,1,0,2,33311.44291
2009001040298,1301,14,2,0,2,41410.09646
2009001041550,1303,14,1,0,5,8404.26312
2009001044802,1303,35,2,0,4,13752.43056
2009001052812,1302,16,3,0,1,62344.35187
2009001054831,1302,29,1,0,9,21621.87694
2009001055767,1305,12,1,0,2,4584.14352
2009001058906,1302,13,7,0,2,59288.25619
2009001059632,1302,0,1,1,0,-19998
2009001059864,1303,43,1,0,7,4049.326776
2009001067015,1302,36,4,0,6,19100.598
2009001067271,1302,56,3,0,9,13905.23534
2009001072604,1302,39,1,0,2,72582.2724
2009001073709,1301,42,2,0,5,39729.24384
2009001074389,1301,14,2,0,6,28421.68982
2009001075255,1305,0,1,2,0,-19998
2009001076181,1305,17,2,0,2,25212.78936
2009001078113,1303,14,2,0,4,11460.3588
2009001080813,1302,17,1,0,9,58065.81792
2009001083957,1302,23,2,0,2,43931.3754
2009001084539,1303,11,3,0,2,38659.61035
2009001085283,1301,23,2,0,2,38812.41514
2009001088046,1301,51,4,0,2,38965.21992
2009001089152,1305,24,2,0,2,65255.28301
2009001089337,1303,16,1,0,2,45841.4352
2009001090897,1301,12,2,0,2,34671.40549
2009001101158,1302,0,1,1,0,-19998
2009001101563,1301,13,3,0,2,53481.6744
2009001101608,1303,18,1,0,2,58065.81792
2009001104826,1303,21,4,0,2,89390.79864
2009001105593,1302,45,0,0,2,-19998
2009001107279,1302,23,3,0,2,8022.25116
2009001119399,1305,13,1,0,2,47369.48304
2009001129615,1305,22,3,0,5,33617.05248
2009001134429,1303,22,1,0,7,41318.41359
2009001134719,1302,11,1,0,2,30560.9568
2009001138866,1301,36,6,0,1,54245.69832
2009001138977,1301,16,1,0,2,41410.09646
2009001141011,1305,48,1,0,8,30560.9568
2009001148569,1305,18,3,0,2,66317.27626
2009001150189,1305,16,1,0,2,79152.87811
2009001150449,1305,16,3,0,6,32241.80942
2009001151361,1305,19,2,0,5,31324.98072
2009001153081,1303,16,1,0,2,18412.97647
2009001155414,1301,54,2,0,2,99323.1096
2009001157307,1305,16,1,0,5,28650.897
2009001158201,1303,17,2,0,8,36673.14816
2009001158223,1303,42,5,0,2,33540.65009
2009001158565,1303,46,4,0,2,7258.22724
2009001162725,1305,13,2,0,7,27886.87308
2009001164518,1305,18,2,0,2,41410.09646
2009001164788,1305,17,2,0,2,47751.495
2009001169018,1305,14,3,0,2,82820.19293
2009001173396,1302,50,5,0,4,30102.54245
2009001173650,1301,15,1,0,2,34839.49075
2009001173777,1303,17,5,0,1,38965.21992
2009001174998,1303,17,1,0,9,2062.864584
2009001177584,1305,16,2,0,2,59097.25021
2009001184148,1305,22,2,0,2,134468.2099
2009001184534,1301,0,1,2,0,-19998
2009001185622,1303,15,2,0,2,61121.9136
2009001191339,1302,14,4,0,3,55773.74616
2009001193672,1302,12,2,0,2,106963.3488
2009001197539,1303,14,1,0,2,37055.16012
2009001204638,1305,14,4,0,2,66416.59937
2009001206342,1303,54,2,0,5,27886.87308
2009001207702,1303,30,3,0,2,112311.5162
2009001212371,1303,23,1,0,5,42021.3156
2009001212967,1302,14,1,0,2,42785.33952
2009001213013,1302,71,2,0,5,9168.28704
2009001215530,1305,15,1,0,9,7793.043984
2009001215681,1301,8,3,0,2,35374.3075
2009001218245,1305,26,1,0,9,25976.81328
2009001223299,1303,15,1,0,3,14287.2473
2009001224353,1301,20,1,0,7,39652.84145
2009001228863,1301,3,1,0,2,34381.0764
2009001230829,1305,23,1,0,7,14516.45448
2009001230859,1305,10,2,0,2,85952.691
2009001232326,1303,22,3,0,2,59975.87772
2009001234628,1302,15,2,0,2,23837.5463
2009001236785,1305,63,1,0,6,30560.9568
2009001238122,1302,16,1,0,2,55773.74616
2009001240610,1302,14,1,0,7,19406.20757
2009001251933,1301,22,2,0,4,2292.07176
2009001258786,1302,18,2,0,2,58104.01912
2009001262013,1302,9,2,0,2,87862.7508
2009001269287,1305,11,4,0,2,214308.7096
2009001274026,1303,18,2,0,2,79687.69486
2009001275628,1305,14,1,0,9,34228.27162
2009001276267,1303,65,4,0,2,3820.1196
2009001278445,1305,16,2,0,3,40722.47494
2009001278525,1305,18,2,0,2,95564.11191
2009001280744,1305,53,5,0,2,90995.24887
2009001281637,1301,16,2,0,2,80680.92595
2009001282473,1305,15,2,0,2,93990.22264
2009001282773,1305,15,1,0,9,27886.87308
2009001287243,1305,28,2,0,2,259004.1089
2009001290553,1305,16,2,0,2,162202.2782
2009001295305,1303,30,1,0,1,35527.11228
2009001297440,1303,13,2,0,2,33005.83334
2009001297718,1305,0,1,2,0,-19998
2009001299313,1302,0,1,1,0,-19998
2009001300813,1302,0,1,2,0,-19998
2009001303306,1303,15,3,0,2,45612.22802
2009001305632,1303,27,1,0,6,9091.884648
2009001309086,1303,19,2,0,2,29796.93288
2009001310595,1302,30,0,0,2,-19998
2009001311253,1305,21,3,0,2,307152.8963
2009001314812,1302,51,4,0,2,27122.84916
2009001318567,1301,10,2,0,2,36749.55055
2009001319399,1305,21,2,0,2,12224.38272
2009001320168,1305,14,4,0,2,66164.47147
2009001323916,1302,0,1,2,0,-19998
2009001324736,1302,13,2,0,2,80222.5116
2009001324833,1305,20,1,0,4,14516.45448
2009001327611,1302,32,6,0,4,12835.60186
2009001327850,1303,8,2,0,2,38965.21992
2009001327938,1302,41,1,0,1,5730.1794
2009001329330,1302,19,2,0,2,95502.99
2009001330018,1303,21,3,0,2,103143.2292
2009001330308,1302,23,1,0,2,140503.9989
2009001332943,1305,17,2,0,2,35145.10032
2009001334357,1305,16,1,0,8,3667.314816
2009001334492,1301,2,2,0,4,16808.52624
2009001343451,1301,15,1,0,3,53481.6744
2009001345112,1302,20,2,0,2,73109.4489
2009001345703,1305,17,3,0,2,35068.69793
2009001346753,1301,13,1,0,6,30560.9568
2009001349665,1305,20,2,0,2,76402.392
2009001360532,1302,8,2,0,5,23684.74152
2009001365866,1302,59,3,0,2,45856.71568
2009001366080,1302,14,1,0,2,11154.74923
2009001366594,1301,26,3,0,2,43931.3754
2009001370125,1302,20,2,0,1,10467.1277
2009001370291,1305,8,2,0,2,22920.7176
2009001370479,1301,23,2,0,2,43549.36344
2009001374885,1305,15,1,0,5,137371.5008
2009001375260,1303,24,3,0,2,34151.86922
2009001376094,1301,18,2,0,2,31172.17594
2009001376903,1303,43,2,0,2,21392.66976
2009001379105,1302,14,3,0,2,24528.22393
2009001381275,1303,54,1,0,9,580.6581792
2009001381935,1305,16,4,0,2,106963.3488
2009001383850,1305,19,2,0,2,246015.7022
2009001384137,1301,14,2,0,10,47369.48304
2009001384606,1305,16,2,0,2,31324.98072
2009001384875,1301,13,3,0,2,169689.7126
2009001389405,1301,17,1,0,8,22156.69368
2009001391234,1302,28,1,0,9,6264.996144
2009001393012,1305,18,1,0,8,22920.7176
2009001395251,1301,15,1,0,2,12606.39468
2009001396728,1305,15,1,0,2,34381.0764
2010000000958,1301,15,2,0,2,51953.62656
2010000017484,1303,22,1,0,8,25365.59414
2010000019370,1302,5,1,0,2,18030.96451
2010000020021,1301,20,2,0,5,32089.00464
2010000023227,1305,21,2,0,7,29422.56116
2010000024997,1302,58,6,0,2,160521.4256
2010000027189,1302,24,4,0,2,58065.81792
2010000028133,1305,16,4,0,2,88779.5795
2010000028474,1303,10,2,0,2,42021.3156
2010000030724,1303,14,2,0,5,45841.4352
2010000032857,1303,14,1,0,7,64254.41167
2010000038255,1302,16,1,0,7,32089.00464
2010000039038,1301,0,1,2,0,-19998
2010000043344,1301,19,2,0,2,40493.26776
2010000043386,1302,18,2,0,2,38812.41514
2010000046117,1302,0,1,2,0,-19998
2010000050208,1305,15,1,0,7,30560.9568
2010000052153,1303,4,2,0,2,9703.103784
2010000052901,1301,17,2,0,4,6876.21528
2010000053023,1302,20,2,0,2,42632.53474
2010000053231,1303,11,1,0,2,6876.21528
2010000053794,1305,15,3,0,2,158000.1467
2010000058699,1303,18,2,0,8,34915.89314
2010000062417,1302,14,3,0,2,43106.22957
2010000062926,1303,17,2,0,2,30560.9568
2010000064539,1301,0,1,2,0,-19998
2010000065826,1302,20,2,0,2,19559.01235
2010000065832,1305,23,3,0,2,74110.32024
2010000067512,1302,37,2,0,2,34992.29554
2010000068917,1301,67,5,0,2,47140.27586
2010000071463,1301,15,2,0,2,33999.06444
2010000074452,1302,13,1,0,9,10085.11574
2010000075053,1305,35,1,0,5,916.828704
2010000075506,1302,0,1,1,0,-19998
2010000083164,1303,48,5,0,2,8404.26312
2010000092981,1303,26,2,0,2,100087.1335
2010000096082,1301,36,6,0,1,37345.48921
2010000101069,1302,12,1,0,2,16502.91667
2010000101303,1303,16,1,0,2,8480.665512
2010000103088,1302,18,1,0,2,10696.33488
2010000107210,1301,15,1,0,2,22385.90086
2010000108216,1305,12,2,0,5,17878.15973
2010000113124,1305,11,1,0,2,26282.42285
2010000114394,1301,18,2,0,2,231957.6621
2010000118147,1302,11,2,0,2,36978.75773
2010000120178,1302,17,1,0,2,86487.50774
2010000122670,1303,15,1,0,2,42059.5168
2010000125172,1301,59,3,0,4,5271.765048
2010000126661,1305,16,2,0,8,49661.5548
2010000137905,1303,16,4,0,2,32241.80942
2010000139023,1303,16,5,0,2,47369.48304
2010000139264,1305,17,2,0,2,73346.29632
2010000144207,1303,6,2,0,2,29873.33527
2010000146112,1302,13,4,0,2,35527.11228
2010000146468,1301,33,1,0,4,1604.450232
2010000149084,1305,58,2,0,7,6112.19136
2010000149866,1301,11,1,0,8,9168.28704
2010000150169,1301,16,4,0,2,54398.5031
2010000150274,1301,12,2,0,2,62955.57101
2010000151799,1302,9,4,0,2,72582.2724
2010000154024,1305,17,4,0,2,200174.267
2010000158900,1305,13,2,0,2,17801.75734
2010000160282,1305,13,1,0,2,74874.34416
2010000160454,1302,32,4,0,1,57072.58682
2010000167187,1305,52,3,0,2,55009.72224
2010000167297,1302,14,2,0,1,211940.2354
2010000167386,1305,27,5,0,2,73499.1011
2010000168088,1301,16,6,0,6,19788.21953
2010000168830,1303,18,2,0,2,164570.7524
2010000169571,1302,24,1,0,8,35145.10032
2010000170964,1303,17,1,0,7,9932.31096
2010000172241,1305,15,1,0,2,48523.15916
2010000182169,1302,0,1,1,0,-19998
2010000189294,1301,17,2,0,6,55009.72224
2010000190427,1301,13,1,0,2,82514.58336
2010000197694,1301,17,1,0,6,5730.1794
2010000203014,1305,15,2,0,3,58142.98434
2010000203278,1303,0,1,2,0,-19998
2010000203430,1305,24,1,0,8,6264.996144
2010000206272,1303,14,3,0,2,21545.47454
2010000208307,1302,0,1,1,0,-19998
2010000210167,1302,0,1,1,0,-19998
2010000212528,1301,12,3,0,2,53512.23536
2010000214614,1301,16,1,0,2,3.05609568
2010000215352,1305,16,3,0,2,77166.41592
2010000216259,1302,12,3,0,2,44932.24674
2010000217691,1305,20,2,0,5,10008.71335
2010000223544,1305,16,3,0,2,52717.65048
2010000223568,1302,10,2,0,2,36673.14816
2010000225545,1305,14,1,0,4,24066.75348
2010000225757,1305,14,4,0,2,61885.93752
2010000229104,1305,18,1,0,6,47369.48304
2010000233050,1305,23,3,0,6,7411.032024
2010000237981,1305,38,2,0,5,22309.49846
2010000242460,1303,0,1,2,0,-19998
2010000244302,1305,20,2,0,3,100851.1574
2010000246888,1302,0,1,1,0,-19998
2010000247593,1301,11,1,0,2,20934.25541
2010000250844,1302,0,1,1,0,-19998
2010000252948,1305,13,3,0,5,61809.53513
2010000254924,1302,12,2,0,2,29032.90896
2010000256538,1302,17,1,0,7,8404.26312
2010000257150,1302,0,1,2,0,-19998
2010000258720,1302,34,2,0,2,59593.86576
2010000259228,1303,19,3,0,5,58651.06024
2010000260863,1303,13,1,0,6,22462.30325
2010000261986,1301,15,4,0,2,37895.58643
2010000265362,1301,11,2,0,8,47827.89739
2010000265557,1305,21,3,0,2,2292.07176
2010000265678,1305,43,2,0,2,150512.7122
2010000267015,1301,13,3,0,2,34381.0764
2010000267466,1302,54,0,0,9,-19998
2010000267707,1302,14,2,0,8,32089.00464
2010000269372,1301,47,1,0,9,21010.6578
2010000270517,1305,60,1,0,6,9748.945219
2010000272029,1301,20,2,0,2,62267.94948
2010000272498,1301,21,2,0,2,23799.34511
2010000278066,1305,58,0,0,4,-19998
2010000278878,1303,12,2,0,2,73728.30828
2010000279507,1303,23,4,0,2,67386.90974
2010000280030,1303,23,3,0,2,123007.8511
2010000280460,1305,11,3,0,4,31324.98072
2010000280671,1302,0,1,2,0,-19998
2010000282635,1305,40,1,0,9,6112.19136
2010000284407,1302,24,4,0,2,46911.06869
2010000285828,1301,6,2,0,2,114909.1976
2010000286235,1301,16,2,0,2,86334.70296
2010000287987,1301,26,2,0,4,0
2010000289059,1305,21,3,0,2,76402.392
2010000298287,1302,43,2,0,5,19100.598
2010000301210,1301,17,1,0,2,20705.04823
2010000303105,1303,23,1,0,7,7716.641592
2010000303501,1301,39,0,0,2,-19998
2010000303712,1305,19,1,0,2,21239.86498
2010000304769,1301,22,1,0,2,30560.9568
2010000307957,1302,18,4,0,2,35756.31946
2010000308494,1303,24,3,0,2,55926.55094
2010000309712,1305,12,1,0,9,10543.5301
2010000310772,1301,6,1,0,2,22920.7176
2010000312771,1305,23,2,0,7,22920.7176
2010000313208,1302,17,3,0,2,21851.08411
2010000317858,1305,24,3,0,2,73651.90589
2010000320965,1301,16,3,0,2,32089.00464
2010000326680,1303,20,2,0,5,33617.05248
2010000327368,1302,12,5,0,2,68762.1528
2010000328445,1305,0,1,2,0,-19998
2010000331059,1305,26,2,0,7,31095.77354
2010000332150,1303,13,1,0,8,3155.41879
2010000333522,1305,15,4,0,2,59593.86576
2010000333638,1303,12,2,0,2,53481.6744
2010000336110,1301,23,5,0,2,49608.07313
2010000339017,1301,14,2,0,2,43297.23555
2010000340182,1301,13,1,0,2,2674.08372
2010000340215,1305,19,2,0,2,100545.5479
2010000343447,1305,10,4,0,2,107330.0803
2010000345503,1303,48,2,0,2,13752.43056
2010000354958,1305,11,4,0,2,47369.48304
2010000357540,1303,23,1,0,4,11383.95641
2010000360243,1303,14,4,0,2,232263.2717
2010000360681,1303,22,1,0,2,12835.60186
2010000360881,1305,21,1,0,2,16884.92863
2010000363942,1303,20,2,0,6,49661.5548
2010000366207,1305,16,2,0,2,242195.5826
2010000366480,1303,14,2,0,2,78541.65898
2010000368932,1301,7,1,0,2,7487.434416
2010000372692,1301,9,2,0,2,107299.5193
2010000375714,1305,14,2,0,2,42708.93713
2010000375967,1301,13,2,0,2,84042.6312
2010000377670,1305,16,4,0,2,61885.93752
2010000386804,1302,15,1,0,5,12682.79707
2010000387182,1301,15,7,0,2,100545.5479
2010000387508,1305,36,2,0,2,76402.392
2010000387720,1305,38,0,0,2,-19998
2010000389930,1302,18,6,0,2,40493.26776
2010000393270,1305,15,3,0,2,25212.78936
2010000395134,1301,13,2,0,2,59975.87772
2010000395188,1305,18,2,0,2,27504.86112
2010000395639,1303,14,1,0,2,12147.98033
2010000398269,1302,109,2,0,2,71054.22456
2010000401411,1301,16,4,0,2,42021.3156
2010000403341,1303,29,1,0,2,45077.41128
2010000407728,1305,20,1,0,3,49661.5548
2010000413526,1301,9,7,0,2,86334.70296
2010000413718,1301,7,1,0,2,4354.936344
2010000416827,1305,15,1,0,2,27199.25155
2010000417774,1301,4,7,0,2,13676.02817
2010000421097,1302,19,3,0,2,56537.77008
2010000422523,1305,22,4,0,2,25594.80132
2010000423958,1303,26,2,0,3,29032.90896
2010000424272,1301,8,1,0,5,10085.11574
2010000424851,1303,0,1,2,0,-19998
2010000427168,1305,20,5,0,2,48133.50696
2010000427353,1302,0,1,1,0,-19998
2010000429084,1302,14,1,0,2,13370.4186
2010000431262,1302,5,2,0,2,11842.37076
2010000431679,1302,18,2,0,2,35909.12424
2010000431829,1303,39,1,0,2,11460.3588
2010000432032,1301,18,2,0,2,67234.10496
2010000433861,1301,18,3,0,2,71023.6636
2010000438088,1305,24,1,0,6,25212.78936
2010000442890,1301,14,2,0,2,44848.2041
2010000444731,1305,14,2,0,2,99514.11558
2010000445114,1302,42,3,0,2,16808.52624
2010000447153,1305,10,1,0,5,15311.03936
2010000449092,1302,17,3,0,2,94127.74694
2010000450964,1305,19,2,0,2,118423.7076
2010000451966,1301,14,2,0,2,14134.44252
2010000453050,1305,18,3,0,2,54780.51506
2010000454099,1305,13,1,0,2,26358.82524
2010000454558,1301,11,3,0,2,86563.91014
2010000455341,1301,23,2,0,3,34381.0764
2010000455396,1303,12,1,0,9,6188.593752
2010000456212,1303,43,1,0,7,27504.86112
2010000457062,1303,48,4,0,5,17496.14777
2010000461594,1305,26,2,0,9,58218.6227
2010000461843,1301,26,2,0,2,40569.67015
2010000465185,1305,0,1,1,0,-19998
2010000466310,1301,24,1,0,2,15280.4784
2010000467909,1301,12,2,0,2,67998.12888
2010000468798,1303,0,1,2,0,-19998
2010000469932,1303,31,2,0,4,42938.1443
2010000471890,1301,14,1,0,6,6822.733606
2010000473148,1305,14,2,0,2,51953.62656
2010000473985,1303,26,2,0,2,0
2010000474098,1301,11,2,0,5,22920.7176
2010000475314,1303,15,4,0,2,80864.29169
2010000476685,1305,10,2,0,8,27352.05634
2010000477274,1305,21,1,0,9,26740.8372
2010000477704,1301,45,6,0,2,22920.7176
2010000480003,1305,31,1,0,4,5042.557872
2010000480634,1301,0,1,2,0,-19998
2010000482100,1302,9,1,0,2,78621.11746
2010000482377,1302,30,1,0,2,9015.482256
2010000482647,1302,15,2,0,2,50807.59068
2010000483055,1303,68,1,0,1,14516.45448
2010000483452,1303,6,1,0,2,19711.81714
2010000485231,1305,15,1,0,2,61121.9136
2010000485264,1305,30,1,0,9,15280.4784
2010000488152,1305,19,1,0,6,30560.9568
2010000490445,1301,20,1,0,8,18733.86652
2010000492264,1303,50,3,0,2,47369.48304
2010000501519,1305,18,1,0,7,34381.0764
2010000504519,1302,15,1,0,4,15586.08797
2010000505028,1303,8,2,0,3,47445.88543
2010000508754,1302,11,5,0,3,13523.22338
2010000513684,1301,16,3,0,2,51342.40742
2010000513714,1302,44,2,0,2,12224.38272
2010000516229,1305,16,1,0,8,22233.09607
2010000517533,1302,17,3,0,4,30560.9568
2010000519640,1305,0,1,1,0,-19998
2010000520541,1305,21,1,0,7,22156.69368
2010000523158,1305,51,3,0,2,97795.06176
2010000525876,1303,26,2,0,4,20093.8291
2010000529146,1301,12,1,0,1,13599.62578
2010000529457,1301,14,4,0,2,51953.62656
2010000530067,1302,12,1,0,9,43090.94909
2010000531052,1305,14,5,0,9,20170.23149
2010000531544,1303,14,2,0,2,45153.81367
2010000534437,1303,41,3,0,1,15356.88079
2010000542607,1305,47,2,0,2,51571.6146
2010000543704,1301,14,2,0,9,36673.14816
2010000544375,1305,34,4,0,2,23684.74152
2010000545041,1301,18,2,0,2,9550.299
2010000545999,1301,41,1,0,2,20170.23149
2010000548968,1305,13,4,0,2,267408.372
2010000552590,1305,19,3,0,2,151276.7362
2010000554195,1305,9,1,0,2,19253.40278
2010000561967,1305,12,3,0,2,147151.007
2010000562794,1301,35,3,0,6,19941.02431
2010000568088,1303,18,3,0,2,27507.91722
2010000569053,1301,11,1,0,2,53252.46722
2010000569065,1302,0,1,2,0,-19998
2010000569514,1303,21,2,0,2,96267.01392
2010000569952,1303,6,2,0,2,40111.2558
2010000573670,1303,14,2,0,2,35145.10032
2010000578038,1302,14,1,0,9,9855.908568
2010000578886,1302,0,1,1,0,-19998
2010000581239,1305,47,4,0,2,81750.55944
2010000581989,1303,23,1,0,2,14669.25926
2010000584338,1301,10,2,0,2,113075.5402
2010000585699,1303,9,0,0,4,-19998
2010000587905,1305,15,3,0,2,162202.2782
2010000589708,1301,41,5,0,2,175725.5016
2010000591615,1302,19,1,0,2,14745.66166
2010000591858,1302,0,1,1,0,-19998
2010000594263,1303,15,1,0,2,31783.39507
2010000594354,1305,29,3,0,2,83049.4001
2010000595038,1303,14,2,0,2,83882.18618
2010000596895,1301,17,2,0,7,53940.08875
2010000600927,1301,79,2,0,2,99323.1096
2010000601226,1303,13,2,0,5,14363.6497
2010000603621,1303,0,1,2,0,-19998
2010000605112,1303,17,1,0,2,18489.37886
2010000606653,1303,24,1,0,2,71665.4437
2010000611822,1303,14,5,0,2,61885.93752
2010000615983,1305,61,2,0,2,26129.61806
2010000618843,1301,5,2,0,2,39500.03666
2010000618855,1303,11,2,0,2,66470.08104
2010000620836,1305,15,2,0,2,31095.77354
2010000620854,1301,23,1,0,2,45130.89295
2010000621174,1305,18,5,0,2,54192.21665
2010000621351,1302,12,1,0,9,1833.657408
2010000622244,1302,61,0,0,2,-19998
2010000622454,1305,15,3,0,2,262060.2046
2010000624637,1303,15,1,0,2,23990.35109
2010000625826,1305,12,2,0,2,35909.12424
2010000626174,1301,74,1,0,1,22920.7176
2010000626272,1302,8,3,0,2,23379.13195
2010000628926,1302,23,1,0,3,4584.14352
2010000630083,1302,15,4,0,2,87220.97071
2010000630336,1303,24,6,0,2,28345.28743
2010000635865,1303,18,1,0,2,45879.6364
2010000638034,1305,22,2,0,7,22691.51042
2010000638263,1301,11,1,0,2,68762.1528
2010000640070,1303,12,2,0,2,68380.14084
2010000642327,1302,13,3,0,8,56919.78204
2010000645202,1305,51,1,0,6,39729.24384
2010000648037,1301,24,2,0,2,39732.29994
2010000650917,1302,11,2,0,2,19658.33546
2010000652332,1303,6,2,0,8,25441.99654
2010000653788,1305,22,2,0,2,45230.21606
2010000655333,1301,18,5,0,2,35527.11228
2010000657200,1302,19,3,0,2,71054.22456
2010000657414,1301,13,5,0,3,45077.41128
2010000659273,1303,16,1,0,2,10237.92053
2010000660069,1303,21,1,0,2,24219.55826
2010000660658,1305,19,1,0,2,52030.02895
2010000661115,1305,16,2,0,2,35817.44137
2010000663216,1302,20,1,0,9,16655.72146
2010000667792,1301,14,3,0,2,62038.7423
2010000667807,1305,77,2,0,2,64254.41167
2010000668144,1305,22,2,0,4,14822.06405
2010000668841,1303,60,1,0,7,6188.593752
2010000671237,1302,19,1,0,5,84042.6312
2010000671357,1302,14,2,0,2,47140.27586
2010000671737,1302,15,3,0,2,79458.48768
2010000678637,1303,27,5,0,2,70366.60303
2010000678742,1303,14,1,0,2,91682.8704
2010000679066,1305,50,2,0,4,32089.00464
2010000679227,1303,42,1,0,4,8709.872688
2010000679795,1303,14,1,0,6,29032.90896
2010000681462,1305,21,2,0,2,77166.41592
2010000684820,1302,14,3,0,2,101661.0228
2010000687092,1305,17,2,0,2,42433.88852
2010000688196,1302,13,1,0,4,19100.598
2010000689155,1303,16,4,0,2,37284.3673
2010000693832,1301,21,2,0,2,57378.19639
2010000696539,1302,14,2,0,2,71741.84609
2010000697684,1301,9,4,0,2,162813.4974
2010000697982,1303,15,2,0,2,55009.72224
2010000703556,1301,19,3,0,2,150741.9194
2010000705315,1305,23,0,0,9,-19998
2010000705525,1305,16,1,0,2,8480.665512
2010000706586,1305,16,2,0,2,30560.9568
2010000706728,1302,23,3,0,2,29796.93288
2010000707128,1305,43,1,0,2,53710.88158
2010000707227,1302,15,4,0,2,115367.6119
2010000707536,1303,16,2,0,1,4813.350696
2010000709441,1303,16,4,0,2,47369.48304
2010000709913,1303,13,3,0,2,34686.68597
2010000709952,1303,15,1,0,5,42785.33952
2010000711194,1302,23,1,0,9,8702.232449
2010000712630,1305,17,2,0,2,51571.6146
2010000713506,1305,11,1,0,2,71993.97398
2010000713896,1302,11,4,0,2,73117.08914
2010000714028,1303,11,1,0,4,45383.02085
2010000720632,1302,11,2,0,9,30560.9568
2010000725064,1303,24,1,0,6,7640.2392
2010000727087,1303,24,3,0,5,24372.36305
2010000729983,1301,37,5,0,2,6692.849539
2010000730372,1305,39,2,0,2,61121.9136
2010000730549,1302,16,2,0,2,82667.38814
2010000732517,1301,0,1,2,0,-19998
2010000732966,1305,0,1,1,0,-19998
2010000734369,1301,12,3,0,2,41639.30364
2010000735295,1305,18,2,0,9,82972.99771
2010000736637,1303,56,2,0,5,42785.33952
2010000737687,1302,48,0,0,2,-19998
2010000739293,1302,2,4,0,2,54780.51506
2010000739568,1303,6,2,0,2,50425.57872
2010000746794,1301,55,3,0,2,40187.65819
2010000749018,1303,22,2,0,2,76402.392
2010000751521,1305,44,0,0,5,-19998
2010000751691,1302,20,2,0,2,45383.02085
2010000755138,1305,13,3,0,2,82514.58336
2010000761220,1302,21,4,0,2,83278.60728
2010000762375,1305,21,2,0,2,18107.3669
2010000763741,1305,13,6,0,2,60205.0849
2010000766815,1301,19,1,0,2,4584.14352
2010000769715,1302,11,2,0,2,36673.14816
2010000772303,1302,21,1,0,5,5294.685766
2010000775734,1302,15,1,0,2,51877.22417
2010000775770,1303,11,2,0,2,45535.82563
2010000779718,1305,20,2,0,5,95510.63024
2010000780211,1305,9,4,0,2,76402.392
2010000781509,1302,36,4,0,2,38201.196
2010000782815,1301,0,1,2,0,-19998
2010000783115,1301,15,2,0,2,24448.76544
2010000787624,1302,43,2,0,2,9168.28704
2010000791363,1305,22,4,0,2,51953.62656
2010000792520,1302,19,2,0,2,46605.45912
2010000798002,1305,14,1,0,2,16044.50232
2010000798725,1302,0,1,1,0,-19998
2010000799496,1303,14,1,0,2,0
2010000803381,1305,20,1,0,6,229971.1999
2010000804646,1301,17,1,0,2,34381.0764
2010000808446,1303,12,1,0,2,11460.3588
2010000810468,1302,17,1,0,3,7487.434416
2010000811328,1305,11,1,0,8,12300.78511
2010000815071,1305,15,2,0,2,28498.09222
2010000815080,1301,36,6,0,1,27504.86112
2010000821741,1302,0,1,2,0,-19998
2010000825862,1301,10,2,0,2,33846.25966
2010000828882,1301,21,1,0,2,9321.091824
2010000832393,1302,18,2,0,2,18794.98843
2010000833187,1303,14,3,0,4,76402.392
2010000834599,1305,14,4,0,2,56155.75812
2010000834968,1302,18,2,0,2,45841.4352
2010000842347,1302,0,1,1,0,-19998
2010000842651,1303,16,2,0,9,14669.25926
2010000843388,1303,36,1,0,4,11460.3588
2010000843466,1303,23,0,0,2,-19998
2010000844387,1301,14,1,0,2,21392.66976
2010000844641,1302,14,2,0,2,13141.21142
2010000845110,1301,18,2,0,5,28116.08026
2010000847859,1302,15,8,0,2,20628.64584
2010000848155,1303,17,1,0,5,33464.2477
2010000849506,1303,13,3,0,5,9779.506176
2010000850294,1301,12,2,0,2,43702.16822
2010000851876,1303,17,2,0,2,75179.95373
2010000853754,1302,11,4,0,2,58829.84184
2010000854611,1302,14,1,0,2,17037.73342
2010000857295,1305,15,1,0,6,4584.14352
2010000859725,1305,19,1,0,6,54245.69832
2010000860791,1301,38,1,0,6,229.207176
2010000862047,1302,16,2,0,2,29338.51853
2010000862584,1302,12,4,0,2,179927.6332
2010000869512,1305,16,1,0,2,19864.62192
2010000872266,1302,12,1,0,2,39347.23188
2010000876669,1302,0,1,2,0,-19998
2010000876771,1301,21,2,0,1,8939.079864
2010000883426,1303,18,4,0,2,61962.33991
2010000883873,1302,13,1,0,8,11330.47473
2010000884975,1301,45,2,0,9,18642.18365
2010000885298,1301,24,2,0,2,44313.38736
2010000885789,1301,12,4,0,2,78541.65898
2010000887796,1301,16,3,0,2,102379.2053
2010000889051,1301,21,1,0,9,2483.07774
2010000892191,1305,11,4,0,2,35068.69793
2010000894158,1302,24,2,0,9,65324.04516
2010000898043,1302,8,3,0,2,42708.93713
2010000903485,1305,64,1,0,5,91682.8704
2010000904897,1302,25,2,0,2,39729.24384
2010000906560,1305,15,4,0,2,99323.1096
2010000907475,1302,14,2,0,2,69526.17672
2010000907843,1302,12,1,0,2,9855.908568
2010000908170,1302,21,2,0,2,38201.196
2010000912798,1305,32,2,0,3,0
2010000914066,1302,11,3,0,2,64330.81406
2010000914789,1302,9,2,0,2,52259.23613
2010000917782,1303,29,1,0,2,36749.55055
2010000918037,1301,17,3,0,2,34915.89314
2010000918598,1302,56,4,0,6,5271.765048
2010000919637,1302,26,3,0,2,38354.00078
2010000921259,1303,14,1,0,3,15280.4784
2010000921777,1303,35,4,0,2,27734.0683
2010000922974,1305,25,2,0,2,36673.14816
2010000924811,1305,14,4,0,2,71054.22456
2010000925588,1302,18,1,0,2,20170.23149
2010000927044,1305,21,3,0,2,84806.65512
2010000933068,1301,15,5,0,2,98268.75659
2010000933155,1302,19,3,0,2,46911.06869
2010000939722,1305,14,1,0,3,19864.62192
2010000944522,1302,18,1,0,2,31172.17594
2010000947878,1303,23,3,0,2,64942.0332
2010000956220,1301,17,6,0,3,32471.0166
2010000958251,1303,15,4,0,2,38583.20796
2010000960863,1301,14,2,0,2,27963.27547
2010000961435,1302,24,1,0,2,51953.62656
2010000965169,1305,11,2,0,5,27963.27547
2010000966477,1301,16,3,0,2,64942.0332
2010000969024,1305,64,2,0,6,33235.04052
2010000969309,1301,22,1,0,2,28398.76911
2010000970953,1303,16,2,0,2,46299.84955
2010000971809,1302,53,2,0,2,78694.46376
2010000971848,1303,15,1,0,2,47598.69022
2010000972226,1305,15,1,0,8,11536.76119
2010000973439,1301,24,2,0,2,40111.2558
2010000974103,1302,19,2,0,2,44160.58258
2010000977028,1303,26,3,0,2,36673.14816
2010000977593,1302,15,1,0,7,0
2010000981200,1303,13,1,0,7,19100.598
2010000981470,1305,25,2,0,6,31019.37115
2010000982035,1305,0,1,2,0,-19998
2010000984386,1303,10,4,0,4,11001.94445
2010000984755,1302,29,3,0,3,62038.7423
2010000985395,1301,42,0,0,8,-19998
2010000987721,1305,17,2,0,7,9932.31096
2010000989687,1303,17,1,0,2,12300.78511
2010000990012,1305,17,1,0,4,37666.37926
2010000990512,1301,0,1,2,0,-19998
2010000991502,1301,47,2,0,6,382.01196
2010000992249,1302,21,1,0,2,19719.45738
2010000993033,1302,13,1,0,9,19559.01235
2010000994223,1301,19,2,0,2,40493.26776
2010000996005,1301,27,2,0,2,114603.588
2010000998066,1303,56,1,0,9,1222.438272
2010000998103,1301,16,3,0,2,84042.6312
2010000998413,1301,8,2,0,2,20567.52393
2010000999997,1303,17,2,0,2,63413.98536
2010001001725,1303,15,8,0,2,157236.1227
2010001002140,1302,19,2,0,2,28268.88504
2010001003273,1303,44,4,0,2,12224.38272
2010001005716,1301,12,1,0,2,9244.689432
2010001006000,1305,25,1,0,5,26740.8372
2010001007515,1301,18,2,0,2,38896.45777
2010001007682,1303,51,4,0,2,37207.9649
2010001008572,1302,16,3,0,2,23073.52238
2010001009618,1301,6,2,0,1,49676.83528
2010001011075,1302,0,1,1,0,-19998
2010001011114,1305,13,2,0,2,52030.02895
2010001011805,1305,45,2,0,2,23531.93674
2010001012405,1305,12,2,0,2,114909.1976
2010001013566,1305,15,1,0,2,25594.80132
2010001018017,1303,15,3,0,2,28268.88504
2010001019356,1305,17,2,0,2,69526.17672
2010001022729,1303,15,1,0,9,9855.908568
2010001026429,1305,40,6,0,2,157391.9836
2010001028513,1305,14,1,0,2,25747.6061
2010001028973,1301,6,2,0,2,25518.39893
2010001034754,1305,13,1,0,2,113075.5402
2010001039693,1303,23,1,0,2,135232.2338
2010001044374,1301,0,1,2,0,-19998
2010001046845,1305,14,1,0,2,44313.38736
2010001046951,1303,20,2,0,9,24677.97262
2010001047062,1301,12,2,0,5,77739.43386
2010001047489,1302,19,1,0,4,68.7621528
2010001048883,1303,16,4,0,2,93363.72302
2010001052557,1303,0,1,2,0,-19998
2010001057298,1302,30,6,0,2,124872.0695
2010001058577,1301,14,3,0,2,55292.41109
2010001069177,1302,25,1,0,2,19329.80518
2010001070501,1305,19,1,0,8,11460.3588
2010001072080,1305,19,1,0,7,24372.36305
2010001072796,1303,27,2,0,2,24143.15587
2010001072930,1302,11,2,0,2,59593.86576
2010001075212,1301,29,5,0,8,29796.93288
2010001078489,1302,18,2,0,2,34686.68597
2010001081135,1305,16,3,0,2,53481.6744
2010001081192,1302,45,1,0,3,33617.05248
2010001086777,1303,34,2,0,4,0
2010001088380,1305,16,2,0,2,128356.0186
2010001088500,1301,22,1,0,7,35145.10032
2010001088674,1303,20,3,0,7,45841.4352
2010001089505,1302,15,3,0,2,16273.7095
2010001090558,1305,21,2,0,2,100545.5479
2010001091882,1303,13,1,0,2,11001.94445
2010001092093,1303,16,3,0,2,47369.48304
2010001092893,1301,15,2,0,2,70213.79825
2010001096068,1302,0,1,1,0,-19998
2010001099598,1305,12,0,0,4,-19998
2010001100450,1305,11,1,0,8,6188.593752
2010001108697,1302,18,1,0,3,22920.7176
2010001108743,1303,19,4,0,2,54245.69832
2010001109258,1301,8,2,0,3,24143.15587
2010001110221,1303,31,3,0,2,74874.34416
2010001113902,1303,9,3,0,2,34381.0764
2010001116357,1303,18,2,0,2,36673.14816
2010001116962,1303,11,2,0,2,35145.10032
2010001119352,1305,19,1,0,2,58829.84184
2010001121192,1301,16,2,0,2,107727.3727
2010001128411,1301,16,1,0,2,22538.70564
2010001129588,1305,15,2,0,2,20689.76775
2010001130379,1301,14,3,0,2,40034.85341
2010001134443,1302,22,1,0,2,24143.15587
2010001141654,1303,17,1,0,3,36138.33142
2010001142741,1301,16,2,0,2,42326.92517
2010001144063,1302,20,3,0,3,10085.11574
2010001155161,1302,12,1,0,2,0
2010001156555,1303,25,2,0,2,41639.30364
2010001158275,1303,13,4,0,2,119187.7315
2010001160470,1302,13,2,0,2,21698.27933
2010001161202,1305,14,2,0,2,30538.03608
2010001161924,1301,12,1,0,7,8327.860728
2010001163233,1303,33,4,0,4,18336.57408
2010001163448,1305,22,0,0,4,-19998
2010001164705,1303,38,0,0,2,-19998
2010001166232,1301,13,2,0,2,110042.3652
2010001168362,1305,16,1,0,9,25518.39893
2010001172212,1305,14,2,0,2,123771.875
2010001172500,1305,16,1,0,9,8251.458336
2010001174688,1305,17,2,0,2,46605.45912
2010001179056,1305,14,2,0,2,82743.79054
2010001180160,1305,13,4,0,2,67234.10496
2010001181303,1303,19,3,0,2,78618.06137
2010001182400,1303,13,3,0,6,11231.15162
2010001182540,1302,19,5,0,2,69144.16476
2010001183851,1305,12,1,0,8,14791.50309
2010001184054,1302,13,2,0,1,18642.18365
2010001184060,1302,10,3,0,3,12988.40664
2010001185263,1302,9,1,0,7,12377.1875
2010001185578,1303,14,2,0,2,77166.41592
2010001186134,1305,14,2,0,2,20475.84106
2010001188450,1301,63,0,0,2,-19998
2010001189816,1305,14,1,0,5,24754.37501
2010001190401,1302,0,1,1,0,-19998
2010001192046,1302,16,1,0,8,4049.326776
2010001194905,1301,19,1,0,6,0
2010001196612,1303,11,1,0,5,22920.7176
2010001198984,1302,3,1,0,2,19100.598
2010001200988,1305,15,1,0,8,11460.3588
2010001203461,1301,0,1,2,0,-19998
2010001210747,1305,19,1,0,5,80222.5116
2010001211139,1303,20,1,0,4,649.420332
2010001211748,1303,21,2,0,2,166557.2146
2010001211914,1301,15,4,0,2,46636.02008
2010001217585,1303,15,2,0,2,44389.78975
2010001221155,1305,26,2,0,7,0
2010001222775,1303,30,1,0,2,25671.20371
2010001222980,1305,0,1,1,0,-19998
2010001224712,1303,20,2,0,2,15318.6796
2010001224751,1303,16,2,0,8,17152.337
2010001225182,1303,16,5,0,2,29796.93288
2010001229034,1302,0,1,1,0,-19998
2010001229219,1301,18,3,0,9,65171.24038
2010001230657,1302,37,2,0,2,14134.44252
2010001232735,1303,17,3,0,2,59517.46337
2010001233950,1301,16,3,0,2,63643.19254
2010001238226,1305,14,2,0,2,32700.22378
2010001238577,1305,22,1,0,7,22691.51042
2010001238692,1301,18,2,0,1,27504.86112
2010001240207,1301,15,2,0,2,68762.1528
2010001241679,1302,20,6,0,2,96037.80674
2010001242380,1305,0,1,2,0,-19998
2010001242543,1305,16,2,0,2,9168.28704
2010001243853,1305,23,3,0,7,62420.75426
2010001246737,1303,23,3,0,2,55850.14855
2010001248382,1301,27,3,0,8,77701.23266
2010001249087,1301,16,4,0,2,74874.34416
2010001250031,1301,17,3,0,2,61733.13274
2010001251222,1303,41,3,0,2,82606.26623
2010001251783,1305,15,5,0,2,91682.8704
2010001253829,1301,15,2,0,2,32700.22378
2010001255338,1305,12,1,0,9,8327.860728
2010001257302,1305,20,2,0,6,13752.43056
2010001260427,1303,17,2,0,2,55162.52702
2010001263081,1305,21,2,0,5,22920.7176
2010001263470,1303,22,2,0,2,58065.81792
2010001263760,1301,16,1,0,8,2826.888504
2010001268435,1301,15,2,0,2,45841.4352
2010001268464,1303,12,2,0,2,42861.74191
2010001270461,1301,54,2,0,2,1069.633488
2010001271275,1303,16,2,0,2,48133.50696
2010001273614,1301,14,2,0,2,93210.91824
2010001277518,1303,19,2,0,2,22309.49846
2010001280359,1305,51,2,0,2,42938.1443
2010001283194,1303,15,1,0,2,45841.4352
2010001283559,1305,18,2,0,2,41257.29168
2010001283765,1302,0,1,1,0,-19998
2010001285817,1305,15,1,0,2,38239.3972
2010001286570,1305,12,1,0,5,26817.23959
2010001292038,1303,27,3,0,2,78029.76295
2010001292185,1301,35,0,0,2,-19998
2010001294567,1305,12,2,0,10,48897.53088
2010001295268,1302,19,2,0,2,18794.98843
2010001295823,1301,20,2,0,2,145164.5448
2010001295844,1301,19,1,0,2,30331.74962
2010001300212,1302,26,4,0,8,10085.11574
2010001300662,1303,36,0,0,6,-19998
2010001301977,1303,23,2,0,2,39706.32312
2010001301986,1302,33,6,0,2,50043.56676
2010001304322,1301,14,4,0,2,8939.079864
2010001306685,1303,22,3,0,5,25976.81328
2010001307675,1301,15,3,0,2,61733.13274
2010001308279,1305,16,2,0,2,23913.9487
2010001309699,1302,26,1,0,2,25212.78936
2010001310638,1305,0,1,1,0,-19998
2010001325878,1302,7,1,0,2,7640.2392
2010001327145,1302,10,2,0,9,26358.82524
2010001327884,1302,12,2,0,9,25594.80132
2010001329160,1301,15,2,0,2,100087.1335
2010001329274,1301,11,1,0,2,28421.68982
2010001331254,1301,20,2,0,9,91682.8704
2010001332968,1302,15,2,0,2,101233.1694
2010001336445,1303,30,1,0,2,91912.07758
2010001339075,1302,22,2,0,2,8251.458336
2010001339253,1305,21,2,0,6,5882.984184
2010001342693,1302,57,1,0,6,0
2010001343054,1301,14,2,0,6,240438.3276
2010001343248,1302,50,2,0,4,5577.374616
2010001352823,1303,19,4,0,2,80222.5116
2010001353463,1303,17,4,0,7,30866.56637
2010001353683,1303,18,4,0,2,101920.7909
2010001354714,1303,13,3,0,2,36100.13022
2010001356607,1305,16,4,0,2,153087.4729
2010001359115,1305,15,2,0,2,47866.09859
2010001361013,1302,10,2,0,2,65706.05712
2010001361202,1301,0,1,2,0,-19998
2010001362904,1305,27,2,0,2,93669.33259
2010001363749,1303,17,2,0,2,106963.3488
2010001364121,1302,23,1,0,2,27810.47069
2010001365562,1302,17,2,0,2,160674.2304
2010001365751,1305,18,2,0,2,80222.5116
2010001368944,1305,12,4,0,2,88626.77472
2010001369180,1303,15,1,0,2,34381.0764
2010001369366,1302,19,1,0,9,6188.593752
2010001369420,1301,23,1,0,9,11460.3588
2010001374098,1303,11,1,0,2,31897.99866
2010001374920,1303,17,7,0,2,246015.7022
2010001382900,1303,43,1,0,5,4584.14352
2010001384010,1301,14,1,0,2,30560.9568
2010001386579,1303,48,3,0,7,10543.5301
2010001388031,1305,20,1,0,2,0
2010001389429,1302,18,2,0,2,20934.25541
2010001390253,1305,18,4,0,2,22920.7176
2010001390826,1301,30,3,0,7,611.219136
2010001394600,1302,12,2,0,2,48439.11653
2010001395284,1303,11,2,0,2,32623.82138
2010001396884,1305,18,2,0,2,19100.598
2010001397235,1303,0,1,2,0,-19998
2010001397718,1301,12,1,0,2,16808.52624
2010001399040,1301,0,1,2,0,-19998
2010001403283,1303,40,0,0,2,-19998
2010001403671,1305,16,2,0,5,8633.470296
2010001405208,1301,11,2,0,2,70290.20064
2010001410524,1305,17,1,0,6,3820.1196
2010001410551,1302,46,1,0,2,2674.08372
2006000001773,1302,15,3,0,3,18741.50676
2006000003034,1303,29,4,0,2,122243.8272
2006000003137,1302,43,0,0,2,-19998
2006000003183,1301,11,2,0,2,34839.49075
2006000003339,1301,70,2,0,2,39729.24384
2006000004863,1302,15,3,0,2,65706.05712
2006000008922,1303,46,1,0,2,34381.0764
2006000009585,1305,13,2,0,2,20712.68847
2006000014170,1302,9,3,0,2,59288.25619
2006000015445,1303,20,2,0,2,22385.90086
2006000015871,1302,20,1,0,2,15051.27122
2006000020419,1302,3,1,0,2,19635.41474
2006000021443,1303,17,1,0,2,47369.48304
2006000024879,1301,15,2,0,2,29835.13408
2006000032363,1303,13,1,0,2,53481.6744
2006000033881,1305,13,2,0,6,52832.25407
2006000039118,1303,31,2,0,8,7487.434416
2006000043235,1305,62,1,0,2,16128.54495
2006000045349,1305,14,2,0,2,23707.66224
2006000050393,1301,11,4,0,3,51189.60264
2006000057464,1305,22,2,0,2,8285.075388
2006000057988,1305,15,2,0,2,49585.15241
2006000060971,1303,14,2,0,2,61121.9136
2006000064970,1302,11,3,0,2,26664.43481
2006000067898,1301,10,4,0,2,83584.21685
2006000069211,1302,104,3,0,2,10161.51814
2006000069847,1302,30,2,0,2,61121.9136
2006000071677,1302,22,2,0,2,32012.60225
2006000073442,1305,17,1,0,4,25212.78936
2006000073503,1301,27,2,0,2,45841.4352
2006000077976,1303,37,1,0,2,40493.26776
2006000078033,1303,27,2,0,2,64178.00928
2006000085117,1305,17,1,0,2,40493.26776
2006000087127,1301,46,3,0,2,35756.31946
2006000089567,1301,0,1,2,0,-19998
2006000094577,1302,25,4,0,2,69526.17672
2006000095002,1303,16,1,0,2,50425.57872
2006000096385,1302,12,1,0,2,30408.15202
2006000104316,1301,13,2,0,2,77166.41592
2006000104707,1305,16,3,0,2,61121.9136
2006000108417,1305,15,2,0,3,76402.392
2006000109675,1305,15,2,0,2,71818.24848
2006000114109,1305,21,4,0,2,46758.2639
2006000117669,1305,15,3,0,2,61121.9136
2006000120053,1303,19,2,0,2,61580.32795
2006000123681,1301,16,2,0,2,57225.39161
2006000130975,1305,19,4,0,2,26740.8372
2006000131265,1303,17,2,0,2,45841.4352
2006000131639,1302,14,2,0,1,63337.58297
2006000132888,1303,19,2,0,2,70290.20064
2006000134066,1302,9,4,0,2,48897.53088
2006000135585,1303,18,1,0,6,22847.3713
2006000136334,1302,62,3,0,5,3972.924384
2006000137822,1305,17,2,0,2,85647.08143
2006000138806,1302,11,4,0,2,24983.58218
2006000138940,1301,20,3,0,2,92752.50389
2006000139803,1301,9,0,0,4,-19998
2006000140019,1301,57,1,0,6,4125.729168
2006000140427,1305,11,1,0,9,33617.05248
2006000141317,1305,44,0,0,4,-19998
2006000142791,1301,21,2,0,2,61121.9136
2006000150787,1305,9,3,0,9,23684.74152
2006000155659,1305,0,1,1,0,-19998
2006000159844,1301,15,4,0,2,118423.7076
2006000160404,1303,15,2,0,2,67264.66592
2006000162375,1302,14,4,0,2,15586.08797
2006000162812,1302,6,6,0,2,45077.41128
2006000163881,1301,12,1,0,2,23302.72956
2006000166788,1302,41,5,0,2,56537.77008
2006000166954,1302,60,3,0,2,4507.741128
2006000167828,1305,57,0,0,1,-19998
2006000170439,1302,3,3,0,2,49852.56078
2006000172143,1302,5,2,0,2,41639.30364
2006000176540,1305,0,1,2,0,-19998
2006000177527,1305,0,1,1,0,-19998
2006000179004,1301,20,2,0,2,37437.17208
2006000186502,1302,15,1,0,2,24448.76544
2006000189492,1303,15,2,0,2,27810.47069
2006000190871,1305,21,2,0,2,63413.98536
2006000191216,1301,14,2,0,2,67998.12888
2006000195852,1303,15,2,0,2,72016.8947
2006000203042,1305,13,1,0,9,114603.588
2006000203975,1302,0,1,1,0,-19998
2006000204318,1305,19,2,0,2,99857.92634
2006000205435,1301,59,3,0,2,64178.00928
2006000207388,1305,13,4,0,3,30744.32254
2006000207875,1305,21,0,0,2,-19998
2006000208471,1301,44,2,0,2,59517.46337
2006000209408,1305,0,1,1,0,-19998
2006000214373,1301,26,1,0,9,8480.665512
2006000215094,1302,15,2,0,2,63637.08034
2006000218378,1302,19,2,0,2,23990.35109
2006000219504,1302,20,2,0,2,61274.71838
2006000220135,1301,13,5,0,2,117659.6837
2006000225777,1305,17,2,0,2,53405.27201
2006000229510,1303,18,3,0,2,85723.48382
2006000231480,1302,8,5,0,3,31622.95005
2006000232005,1303,17,2,0,4,16961.33102
2006000232535,1303,0,1,2,0,-19998
2006000233073,1301,13,2,0,2,16044.50232
2006000237406,1301,13,1,0,2,16884.92863
2006000238683,1302,10,2,0,2,76402.392
2006000242603,1305,61,1,0,4,14516.45448
2006000243254,1302,48,0,0,6,-19998
2006000243908,1302,27,2,0,2,27504.86112
2006000247183,1305,20,2,0,7,34381.0764
2006000248590,1301,16,4,0,2,57301.794
2006000254607,1301,34,0,0,7,-19998
2006000256148,1301,10,1,0,6,4354.936344
2006000258480,1302,21,2,0,7,40798.87733
2006000261358,1301,14,1,0,2,47369.48304
2006000261860,1303,13,1,0,2,30790.16398
2006000266125,1302,12,4,0,2,57072.58682
2006000272512,1302,22,5,0,2,38201.196
2006000276635,1302,21,2,0,5,35924.40472
2006000278307,1301,37,3,0,2,51800.82178
2006000281401,1302,18,4,0,8,29796.93288
2006000281981,1301,28,2,0,2,45841.4352
2006000283750,1303,26,1,0,7,12224.38272
2006000284964,1305,27,4,0,2,46070.64238
2006000285315,1302,19,1,0,9,18336.57408
2006000288016,1303,14,1,0,2,32089.00464
2006000289200,1301,20,2,0,2,126063.9468
2006000292721,1303,24,4,0,2,38583.20796
2006000293094,1302,19,2,0,7,10925.54206
2006000294226,1302,13,3,0,8,916.828704
2006000294293,1305,16,1,0,3,22156.69368
2006000296200,1302,3,4,0,2,50501.98111
2006000297109,1302,43,3,0,2,40332.82274
2006000299319,1302,14,2,0,2,69182.36596
2006000303879,1301,22,2,0,2,14516.45448
2006000306649,1301,16,2,0,2,38201.196
2006000306967,1305,0,1,1,0,-19998
2006000307893,1302,16,2,0,2,64942.0332
2006000315333,1302,50,3,0,2,305.609568
2006000315756,1302,24,5,0,2,81788.76064
2006000317537,1301,21,1,0,5,9168.28704
2006000320236,1302,12,1,0,2,29032.90896
2006000320749,1302,23,1,0,2,7640.2392
2006000321611,1301,10,4,0,2,75638.36808
2006000321901,1303,5,3,0,2,117659.6837
2006000323984,1302,5,4,0,2,66088.06908
2006000324348,1303,12,1,0,6,29032.90896
2006000325281,1305,48,1,0,6,11842.37076
2006000325898,1302,62,0,0,6,-19998
2006000327346,1302,15,2,0,2,95235.58163
2006000329645,1305,18,1,0,2,53481.6744
2006000330958,1301,13,2,0,2,47904.29978
2006000332998,1302,15,1,0,2,12912.00425
2006000335936,1305,3,4,0,2,34243.55209
2006000338575,1301,61,4,0,2,15891.69754
2006000345302,1302,18,2,0,2,40493.26776
2006000346439,1301,86,3,0,2,64025.2045
2006000348646,1305,11,1,0,8,20628.64584
2006000348655,1305,15,1,0,7,19100.598
2006000350031,1301,39,1,0,2,6417.800928
2006000354754,1301,14,2,0,2,29338.51853
2006000356539,1305,15,2,0,2,69938.74964
2006000359072,1302,0,1,1,0,-19998
2006000359459,1302,19,3,0,2,26970.04438
2006000360362,1302,15,2,0,2,32318.21182
2006000360631,1305,7,2,0,2,9168.28704
2006000367997,1302,32,2,0,8,19100.598
2006000369432,1301,38,1,0,2,66088.06908
2006000371008,1303,12,1,0,2,21392.66976
2006000371281,1301,16,1,0,2,39882.04862
2006000375339,1302,21,2,0,8,7334.629632
2006000378742,1301,29,3,0,2,17037.73342
2006000379748,1302,22,5,0,2,74263.12502
2006000381599,1302,18,4,0,2,56537.77008
2006000383629,1302,22,2,0,2,14562.29592
2006000383708,1301,57,3,0,2,36673.14816
2006000386121,1301,34,2,0,2,159680.9993
2006000388482,1302,14,2,0,2,95502.99
2006000394349,1302,13,1,0,9,9932.31096
2006000395775,1301,87,2,0,6,9435.695412
2006000396804,1303,24,2,0,2,24448.76544
2006000396928,1303,15,2,0,6,22920.7176
2006000400555,1301,12,1,0,1,13523.22338
2006000401857,1302,32,3,0,7,33693.45487
2006000404351,1303,26,2,0,4,26588.03242
2006000406614,1305,17,3,0,2,55238.92942
2006000406859,1303,16,3,0,2,61121.9136
2006000411688,1301,18,2,0,2,36061.92902
2006000412566,1301,44,1,0,4,3132.498072
2006000416410,1305,15,2,0,2,52717.65048
2006000418250,1303,38,0,0,6,-19998
2006000419256,1303,10,1,0,2,45841.4352
2006000421132,1303,21,1,0,2,17725.35494
2006000421219,1305,16,2,0,2,118423.7076
2006000421742,1303,10,2,0,5,20628.64584
2006000422077,1303,14,1,0,2,10925.54206
2006000426456,1302,26,2,0,2,51189.60264
2006000426836,1302,16,3,0,4,27886.87308
2006000429948,1305,14,2,0,2,301025.4245
2006000430138,1301,60,1,0,2,27504.86112
2006000430340,1302,19,1,0,2,6188.593752
2006000431326,1303,12,6,0,2,40416.86537
2006000431508,1302,19,3,0,2,15150.59433
2006000431633,1303,20,3,0,2,97107.44023
2006000439694,1302,2,3,0,2,8404.26312
2006000440051,1302,33,1,0,2,30560.9568
2006000440554,1305,12,2,0,9,34381.0764
2006000440721,1301,23,2,0,2,16808.52624
2006000443588,1303,13,2,0,2,45459.42324
2006000443885,1305,21,4,0,2,28268.88504
2006000445131,1305,17,3,0,2,79313.32314
2006000446067,1305,20,2,0,2,45841.4352
2006000446650,1305,16,2,0,2,116131.6358
2006000447161,1303,12,1,0,2,8832.116515
2006000447446,1305,10,1,0,2,19100.598
2006000451570,1301,16,3,0,6,4278.533952
2006000455054,1301,12,2,0,4,6876.21528
2006000458539,1303,17,4,0,2,35221.50271
2006000459875,1302,54,0,0,7,-19998
2006000463263,1305,57,1,0,2,38201.196
2006000463314,1302,20,5,0,2,15127.67362
2006000463875,1301,14,3,0,2,57301.794
2006000463908,1302,17,2,0,2,44007.77779
2006000464185,1302,15,2,0,2,29185.71374
2006000466498,1303,18,1,0,2,131412.1142
2006000468015,1305,15,1,0,2,11689.56598
2006000469309,1303,17,4,0,2,66546.48343
2006000471129,1303,15,1,0,5,5500.972224
2006000472117,1302,13,1,0,4,38201.196
2006000472948,1302,20,2,0,2,56232.16051
2006000474052,1301,21,1,0,2,51189.60264
2006000475418,1302,13,1,0,1,15662.49036
2006000478480,1303,32,5,0,2,100010.7311
2006000481104,1305,15,1,0,9,8404.26312
2006000482801,1301,26,1,0,5,4736.948304
2006000483265,1301,17,1,0,2,71283.43174
2006000486934,1303,10,1,0,9,8495.94599
2006000488395,1302,13,1,0,2,45841.4352
2006000488419,1301,25,3,0,2,25365.59414
2006000489578,1302,43,1,0,2,15280.4784
2006000492047,1302,16,3,0,2,57301.794
2006000493089,1305,21,1,0,7,25212.78936
2006000493969,1305,26,2,0,1,84042.6312
2006000494750,1305,16,6,0,2,131412.1142
2006000496897,1301,14,5,0,2,23684.74152
2006000501158,1305,15,4,0,2,55315.33181
2006000502355,1302,12,3,0,2,35145.10032
2006000511066,1303,16,1,0,2,22920.7176
2006000514348,1301,34,1,0,4,2139.266976
2006000514999,1301,48,1,0,9,22920.7176
2006000515380,1302,0,1,1,0,-19998
2006000515577,1303,15,4,0,2,62573.55905
2006000519961,1305,21,2,0,6,34381.0764
2006000523927,1303,9,4,0,2,8251.458336
2006000523966,1302,40,2,0,2,58065.81792
2006000524520,1302,43,4,0,7,19100.598
2006000526601,1305,15,2,0,2,87862.7508
2006000526868,1301,25,6,0,2,93898.53977
2006000527141,1302,44,1,0,2,51266.00503
2006000528759,1303,7,3,0,2,79313.32314
2006000531714,1303,26,1,0,2,51189.60264
2006000533968,1305,12,1,0,4,10696.33488
2006000534416,1303,4,2,0,2,21010.6578
2006000534639,1303,14,2,0,2,25594.80132
2006000534907,1303,7,2,0,2,20429.99962
2006000535589,1305,15,3,0,2,56690.57486
2006000538673,1302,15,1,0,5,29644.1281
2006000539181,1305,12,1,0,4,32089.00464
2006000539335,1301,10,1,0,2,27504.86112
2006000539701,1303,12,2,0,2,36841.23342
2006000548119,1302,10,2,0,2,15280.4784
2006000549904,1305,30,1,0,7,9168.28704
2006000550160,1301,37,3,0,2,0
2006000555462,1305,12,2,0,2,25212.78936
2006000556947,1302,12,4,0,2,45841.4352
2006000559887,1302,15,2,0,2,56155.75812
2006000561127,1303,20,3,0,2,40722.47494
2006000563756,1303,11,2,0,3,9321.091824
2006000570843,1301,53,0,0,2,-19998
2006000571638,1303,14,1,0,2,9550.299
2006000573154,1302,21,1,0,8,86487.50774
2006000573169,1302,23,2,0,2,27886.87308
2006000573616,1303,27,1,0,2,40493.26776
2006000573701,1305,18,3,0,2,98864.69525
2006000574519,1301,14,1,0,2,30560.9568
2006000575585,1301,61,2,0,2,42785.33952
2006000575714,1305,11,4,0,2,30713.76158
2006000577936,1301,77,3,0,6,22309.49846
2006000581986,1303,17,3,0,2,41257.29168
2006000585819,1301,14,5,0,2,6264.996144
2006000588644,1302,42,2,0,9,11383.95641
2006000588821,1305,48,0,0,9,-19998
2006000598261,1305,19,1,0,2,32853.02856
2006000598645,1305,16,1,0,2,76402.392
2006000599930,1305,18,1,0,2,76402.392
2006000601247,1305,15,4,0,2,114679.9904
2006000603521,1302,13,3,0,2,59899.47533
2006000604080,1303,8,3,0,2,82308.2969
2006000608367,1301,14,1,0,5,18336.57408
2006000608394,1302,16,1,0,7,10023.99383
2006000609178,1302,26,2,0,8,8251.458336
2006000609772,1305,16,2,0,2,125452.7277
2006000612161,1305,18,2,0,2,23531.93674
2006000612590,1305,21,1,0,6,30568.59704
2006000615292,1303,15,2,0,2,279479.9499
2006000615644,1303,19,3,0,2,72582.2724
2006000616196,1302,64,3,0,6,12606.39468
2006000616211,1305,19,2,0,4,15433.28318
2006000620030,1303,16,2,0,2,17343.34298
2006000620535,1301,21,2,0,2,20628.64584
2006000620647,1305,37,1,0,4,12988.40664
2006000624688,1301,30,1,0,2,51953.62656
2006000627075,1302,9,2,0,2,23302.72956
2006000628568,1303,15,1,0,2,19100.598
2006000631464,1305,17,2,0,7,110783.4684
2006000637441,1301,23,3,0,2,66095.70932
2006000637457,1302,6,5,0,2,33005.83334
2006000637475,1302,14,2,0,2,102547.2905
2006000638085,1301,0,1,2,0,-19998
2006000639888,1305,22,1,0,7,14516.45448
2006000640277,1301,0,1,2,0,-19998
2006000643304,1303,45,5,0,5,13217.61382
2006000646087,1301,20,0,0,2,-19998
2006000647337,1301,11,1,0,2,10344.88388
2006000653053,1305,16,1,0,2,22997.11999
2006000653372,1305,29,3,0,2,30560.9568
2006000654390,1303,11,3,0,2,25976.81328
2006000656172,1303,36,3,0,2,38583.20796
2006000659222,1302,16,2,0,5,31477.7855
2006000662152,1302,42,2,0,5,15280.4784
2006000663283,1303,18,3,0,2,104060.0579
2006000664318,1302,18,2,0,2,53542.79631
2006000665015,1303,48,1,0,6,17266.94059
2006000671925,1301,12,2,0,2,22003.8889
2006000672580,1302,11,1,0,2,48133.50696
2006000681934,1301,20,4,0,5,22920.7176
2006000683920,1301,58,0,0,7,-19998
2006000686857,1305,49,1,0,4,32089.00464
2006000688113,1302,15,1,0,9,115138.4047
2006000692325,1305,16,2,0,2,77112.93425
2006000692881,1303,82,0,0,5,-19998
2006000695205,1303,10,3,0,2,60434.29207
2006000697029,1301,14,0,0,2,-19998
2006000700739,1302,48,2,0,8,7793.043984
2006000700894,1302,15,2,0,2,25388.51486
2006000702659,1302,18,2,0,2,120333.7674
2006000703122,1302,17,1,0,1,8327.860728
2006000706762,1301,16,5,0,2,111550.5484
2006000707500,1305,18,2,0,2,129887.1225
2006000708113,1305,20,1,0,6,6112.19136
2006000709246,1303,21,1,0,5,31493.06598
2006000710192,1302,0,1,1,0,-19998
2006000711161,1301,18,3,0,2,11231.15162
2006000711185,1303,13,2,0,2,38201.196
2006000712701,1305,9,1,0,2,59593.86576
2006000713072,1301,0,1,2,0,-19998
2006000714378,1305,61,1,0,6,17572.55016
2006000714771,1301,16,5,0,2,77235.17807
2006000715564,1305,17,1,0,2,50425.57872
2006000721505,1302,14,2,0,5,0
2006000723164,1302,14,4,0,2,57301.794
2006000723658,1305,16,2,0,2,60357.88968
2006000728075,1305,24,2,0,2,73346.29632
2006000733083,1303,62,3,0,2,24448.76544
2006000736051,1302,31,2,0,3,15280.4784
2006000739127,1305,0,1,1,0,-19998
2006000740050,1303,22,2,0,2,41028.0845
2006000742533,1305,17,5,0,2,99323.1096
2006000742909,1305,12,2,0,2,52870.45526
2006000744245,1305,18,2,0,2,33632.33296
2006000745659,1302,29,6,0,2,55009.72224
2006000746161,1305,0,1,1,0,-19998
2006000746401,1305,15,2,0,2,25999.734
2006000746865,1305,47,0,0,7,-19998
2006000747901,1302,4,2,0,2,263588.2524
2006000748268,1301,16,4,0,6,64101.60689
2006000748802,1302,0,1,1,0,-19998
2006000749077,1301,30,4,0,2,29185.71374
2006000749766,1303,12,2,0,2,32089.00464
2006000752678,1301,24,2,0,2,29032.90896
2006000759886,1303,12,1,0,2,30560.9568
2006000764261,1303,22,1,0,4,11842.37076
2006000765426,1305,15,1,0,2,17496.14777
2006000766691,1301,15,2,0,2,68777.43328
2006000767208,1303,13,1,0,2,39729.24384
2006000771773,1305,15,4,0,2,28421.68982
2006000775787,1305,10,1,0,9,36138.33142
2006000775888,1305,12,3,0,2,129884.0664
2006000776250,1303,15,1,0,2,11460.3588
2006000776430,1302,20,4,0,2,22156.69368
2006000776982,1301,18,5,0,6,63261.18058
2006000778922,1305,14,3,0,2,61121.9136
2006000779686,1305,44,2,0,6,20781.45062
2006000781758,1305,13,2,0,2,26771.39816
2006000785003,1303,16,2,0,2,22997.11999
2006000785027,1305,21,2,0,2,80298.91399
2006000786299,1301,0,1,2,0,-19998
2006000791913,1305,53,3,0,2,42021.3156
2006000792034,1302,19,2,0,2,16350.11189
2006000795111,1303,17,2,0,2,95502.99
2006000804368,1301,14,2,0,2,39729.24384
2006000804595,1301,50,1,0,2,4584.14352
2006000806434,1302,15,2,0,7,16808.52624
2006000808860,1303,18,3,0,2,85570.67904
2006000809541,1302,18,1,0,2,2826.888504
2006000811720,1302,0,1,2,0,-19998
2006000813346,1305,24,2,0,2,50425.57872
2006000818404,1302,14,2,0,2,54016.49114
2006000819359,1301,61,0,0,7,-19998
2006000821859,1303,19,5,0,2,57301.794
2006000822643,1305,19,1,0,7,6876.21528
2006000822891,1302,0,1,2,0,-19998
2006000829514,1301,29,4,0,2,42403.32756
2006000831199,1302,19,1,0,2,12835.60186
2006000835973,1301,21,1,0,2,16808.52624
2006000836476,1303,25,4,0,5,16059.7828
2006000838310,1302,50,0,0,2,-19998
2006000838724,1305,13,1,0,7,18794.98843
2006000838895,1305,13,1,0,6,11613.16358
2006000839065,1302,59,3,0,2,114603.588
2006000842307,1302,16,2,0,2,72582.2724
2006000845807,1302,65,1,0,5,8404.26312
2006000846409,1302,16,1,0,2,18794.98843
2006000846433,1303,9,2,0,2,39729.24384
2006000848644,1305,18,1,0,7,11078.34684
2006000848908,1305,9,4,0,2,45841.4352
2006000853296,1301,22,4,0,2,71130.62695
2006000860702,1305,55,0,0,5,-19998
2006000862084,1303,15,3,0,2,53481.6744
2006000863611,1301,14,2,0,2,41257.29168
2006000866459,1302,13,2,0,9,21010.6578
2006000866938,1305,15,1,0,9,9626.701392
2006000870448,1302,27,4,0,7,11460.3588
2006000871009,1302,22,1,0,2,47063.87347
2006000871407,1305,17,1,0,2,32012.60225
2006000878588,1302,10,5,0,2,75164.67325
2006000878729,1302,26,5,0,9,28039.67786
2006000881443,1305,23,1,0,8,3667.314816
2006000881467,1302,0,1,1,0,-19998
2006000886102,1302,17,2,0,9,11460.3588
2006000886129,1302,24,2,0,2,41642.35974
2006000889358,1301,36,2,0,3,3896.521992
2006000891152,1302,0,1,1,0,-19998
2006000892514,1305,10,4,0,2,168314.4696
2006000894239,1303,7,8,0,2,66852.093
2006000898327,1302,27,4,0,2,61121.9136
2006000901886,1305,20,1,0,2,46085.92285
2006000902861,1303,16,2,0,2,19864.62192
2006000903832,1302,9,4,0,2,58837.48208
2006000906053,1305,13,1,0,2,15051.27122
2006000907457,1303,19,1,0,2,90154.82256
2006000907665,1302,21,3,0,2,86716.71492
2006000908735,1301,30,0,0,2,-19998
2006000910130,1301,10,5,0,2,34381.0764
2006000911673,1301,18,1,0,2,38277.59839
2006000913551,1302,11,5,0,2,32776.62617
2006000914662,1303,23,3,0,4,91682.8704
2006000919556,1303,25,1,0,2,34381.0764
2006000920128,1305,20,2,0,2,79649.49366
2006000921888,1305,17,2,0,2,221566.9368
2006000924704,1303,8,7,0,2,18565.78126
2006000926497,1302,52,1,0,8,18336.57408
2006000926822,1302,10,5,0,2,46681.86151
2006000926855,1305,16,1,0,2,230735.2238
2006000928192,1302,9,5,0,2,38201.196
2006000929187,1301,57,1,0,2,34381.0764
2006000929865,1305,0,1,1,0,-19998
2006000930085,1301,42,3,0,5,19253.40278
2006000931925,1302,12,6,0,2,49126.73806
2006000932523,1302,13,2,0,2,64942.0332
2006000938013,1301,29,2,0,2,7487.434416
2006000942058,1301,18,1,0,2,36902.35534
2006000944589,1305,15,4,0,2,90918.84648
2006000946204,1301,9,6,0,2,78465.25658
2006000947872,1302,24,1,0,4,29262.11614
2006000950908,1301,13,2,0,1,34075.46683
2006000950981,1302,29,4,0,2,58829.84184
2006000954539,1305,18,2,0,2,53481.6744
2006000957038,1301,20,4,0,2,75638.36808
2006000959438,1303,19,3,0,2,43549.36344
2006000962703,1301,20,1,0,2,13752.43056
2006000963781,1305,15,4,0,2,162431.4854
2006000964382,1305,22,4,0,2,62955.57101
2006000964512,1305,43,2,0,2,15127.67362
2006000966622,1305,23,2,0,2,115214.8071
2006000968036,1305,23,4,0,2,56232.16051
2006000970341,1303,20,1,0,5,916.828704
2006000971037,1301,59,6,0,2,13370.4186
2006000971237,1302,11,2,0,2,53481.6744
2006000972987,1301,24,1,0,2,45841.4352
2006000973168,1302,12,3,0,9,10745.23241
2006000973274,1301,16,7,0,2,123237.0583
2006000976854,1303,19,2,0,2,3056.09568
2006000977490,1302,0,1,1,0,-19998
2006000979099,1301,9,1,0,5,91682.8704
2006000983325,1302,10,2,0,2,50425.57872
2006000983352,1301,20,3,0,2,33082.23574
2006000985092,1305,21,4,0,2,114603.588
2006000985770,1303,13,1,0,2,8404.26312
2006000985976,1301,22,3,0,2,101615.1814
2006000986922,1302,16,2,0,8,38224.11672
2006000987328,1301,14,1,0,8,1528.04784
2006000987545,1303,15,1,0,2,27504.86112
2006000990443,1301,25,2,0,2,37819.18404
2006000991849,1303,17,2,0,2,23073.52238
2006000992857,1302,22,3,0,2,36825.95294
2006000994683,1301,43,1,0,4,22920.7176
2006000996084,1302,5,5,0,6,30583.87752
2006000999095,1302,14,1,0,9,12377.1875
2006001008277,1305,12,4,0,2,64178.00928
2006001009513,1305,21,3,0,2,84042.6312
2006001012067,1303,22,3,0,2,77930.43984
2006001013988,1303,21,1,0,2,21392.66976
2006001014868,1303,12,2,0,2,124535.899
2006001017707,1301,13,1,0,7,1604.450232
2006001019472,1305,17,3,0,2,22233.09607
2006001020483,1301,8,2,0,2,47827.89739
2006001022508,1305,17,3,0,2,66622.88582
2006001024027,1303,14,2,0,2,42021.3156
2006001026475,1305,20,2,0,2,8213.25714
2006001027372,1302,0,1,1,0,-19998
2006001028572,1302,13,2,0,2,53481.6744
2006001033123,1301,17,0,0,2,-19998
2006001035222,1301,9,2,0,5,12071.57794
2006001037033,1305,23,2,0,2,23379.13195
2006001039823,1305,11,5,0,2,71283.43174
2006001040937,1302,23,4,0,4,24448.76544
2006001041981,1305,14,1,0,2,35527.11228
2006001042629,1301,44,2,0,2,9091.884648
2006001043862,1303,19,2,0,2,28039.67786
2006001046571,1302,11,5,0,2,42021.3156
2006001046756,1302,13,1,0,2,30560.9568
2006001048159,1303,18,1,0,8,22920.7176
2006001048464,1305,10,1,0,1,10161.51814
2006001050956,1302,16,2,0,6,10428.92651
2006001054421,1301,7,3,0,2,24219.55826
2006001057215,1305,9,3,0,2,64178.00928
2006001058458,1303,0,1,2,0,-19998
2006001060356,1305,23,1,0,8,19482.60996
2006001068261,1301,14,2,0,2,55009.72224
2006001068346,1305,0,1,1,0,-19998
2006001069161,1305,30,4,0,2,55773.74616
2006001069960,1303,35,3,0,2,137524.3056
2006001071363,1302,27,1,0,3,28650.897
2006001072967,1303,20,1,0,6,12071.57794
2006001073197,1305,15,1,0,2,55957.1119
2006001075199,1302,13,2,0,2,17725.35494
2006001077088,1301,23,2,0,2,28421.68982
2006001088292,1303,14,3,0,2,161973.071
2006001092223,1301,19,2,0,2,19024.19561
2006001093019,1305,18,3,0,2,32547.41899
2006001100034,1302,17,4,0,2,23684.74152
2006001101359,1305,0,1,1,0,-19998
2006001102588,1303,14,1,0,2,10314.32292
2006001104558,1305,12,4,0,2,97871.46415
2006001108742,1305,11,3,0,2,245633.6903
2006001109851,1302,15,2,0,9,19864.62192
2006001110219,1301,14,2,0,1,1260.639468
2006001111550,1301,0,1,2,0,-19998
2006001112139,1302,23,3,0,2,36443.94098
2006001112452,1301,11,2,0,2,63413.98536
2006001117108,1303,60,0,0,2,-19998
2006001125339,1302,22,3,0,2,49967.16437
2006001127688,1303,24,3,0,2,85769.32526
2006001128524,1305,21,2,0,6,40875.27972
2006001136066,1301,24,1,0,1,55009.72224
2006001140158,1305,18,2,0,2,46299.84955
2006001141439,1302,8,3,0,2,3820.1196
2006001141546,1302,14,2,0,2,51342.40742
2006001144185,1301,14,0,0,3,-19998
2006001147187,1305,18,1,0,2,0
2006001152819,1303,26,2,0,2,37559.41591
2006001153726,1303,19,1,0,2,13755.48666
2006001156258,1305,15,2,0,2,48209.90935
2006001156581,1303,15,3,0,3,10543.5301
2006001157053,1301,23,2,0,8,5348.16744
2006001157125,1305,0,1,1,0,-19998
2006001159096,1302,18,3,0,2,4660.545912
2006001161488,1303,13,2,0,4,-2292.07176
2006001164659,1303,28,4,0,2,41639.30364
2006001165995,1303,14,1,0,2,24449.52946
2006001166093,1303,16,1,0,2,13446.82099
2006001167651,1302,13,2,0,3,36948.19677
2006001168469,1303,35,5,0,2,21392.66976
2006001174783,1303,18,2,0,2,45077.41128
2006001174798,1303,19,2,0,2,34381.0764
2006001179498,1302,18,2,0,3,61121.9136
2006001182084,1301,25,2,0,2,32318.21182
2006001185726,1301,13,1,0,2,58829.84184
2006001187845,1305,57,4,0,2,13752.43056
2006001188608,1301,13,1,0,7,9473.896608
2006001188961,1302,51,3,0,5,32089.00464
2006001190431,1305,19,1,0,9,2292.07176
2006001191810,1301,73,2,0,2,34381.0764
2006001195927,1305,17,2,0,2,46452.65434
2006001196148,1303,57,1,0,2,153.5688079
2006001198893,1305,18,2,0,5,18336.57408
2006001202257,1305,55,1,0,2,22920.7176
2006001203307,1303,0,1,2,0,-19998
2006001205426,1305,15,1,0,5,28673.81772
2006001207709,1302,4,3,0,2,126063.9468
2006001214671,1301,33,2,0,2,0
2006001215406,1305,19,3,0,2,84271.83838
2006001216029,1301,60,5,0,2,66470.08104
2006001220129,1302,9,2,0,2,70290.20064
2006001221485,1305,10,2,0,2,42403.32756
2006001225441,1302,47,3,0,2,6112.19136
2006001225601,1303,29,1,0,2,40493.26776
2006001226239,1302,27,10,0,2,72582.2724
2006001226599,1305,33,1,0,5,79458.48768
2006001227042,1302,16,2,0,7,7869.446376
2006001234125,1302,34,7,0,2,18336.57408
2006001234660,1303,9,1,0,5,2062.864584
2006001235568,1305,34,1,0,2,22920.7176
2006001237014,1302,17,0,0,8,-19998
2006001239889,1305,18,3,0,2,66470.08104
2006001241119,1301,17,5,0,2,58447.82988
2006001242110,1305,19,1,0,2,30560.9568
2006001248192,1305,14,1,0,1,10619.93249
2006001248440,1305,14,1,0,6,29796.93288
2006001252160,1302,11,1,0,2,27581.26351
2006001253298,1305,22,2,0,9,21698.27933
2006001254996,1305,17,1,0,6,13523.22338
2006001257329,1302,20,1,0,2,1528.04784
2006001257510,1303,18,1,0,2,23554.85745
2006001258643,1301,45,2,0,2,7640.2392
2006001259006,1301,14,3,0,2,71084.78552
2006001259195,1302,17,1,0,2,15356.88079
2006001260049,1302,18,2,0,2,29414.92092
2006001261947,1305,0,1,1,0,-19998
2006001264998,1301,12,5,0,2,22943.63832
2006001267533,1301,15,5,0,2,50731.18829
2006001267686,1302,28,4,0,8,18336.57408
2006001268053,1305,19,2,0,2,84042.6312
2006001268160,1302,26,1,0,2,42556.13234
2006001274369,1305,24,2,0,5,16732.12385
2006001276043,1303,19,2,0,2,21392.66976
2006001282426,1301,19,3,0,2,13599.62578
2006001293660,1303,28,2,0,2,26511.63002
2006001294093,1301,62,2,0,2,33617.05248
2006001295138,1305,11,2,0,4,23684.74152
2006001295359,1305,11,3,0,2,116131.6358
2006001299252,1303,34,1,0,7,26282.42285
2006001300655,1303,16,1,0,3,7029.020064
2006001301000,1305,14,1,0,5,12224.38272
2006001302570,1302,5,2,0,2,88091.95798
2006001306761,1301,13,2,0,2,57301.794
2006001306808,1302,23,2,0,9,3208.900464
2006001307168,1305,13,1,0,9,35145.10032
2006001307646,1302,21,1,0,8,19100.598
2006001309597,1303,20,2,0,9,16044.50232
2006001311056,1305,18,1,0,2,57913.01314
2006001311541,1305,14,2,0,2,44618.99693
2006001318664,1301,37,4,0,2,34075.46683
2006001321182,1301,19,5,0,2,51953.62656
2006001323464,1301,27,2,0,2,39729.24384
2006001326470,1301,18,3,0,2,53481.6744
2006001327020,1301,20,2,0,2,48668.3237
2006001328548,1302,50,1,0,8,9168.28704
2006001330392,1303,16,3,0,4,20246.63388
2006001332155,1301,43,1,0,9,11001.94445
2006001334821,1303,16,2,0,2,41257.29168
2006001335924,1302,0,1,2,0,-19998
2006001337159,1302,0,1,1,0,-19998
2006001339070,1303,0,1,2,0,-19998
2006001339801,1302,18,2,0,2,171164.2788
2006001340534,1302,11,2,0,2,37971.98882
2006001342122,1305,43,1,0,2,22920.7176
2006001344092,1301,16,2,0,4,15280.4784
2006001344107,1301,44,3,0,2,28650.897
2006001345621,1305,14,1,0,8,66470.08104
2006001347178,1305,19,2,0,2,47751.495
2006001348359,1305,44,2,0,2,51800.82178
2006001353815,1305,16,2,0,2,31401.38311
2006001355640,1305,17,2,0,2,61274.71838
2006001355972,1302,13,6,0,2,68532.94562
2006001357266,1303,12,3,0,2,71054.22456
2007000000712,1301,15,2,0,2,102379.2053
2007000004603,1301,20,2,0,2,35145.10032
2007000010118,1302,5,3,0,2,29796.93288
2007000010643,1303,16,2,0,2,36214.73381
2007000016526,1305,34,1,0,2,3972.924384
2007000017988,1305,15,2,0,2,91682.8704
2007000020847,1305,23,1,0,4,11460.3588
2007000024675,1305,23,1,0,2,10696.33488
2007000024732,1305,19,1,0,5,22920.7176
2007000026837,1303,22,1,0,2,21392.66976
2007000033248,1303,17,2,0,5,29491.32331
2007000034310,1302,12,3,0,2,17725.35494
2007000035778,1303,24,3,0,2,9168.28704
2007000037542,1302,20,2,0,5,19001.27489
2007000037557,1303,20,1,0,9,21698.27933
2007000040996,1305,9,2,0,2,20017.4267
2007000041657,1305,15,1,0,2,23379.13195
2007000042509,1305,15,2,0,9,38124.79361
2007000044560,1302,20,2,0,2,61274.71838
2007000045572,1302,66,3,0,5,33464.2477
2007000056628,1303,20,2,0,2,26970.04438
2007000056679,1301,19,1,0,2,37360.76969
2007000056963,1305,13,2,0,2,126063.9468
2007000064507,1301,19,2,0,2,45933.11807
2007000071210,1303,17,1,0,2,40630.79207
2007000071420,1301,9,1,0,6,15891.69754
2007000073186,1301,0,1,2,0,-19998
2007000076844,1305,13,2,0,4,47369.48304
2007000077272,1301,50,3,0,2,26511.63002
2007000077814,1305,11,4,0,2,114603.588
2007000080987,1302,13,4,0,2,147456.6166
2007000081751,1303,15,1,0,2,21392.66976
2007000082457,1303,28,1,0,6,23898.66822
2007000083272,1305,13,2,0,2,58218.6227
2007000083368,1301,52,1,0,1,11460.3588
2007000093022,1303,42,1,0,2,22920.7176
2007000093206,1303,44,4,0,8,11689.56598
2007000094749,1303,29,2,0,2,45383.02085
2007000095936,1305,12,1,0,2,9626.701392
2007000099054,1305,0,1,1,0,-19998
2007000100054,1301,18,2,0,6,123771.875
2007000100583,1301,19,3,0,6,77930.43984
2007000101624,1305,19,3,0,2,125605.5324
2007000102566,1301,17,2,0,2,13309.29669
2007000105431,1301,33,1,0,2,49661.5548
2007000105561,1305,12,1,0,7,39820.92671
2007000108650,1301,17,3,0,2,31939.25595
2007000108817,1301,17,5,0,2,106963.3488
2007000108865,1302,7,3,0,2,80222.5116
2007000118403,1301,54,2,0,2,53481.6744
2007000123830,1305,18,3,0,2,77627.88637
2007000126110,1302,0,1,1,0,-19998
2007000126253,1301,15,1,0,2,21316.26737
2007000129916,1303,21,1,0,5,33242.68076
2007000135925,1303,17,4,0,2,45077.41128
2007000137100,1302,16,2,0,2,114603.588
2007000137166,1302,45,2,0,5,39729.24384
2007000141307,1301,12,1,0,2,30560.9568
2007000143185,1303,13,1,0,2,39079.82351
2007000144590,1301,10,2,0,2,80222.5116
2007000149102,1305,10,4,0,7,29032.90896
2007000152434,1305,13,2,0,8,22202.53512
2007000156332,1302,15,1,0,9,25976.81328
2007000158677,1302,11,1,0,2,33769.85726
2007000159363,1302,12,2,0,2,40569.67015
2007000161937,1303,22,0,0,6,-19998
2007000169114,1303,20,1,0,7,29796.93288
2007000170922,1305,17,2,0,2,18275.45217
2007000174402,1302,8,2,0,2,42326.92517
2007000175497,1305,13,2,0,2,42021.3156
2007000176319,1301,15,2,0,2,39347.23188
2007000177285,1305,10,2,0,9,22920.7176
2007000180250,1305,67,0,0,5,-19998
2007000180557,1305,26,2,0,2,32089.00464
2007000181006,1301,7,4,0,2,106352.1297
2007000181359,1305,23,1,0,7,240056.3157
2007000181877,1305,14,3,0,2,84806.65512
2007000182226,1302,9,2,0,2,17954.56212
2007000184675,1302,47,5,0,5,27504.86112
2007000185966,1305,17,2,0,2,27963.27547
2007000188278,1305,6,2,0,2,42559.18844
2007000191909,1302,14,1,0,9,19559.01235
2007000193338,1305,19,1,0,6,16273.7095
2007000195431,1301,20,1,0,8,12224.38272
2007000196671,1305,0,1,1,0,-19998
2007000202272,1302,19,2,0,2,38124.79361
2007000203405,1303,20,3,0,2,77166.41592
2007000216815,1305,18,2,0,2,125299.9229
2007000217006,1305,21,4,0,2,30560.9568
2007000217913,1301,17,2,0,8,11460.3588
2007000221211,1305,14,1,0,2,17572.55016
2007000221377,1301,23,2,0,8,13141.21142
2007000222241,1302,15,3,0,2,33235.04052
2007000228648,1305,45,0,0,6,-19998
2007000229715,1301,30,2,0,2,30560.9568
2007000229960,1305,35,4,0,2,35145.10032
2007000230163,1303,15,2,0,2,46987.47108
2007000230754,1305,23,2,0,4,12454.35392
2007000235989,1305,0,1,1,0,-19998
2007000236716,1305,16,1,0,4,22920.7176
2007000237899,1302,59,3,0,6,47827.89739
2007000242815,1302,16,2,0,8,128508.8233
2007000243362,1302,0,1,1,0,-19998
2007000243836,1303,45,0,0,2,-19998
2007000245248,1305,50,1,0,6,9168.28704
2007000245527,1303,18,1,0,8,39729.24384
2007000247023,1301,17,1,0,9,7487.434416
2007000254504,1302,19,3,0,2,55544.53898
2007000254865,1302,14,1,0,7,7258.22724
2007000257849,1305,17,2,0,2,38201.196
2007000262500,1303,13,1,0,2,12529.99229
2007000262759,1303,14,5,0,2,31557.24399
2007000264371,1303,12,4,0,2,5653.777008
2007000267802,1305,19,1,0,7,20705.04823
2007000272299,1303,26,1,0,4,6341.398536
2007000273183,1302,0,1,1,0,-19998
2007000274911,1301,14,2,0,2,34381.0764
2007000278469,1302,10,4,0,2,30408.15202
2007000278914,1302,12,1,0,2,26740.8372
2007000281177,1305,55,1,0,2,116284.4406
2007000283617,1305,8,6,0,3,22324.77894
2007000283789,1303,56,3,0,7,21392.66976
2007000285148,1305,17,1,0,2,18107.3669
2007000290578,1302,13,2,0,2,22385.90086
2007000294186,1302,13,2,0,2,10008.71335
2007000296131,1303,13,2,0,2,55009.72224
2007000298094,1303,21,2,0,2,9000.201778
2007000300278,1303,10,2,0,2,49501.10978
2007000300375,1301,28,5,0,2,12988.40664
2007000306139,1301,14,2,0,3,152804.784
2007000306839,1301,18,3,0,2,18565.78126
2007000308473,1305,25,1,0,2,1222.438272
2007000314301,1303,25,4,0,2,13752.43056
2007000315671,1303,16,3,0,2,49126.73806
2007000316774,1303,7,2,0,9,8557.067904
2007000322077,1303,13,1,0,2,43549.36344
2007000326216,1301,12,2,0,2,66775.69061
2007000326861,1305,25,2,0,5,20628.64584
2007000327216,1301,13,1,0,2,50425.57872
2007000327280,1302,17,1,0,2,34457.47879
2007000328586,1302,16,3,0,2,35916.76448
2007000328659,1301,8,2,0,3,89543.60342
2007000328819,1303,15,3,0,4,9321.091824
2007000329886,1303,30,2,0,2,61885.93752
2007000338088,1305,12,3,0,2,138288.3295
2007000340507,1305,13,1,0,6,35909.12424
2007000343998,1303,16,3,0,2,77395.6231
2007000344327,1302,19,2,0,2,103448.8388
2007000346182,1302,13,2,0,8,18336.57408
2007000347053,1305,16,3,0,2,214155.9048
2007000347771,1303,24,5,0,5,22920.7176
2007000348464,1303,13,3,0,2,12644.59588
2007000350001,1305,18,2,0,5,69526.17672
2007000353457,1305,13,1,0,8,12224.38272
2007000354354,1302,22,1,0,3,9855.908568
2007000356027,1301,15,2,0,2,48928.09184
2007000357004,1303,39,4,0,4,19864.62192
2007000359022,1305,14,1,0,6,26740.8372
2007000359938,1305,15,1,0,7,8022.25116
2007000361903,1305,66,1,0,7,16808.52624
2007000365604,1302,10,1,0,1,8022.25116
2007000367872,1305,20,2,0,2,61503.92556
2007000369561,1305,12,5,0,2,54245.69832
2007000370198,1305,15,2,0,2,60357.88968
2007000370671,1302,20,2,0,2,0
2007000372130,1301,6,2,0,2,19482.60996
2007000374370,1301,22,2,0,2,48744.7261
2007000377190,1305,51,1,0,2,12071.57794
2007000378337,1301,16,3,0,2,23302.72956
2007000380573,1303,17,2,0,2,31324.98072
2007000381154,1301,16,2,0,2,23990.35109
2007000382005,1305,15,1,0,2,24448.76544
2007000382488,1302,11,4,0,2,92446.89432
2007000387404,1305,40,1,0,2,39729.24384
2007000391578,1305,16,1,0,4,26740.8372
2007000396201,1301,21,1,0,9,8557.067904
2007000399081,1303,37,3,0,2,63643.19254
2007000399498,1302,19,1,0,3,29796.93288
2007000400288,1302,15,2,0,2,78541.65898
2007000400345,1302,8,1,0,2,67998.12888
2007000400609,1301,14,1,0,2,117277.6717
2007000403507,1301,21,1,0,2,10696.33488
2007000407178,1303,24,2,0,2,45459.42324
2007000407489,1302,16,2,0,2,152804.784
2007000407705,1301,9,1,0,2,13752.43056
2007000410017,1302,16,2,0,2,50799.95044
2007000418405,1302,59,9,0,2,128508.8233
2007000422936,1305,15,1,0,1,17496.14777
2007000424871,1305,15,1,0,5,3056.09568
2007000428998,1305,6,4,0,2,46377.01597
2007000431174,1302,22,3,0,2,94738.96608
2007000434278,1301,20,3,0,2,38736.01274
2007000434374,1302,49,2,0,2,56537.77008
2007000438389,1301,14,1,0,4,21392.66976
2007000440317,1303,20,3,0,3,38201.196
2007000440993,1302,16,2,0,2,52106.43134
2007000445385,1301,25,4,0,2,23837.5463
2007000445529,1302,7,3,0,2,95044.57565
2007000445578,1305,21,2,0,2,38277.59839
2007000445800,1302,0,1,1,0,-19998
2007000446106,1301,37,1,0,2,60357.88968
2007000447342,1303,15,1,0,5,19864.62192
2007000455358,1301,42,1,0,2,11918.77315
2007000461154,1305,15,2,0,2,79458.48768
2007000464395,1301,18,2,0,2,96267.01392
2007000465524,1305,0,1,1,0,-19998
2007000468623,1303,21,2,0,2,47109.71491
2007000469015,1301,16,1,0,2,61121.9136
2007000469903,1305,16,3,0,2,27886.87308
2007000470805,1305,11,1,0,9,5882.984184
2007000475618,1301,10,2,0,2,63643.19254
2007000480213,1303,15,2,0,2,51625.09627
2007000480337,1305,16,0,0,2,-19998
2007000480536,1305,20,2,0,8,33005.83334
2007000481030,1302,11,2,0,2,45841.4352
2007000484002,1305,49,1,0,6,30560.9568
2007000484371,1305,0,1,1,0,-19998
2007000485360,1305,16,2,0,2,11460.3588
2007000486062,1305,9,1,0,2,23302.72956
2007000487370,1305,22,3,0,7,4202.13156
2007000491607,1301,37,1,0,1,9168.28704
2007000492771,1301,13,2,0,2,78694.46376
2007000495025,1301,15,3,0,2,2750.486112
2007000497953,1303,27,3,0,2,85647.08143
2007000498095,1301,21,2,0,7,17954.56212
2007000498807,1303,14,1,0,2,24448.76544
2007000504054,1301,53,0,0,2,-19998
2007000505928,1305,65,2,0,5,42021.3156
2007000509009,1302,26,2,0,6,11712.48669
2007000509593,1301,16,4,0,2,122396.632
2007000513245,1302,14,1,0,2,24448.76544
2007000519648,1305,18,3,0,2,49814.35958
2007000524296,1303,16,1,0,2,34381.0764
2007000526949,1305,34,1,0,9,10696.33488
2007000530419,1305,15,1,0,4,24525.16783
2007000531566,1301,20,2,0,2,40493.26776
2007000532489,1305,16,3,0,2,41115.18323
2007000537248,1302,14,1,0,2,35909.12424
2007000538125,1302,21,3,0,2,15280.4784
2007000539076,1303,9,3,0,2,41410.09646
2007000539977,1305,15,2,0,7,14669.25926
2007000541858,1303,22,2,0,2,36474.50194
2007000543324,1305,17,2,0,2,116895.6598
2007000544009,1305,17,2,0,2,33846.25966
2007000545016,1303,21,1,0,2,50425.57872
2007000546794,1302,16,4,0,2,22538.70564
2007000549462,1302,4,1,0,2,43549.36344
2007000556483,1302,21,3,0,8,25976.81328
2007000557088,1303,18,4,0,2,96419.8187
2007000558355,1303,10,2,0,2,67234.10496
2007000559936,1305,12,2,0,2,108338.5919
2007000560736,1303,13,3,0,3,35450.70989
2007000563237,1305,18,2,0,4,32089.00464
2007000566792,1303,14,2,0,2,249835.8218
2007000567151,1301,12,1,0,2,68150.93366
2007000570894,1305,21,3,0,2,65171.24038
2007000572675,1303,23,3,0,1,13370.4186
2007000575846,1302,0,1,1,0,-19998
2007000576504,1302,17,3,0,2,70290.20064
2007000578758,1302,25,3,0,2,86945.9221
2007000579161,1303,55,2,0,8,49661.5548
2007000579203,1301,19,3,0,2,133398.5764
2007000579963,1305,24,1,0,9,58829.84184
2007000581303,1302,19,2,0,2,106657.7392
2007000583095,1301,17,1,0,9,9168.28704
2007000586978,1303,26,1,0,3,60357.88968
2007000588545,1303,40,5,0,6,11536.76119
2007000591879,1305,12,2,0,5,44313.38736
2007000591948,1305,46,1,0,2,7640.2392
2007000593578,1302,14,2,0,2,59593.86576
2007000593629,1303,15,4,0,2,12988.40664
2007000593859,1301,17,1,0,2,36138.33142
2007000594119,1305,22,1,0,2,32853.02856
2007000594403,1303,15,2,0,2,17572.55016
2007000600352,1303,39,2,0,3,3438.10764
2007000603258,1303,10,1,0,6,6494.20332
2007000603977,1301,9,3,0,2,17648.95255
2007000605597,1301,14,3,0,2,47369.48304
2007000608856,1305,11,2,0,2,64330.81406
2007000610712,1302,31,2,0,2,22920.7176
2007000610763,1302,0,1,1,0,-19998
2007000611822,1301,17,2,0,2,77166.41592
2007000619524,1302,0,1,1,0,-19998
2007000624264,1305,26,2,0,2,53481.6744
2007000625707,1303,15,2,0,2,30942.96876
2007000626923,1305,19,1,0,9,6876.21528
2007000627669,1301,61,3,0,5,29032.90896
2007000636617,1305,15,2,0,2,81674.15705
2007000640451,1302,15,2,0,2,16732.12385
2007000648964,1301,11,3,0,2,38201.196
2007000652404,1305,27,1,0,8,25212.78936
2007000652921,1302,3,7,0,2,23913.9487
2007000660861,1302,21,2,0,2,23211.04669
2007000666047,1305,15,2,0,2,26970.04438
2007000666878,1303,14,2,0,2,16732.12385
2007000667826,1301,12,1,0,5,5500.972224
2007000673380,1303,0,1,2,0,-19998
2007000673799,1301,7,2,0,2,75638.36808
2007000675217,1305,17,2,0,2,32089.00464
2007000676690,1305,13,1,0,2,106963.3488
2007000677386,1305,15,2,0,2,44771.80171
2007000677570,1305,21,1,0,3,25976.81328
2007000680279,1301,23,2,0,2,71054.22456
2007000681045,1301,19,4,0,2,40951.68211
2007000681258,1303,16,2,0,2,12988.40664
2007000682605,1301,1,7,0,2,117170.7084
2007000687246,1301,15,1,0,2,58065.81792
2007000691606,1301,20,1,0,2,53481.6744
2007000692461,1305,16,3,0,2,57301.794
2007000692800,1305,29,3,0,5,20628.64584
2007000694773,1305,19,1,0,7,19100.598
2007000695009,1301,18,2,0,2,64407.21646
2007000695030,1303,16,1,0,2,9015.482256
2007000697619,1302,17,1,0,2,17878.15973
2007000700228,1302,13,4,0,2,23684.74152
2007000700564,1302,21,5,0,2,38201.196
2007000700621,1301,10,4,0,4,11231.15162
2007000701025,1305,13,1,0,2,14210.84491
2007000701205,1305,21,1,0,5,31936.19986
2007000701301,1305,39,2,0,8,29567.7257
2007000701517,1305,22,4,0,2,74415.92981
2007000703254,1303,13,2,0,2,74492.3322
2007000704130,1302,18,2,0,2,50119.96915
2007000704292,1303,13,1,0,2,6494.20332
2007000706811,1303,0,1,2,0,-19998
2007000714262,1301,26,1,0,5,0
2007000714933,1301,12,5,0,7,68380.14084
2007000719188,1303,14,2,0,2,337698.5726
2007000720049,1305,13,1,0,2,23608.33913
2007000724948,1303,29,5,0,7,62069.30326
2007000725166,1302,12,2,0,2,35909.12424
2007000728942,1303,10,2,0,2,69526.17672
2007000731445,1305,22,3,0,2,65797.73999
2007000732324,1305,16,2,0,2,45153.81367
2007000734767,1303,20,1,0,7,27122.84916
2007000746062,1303,28,2,0,2,38965.21992
2007000746774,1301,38,6,0,2,71818.24848
2007000746882,1301,14,8,0,2,28574.49461
2007000750074,1305,16,3,0,2,9290.530867
2007000750508,1305,19,1,0,2,40416.86537
2007000752387,1305,23,4,0,2,77166.41592
2007000753436,1305,11,2,0,2,49050.33566
2007000756036,1302,14,1,0,2,21163.46258
2007000756600,1301,20,3,0,2,12224.38272
2007000758524,1302,28,1,0,3,31324.98072
2007000759543,1301,13,3,0,2,30866.56637
2007000759933,1301,0,1,2,0,-19998
2007000761140,1305,0,1,1,0,-19998
2007000761456,1301,28,4,0,2,1451.645448
2007000765869,1302,8,1,0,2,33617.05248
2007000767676,1301,41,1,0,2,49661.5548
2007000767855,1303,20,2,0,2,21316.26737
2007000768013,1305,43,2,0,5,30408.15202
2007000768986,1303,19,2,0,2,32700.22378
2007000771279,1302,21,1,0,5,22920.7176
2007000773144,1301,13,1,0,2,13202.33334
2007000774505,1303,14,2,0,2,22615.10803
2007000775655,1301,54,0,0,6,-19998
2007000776534,1302,22,3,0,7,26939.48342
2007000777696,1303,65,2,0,3,0
2007000778941,1305,54,3,0,5,35450.70989
2007000781380,1303,15,2,0,2,58065.81792
2007000785907,1302,19,2,0,2,14210.84491
2007000786050,1305,30,3,0,7,13905.23534
2007000788239,1302,44,3,0,2,22920.7176
2007000792704,1305,14,1,0,9,58371.42749
2007000794375,1305,13,2,0,2,22233.09607
2007000794954,1302,25,1,0,1,11261.71258
2007000798548,1301,50,2,0,2,53481.6744
2007000803586,1302,27,1,0,2,38201.196
2007000806194,1302,22,1,0,8,18642.18365
2007000806632,1305,20,1,0,6,16808.52624
2007000807060,1301,37,1,0,6,9932.31096
2007000807326,1302,10,2,0,2,29873.33527
2007000812933,1305,17,2,0,2,16884.92863
2007000813119,1305,10,5,0,2,114603.588
2007000813158,1301,15,3,0,2,87098.72688
2007000815252,1301,16,1,0,9,5348.16744
2007000816263,1303,20,2,0,8,68762.1528
2007000821375,1305,15,2,0,2,166862.8241
2007000826280,1305,15,3,0,2,29032.90896
2007000827093,1302,13,2,0,4,47369.48304
2007000827364,1302,28,5,0,5,61580.32795
2007000828070,1302,14,2,0,2,31172.17594
2007000828633,1301,25,2,0,2,67234.10496
2007000828742,1305,15,3,0,2,137524.3056
2007000830693,1303,30,2,0,2,80986.53552
2007000832545,1305,0,1,2,0,-19998
2007000832911,1303,13,2,0,2,66470.08104
2007000833578,1305,13,2,0,6,20628.64584
2007000835357,1302,44,5,0,3,58065.81792
2007000839673,1302,14,3,0,7,14974.86883
2007000840270,1303,29,2,0,2,62649.96144
2007000844846,1301,16,7,0,2,107039.7512
2007000845780,1301,9,2,0,2,86640.31253
2007000848005,1302,8,3,0,2,41257.29168
2007000851115,1303,23,2,0,2,53481.6744
2007000854665,1305,20,2,0,7,30560.9568
2007000856837,1302,19,3,0,8,120715.7794
2007000857148,1303,21,1,0,2,34151.86922
2007000860864,1305,15,4,0,2,83278.60728
2007000866968,1305,8,2,0,2,43549.36344
2007000869490,1301,22,4,0,2,84348.24077
2007000873120,1305,55,2,0,4,3972.924384
2007000875187,1302,11,2,0,2,85417.87426
2007000876788,1303,12,2,0,5,49928.96317
2007000877240,1305,57,0,0,2,-19998
2007000877965,1305,19,2,0,8,17572.55016
2007000879588,1303,25,3,0,2,57301.794
2007000880181,1303,14,1,0,2,0
2007000882930,1302,23,3,0,4,46605.45912
2007000885301,1301,19,2,0,3,56430.80673
2007000886871,1302,14,2,0,2,38659.61035
2007000887844,1301,11,1,0,2,72307.22379
2007000888206,1303,17,1,0,2,17114.13581
2007000891895,1301,45,2,0,2,44236.98497
2007000896912,1302,30,3,0,2,53596.27799
2007000898403,1301,33,5,0,2,117659.6837
2007000898902,1301,17,6,0,2,26840.16031
2007000900432,1303,13,3,0,2,9474.660632
2007000907214,1303,17,2,0,2,54245.69832
2007000908783,1301,42,4,0,1,18642.18365
2007000909545,1303,19,3,0,2,45841.4352
2007000910412,1302,25,2,0,8,16044.50232
2007000910537,1305,16,1,0,2,38201.196
2007000911792,1305,24,5,0,2,104212.8627
2007000911810,1301,18,2,0,3,124535.899
2007000925636,1303,11,1,0,2,18909.59202
2007000932392,1301,18,1,0,3,32089.00464
2007000935054,1301,12,4,0,2,67234.10496
2007000938259,1305,22,1,0,2,28116.08026
2007000938405,1305,13,1,0,8,31324.98072
2007000940325,1303,13,1,0,7,19864.62192
2007000948840,1303,12,2,0,2,56537.77008
2007000955178,1303,17,4,0,2,74721.53938
2007000955758,1303,12,1,0,2,30790.16398
2007000960743,1301,6,4,0,2,35756.31946
2007000960833,1305,17,2,0,2,110783.4684
2007000962524,1303,14,4,0,2,76402.392
2007000963953,1301,10,2,0,2,141879.2419
2007000968554,1305,17,4,0,2,64453.05789
2007000968572,1303,24,2,0,9,40493.26776
2007000969283,1303,19,2,0,2,37742.78165
2007000969415,1303,67,1,0,9,0
2007000972173,1305,13,1,0,9,5065.47859
2007000977220,1303,18,3,0,2,45841.4352
2007000977298,1305,20,2,0,2,149061.0668
2007000977589,1303,21,2,0,2,81811.68135
2007000982658,1303,15,2,0,2,18336.57408
2007000982701,1303,19,1,0,2,10619.93249
2007000983765,1302,13,4,0,2,25671.20371
2007000983874,1301,14,1,0,2,42212.32158
2007000984613,1305,20,1,0,2,33464.2477
2007000986521,1305,14,4,0,2,103143.2292
2007000989198,1305,18,1,0,2,33311.44291
2007000989439,1305,20,3,0,2,45841.4352
2007000992898,1305,15,3,0,2,23684.74152
2007000995093,1302,14,2,0,4,29796.93288
2007000995963,1305,0,1,2,0,-19998
2007001000371,1305,21,2,0,6,40493.26776
2007001001096,1305,21,3,0,5,7640.2392
2007001004557,1305,12,2,0,2,97413.0498
2007001004719,1303,68,1,0,4,32089.00464
2007001011884,1302,71,4,0,8,19100.598
2007001015997,1303,14,2,0,7,42021.3156
2007001016159,1305,14,4,0,2,110401.4564
2007001017084,1303,21,4,0,4,14669.25926
2007001017675,1302,15,9,0,2,45077.41128
2007001018181,1301,12,4,0,2,38659.61035
2007001030564,1305,15,1,0,2,28268.88504
2007001031442,1301,15,1,0,2,21239.86498
2007001032272,1305,45,3,0,4,42021.3156
2007001034184,1301,17,1,0,2,20323.03627
2007001050526,1305,17,2,0,2,92752.50389
2007001051490,1301,12,2,0,2,38965.21992
2007001052728,1301,37,1,0,2,42403.32756
2007001054371,1305,14,2,0,2,38201.196
2007001056411,1305,12,5,0,2,96267.01392
2007001059742,1301,39,2,0,7,11460.3588
2007001062057,1303,19,2,0,3,30186.58508
2007001062847,1301,13,2,0,2,21010.6578
2007001064323,1302,11,1,0,6,6799.812888
2007001065218,1302,19,3,0,2,38506.80557
2007001072998,1305,15,2,0,6,29032.90896
2007001074001,1305,15,2,0,2,69640.78031
2007001076464,1301,14,2,0,3,85570.67904
2007001076625,1301,16,1,0,2,23302.72956
2007001077452,1301,32,2,0,2,79458.48768
2007001077518,1302,0,1,1,0,-19998
2007001082059,1303,15,0,0,2,-19998
2007001084112,1301,0,1,2,0,-19998
2007001084762,1302,0,1,1,0,-19998
2007001086133,1301,54,3,0,2,42021.3156
2007001088736,1301,10,1,0,8,34381.0764
2007001089676,1303,24,2,0,8,25594.80132
2007001089712,1302,17,4,0,2,70901.41978
2007001091313,1302,15,2,0,2,38430.40318
2007001092462,1302,12,2,0,1,27886.87308
2007001094721,1303,11,1,0,9,23455.53434
2007001094827,1302,0,1,2,0,-19998
2007001095212,1303,15,4,0,2,45841.4352
2007001096871,1302,0,1,1,0,-19998
2007001097013,1302,15,2,0,2,27382.61729
2007001097534,1303,16,2,0,2,20643.92632
2007001097697,1301,22,2,0,2,102990.4244
2007001101768,1301,41,0,0,2,-19998
2007001102651,1303,17,2,0,4,50425.57872
2007001104040,1302,18,2,0,2,61152.47456
2007001107695,1305,16,1,0,6,42021.3156
2007001108369,1301,28,2,0,2,13141.21142
2007001111053,1302,0,1,1,0,-19998
2007001111501,1303,11,1,0,2,4278.533952
2007001112705,1305,20,5,0,2,28574.49461
2007001115962,1302,36,1,0,2,30560.9568
2007001116138,1301,14,4,0,2,24830.7774
2007001116255,1301,13,4,0,2,76516.99559
2007001118613,1301,0,1,2,0,-19998
2007001119211,1305,70,2,0,3,60357.88968
2007001119262,1301,18,2,0,2,130571.6879
2007001122243,1305,21,2,0,2,60357.88968
2007001124850,1303,19,1,0,2,1680.852624
2007001128340,1301,9,2,0,4,14440.05209
2007001134786,1303,15,1,0,2,47904.29978
2007001135535,1301,14,1,0,1,5118.960264
2007001136137,1303,12,1,0,9,2826.888504
2007001137183,1302,13,4,0,1,13905.23534
2007001137750,1301,30,3,0,2,44848.2041
2007001142160,1301,15,2,0,3,22920.7176
2007001142416,1305,0,1,1,0,-19998
2007001142981,1303,21,7,0,2,113763.1617
2007001149242,1301,26,2,0,6,1833.657408
2007001155348,1303,54,2,0,2,43472.96105
2007001156451,1303,40,3,0,7,26129.61806
2007001157348,1305,9,2,0,9,58677.03706
2007001158037,1301,14,3,0,2,70366.60303
2007001159754,1305,19,2,0,2,94509.7589
2007001161227,1302,19,4,0,2,21087.06019
2007001163283,1302,18,3,0,3,2292.07176
2007001173086,1303,16,1,0,2,32089.00464
2007001174628,1302,18,2,0,2,45688.63042
2007001175189,1305,20,7,0,7,15968.09993
2007001180893,1302,14,2,0,2,40875.27972
2007001186275,1305,11,2,0,2,85570.67904
2007001186972,1303,26,3,0,1,31517.51475
2007001187446,1305,13,1,0,2,46376.25194
2007001189093,1305,70,3,0,6,11460.3588
2007001190409,1302,18,2,0,2,45841.4352
2007001191905,1305,6,2,0,2,25976.81328
2007001192244,1302,18,1,0,9,10849.13966
2007001192313,1305,15,2,0,2,146692.5926
2007001192319,1301,16,2,0,2,33617.05248
2007001192793,1303,13,1,0,9,22920.7176
2007001193368,1303,13,1,0,10,8709.872688
2007001193849,1303,16,2,0,2,97031.03784
2007001195122,1303,32,4,0,2,35909.12424
2007001195547,1303,21,3,0,2,26801.95911
2007001196334,1301,28,2,0,2,35221.50271
2007001197137,1302,12,1,0,2,97031.03784
2007001198019,1303,12,2,0,2,55009.72224
2007001198973,1303,55,2,0,2,74110.32024
2007001200424,1302,18,1,0,2,7716.641592
2007001202003,1301,13,2,0,2,39423.63427
2007001204758,1302,14,2,0,2,18642.18365
2007001215976,1301,18,3,0,2,44313.38736
2007001221020,1303,25,3,0,2,75638.36808
2007001225549,1301,42,1,0,5,5271.765048
2007001228435,1302,15,5,0,2,36673.14816
2007001229434,1302,16,2,0,2,33617.05248
2007001230199,1302,21,4,0,2,16502.91667
2007001231243,1301,0,1,2,0,-19998
2007001233410,1301,36,5,0,2,73040.68675
2007001239138,1305,24,5,0,2,198646.2192
2007001239883,1305,54,0,0,2,-19998
2007001240980,1305,23,2,0,5,33235.04052
2007001242382,1303,77,1,0,2,38201.196
2007001242625,1302,6,3,0,7,11613.16358
2007001250563,1301,13,2,0,2,34732.5274
2007001255811,1302,19,1,0,2,23149.92478
2007001256382,1302,17,1,0,2,46605.45912
2007001256496,1305,17,2,0,2,55086.12463
2007001258303,1305,9,1,0,3,33617.05248
2007001260477,1303,22,1,0,2,17419.74538
2007001262544,1303,14,3,0,2,13294.01621
2007001264042,1302,13,4,0,2,53634.47918
2007001270821,1302,19,2,0,2,26053.21567
2007001272813,1305,17,2,0,2,46605.45912
2007001274440,1303,11,1,0,2,7296.428436
2007001275353,1301,0,1,2,0,-19998
2007001277809,1303,18,1,0,2,55009.72224
2007001277818,1302,24,5,0,8,15280.4784
2007001283590,1302,44,0,0,2,-19998
2007001286207,1303,18,1,0,2,37895.58643
2007001294107,1305,14,1,0,2,33311.44291
2007001294481,1302,44,6,0,2,88015.55558
2007001295222,1305,23,1,0,7,16044.50232
2007001296769,1305,16,3,0,2,39232.62829
2007001297970,1303,19,3,0,2,23684.74152
2007001297988,1302,0,1,1,0,-19998
2007001299178,1302,8,1,0,2,20628.64584
2007001303159,1305,15,2,0,2,97795.06176
2007001305630,1302,11,1,0,2,42097.71799
2007001306735,1302,17,2,0,2,39576.43906
2007001308940,1305,21,2,0,7,20170.23149
2007001315562,1301,21,2,0,2,107192.556
2007001320008,1303,14,1,0,2,10925.54206
2007001322647,1305,67,4,0,2,67234.10496
2007001324330,1303,0,1,2,0,-19998
2007001324936,1301,17,3,0,2,49401.78667
2007001327925,1305,17,2,0,2,19253.40278
2007001329499,1305,12,5,0,2,67249.38544
2007001334175,1305,11,1,0,2,21362.1088
2007001335461,1305,21,3,0,2,93058.11346
2007001343119,1302,13,1,0,2,48897.53088
2007001343464,1302,19,2,0,2,53787.28397
2007001344997,1303,13,1,0,2,5653.777008
2007001345123,1305,27,0,0,2,-19998
2007001348254,1305,21,2,0,2,205522.4345
2007001348615,1305,23,2,0,4,6876.21528
2007001350123,1305,13,6,0,2,78847.26854
2007001350343,1303,13,3,0,2,53481.6744
2007001354774,1301,58,4,0,2,26511.63002
2007001358291,1301,13,2,0,2,28574.49461
2007001366817,1303,36,1,0,9,16808.52624
2007001371201,1303,33,0,0,2,-19998
2007001372163,1302,41,2,0,6,59211.8538
2007001374867,1301,23,5,0,4,9168.28704
2008000000568,1302,17,2,0,2,43702.16822
2008000003812,1305,18,6,0,2,167703.2504
2008000004526,1301,14,2,0,2,87862.7508
2008000006098,1301,12,0,0,2,-19998
2008000008694,1301,17,2,0,2,87098.72688
2008000008794,1302,23,2,0,2,30560.9568
2008000009287,1301,26,1,0,2,45841.4352
2008000010233,1303,16,4,0,2,8251.458336
2008000012610,1303,9,2,0,2,25212.78936
2008000013275,1301,12,2,0,2,50349.17633
2008000015554,1303,47,0,0,7,-19998
2008000017340,1305,15,4,0,2,42021.3156
2008000017553,1305,24,2,0,7,27734.0683
2008000017818,1303,28,5,0,2,4202.13156
2008000018024,1303,33,1,0,3,49661.5548
2008000019733,1301,18,6,0,2,68769.79304
2008000019889,1303,24,1,0,9,10467.1277
2008000020163,1305,52,3,0,4,248689.786
2008000020954,1305,10,4,0,2,2521.278936
2008000023486,1301,24,2,0,2,28291.80576
2008000024296,1303,22,1,0,2,17037.73342
2008000025109,1303,12,1,0,2,6188.593752
2008000030718,1303,11,1,0,2,4202.13156
2008000032498,1302,14,2,0,3,59593.86576
2008000035278,1305,11,3,0,2,61175.39527
2008000037995,1305,18,4,0,2,29644.1281
2008000042250,1301,25,1,0,2,7945.848768
2008000050855,1305,14,1,0,2,14745.66166
2008000051396,1305,18,4,0,2,101997.1933
2008000051607,1305,0,1,1,0,-19998
2008000052442,1305,17,4,0,2,53481.6744
2008000052943,1303,11,4,0,2,77945.72032
2008000054321,1303,10,2,0,2,13981.63774
2008000055620,1305,20,2,0,8,81368.54748
2008000055772,1303,10,2,0,2,63452.18656
2008000057890,1303,0,1,2,0,-19998
2008000060604,1302,19,1,0,2,6723.410496
2008000061032,1301,24,3,0,2,59288.25619
2008000061311,1303,6,3,0,4,36673.14816
2008000062365,1302,29,5,0,2,90154.82256
2008000063304,1305,18,1,0,9,9168.28704
2008000066771,1303,9,5,0,2,71359.83413
2008000068153,1301,14,2,0,4,43167.35148
2008000068461,1305,13,2,0,5,59441.06098
2008000069872,1305,39,0,0,2,-19998
2008000073421,1305,21,3,0,2,61121.9136
2008000077673,1301,49,0,0,6,-19998
2008000079822,1303,26,1,0,4,0
2008000081186,1305,36,2,0,2,31630.59029
2008000083094,1305,13,1,0,7,20628.64584
2008000084888,1303,22,2,0,9,99399.51199
2008000091028,1305,30,2,0,2,106963.3488
2008000092158,1303,17,2,0,2,75638.36808
2008000093093,1301,19,2,0,2,171141.3581
2008000094183,1301,10,3,0,2,39347.23188
2008000095929,1303,34,3,0,7,10314.32292
2008000096152,1303,10,1,0,2,2139.266976
2008000096446,1301,19,2,0,3,45841.4352
2008000097559,1305,19,3,0,2,81674.15705
2008000106769,1302,15,1,0,2,38201.196
2008000106918,1302,45,1,0,7,19100.598
2008000108731,1301,21,2,0,2,52717.65048
2008000111444,1303,21,2,0,2,159680.9993
2008000112827,1305,19,2,0,7,12912.00425
2008000117038,1303,26,2,0,2,81750.55944
2008000117251,1305,15,2,0,7,46620.7396
2008000117624,1305,20,2,0,4,40111.2558
2008000120969,1301,13,2,0,6,11918.77315
2008000122956,1303,60,1,0,7,3820.1196
2008000123263,1302,11,2,0,2,61885.93752
2008000123429,1305,24,2,0,2,39729.24384
2008000127642,1301,12,1,0,2,0
2008000129514,1303,24,2,0,2,49707.39624
2008000130503,1302,20,0,0,2,-19998
2008000130978,1305,18,1,0,4,63184.77818
2008000132998,1302,61,3,0,2,57301.794
2008000134268,1305,19,1,0,9,23837.5463
2008000142089,1303,21,1,0,2,22531.0654
2008000143421,1305,19,1,0,9,13752.43056
2008000144027,1303,28,1,0,4,61121.9136
2008000147605,1303,12,2,0,2,17190.5382
2008000150598,1305,16,1,0,2,36673.14816
2008000150751,1305,20,2,0,2,28452.25078
2008000152160,1302,27,4,0,2,76937.20874
2008000154648,1302,12,2,0,3,18321.2936
2008000155562,1301,8,2,0,2,122091.0224
2008000157037,1301,13,2,0,2,9237.049193
2008000157182,1305,15,1,0,8,13752.43056
2008000157669,1301,44,3,0,4,26588.03242
2008000158864,1301,16,2,0,2,25594.80132
2008000166576,1303,21,2,0,2,178781.5973
2008000170920,1303,17,3,0,2,33617.05248
2008000172556,1301,8,1,0,2,21392.66976
2008000178586,1303,18,2,0,6,16044.50232
2008000179526,1301,19,3,0,1,38659.61035
2008000179700,1302,13,1,0,9,45841.4352
2008000180330,1305,21,2,0,6,14745.66166
2008000180627,1303,18,1,0,8,3820.1196
2008000181403,1305,13,0,0,9,-19998
2008000185083,1302,0,1,1,0,-19998
2008000185976,1305,20,2,0,8,26664.43481
2008000192328,1303,43,1,0,8,20781.45062
2008000193652,1302,17,8,0,2,128126.8114
2008000199008,1305,43,1,0,7,13752.43056
2008000201388,1305,14,1,0,8,33617.05248
2008000201584,1301,15,3,0,2,55009.72224
2008000202707,1305,14,2,0,2,78694.46376
2008000205286,1302,15,1,0,2,16961.33102
2008000207093,1301,24,2,0,2,11712.48669
2008000208526,1303,17,3,0,2,40493.26776
2008000212881,1305,15,2,0,2,17725.35494
2008000215662,1302,20,2,0,2,33158.63813
2008000218927,1302,17,3,0,2,52259.23613
2008000219039,1303,15,1,0,2,24372.36305
2008000220649,1305,49,2,0,2,48057.10457
2008000222850,1302,17,4,0,2,50807.59068
2008000230287,1303,16,1,0,2,11872.93172
2008000230598,1302,18,1,0,2,34381.0764
2008000232726,1302,58,0,0,2,-19998
2008000233558,1301,15,1,0,1,25212.78936
2008000234447,1303,33,1,0,2,27428.45873
2008000234728,1305,17,2,0,2,82361.77858
2008000235764,1303,17,3,0,2,21010.6578
2008000236907,1305,31,1,0,8,34396.35688
2008000238225,1301,72,5,0,2,23684.74152
2008000241312,1305,11,3,0,2,66470.08104
2008000241936,1302,38,3,0,7,17419.74538
2008000242206,1302,16,2,0,2,45841.4352
2008000243305,1301,18,2,0,4,42067.15704
2008000252440,1301,18,2,0,2,65706.05712
2008000254410,1303,46,3,0,2,14516.45448
2008000256162,1302,36,3,0,6,15280.4784
2008000256832,1303,15,1,0,2,50119.96915
2008000257204,1305,19,2,0,2,55238.92942
2008000258973,1303,18,2,0,7,20628.64584
2008000259620,1302,14,2,0,2,67234.10496
2008000260242,1301,14,2,0,2,63261.18058
2008000264339,1303,27,4,0,2,87862.7508
2008000265243,1302,36,0,0,6,-19998
2008000269389,1303,11,1,0,5,23302.72956
2008000269407,1305,15,1,0,5,3438.10764
2008000272867,1301,26,1,0,2,57301.794
2008000276757,1302,58,1,0,7,27199.25155
2008000277676,1302,59,3,0,5,39729.24384
2008000279178,1305,39,3,0,2,118423.7076
2008000281747,1305,18,2,0,2,83278.60728
2008000284218,1301,11,1,0,2,27581.26351
2008000285050,1303,25,1,0,8,6417.800928
2008000286831,1303,20,2,0,2,96755.98923
2008000287183,1303,13,2,0,2,36673.14816
2008000287493,1302,13,1,0,1,8862.677472
2008000287665,1301,63,2,0,5,4125.729168
2008000288265,1305,15,1,0,2,34381.0764
2008000288343,1301,6,2,0,2,22110.85224
2008000289782,1305,12,5,0,2,183365.7408
2008000291029,1305,23,3,0,2,59593.86576
2008000291330,1301,16,2,0,2,38201.196
2008000292113,1301,21,2,0,2,83278.60728
2008000293294,1303,12,1,0,1,22920.7176
2008000294489,1302,3,2,0,2,51953.62656
2008000294678,1301,13,3,0,2,56537.77008
2008000295855,1301,15,2,0,2,77548.42788
2008000296608,1302,48,3,0,6,916.828704
2008000301663,1302,15,4,0,2,60816.30403
2008000303869,1303,20,1,0,2,27275.65394
2008000307052,1305,16,1,0,2,76402.392
2008000308333,1305,12,1,0,2,40569.67015
2008000308945,1303,58,0,0,2,-19998
2008000309879,1301,17,2,0,2,60426.65183
2008000310252,1301,20,2,0,2,55181.62762
2008000317791,1305,14,3,0,4,26740.8372
2008000318636,1301,14,2,0,2,120792.1818
2008000319858,1301,13,2,0,2,67234.10496
2008000321669,1305,0,1,1,0,-19998
2008000321757,1301,13,2,0,2,147074.6046
2008000323082,1305,17,3,0,2,87557.14123
2008000324528,1303,17,3,0,2,123771.875
2008000328951,1303,17,3,0,2,43931.3754
2008000329264,1303,16,1,0,2,14516.45448
2008000329303,1302,14,1,0,6,8098.653552
2008000335893,1303,22,4,0,2,36673.14816
2008000339319,1303,14,5,0,2,24601.57022
2008000342514,1303,21,3,0,6,11842.37076
2008000343226,1302,19,1,0,8,10390.72531
2008000344427,1305,12,1,0,9,10314.32292
2008000345472,1301,46,3,0,2,13676.02817
2008000347653,1302,13,1,0,1,74110.32024
2008000348702,1303,15,2,0,2,36214.73381
2008000350797,1302,14,1,0,7,22538.70564
2008000352985,1302,58,6,0,2,32471.0166
2008000356854,1303,15,1,0,2,55009.72224
2008000357656,1302,0,1,1,0,-19998
2008000358326,1301,16,1,0,2,26595.67266
2008000360661,1302,30,3,0,7,17572.55016
2008000360887,1305,13,1,0,2,34381.0764
2008000364212,1303,19,2,0,9,65247.64277
2008000364533,1303,23,2,0,2,96572.62349
2008000370815,1302,18,1,0,5,40493.26776
2008000372334,1305,17,2,0,2,141336.785
2008000373516,1302,9,1,0,2,13752.43056
2008000373764,1305,17,2,0,3,34763.08836
2008000374649,1302,38,6,0,8,11460.3588
2008000375305,1303,18,1,0,2,37819.18404
2008000375608,1302,19,1,0,2,14363.6497
2008000376624,1305,26,2,0,2,54322.10071
2008000379538,1303,57,1,0,6,4584.14352
2008000387792,1301,0,1,1,0,-19998
2008000392672,1303,36,2,0,1,5348.16744
2008000395348,1301,26,2,0,2,88779.5795
2008000398586,1302,10,3,0,7,14210.84491
2008000399215,1302,22,2,0,2,64101.60689
2008000405982,1303,15,3,0,3,29644.1281
2008000408159,1302,29,4,0,2,46070.64238
2008000414334,1301,13,2,0,2,52106.43134
2008000415683,1303,22,3,0,2,37437.17208
2008000416597,1305,14,3,0,2,122243.8272
2008000417483,1303,46,4,0,2,43854.97301
2008000417594,1301,12,1,0,5,152.804784
2008000418239,1305,17,5,0,2,61121.9136
2008000419479,1303,12,2,0,8,14516.45448
2008000419935,1302,14,2,0,6,12224.38272
2008000428269,1302,0,1,1,0,-19998
2008000428715,1302,60,1,0,1,4584.14352
2008000429319,1305,13,1,0,3,42021.3156
2008000430461,1302,14,4,0,6,10390.72531
2008000431905,1303,40,1,0,3,21392.66976
2008000433027,1302,10,2,0,2,24830.7774
2008000438019,1303,12,1,0,2,30576.23728
2008000443376,1303,14,3,0,2,109331.823
2008000443680,1302,25,3,0,2,45765.03281
2008000444695,1302,41,4,0,5,21392.66976
2008000448422,1305,17,3,0,2,72582.2724
2008000452206,1305,44,0,0,8,-19998
2008000453270,1302,0,1,1,0,-19998
2008000455138,1302,17,5,0,2,39423.63427
2008000456751,1303,20,2,0,2,24960.66147
2008000458741,1305,18,1,0,2,9244.689432
2008000460656,1305,10,5,0,2,208716.0545
2008000460689,1302,66,0,0,2,-19998
2008000464387,1303,22,2,0,4,80451.71878
2008000465065,1305,13,1,0,9,5821.86227
2008000466085,1303,16,2,0,2,52259.23613
2008000469382,1302,17,2,0,2,62420.75426
2008000471750,1303,17,2,0,2,46758.2639
2008000471934,1303,15,1,0,4,47369.48304
2008000473311,1302,12,1,0,2,18565.78126
2008000475192,1302,13,1,0,2,15280.4784
2008000477224,1302,14,2,0,9,47980.70218
2008000483999,1302,0,1,2,0,-19998
2008000484119,1305,14,4,0,2,70404.80423
2008000484456,1303,16,1,0,2,41257.29168
2008000485296,1301,21,1,0,2,30560.9568
2008000485797,1305,19,3,0,2,41257.29168
2008000487847,1303,16,2,0,2,46147.04477
2008000491893,1305,12,2,0,2,58142.22031
2008000492436,1303,12,1,0,2,63238.25986
2008000496150,1305,13,4,0,2,37207.9649
2008000501309,1305,15,1,0,2,14974.86883
2008000504750,1305,14,1,0,2,95502.99
2008000506607,1302,29,3,0,2,34625.56405
2008000506890,1302,13,2,0,2,82056.16901
2008000508007,1305,18,1,0,2,39729.24384
2008000510176,1302,44,2,0,6,19635.41474
2008000511173,1301,16,2,0,10,23684.74152
2008000514610,1302,0,1,1,0,-19998
2008000515723,1301,16,1,0,10,27504.86112
2008000519413,1302,21,2,0,6,9473.896608
2008000525576,1305,20,2,0,9,25212.78936
2008000529101,1302,20,1,0,2,24448.76544
2008000529798,1305,7,3,0,2,38354.00078
2008000535571,1305,18,4,0,2,72582.2724
2008000536188,1301,19,2,0,2,51953.62656
2008000536601,1303,15,2,0,2,36367.53859
2008000537588,1302,25,3,0,5,10696.33488
2008000540107,1305,37,1,0,9,15280.4784
2008000542551,1302,13,2,0,2,103143.2292
2008000547887,1305,45,1,0,2,22920.7176
2008000549569,1302,6,2,0,2,51953.62656
2008000549841,1301,15,2,0,2,34763.08836
2008000551404,1303,23,1,0,9,11460.3588
2008000553070,1302,9,2,0,2,15662.49036
2008000554710,1305,16,1,0,9,6028.148729
2008000565103,1303,14,4,0,2,41257.29168
2008000565929,1302,24,3,0,2,34205.3509
2008000566434,1303,18,2,0,5,29796.93288
2008000566473,1303,14,1,0,2,9550.299
2008000570220,1303,12,1,0,2,10925.54206
2008000570786,1305,18,1,0,2,15456.2039
2008000571937,1305,18,2,0,2,155402.4653
2008000573150,1302,14,6,0,2,92676.1015
2008000576960,1305,14,1,0,10,30560.9568
2008000578602,1302,22,2,0,2,34686.68597
2008000580134,1305,52,1,0,2,6188.593752
2008000585641,1302,27,1,0,6,20628.64584
2008000586323,1301,19,1,0,2,8404.26312
2008000587640,1302,12,4,0,2,22156.69368
2008000589651,1303,16,3,0,2,53336.50986
2008000590446,1303,58,0,0,2,-19998
2008000590666,1303,46,4,0,2,85112.26469
2008000593521,1302,18,2,0,2,87862.7508
2008000596965,1303,33,4,0,2,10696.33488
2008000598367,1305,19,1,0,6,22920.7176
2008000598748,1302,21,4,0,2,45841.4352
2008000600070,1302,98,2,0,5,69144.16476
2008000601208,1305,15,1,0,2,20628.64584
2008000604081,1305,0,1,1,0,-19998
2008000606511,1303,0,1,2,0,-19998
2008000607949,1301,66,0,0,2,-19998
2008000608240,1301,26,4,0,2,42479.72995
2008000609784,1302,49,4,0,6,36673.14816
2008000610565,1301,13,2,0,2,46605.45912
2008000619527,1302,20,1,0,9,10467.1277
2008000619564,1302,30,3,0,3,74110.32024
2008000625635,1302,14,4,0,2,144858.9352
2008000625747,1302,17,4,0,2,101233.1694
2008000628156,1305,20,4,0,2,97795.06176
2008000633056,1305,0,1,1,0,-19998
2008000634787,1301,13,4,0,2,44313.38736
2008000637174,1303,14,2,0,2,13752.43056
2008000639662,1305,18,2,0,4,76402.392
2008000639686,1301,21,1,0,10,7640.2392
2008000645566,1301,0,1,2,0,-19998
2008000647338,1305,16,4,0,2,34151.86922
2008000647898,1301,53,0,0,3,-19998
2008000647983,1301,55,2,0,5,21851.08411
2008000648421,1305,16,3,0,2,79458.48768
2008000650995,1303,18,2,0,2,46911.06869
2008000652401,1302,0,1,2,0,-19998
2008000656912,1305,16,1,0,7,7640.2392
2008000657874,1301,34,3,0,4,45994.23998
2008000657969,1301,14,1,0,2,31019.37115
2008000659821,1302,16,1,0,2,3972.924384
2008000661483,1302,14,1,0,4,19100.598
2008000663784,1305,13,2,0,2,27963.27547
2008000665719,1301,13,1,0,2,9932.31096
2008000667072,1303,10,2,0,2,97795.06176
2008000667087,1302,20,2,0,2,52259.23613
2008000669290,1305,58,1,0,2,36673.14816
2008000671486,1301,16,2,0,2,152804.784
2008000676062,1301,12,2,0,2,27504.86112
2008000679701,1301,17,1,0,2,1298.840664
2008000681253,1301,11,2,0,6,49661.5548
2008000681758,1305,17,2,0,2,19100.598
2008000683552,1303,24,4,0,2,252127.8936
2008000684471,1302,13,1,0,9,10161.51814
2008000694022,1302,9,4,0,2,49004.49423
2008000694798,1303,10,2,0,2,57683.80596
2008000698378,1303,32,2,0,2,66546.48343
2008000704621,1303,16,3,0,2,19597.21355
2008000704724,1305,11,1,0,6,30560.9568
2008000704968,1305,12,3,0,2,108491.3966
2008000705165,1305,21,1,0,2,25289.19175
2008000706442,1301,22,4,0,2,44007.77779
2008000708885,1305,28,1,0,5,14287.2473
2008000709125,1303,17,2,0,2,71054.22456
2008000714670,1302,28,3,0,6,28574.49461
2008000715764,1302,15,4,0,2,74950.74655
2008000726790,1302,0,1,2,0,-19998
2008000730295,1301,18,2,0,5,0
2008000734453,1301,21,2,0,2,50578.3835
2008000735086,1302,17,1,0,8,89696.40821
2008000737135,1303,16,2,0,2,61121.9136
2008000738226,1303,22,1,0,6,27031.16629
2008000741769,1303,82,1,0,5,30560.9568
2008000744607,1301,13,4,0,2,66829.17228
2008000745330,1303,13,2,0,2,49692.11576
2008000748653,1303,18,1,0,2,52717.65048
2008000750345,1301,27,1,0,2,14898.46644
2008000755056,1303,11,4,0,2,44618.99693
2008000755189,1305,53,2,0,8,48897.53088
2008000756440,1302,58,5,0,5,6112.19136
2008000757428,1302,40,4,0,2,19941.02431
2008000758369,1303,19,7,0,2,161896.6686
2008000760451,1303,24,2,0,7,30713.76158
2008000766097,1302,41,1,0,2,12682.79707
2008000767323,1305,25,1,0,2,10619.93249
2008000772034,1305,20,1,0,6,17572.55016
2008000774214,1303,23,1,0,5,4736.948304
2008000776087,1301,12,1,0,2,38965.21992
2008000777162,1301,15,2,0,6,40798.87733
2008000780693,1305,20,1,0,7,20628.64584
2008000780821,1305,16,4,0,2,74110.32024
2008000781570,1303,15,1,0,2,33617.05248
2008000785059,1301,13,1,0,2,20475.84106
2008000786697,1302,17,1,0,6,16128.54495
2008000787963,1302,27,2,0,2,30560.9568
2008000788484,1302,19,1,0,2,6417.800928
2008000792157,1302,24,2,0,2,21163.46258
2008000792534,1301,13,2,0,2,108491.3966
2008000798016,1303,10,2,0,2,90918.84648
2008000800982,1302,41,0,0,9,-19998
2008000805899,1305,12,9,0,2,582186.227
2008000808158,1301,13,1,0,5,57683.80596
2008000813218,1305,18,2,0,2,87862.7508
2008000814796,1305,14,1,0,8,14974.86883
2008000814836,1301,11,4,0,2,57072.58682
2008000816181,1305,19,1,0,4,22920.7176
2008000819653,1302,16,2,0,3,33617.05248
2008000820810,1303,11,3,0,2,30408.15202
2008000821883,1302,0,1,2,0,-19998
2008000832021,1301,15,2,0,2,134850.2219
2008000835657,1305,18,6,0,2,55009.72224
2008000836808,1301,73,1,0,7,15280.4784
2008000837148,1302,0,1,2,0,-19998
2008000839787,1301,13,4,0,2,52488.4433
2008000843204,1303,0,1,2,0,-19998
2008000846153,1302,9,2,0,7,71130.62695
2008000847955,1303,15,3,0,2,38506.80557
2008000848196,1303,21,2,0,3,13599.62578
2008000849075,1303,6,5,0,2,58065.81792
2008000849099,1305,17,4,0,2,67234.10496
2008000849232,1305,51,1,0,2,22920.7176
2008000849508,1302,24,2,0,2,22997.11999
2008000850535,1302,21,0,0,2,-19998
2008000850598,1301,26,5,0,2,33731.65607
2008000856881,1302,31,4,0,2,48752.36634
2008000858413,1305,13,2,0,2,125773.6177
2008000861864,1302,0,1,1,0,-19998
2008000862026,1302,38,0,0,6,-19998
2008000863422,1305,67,2,0,7,26740.8372
2008000863580,1303,27,1,0,8,48133.50696
2008000872835,1303,17,1,0,1,25212.78936
2008000873157,1302,23,1,0,2,9168.28704
2008000874182,1301,18,1,0,2,18336.57408
2008000874327,1305,13,2,0,2,101042.1634
2008000880629,1305,17,1,0,2,3575.631946
2008000881422,1302,15,4,0,2,61977.62039
2008000882251,1305,12,2,0,2,41257.29168
2008000883210,1302,14,2,0,2,31095.77354
2008000884605,1303,18,3,0,2,51953.62656
2008000885683,1302,19,2,0,2,38583.20796
2008000887573,1305,15,3,0,2,75126.47205
2008000888675,1305,45,2,0,8,13141.21142
2008000893144,1303,19,1,0,2,24754.37501
2008000896253,1301,32,1,0,2,1298.840664
2008000898758,1305,14,2,0,2,39652.84145
2008000899561,1301,20,2,0,2,42174.12038
2008000901482,1302,10,1,0,5,33617.05248
2008000901735,1302,17,2,0,2,32547.41899
2008000901933,1301,15,1,0,6,4663.602008
2008000905171,1305,85,3,0,5,11918.77315
2008000908111,1302,0,1,2,0,-19998
2008000910941,1302,59,0,0,6,-19998
2008000914136,1303,34,1,0,2,65706.82114
2008000918618,1303,31,3,0,3,45856.71568
2008000918895,1305,24,1,0,5,15280.4784
2008000924384,1305,16,3,0,2,67616.11692
2008000925225,1305,19,1,0,8,19864.62192
2008000929850,1305,22,2,0,7,33617.05248
2008000931079,1305,17,2,0,6,74110.32024
2008000932439,1305,41,5,0,9,23302.72956
2008000932927,1301,19,1,0,2,14822.06405
2008000933784,1301,7,2,0,2,70290.20064
2008000937931,1303,12,3,0,2,35145.10032
2008000941021,1302,0,1,1,0,-19998
2008000943230,1305,13,1,0,2,32089.00464
2008000943505,1303,17,4,0,2,130648.0903
2008000946609,1305,19,1,0,9,38201.196
2008000949418,1301,17,2,0,2,49455.26834
2008000950452,1302,70,2,0,2,0
2008000950688,1303,18,2,0,2,155249.6605
2008000951583,1302,43,5,0,2,94769.52704
2008000954630,1305,11,2,0,2,74110.32024
2008000954693,1305,23,2,0,2,81750.55944
2008000955141,1303,51,4,0,2,49661.5548
2008000955381,1301,18,4,0,2,21927.4865
2008000956735,1301,18,4,0,8,32853.02856
2008000957100,1305,0,1,1,0,-19998
2008000959885,1301,15,2,0,2,57301.794
2008000960078,1305,27,1,0,2,15280.4784
2008000961869,1305,17,1,0,2,33922.66205
2008000962307,1302,0,1,1,0,-19998
2008000962545,1303,14,1,0,2,93592.9302
2008000969693,1302,16,6,0,2,71894.65087
2008000971153,1302,49,4,0,2,67157.70257
2008000974473,1301,47,3,0,2,30713.76158
2008000980751,1305,17,2,0,2,93592.9302
2008000984845,1301,18,1,0,1,22844.31521
2008000992712,1302,18,2,0,2,44007.77779
2008000993191,1303,4,5,0,2,107345.3608
2008000995153,1305,10,2,0,5,132481.7477
2008000995670,1301,16,4,0,2,12529.99229
2008001001796,1305,18,1,0,2,74110.32024
2008001008370,1302,5,3,0,2,100851.1574
2008001009309,1301,42,0,0,4,-19998
2008001010058,1302,0,1,2,0,-19998
2008001011388,1305,17,4,0,2,84424.64316
2008001013245,1302,22,1,0,5,29032.90896
2008001015085,1302,13,2,0,2,85112.26469
2008001019226,1301,68,1,0,9,5042.557872
2008001021378,1301,13,2,0,2,82743.79054
2008001021822,1302,46,2,0,2,128356.0186
2008001027458,1302,12,1,0,6,12835.60186
2008001028664,1301,13,4,0,2,71436.23652
2008001034310,1302,10,2,0,4,2292.07176
2008001042696,1301,39,3,0,2,48668.3237
2008001047902,1305,18,2,0,5,43549.36344
2008001048916,1305,15,1,0,2,21087.06019
2008001049940,1305,17,3,0,3,145164.5448
2008001050575,1302,45,10,0,2,61503.92556
2008001051598,1301,21,2,0,2,48897.53088
2008001053651,1301,14,1,0,2,29796.93288
2008001054002,1303,13,3,0,2,71818.24848
2008001060318,1303,22,2,0,2,62267.94948
2008001065688,1301,17,3,0,2,253273.9295
2008001067110,1305,15,2,0,2,41180.88929
2008001067508,1303,16,1,0,2,14974.86883
2008001069107,1305,34,4,0,2,87236.25119
2008001071121,1302,30,3,0,2,45994.23998
2008001072260,1302,62,4,0,2,28803.70178
2008001073261,1301,0,1,1,0,-19998
2008001073544,1303,15,3,0,2,39882.04862
2008001075295,1302,16,1,0,2,30560.9568
2008001079627,1305,47,1,0,7,6112.19136
2008001085374,1305,0,1,2,0,-19998
2008001086504,1305,14,1,0,9,0
2008001088900,1301,15,1,0,2,9168.28704
2008001090796,1303,9,3,0,2,30102.54245
2008001094128,1301,31,1,0,6,41257.29168
2008001096750,1305,17,4,0,2,103143.2292
2008001101980,1302,29,2,0,6,11918.77315
2008001103030,1301,11,0,0,2,-19998
2008001104591,1305,14,1,0,8,66928.49539
2008001104715,1302,16,6,0,2,58829.84184
2008001108085,1305,19,1,0,2,42785.33952
2008001109022,1305,18,2,0,2,129257.5668
2008001110572,1301,52,2,0,2,69526.17672
2008001111110,1303,20,1,0,4,23226.32717
2008001116765,1303,16,1,0,2,38201.196
2008001119363,1303,22,2,0,6,44313.38736
2008001119540,1305,13,4,0,2,54933.31985
2008001121201,1305,15,2,0,3,98681.32951
2008001125184,1303,20,2,0,2,77624.83027
2008001126181,1303,19,2,0,3,71589.0413
2008001126232,1301,32,1,0,7,9168.28704
2008001131306,1305,43,2,0,2,72582.2724
2008001138829,1305,13,1,0,2,10696.33488
2008001142741,1301,11,1,0,7,21392.66976
2008001145655,1305,18,2,0,2,8175.055944
2008001147229,1305,16,1,0,8,71054.22456
2008001152384,1303,15,2,0,2,59135.45141
2008001153870,1305,15,2,0,2,68991.35998
2008001158299,1302,23,2,0,2,23302.72956
2008001158329,1303,39,2,0,2,67998.12888
2008001158465,1303,0,1,2,0,-19998
2008001159241,1303,21,4,0,2,261617.0707
2008001159562,1305,58,1,0,5,16808.52624
2008001162538,1303,14,4,0,2,285393.4951
2008001165752,1305,11,5,0,2,120708.1391
2008001166166,1301,19,4,0,2,29239.19542
2008001175134,1305,13,3,0,2,67845.3241
2008001175364,1305,14,2,0,2,53863.68636
2008001176275,1305,30,2,0,2,45841.4352
2008001176503,1301,20,2,0,3,49050.33566
2008001176884,1301,24,1,0,2,39194.4271
2008001179274,1305,57,3,0,2,114603.588
2008001180540,1305,70,2,0,6,36291.1362
2008001182796,1303,53,3,0,2,39729.24384
2008001189910,1302,15,4,0,2,26664.43481
2008001190156,1305,13,4,0,2,263282.6428
2008001193835,1305,24,1,0,2,137524.3056
2008001195773,1301,15,3,0,2,50731.18829
2008001195968,1305,15,1,0,9,39041.62231
2008001204981,1305,26,2,0,8,40264.06058
2008001205193,1305,14,3,0,2,51113.20025
2008001206572,1302,20,2,0,2,36673.14816
2008001210763,1302,0,1,1,0,-19998
2008001211847,1301,16,3,0,2,105435.301
2008001211880,1303,35,3,0,2,47675.09261
2008001214714,1302,15,1,0,5,19864.62192
2008001214868,1305,27,3,0,8,25594.80132
2008001221928,1302,22,2,0,3,46223.44716
2008001224360,1301,15,2,0,2,77930.43984
2008001231701,1301,11,4,0,2,57301.794
2008001233501,1303,15,1,0,2,53481.6744
2008001238370,1303,67,1,0,7,15280.4784
2008001242246,1302,23,3,0,2,64942.0332
2008001243335,1305,13,3,0,2,84042.6312
2008001246558,1305,16,3,0,2,106964.1128
2008001246582,1302,6,3,0,2,19711.81714
2008001251195,1302,16,1,0,5,5806.581792
2008001253441,1301,14,3,0,2,87939.15319
2008001261738,1305,16,3,0,2,45688.63042
2008001262725,1301,23,1,0,7,9168.28704
2008001264208,1302,11,4,0,2,40111.2558
2008001264724,1305,21,2,0,6,15433.28318
2008001265719,1305,15,2,0,2,6189.357776
2008001266171,1302,18,1,0,9,11032.5054
2008001270023,1303,12,1,0,2,28268.88504
2008001271873,1301,15,3,0,3,115214.8071
2008001278720,1305,21,1,0,7,15280.4784
2008001279951,1303,11,1,0,2,48744.7261
2008001285951,1305,4,2,0,2,40348.10322
2008001293241,1305,20,4,0,2,84119.03359
2008001299545,1301,26,2,0,2,71818.24848
2008001299686,1305,17,4,0,2,17419.74538
2008001300617,1302,41,2,0,2,32853.02856
2008001302240,1305,46,3,0,2,60434.29207
2008001303028,1301,13,1,0,2,26740.8372
2008001303336,1305,14,1,0,2,176183.916
2008001304662,1303,10,2,0,2,12300.78511
2008001306209,1305,26,3,0,2,58218.6227
2008001308517,1303,69,0,0,2,-19998
2008001311711,1301,22,1,0,7,11078.34684
2008001312338,1303,38,2,0,3,9015.482256
2008001315211,1303,9,2,0,2,87098.72688
2008001315552,1303,16,1,0,3,13676.02817
2008001316313,1301,14,4,0,2,40615.51159
2008001323695,1302,25,2,0,8,53787.28397
2008001323769,1302,8,1,0,2,1451.645448
2008001324187,1301,0,1,2,0,-19998
2008001326787,1303,31,1,0,4,2292.07176
2008001329998,1305,39,2,0,4,45841.4352
2008001330374,1301,16,3,0,2,77930.43984
2008001330611,1303,38,0,0,5,-19998
2008001332148,1301,25,2,0,2,153568.8079
2008001332877,1305,0,1,1,0,-19998
2008001332899,1302,15,2,0,7,24448.76544
2008001336557,1302,13,2,0,2,51571.6146
2008001337347,1302,13,2,0,5,9168.28704
2008001340209,1305,41,0,0,9,-19998
2008001341000,1302,0,1,1,0,-19998
2008001341464,1305,21,2,0,2,65706.05712
2008001350304,1305,15,2,0,8,52717.65048
2008001354111,1302,0,1,2,0,-19998
2008001355263,1301,83,0,0,2,-19998
2008001362559,1302,0,1,1,0,-19998
2008001366042,1303,26,1,0,9,15280.4784
2008001366060,1305,17,3,0,2,39882.04862
2008001367438,1305,12,2,0,2,124535.899
2008001368236,1305,13,3,0,2,133704.186
2008001369305,1302,11,1,0,2,32089.00464
2008001370762,1305,17,2,0,2,95426.58761
2008001371745,1303,17,1,0,2,28650.897
2008001376447,1303,38,2,0,5,4736.948304
2008001377087,1301,16,1,0,3,37895.58643
2008001378904,1301,16,2,0,2,46804.10534
2008001380070,1303,58,3,0,9,68762.1528
2008001381586,1302,19,3,0,2,20399.43866
2008001384566,1302,17,1,0,2,17572.55016
2008001385205,1302,20,1,0,2,2674.08372
2008001387655,1302,13,1,0,2,14440.05209
2009000001275,1305,21,0,0,2,-19998
2009000004758,1303,15,3,0,2,77166.41592
2009000005255,1303,18,3,0,2,48897.53088
2009000006397,1303,27,1,0,8,12988.40664
2009000009410,1302,13,2,0,2,42785.33952
2009000013502,1303,12,1,0,2,34839.49075
2009000013604,1302,0,1,2,0,-19998
2009000014190,1301,17,3,0,2,114603.588
2009000017110,1302,21,1,0,2,22233.09607
2009000024415,1303,19,1,0,2,23149.92478
2009000024554,1301,21,4,0,2,36673.14816
2009000025581,1301,17,2,0,2,17572.55016
2009000029084,1303,19,4,0,2,105435.301
2009000030100,1302,19,1,0,2,42174.12038
2009000031879,1305,16,3,0,2,91377.26083
2009000035536,1301,8,1,0,2,32089.00464
2009000036915,1305,15,1,0,2,39347.23188
2009000039641,1305,16,5,0,2,113243.6254
2009000042576,1301,0,1,1,0,-19998
2009000043053,1305,14,1,0,2,22156.69368
2009000046036,1303,26,3,0,2,55773.74616
2009000046260,1302,51,3,0,9,52717.65048
2009000047437,1303,31,4,0,2,62649.96144
2009000047942,1302,20,8,0,2,32547.41899
2009000050421,1303,15,5,0,2,61167.75504
2009000052156,1303,13,1,0,2,12568.19348
2009000052929,1302,72,2,0,3,4889.753088
2009000055534,1301,22,4,0,2,48897.53088
2009000055667,1305,13,2,0,2,157388.9275
2009000057603,1301,52,1,0,9,0
2009000059794,1301,23,2,0,2,133704.186
2009000061226,1303,15,1,0,2,20323.03627
2009000062349,1301,9,3,0,2,42021.3156
2009000070379,1305,19,5,0,2,270846.4796
2009000075228,1305,17,3,0,2,101615.1814
2009000077303,1302,37,1,0,9,23608.33913
2009000081285,1301,14,2,0,2,17496.14777
2009000084854,1305,12,2,0,2,58829.84184
2009000088312,1301,20,1,0,6,14134.44252
2009000088530,1303,9,4,0,2,54474.9055
2009000089964,1305,20,1,0,6,19100.598
2009000090230,1301,11,4,0,2,61121.9136
2009000092068,1303,10,4,0,2,38201.196
2009000098858,1303,92,10,0,2,53481.6744
2009000099195,1302,20,1,0,8,15280.4784
2009000102735,1305,15,1,0,2,78388.85419
2009000104524,1302,65,0,0,6,-19998
2009000106950,1303,18,3,0,4,10390.72531
2009000107541,1302,51,4,0,4,24448.76544
2009000109525,1305,15,2,0,2,63795.99732
2009000111476,1301,14,1,0,2,5134.240742
2009000121106,1301,0,1,2,0,-19998
2009000121256,1301,12,2,0,2,39423.63427
2009000124486,1302,0,1,2,0,-19998
2009000125827,1303,15,2,0,2,62405.47379
2009000126539,1301,14,2,0,2,39958.45102
2009000129790,1303,15,1,0,5,22920.7176
2009000130818,1305,20,2,0,7,5348.16744
2009000133753,1305,12,3,0,2,193298.0518
2009000135013,1303,13,1,0,2,69984.59107
2009000136185,1301,13,2,0,2,38384.56174
2009000139277,1302,10,3,0,2,48591.92131
2009000142161,1303,17,2,0,2,61672.01082
2009000147570,1301,13,5,0,2,92828.90628
2009000149831,1301,47,0,0,5,-19998
2009000152205,1302,36,2,0,2,18489.37886
2009000154939,1303,21,2,0,2,191005.98
2009000157273,1305,17,1,0,9,45841.4352
2009000162184,1302,0,1,2,0,-19998
2009000162964,1303,17,1,0,5,20475.84106
2009000163590,1305,13,1,0,3,7602.038004
2009000166541,1305,20,2,0,4,38965.21992
2009000168135,1301,14,3,0,2,166251.605
2009000170709,1305,17,1,0,5,35145.10032
2009000172364,1303,19,2,0,8,51189.60264
2009000172470,1301,10,3,0,2,89543.60342
2009000175765,1303,14,2,0,2,90850.08433
2009000175819,1305,17,2,0,2,46643.66032
2009000180341,1303,17,2,0,5,19864.62192
2009000182213,1302,18,1,0,9,30408.15202
2009000183249,1305,17,1,0,5,22156.69368
2009000185797,1305,7,3,0,2,59593.86576
2009000186915,1305,14,2,0,5,16808.52624
2009000188620,1302,4,1,0,3,24448.76544
2009000189477,1303,19,4,0,2,93058.11346
2009000190529,1305,19,1,0,6,47369.48304
2009000200103,1305,16,2,0,2,114527.1856
2009000208042,1302,22,1,0,2,22156.69368
2009000208524,1301,16,2,0,2,118423.7076
2009000208840,1303,19,2,0,2,97795.06176
2009000213122,1301,0,1,2,0,-19998
2009000213878,1302,7,1,0,9,15280.4784
2009000213935,1305,16,2,0,2,36825.95294
2009000215586,1302,13,2,0,2,84653.85034
2009000217452,1302,14,1,0,6,35909.12424
2009000218858,1302,19,3,0,2,20628.64584
2009000223470,1303,28,1,0,4,73728.30828
2009000224264,1301,16,2,0,2,40187.65819
2009000224549,1302,12,2,0,2,61121.9136
2009000225535,1301,22,2,0,2,93974.94216
2009000225664,1302,20,4,0,2,38201.196
2009000226438,1301,9,1,0,2,8557.067904
2009000227034,1303,22,5,0,2,76402.392
2009000228055,1301,16,1,0,2,55009.72224
2009000229371,1305,17,4,0,4,128669.2684
2009000232284,1301,14,2,0,2,74110.32024
2009000233218,1303,15,2,0,2,51266.00503
2009000233306,1302,44,1,0,2,9932.31096
2009000234356,1303,19,0,0,2,-19998
2009000235807,1303,16,1,0,2,4660.545912
2009000241441,1302,17,1,0,8,17954.56212
2009000243784,1305,17,3,0,7,33937.94253
2009000246528,1305,14,2,0,2,57760.20835
2009000247707,1302,15,1,0,4,15586.08797
2009000248081,1302,14,1,0,2,61885.93752
2009000250804,1301,24,3,0,2,46605.45912
2009000253574,1303,14,2,0,2,42021.3156
2009000253868,1305,17,2,0,2,5722.539161
2009000257982,1301,16,2,0,7,42021.3156
2009000260511,1301,13,1,0,2,11078.34684
2009000261028,1302,12,3,0,2,71054.22456
2009000262451,1302,34,2,0,7,48897.53088
2009000262584,1301,29,3,0,2,11613.16358
2009000262719,1305,15,0,0,2,-19998
2009000265236,1305,0,1,2,0,-19998
2009000265827,1302,14,5,0,2,49203.14045
2009000269891,1302,85,2,0,6,11001.94445
2009000270517,1305,30,1,0,4,15280.4784
2009000270538,1305,49,2,0,2,38965.21992
2009000271496,1302,31,5,0,2,103907.2531
2009000275670,1302,15,7,0,2,63413.98536
2009000276081,1305,21,1,0,2,22538.70564
2009000278003,1303,12,3,0,2,31324.98072
2009000278653,1302,14,2,0,2,126827.9707
2009000280563,1305,17,1,0,2,40569.67015
2009000282311,1302,58,2,0,3,164265.1428
2009000284322,1302,0,1,1,0,-19998
2009000284658,1303,12,3,0,2,29506.60379
2009000287807,1302,33,0,0,2,-19998
2009000288927,1302,19,1,0,9,29873.33527
2009000289739,1301,18,1,0,2,73346.29632
2009000290548,1303,19,3,0,2,14860.26524
2009000292948,1301,10,3,0,2,62657.60168
2009000293593,1303,33,0,0,2,-19998
2009000294049,1302,17,1,0,2,38201.196
2009000294396,1303,30,1,0,5,16044.50232
2009000299924,1301,15,1,0,2,15891.69754
2009000302309,1302,18,1,0,5,9932.31096
2009000302371,1302,20,3,0,6,48133.50696
2009000303444,1305,13,3,0,2,28880.10418
2009000305298,1305,20,3,0,4,44695.39932
2009000305637,1303,19,1,0,2,9932.31096
2009000306619,1301,15,2,0,6,69128.88428
2009000308098,1305,22,1,0,7,42021.3156
2009000308912,1301,16,2,0,8,35145.10032
2009000313147,1303,15,2,0,2,80986.53552
2009000314472,1305,31,4,0,2,32089.00464
2009000315103,1305,13,2,0,2,56537.77008
2009000316795,1301,25,2,0,2,26740.8372
2009000322797,1301,17,1,0,2,34915.89314
2009000323164,1303,27,5,0,2,29338.51853
2009000324868,1303,13,2,0,2,95502.99
2009000325644,1301,16,1,0,2,0
2009000325908,1303,20,4,0,2,96488.58086
2009000327720,1305,15,1,0,9,32853.02856
2009000327840,1302,15,2,0,2,44695.39932
2009000328587,1303,27,3,0,2,73728.30828
2009000330760,1305,22,1,0,2,15051.27122
2009000332223,1303,0,1,2,0,-19998
2009000332256,1305,20,2,0,2,28650.897
2009000333910,1305,35,5,0,2,13217.61382
2009000335972,1303,15,1,0,5,39729.24384
2009000341781,1305,20,1,0,8,16808.52624
2009000343570,1302,56,4,0,6,8480.665512
2009000343618,1303,14,2,0,2,47904.29978
2009000347677,1303,14,2,0,2,7793.043984
2009000348264,1305,10,2,0,2,41028.0845
2009000353431,1302,21,3,0,2,171370.5653
2009000357551,1302,0,1,1,0,-19998
2009000360067,1302,21,2,0,2,182219.7049
2009000363466,1303,13,2,0,2,18336.57408
2009000363643,1301,14,3,0,2,33617.05248
2009000368269,1302,15,4,0,2,67409.83046
2009000368624,1301,15,3,0,2,91682.8704
2009000370484,1303,41,1,0,9,5806.581792
2009000370904,1301,14,2,0,2,33005.83334
2009000371659,1303,22,1,0,2,24143.15587
2009000372249,1303,15,3,0,2,33617.05248
2009000375270,1305,13,5,0,2,146234.1783
2009000375597,1302,19,2,0,2,103066.8268
2009000376631,1305,16,3,0,2,135690.6482
2009000378065,1301,22,1,0,10,32471.0166
2009000379022,1305,16,2,0,2,49050.33566
2009000381840,1302,11,4,0,2,115367.6119
2009000381937,1303,28,4,0,2,80222.5116
2009000389317,1301,15,3,0,2,40187.65819
2009000395294,1302,30,3,0,3,28024.39739
2009000397065,1305,22,1,0,6,63031.9734
2009000402059,1305,21,1,0,9,3438.10764
2009000402255,1303,44,0,0,7,-19998
2009000405523,1303,13,2,0,4,36673.14816
2009000410723,1305,16,3,0,2,32623.82138
2009000414951,1303,7,2,0,2,30331.74962
2009000419356,1301,57,1,0,4,3.05609568
2009000419792,1303,72,1,0,2,31324.98072
2009000427355,1303,7,2,0,2,20170.23149
2009000427464,1303,16,2,0,2,37437.17208
2009000427506,1303,16,3,0,2,53856.04612
2009000428728,1305,15,2,0,2,24601.57022
2009000435661,1302,22,1,0,1,39652.84145
2009000436412,1302,11,2,0,2,55888.34975
2009000440598,1305,45,1,0,2,19100.598
2009000445832,1305,47,1,0,9,3820.1196
2009000446539,1303,15,2,0,2,68586.4273
2009000447600,1303,49,2,0,2,22233.09607
2009000450021,1305,17,3,0,2,25212.78936
2009000455846,1303,14,3,0,2,57760.20835
2009000458652,1301,0,1,1,0,-19998
2009000458821,1302,23,2,0,2,30797.80422
2009000461902,1303,25,1,0,2,197882.1953
2009000463459,1303,22,2,0,2,56537.77008
2009000466432,1305,14,2,0,5,41257.29168
2009000469199,1303,13,2,0,2,22722.07138
2009000469352,1305,14,1,0,5,11460.3588
2009000474497,1301,16,1,0,2,42785.33952
2009000474596,1305,15,1,0,2,22156.69368
2009000484269,1305,16,3,0,2,127286.3851
2009000486951,1301,9,1,0,2,19100.598
2009000487635,1305,37,2,0,2,88626.77472
2009000491806,1303,18,2,0,2,28421.68982
2009000493162,1301,0,1,2,0,-19998
2009000498823,1303,28,4,0,2,65018.43559
2009000504891,1302,11,1,0,9,9168.28704
2009000506253,1303,18,4,0,2,131412.1142
2009000507969,1301,41,9,0,1,76937.20874
2009000508787,1301,45,1,0,4,0
2009000510170,1305,16,2,0,2,96267.01392
2009000512787,1303,14,1,0,3,39194.4271
2009000515076,1303,13,1,0,2,61885.93752
2009000515254,1305,7,2,0,6,25900.41089
2009000521410,1305,30,0,0,4,-19998
2009000521617,1305,14,2,0,2,36520.34338
2009000524120,1302,38,2,0,2,64178.00928
2009000524355,1302,12,1,0,2,16739.76409
2009000525165,1303,50,3,0,2,58829.84184
2009000526782,1301,25,9,0,2,175037.8801
2009000527243,1305,68,1,0,6,30560.9568
2009000528493,1302,22,2,0,2,32776.62617
2009000530878,1303,14,2,0,3,64942.0332
2009000531378,1305,26,4,0,2,66019.30693
2009000537460,1305,32,4,0,2,76402.392
2009000538202,1305,19,1,0,4,8022.25116
2009000538208,1303,12,1,0,6,21851.08411
2009000538450,1302,44,3,0,5,19100.598
2009000538838,1302,0,1,2,0,-19998
2009000544004,1303,0,1,1,0,-19998
2009000544075,1303,33,4,0,2,55009.72224
2009000544344,1301,24,1,0,2,9091.884648
2009000544841,1301,15,1,0,2,38812.41514
2009000545643,1301,15,2,0,6,43549.36344
2009000549474,1301,0,1,2,0,-19998
2009000550069,1302,11,3,0,2,107650.9703
2009000550689,1301,16,1,0,2,22920.7176
2009000551562,1305,16,1,0,6,3980.564623
2009000557139,1303,13,2,0,2,47552.84878
2009000559891,1305,25,3,0,2,49302.46356
2009000563064,1303,56,0,0,9,-19998
2009000564557,1301,9,2,0,2,39729.24384
2009000567993,1303,15,1,0,2,33922.66205
2009000569321,1305,20,4,0,2,69526.17672
2009000570245,1302,16,2,0,2,46452.65434
2009000574033,1305,36,4,0,2,85662.36191
2009000574408,1302,18,2,0,2,180309.6451
2009000577074,1302,36,1,0,5,13370.4186
2009000581821,1301,21,2,0,2,72276.66283
2009000586063,1301,18,2,0,2,106963.3488
2009000588781,1303,17,2,0,2,45383.02085
2009000589775,1305,58,1,0,2,13676.02817
2009000594332,1301,16,2,0,2,71894.65087
2009000595802,1301,17,1,0,4,47369.48304
2009000601440,1301,25,4,0,2,36994.03821
2009000604616,1301,23,2,0,8,182372.5097
2009000606927,1301,28,3,0,2,87862.7508
2009000608202,1305,28,2,0,6,22920.7176
2009000608583,1301,26,1,0,2,61121.9136
2009000609510,1305,17,1,0,5,22920.7176
2009000610500,1305,38,1,0,4,3820.1196
2009000613234,1305,72,1,0,6,44313.38736
2009000615094,1303,21,3,0,2,51953.62656
2009000621038,1305,54,2,0,9,21392.66976
2009000627614,1301,13,1,0,5,47369.48304
2009000637047,1302,17,2,0,2,25365.59414
2009000638879,1301,13,2,0,2,19100.598
2009000643810,1301,23,2,0,2,61885.93752
2009000649913,1302,24,8,0,8,22920.7176
2009000651066,1305,19,1,0,2,8557.067904
2009000653365,1303,18,1,0,9,6203.87423
2009000656221,1303,12,1,0,5,7334.629632
2009000657698,1301,24,4,0,5,9397.494216
2009000660650,1301,14,1,0,2,51418.80982
2009000660790,1302,18,4,0,2,35145.10032
2009000664020,1305,19,2,0,2,41333.69407
2009000665129,1301,25,4,0,2,56537.77008
2009000665940,1305,45,1,0,9,8251.458336
2009000666192,1305,16,1,0,4,21087.06019
2009000675920,1303,37,4,0,2,73346.29632
2009000676062,1303,50,3,0,2,29185.71374
2009000679693,1305,14,1,0,1,6264.996144
2009000681723,1305,17,3,0,2,169585.8054
2009000684823,1302,24,2,0,7,14822.06405
2009000689465,1302,26,3,0,4,8022.25116
2009000689471,1302,43,2,0,2,15280.4784
2009000692128,1305,15,2,0,8,52717.65048
2009000693741,1301,24,4,0,2,22767.91282
2009000698296,1301,12,3,0,2,94708.40512
2009000698330,1303,22,2,0,2,15280.4784
2009000700991,1303,15,3,0,2,48439.11653
2009000704559,1305,0,1,2,0,-19998
2009000705195,1301,16,3,0,2,17954.56212
2009000706388,1305,20,2,0,2,52717.65048
2009000706951,1302,14,1,0,8,42708.93713
2009000707378,1305,58,2,0,4,11383.95641
2009000707971,1303,40,1,0,2,22920.7176
2009000710023,1305,10,2,0,2,30606.79824
2009000711857,1303,17,2,0,2,24945.38099
2009000713610,1303,18,1,0,2,15280.4784
2009000714149,1305,53,3,0,2,68762.1528
2009000714474,1305,23,2,0,5,13752.43056
2009000717193,1305,44,1,0,9,11001.94445
2009000717699,1303,29,1,0,2,45077.41128
2009000719192,1302,21,2,0,2,18030.96451
2009000725314,1301,17,3,0,2,74339.52742
2009000731932,1302,18,2,0,2,51189.60264
2009000740975,1302,12,1,0,8,140809.6085
2009000744701,1301,16,2,0,2,17572.55016
2009000745498,1303,21,2,0,2,332350.4052
2009000745602,1303,15,1,0,2,83278.60728
2009000745856,1301,14,3,0,2,34526.24094
2009000746262,1303,31,1,0,2,15815.29514
2009000749118,1305,15,2,0,6,51189.60264
2009000754098,1301,17,4,0,2,59899.47533
2009000755112,1303,10,2,0,2,74874.34416
2009000755809,1301,59,5,0,2,74339.52742
2009000757890,1302,15,1,0,3,28268.88504
2009000762026,1302,22,1,0,8,8251.458336
2009000766306,1305,16,2,0,2,178017.5734
2009000766403,1301,27,4,0,2,53504.59512
2009000769396,1305,19,1,0,2,7793.043984
2009000769955,1303,39,1,0,4,27504.86112
2009000771392,1305,19,1,0,9,29032.90896
2009000775591,1301,16,2,0,2,37463.14889
2009000775686,1302,53,3,0,2,38736.01274
2009000776396,1305,27,2,0,2,236274.3973
2009000776546,1305,18,3,0,2,51266.00503
2009000777120,1302,60,2,0,2,15280.4784
2009000778991,1302,13,2,0,2,27504.86112
2009000781595,1303,10,2,0,9,7793.043984
2009000781670,1302,21,1,0,9,22538.70564
2009000781997,1305,11,1,0,7,764.02392
2009000784357,1303,27,2,0,2,20705.04823
2009000786993,1305,17,1,0,9,11001.94445
2009000787280,1301,20,2,0,2,49355.94523
2009000789212,1302,18,4,0,2,58065.81792
2009000790969,1302,18,1,0,2,26435.22763
2009000791026,1301,19,0,0,7,-19998
2009000794543,1303,16,3,0,2,32394.61421
2009000798551,1305,13,4,0,2,81750.55944
2009000801096,1302,35,5,0,2,20017.4267
2009000804329,1305,16,3,0,2,194062.0757
2009000808197,1301,15,1,0,2,156090.0869
2009000809860,1303,16,4,0,2,37284.3673
2009000810797,1302,12,2,0,6,64942.0332
2009000811633,1303,18,4,0,2,61641.44987
2009000814557,1303,68,0,0,2,-19998
2009000815780,1301,17,2,0,2,165793.1906
2009000816713,1303,14,3,0,8,122037.5407
2009000818864,1303,17,1,0,2,-2750.486112
2009000819849,1302,17,4,0,2,46758.2639
2009000821430,1302,13,1,0,3,39729.24384
2009000822466,1305,17,2,0,5,57301.794
2009000823088,1302,0,1,2,0,-19998
2009000823557,1302,0,1,1,0,-19998
2009000826875,1303,16,2,0,2,13981.63774
2009000828371,1302,16,1,0,2,35909.12424
2009000830417,1302,15,3,0,2,53634.47918
2009000831172,1305,10,1,0,8,9168.28704
2009000831495,1301,17,2,0,9,30560.9568
2009000831764,1305,25,2,0,2,51877.22417
2009000835261,1302,16,2,0,6,26970.04438
2009000837766,1303,32,3,0,2,9397.494216
2009000837974,1303,15,1,0,2,38201.196
2009000841357,1302,27,0,0,2,-19998
2009000841360,1305,63,6,0,2,31172.17594
2009000845480,1305,12,1,0,2,18412.97647
2009000849345,1305,14,2,0,5,59593.86576
2009000853459,1303,39,1,0,5,26358.82524
2009000856827,1301,12,5,0,2,37207.9649
2009000862974,1305,15,1,0,2,14363.6497
2009000863092,1302,0,1,1,0,-19998
2009000866719,1302,16,12,0,2,59593.86576
2009000869869,1305,13,1,0,6,27504.86112
2009000870027,1302,14,3,0,2,67463.31214
2009000870637,1303,17,2,0,2,145546.5568
2009000871153,1302,13,2,0,2,48897.53088
2009000871156,1305,23,4,0,2,126827.9707
2009000875488,1301,21,2,0,2,58539.51275
2009000876633,1302,39,1,0,2,19138.7992
2009000877208,1301,11,2,0,2,47369.48304
2009000877501,1301,22,1,0,8,53176.06483
2009000878236,1305,15,2,0,2,240667.5348
2009000886719,1302,23,3,0,2,62344.35187
2009000888752,1302,18,1,0,2,44313.38736
2009000888871,1302,12,2,0,2,33617.05248
2009000890119,1301,40,1,0,9,11689.56598
2009000892122,1305,18,2,0,2,39805.64623
2009000892643,1301,16,0,0,6,-19998
2009000892740,1305,16,2,0,3,58065.81792
2009000897527,1301,18,3,0,2,22156.69368
2009000900118,1302,17,2,0,2,30331.74962
2009000900187,1305,12,2,0,2,118805.7196
2009000901131,1303,21,3,0,5,9168.28704
2009000901755,1305,20,2,0,2,108109.3847
2009000901758,1303,25,0,0,2,-19998
2009000908023,1302,15,2,0,2,41104.4869
2009000910308,1303,21,2,0,5,42021.3156
2009000913492,1305,27,6,0,2,71130.62695
2009000915581,1303,13,2,0,2,57301.794
2009000916620,1305,16,2,0,5,45085.05152
2009000917577,1305,0,1,2,0,-19998
2009000918275,1305,14,1,0,4,3514.510032
2009000920635,1301,24,5,0,2,12377.1875
2009000921391,1305,12,1,0,5,9779.506176
2009000921433,1305,16,1,0,8,11383.95641
2009000921929,1302,15,1,0,2,16044.50232
2009000927826,1301,9,4,0,2,62267.94948
2009000928456,1303,20,6,0,7,47445.88543
2009000929471,1302,13,2,0,2,107177.2755
2009000930609,1301,22,1,0,8,11613.16358
2009000932334,1302,10,2,0,2,26511.63002
2009000933551,1301,18,1,0,2,93516.52781
2009000935436,1305,11,2,0,2,41944.91321
2009000936514,1305,17,1,0,6,6112.19136
2009000937404,1302,0,1,1,0,-19998
2009000937974,1305,15,2,0,2,25327.39295
2009000939037,1301,15,5,0,2,39118.0247
2009000939771,1305,13,4,0,2,31172.17594
2009000942369,1302,16,1,0,6,4645.265434
2009000943806,1302,7,3,0,3,83905.10689
2009000944608,1305,24,1,0,7,0
2009000946670,1303,28,2,0,8,107375.9217
2009000947920,1305,21,2,0,2,45001.00889
2009000948739,1305,17,1,0,4,30560.9568
2009000948885,1302,24,6,0,2,69067.76237
2009000950065,1303,13,2,0,2,124001.0822
2009000953894,1303,11,1,0,2,19100.598
2009000955831,1303,15,2,0,2,44313.38736
2009000958291,1305,18,1,0,5,23684.74152
2009000960316,1302,0,1,1,0,-19998
2009000961417,1303,31,6,0,5,61121.9136
2009000965372,1303,8,3,0,2,33311.44291
2009000966800,1305,50,1,0,2,18260.17169
2009000978954,1305,18,1,0,8,7029.020064
2009000983887,1302,16,5,0,2,275507.0256
2009000987519,1301,11,3,0,2,33311.44291
2009000988799,1305,16,2,0,7,127591.9946
2009000989177,1301,18,1,0,2,19253.40278
2009000990238,1305,31,1,0,9,6341.398536
2009000990857,1305,9,1,0,6,16044.50232
2009000992968,1303,16,2,0,2,34915.89314
2009000993113,1305,16,1,0,6,51189.60264
2009000994126,1305,18,1,0,7,15433.28318
2009000996112,1305,11,2,0,3,135056.5083
2009000996808,1305,16,1,0,3,11842.37076
2009000996955,1301,33,2,0,2,96267.01392
2009000999500,1301,15,1,0,5,0
2009001007289,1302,0,1,2,0,-19998
2009001015320,1301,17,2,0,2,56537.77008
2009001016037,1301,66,1,0,8,6188.593752
2009001018019,1303,35,5,0,2,42021.3156
2009001021728,1303,7,7,0,2,85112.26469
2009001023634,1305,16,2,0,2,170988.5533
2009001024430,1302,62,2,0,9,30560.9568
2009001025752,1301,49,2,0,4,34381.0764
2009001026052,1303,16,7,0,2,41104.4869
2009001027964,1303,16,3,0,3,45841.4352
2009001031112,1302,21,3,0,2,39377.79284
2009001031495,1303,12,1,0,2,26740.8372
2009001031561,1302,39,4,0,2,2750.486112
2009001033148,1302,21,4,0,2,67998.12888
2009001034662,1303,13,1,0,6,145164.5448
2009001036187,1305,20,1,0,6,0
2009001037869,1302,14,2,0,6,10772.73727
2009001039150,1301,17,2,0,2,86334.70296
2009001040279,1305,15,4,0,2,252127.8936
2009001042212,1302,19,1,0,2,61121.9136
2009001042317,1305,17,2,0,2,131412.1142
2009001044204,1302,19,1,0,2,4584.14352
2009001046656,1303,18,3,0,2,21392.66976
2009001054381,1303,34,2,0,7,53985.93019
2009001054603,1305,44,6,0,2,45077.41128
2009001055851,1303,23,3,0,2,127591.9946
2009001056447,1301,12,5,0,2,104594.8746
2009001058242,1303,27,4,0,8,22920.7176
2009001058302,1305,15,3,0,2,78236.04941
2009001059338,1301,16,1,0,2,26740.8372
2009001059652,1305,51,1,0,4,28345.28743
2009001064200,1303,21,4,0,2,59593.86576
2009001067529,1302,0,1,1,0,-19998
2009001069288,1305,13,1,0,4,32471.0166
2009001071097,1302,23,1,0,2,20170.23149
2009001072427,1302,24,1,0,8,10467.1277
2009001072627,1301,12,1,0,2,20934.25541
2009001077299,1305,18,1,0,2,80222.5116
2009001078947,1301,3,2,0,2,69526.17672
2009001086820,1303,0,1,2,0,-19998
2009001088428,1305,19,2,0,4,12835.60186
2009001089290,1305,12,1,0,9,4584.14352
2009001091255,1305,20,3,0,2,61121.9136
2009001094569,1303,60,4,0,2,51724.41938
2009001104019,1305,16,1,0,2,203230.3627
2009001106465,1301,22,1,0,1,38201.196
2009001111353,1302,3,5,0,4,51113.20025
2009001113294,1301,17,2,0,3,105435.301
2009001115260,1302,15,3,0,2,119951.7554
2009001117276,1303,0,1,2,0,-19998
2009001120481,1303,21,3,0,2,51953.62656
2009001123071,1303,11,6,0,2,144790.1731
2009001123357,1301,21,1,0,2,37284.3673
2009001129030,1305,14,1,0,7,3820.1196
2009001136431,1303,13,2,0,2,17037.73342
2009001140605,1303,16,0,0,2,-19998
2009001144460,1301,10,2,0,2,54245.69832
2009001146080,1303,43,6,0,2,40416.86537
2009001146685,1305,23,2,0,4,16808.52624
2009001148055,1302,15,1,0,6,12224.38272
2009001150496,1305,19,2,0,2,9512.097804
2009001151635,1301,17,5,0,2,47140.27586
2009001157223,1303,10,2,0,2,116131.6358
2009001157606,1303,0,1,1,0,-19998
2009001162141,1305,16,1,0,8,8862.677472
2009001163102,1303,41,0,0,2,-19998
2009001169793,1305,16,4,0,2,90154.82256
2009001174280,1301,6,2,0,2,34381.0764
2009001174420,1302,52,1,0,4,3820.1196
2009001176087,1305,50,3,0,2,52946.85766
2009001179233,1301,21,2,0,8,19864.62192
2009001182292,1305,46,1,0,9,35145.10032
2009001185627,1301,49,4,0,2,25976.81328
2009001185832,1302,10,2,0,2,96572.62349
2009001185986,1305,12,1,0,2,53787.28397
2009001188467,1301,27,4,0,6,29032.90896
2009001190788,1302,26,2,0,6,30560.9568
2009001191133,1303,11,2,0,5,32547.41899
2009001192335,1303,32,5,0,2,13905.23534
2009001194566,1305,19,1,0,2,1833.657408
2009001198504,1301,22,2,0,6,42785.33952
2009001199033,1305,18,2,0,2,22958.9188
2009001203783,1303,17,2,0,5,87407.39254
2009001209399,1305,15,2,0,9,23761.14391
2009001209535,1302,13,2,0,2,6876.21528
2009001214104,1303,24,4,0,2,84806.65512
2009001216500,1305,37,1,0,2,110783.4684
2009001217067,1303,16,2,0,2,35297.9051
2009001218432,1301,51,0,0,2,-19998
2009001218680,1303,17,1,0,2,33693.45487
2009001221870,1301,20,3,0,2,70748.61499
2009001223645,1305,22,1,0,8,22309.49846
2009001226519,1301,96,1,0,7,7411.032024
2009001227753,1305,13,2,0,2,118194.5004
2009001228212,1301,12,2,0,9,28039.67786
2009001230892,1303,25,1,0,6,30637.35919
2009001233129,1305,14,1,0,2,44313.38736
2009001233923,1302,6,4,0,2,15288.11864
2009001234313,1303,13,1,0,2,17266.94059
2009001236805,1305,15,4,0,2,84042.6312
2009001242857,1305,13,4,0,6,34381.0764
2009001248586,1302,15,1,0,2,15280.4784
2009001251110,1302,46,0,0,2,-19998
2009001252266,1301,0,1,2,0,-19998
2009001253379,1305,16,5,0,2,91148.05366
2009001253815,1303,22,1,0,6,28268.88504
2009001256732,1301,12,4,0,2,8862.677472
2009001259958,1305,15,1,0,8,6417.800928
2009001263341,1301,82,1,0,2,25671.20371
2009001264855,1301,14,3,0,6,12224.38272
2009001266824,1301,3,1,0,2,87862.7508
2009001266893,1303,13,1,0,2,21239.86498
2009001267787,1303,19,2,0,2,37895.58643
2009001270319,1303,27,2,0,4,26740.8372
2009001273535,1303,9,1,0,2,24066.75348
2009001273632,1301,6,3,0,2,59593.86576
2009001275735,1303,33,2,0,3,71818.24848
2009001275822,1301,13,1,0,4,33617.05248
2009001278635,1303,21,3,0,2,83546.01565
2009001281542,1305,11,1,0,6,36061.92902
2009001285510,1305,15,3,0,2,162584.2902
2009001286043,1305,20,2,0,2,6876.21528
2009001288120,1301,17,3,0,2,21087.06019
2009001289126,1301,15,2,0,7,50883.99307
2009001289446,1302,17,5,0,2,57454.59878
2009001293675,1305,15,3,0,2,104671.277
2009001299491,1303,16,1,0,2,12033.37674
2009001299524,1305,14,4,0,2,104060.0579
2009001301066,1301,20,2,0,4,39729.24384
2009001308239,1302,22,2,0,2,78312.4518
2009001308356,1305,14,2,0,2,28880.10418
2009001312194,1303,16,0,0,5,-19998
2009001314191,1305,16,1,0,2,9550.299
2009001315672,1303,19,1,0,3,11001.94445
2009001315819,1303,25,2,0,2,141879.2419
2009001320712,1303,20,2,0,2,60357.88968
2009001322810,1302,19,2,0,2,69373.37194
2009001324305,1301,12,3,0,2,77258.09879
2009001325221,1302,14,2,0,2,25518.39893
2009001328135,1303,16,3,0,2,56996.18443
2009001330564,1303,21,2,0,2,217830.8598
2009001331666,1302,0,1,2,0,-19998
2009001332583,1302,13,4,0,9,29796.93288
2009001333903,1302,8,4,0,2,78006.84223
2009001335715,1301,14,1,0,3,76555.19678
2009001337986,1303,9,2,0,2,37971.98882
2009001341314,1302,19,2,0,2,32440.45564
2009001346463,1301,14,2,0,1,70366.60303
2009001347178,1302,11,5,0,2,18794.98843
2009001347599,1301,40,4,0,2,31019.37115
2009001348643,1302,20,5,0,2,206439.2632
2009001349865,1302,19,4,0,2,113075.5402
2009001352307,1301,31,1,0,5,27507.91722
2009001353151,1305,10,2,0,2,194062.0757
2009001354987,1302,45,2,0,2,22156.69368
2009001359394,1301,8,2,0,1,30713.76158
2009001362664,1302,22,4,0,2,76478.79439
2009001364067,1302,5,2,0,2,40034.85341
2009001365591,1305,12,4,0,2,271152.0892
2009001366875,1303,14,3,0,2,44313.38736
2009001368063,1301,16,2,0,2,37131.56251
2009001368988,1301,20,1,0,2,25403.79534
2009001371707,1302,12,1,0,9,30026.14006
2009001373298,1305,22,3,0,2,67616.11692
2009001374191,1303,15,3,0,2,75638.36808
2009001378873,1305,18,2,0,4,28268.88504
2009001381271,1301,7,1,0,2,38201.196
2009001384849,1301,15,2,0,3,79076.47572
2009001385552,1301,62,0,0,2,-19998
2009001390241,1303,13,2,0,2,57301.794
2009001393928,1301,19,3,0,2,45841.4352
2009001394763,1303,20,2,0,2,29185.71374
2010000001217,1302,10,2,0,2,34686.68597
2010000002171,1302,20,2,0,2,28116.08026
2010000004539,1305,20,1,0,2,21392.66976
2010000008242,1302,19,1,0,2,12988.40664
2010000012893,1305,12,2,0,6,17572.55016
2010000013298,1303,20,3,0,2,65721.3376
2010000014420,1305,51,0,0,8,-19998
2010000015648,1303,16,3,0,2,71054.22456
2010000017719,1305,11,2,0,2,61045.51121
2010000018534,1302,15,1,0,5,21010.6578
2010000018575,1305,20,2,0,2,109484.6277
2010000018971,1301,15,3,0,2,106046.5201
2010000020591,1302,22,2,0,4,27886.87308
2010000021278,1303,34,2,0,2,52106.43134
2010000028960,1301,0,1,2,0,-19998
2010000029266,1303,9,2,0,2,154714.8438
2010000031970,1301,18,2,0,2,21010.6578
2010000033078,1301,16,2,0,2,72887.88197
2010000033101,1301,14,1,0,5,32700.22378
2010000033162,1302,41,0,0,2,-19998
2010000038106,1303,10,2,0,2,32853.02856
2010000038454,1303,18,2,0,2,82361.77858
2010000038590,1303,17,1,0,7,28650.897
2010000041662,1305,14,4,0,2,82514.58336
2010000042174,1303,16,2,0,2,59211.8538
2010000042439,1301,16,3,0,2,70901.41978
2010000046247,1301,17,5,0,2,86793.11731
2010000048234,1303,11,2,0,8,88626.77472
2010000049825,1302,10,2,0,8,13370.4186
2010000054512,1301,20,5,0,2,241584.3635
2010000056106,1302,13,2,0,2,45535.82563
2010000056933,1301,18,1,0,5,16808.52624
2010000057090,1305,13,1,0,6,14898.46644
2010000057716,1303,12,2,0,2,15586.08797
2010000060964,1305,12,5,0,2,114603.588
2010000063051,1302,54,0,0,5,-19998
2010000064685,1305,14,3,0,2,72811.47958
2010000064691,1305,24,1,0,2,94738.96608
2010000064940,1302,13,3,0,8,19788.21953
2010000065253,1302,56,2,0,2,37055.16012
2010000066852,1301,4,2,0,2,44236.98497
2010000068627,1303,14,4,0,2,19788.21953
2010000075097,1305,0,1,1,0,-19998
2010000075357,1301,17,3,0,2,68762.1528
2010000076977,1303,10,4,0,2,19390.92709
2010000082628,1301,19,1,0,1,20170.23149
2010000089893,1305,15,2,0,2,36673.14816
2010000090021,1301,0,1,2,0,-19998
2010000090752,1301,21,2,0,2,40798.87733
2010000095277,1301,14,2,0,7,7487.434416
2010000096585,1305,9,1,0,9,22233.09607
2010000096755,1305,18,2,0,2,44634.27741
2010000097997,1302,49,0,0,2,-19998
2010000098806,1301,8,2,0,2,139052.3534
2010000104991,1303,15,1,0,2,31630.59029
2010000105366,1303,13,3,0,2,75332.75851
2010000108918,1303,0,1,2,0,-19998
2010000109521,1302,19,1,0,2,54627.71028
2010000113556,1301,15,6,0,2,37895.58643
2010000115903,1303,21,1,0,2,18107.3669
2010000119099,1301,14,1,0,9,7334.629632
2010000120776,1305,67,2,0,8,49661.5548
2010000122438,1303,23,1,0,6,43549.36344
2010000123144,1302,17,2,0,2,18489.37886
2010000124254,1305,0,1,1,0,-19998
2010000124363,1303,40,1,0,5,9168.28704
2010000125748,1301,13,2,0,2,61121.9136
2010000130998,1302,44,0,0,2,-19998
2010000131278,1303,15,2,0,2,47369.48304
2010000132125,1303,13,1,0,2,19100.598
2010000132497,1305,13,3,0,2,77166.41592
2010000133178,1305,19,3,0,2,54398.5031
2010000133842,1305,51,3,0,2,31783.39507
2010000133887,1303,10,1,0,9,7411.032024
2010000135947,1305,19,1,0,7,8557.067904
2010000137655,1302,18,1,0,2,32012.60225
2010000144320,1305,20,4,0,2,74874.34416
2010000150581,1302,16,3,0,2,88626.77472
2010000153375,1303,15,2,0,2,131885.8091
2010000158178,1303,15,1,0,5,11995.17554
2010000158744,1302,13,2,0,2,113839.5641
2010000159407,1302,0,1,2,0,-19998
2010000168690,1301,19,2,0,2,33540.65009
2010000174601,1305,13,1,0,2,45841.4352
2010000175215,1303,12,2,0,2,86334.70296
2010000184928,1302,39,3,0,2,34381.0764
2010000186822,1305,14,2,0,2,14516.45448
2010000188361,1305,20,2,0,2,15280.4784
2010000189869,1301,0,1,2,0,-19998
2010000195804,1305,20,2,0,5,12377.1875
2010000198147,1302,13,2,0,2,92446.89432
2010000199199,1303,16,4,0,2,70290.20064
2010000202535,1305,16,1,0,2,45917.83759
2010000205399,1305,59,2,0,7,10314.32292
2010000206029,1305,0,1,1,0,-19998
2010000206353,1303,17,3,0,2,72582.2724
2010000208348,1302,0,1,1,0,-19998
2010000211913,1302,0,1,1,0,-19998
2010000214631,1302,12,2,0,2,27581.26351
2010000219504,1302,16,2,0,2,48668.3237
2010000222890,1302,0,1,1,0,-19998
2010000223137,1303,75,1,0,5,56232.16051
2010000224222,1302,14,3,0,2,39347.23188
2010000225753,1301,14,1,0,7,22920.7176
2010000226064,1305,19,2,0,2,49432.34762
2010000226671,1301,18,2,0,8,22003.8889
2010000226891,1301,15,1,0,2,57301.794
2010000228906,1305,10,1,0,7,39729.24384
2010000229326,1305,17,3,0,2,63948.8021
2010000230124,1303,17,3,0,6,57072.58682
2010000232511,1302,26,3,0,2,98177.07372
2010000232613,1302,9,1,0,9,12224.38272
2010000234236,1305,22,1,0,2,76402.392
2010000235146,1305,0,1,1,0,-19998
2010000236196,1303,11,1,0,2,51189.60264
2010000240233,1305,20,3,0,2,34151.86922
2010000241089,1301,37,4,0,2,458.414352
2010000245687,1301,22,1,0,2,18336.57408
2010000245738,1303,15,0,0,7,-19998
2010000245918,1305,29,2,0,2,54398.5031
2010000249208,1303,42,3,0,3,34763.08836
2010000257918,1305,13,2,0,7,11995.17554
2010000261038,1301,13,2,0,2,51953.62656
2010000264222,1303,23,5,0,2,45841.4352
2010000264338,1302,9,1,0,2,50517.26159
2010000265316,1305,20,1,0,2,22920.7176
2010000266464,1305,0,1,1,0,-19998
2010000267420,1301,0,1,2,0,-19998
2010000269709,1303,12,2,0,2,154791.2462
2010000271508,1303,13,2,0,2,68762.1528
2010000271774,1305,17,6,0,2,501658.1059
2010000273626,1302,63,3,0,6,4813.350696
2010000274246,1301,16,2,0,2,336934.5487
2010000275139,1301,18,2,0,2,57531.00118
2010000276213,1301,8,6,0,2,76402.392
2010000278329,1305,16,2,0,7,15349.24055
2010000278627,1301,1,3,0,8,25212.78936
2010000278829,1305,18,1,0,9,7815.964702
2010000279566,1301,22,1,0,7,53481.6744
2010000280620,1305,0,1,1,0,-19998
2010000283295,1302,8,2,0,5,20705.04823
2010000286332,1305,11,1,0,2,21010.6578
2010000286396,1301,18,2,0,2,26893.64198
2010000294622,1302,47,3,0,2,51342.40742
2010000297548,1305,13,1,0,2,9779.506176
2010000297566,1302,47,0,0,2,-19998
2010000297745,1303,16,6,0,2,42785.33952
2010000298065,1305,15,2,0,7,0
2010000298178,1301,24,2,0,2,37437.17208
2010000300310,1305,16,4,0,2,29032.90896
2010000309980,1303,16,2,0,2,40187.65819
2010000313309,1302,71,2,0,2,20781.45062
2010000314016,1301,14,2,0,3,22156.69368
2010000314575,1301,15,5,0,3,733.4629632
2010000317989,1303,20,1,0,6,11842.37076
2010000319009,1301,20,1,0,2,73346.29632
2010000319899,1303,23,2,0,2,33999.06444
2010000324111,1302,17,1,0,2,114603.588
2010000325351,1303,20,2,0,2,90070.77993
2010000325536,1302,38,0,0,9,-19998
2010000327985,1302,21,2,0,1,15815.29514
2010000330268,1303,17,2,0,2,2062.864584
2010000330689,1303,9,2,0,2,35374.3075
2010000331651,1302,12,3,0,2,13752.43056
2010000332928,1302,16,1,0,9,12682.79707
2010000337387,1301,18,1,0,2,10772.73727
2010000337704,1305,10,6,0,2,91736.35207
2010000338050,1305,21,3,0,3,4889.753088
2010000338923,1303,23,5,0,2,21087.06019
2010000344576,1301,15,2,0,5,24830.7774
2010000348914,1305,42,1,0,5,11842.37076
2010000349367,1301,23,2,0,3,54398.5031
2010000349461,1305,15,3,0,2,82858.39412
2010000353591,1303,39,2,0,2,49661.5548
2010000354471,1301,16,1,0,2,48897.53088
2010000356800,1302,13,1,0,2,18336.57408
2010000360081,1305,19,2,0,8,105435.301
2010000363141,1302,13,2,0,2,138746.7439
2010000363920,1302,11,3,0,3,77242.81831
2010000364350,1305,15,2,0,2,10467.1277
2010000364564,1302,11,1,0,2,28727.29939
2010000366968,1302,14,1,0,9,67081.30018
2010000367870,1302,18,2,0,2,22691.51042
2010000372168,1305,20,1,0,3,5195.362656
2010000372463,1301,17,1,0,2,34228.27162
2010000373132,1301,31,0,0,5,-19998
2010000377411,1303,31,2,0,2,80222.5116
2010000377772,1301,10,1,0,8,679.9812888
2010000382643,1301,20,2,0,2,23149.92478
2010000386977,1301,14,2,0,2,20712.68847
2010000387952,1301,34,2,0,2,72582.2724
2010000390787,1303,19,6,0,2,40875.27972
2010000390995,1301,11,2,0,2,35145.10032
2010000392318,1301,18,2,0,2,158916.9754
2010000393470,1305,23,3,0,2,38201.196
2010000393740,1301,19,1,0,2,25212.78936
2010000394179,1305,11,1,0,9,3056.09568
2010000394529,1302,0,1,1,0,-19998
2010000395124,1303,32,0,0,5,-19998
2010000395944,1302,19,1,0,9,15738.89275
2010000397395,1303,16,2,0,2,35954.96568
2010000400506,1305,11,1,0,8,23073.52238
2010000401397,1301,35,1,0,2,28268.88504
2010000402034,1303,14,1,0,2,13752.43056
2010000408937,1302,14,1,0,4,76402.392
2010000410456,1302,18,2,0,2,84271.83838
2010000411144,1302,43,5,0,2,22156.69368
2010000412039,1303,12,4,0,2,24907.17979
2010000412458,1303,19,1,0,2,19482.60996
2010000415087,1305,14,2,0,2,54780.51506
2010000419011,1302,25,4,0,2,36673.14816
2010000422180,1301,16,2,0,1,12912.00425
2010000423769,1305,12,1,0,2,6417.800928
2010000428154,1302,19,2,0,2,166251.605
2010000429958,1305,22,2,0,2,64942.0332
2010000430929,1305,21,1,0,1,6417.800928
2010000431681,1305,12,2,0,2,139052.3534
2010000432403,1305,24,2,0,9,35145.10032
2010000434187,1302,30,2,0,6,33617.05248
2010000438357,1301,26,5,0,2,13752.43056
2010000439377,1302,21,1,0,8,22179.6144
2010000443328,1301,21,1,0,2,35297.9051
2010000445658,1303,23,3,0,2,57301.794
2010000446713,1305,1,2,0,2,76364.1908
2010000448714,1303,17,1,0,7,12759.19946
2010000451373,1301,19,2,0,2,142872.473
2010000451635,1305,14,2,0,5,64178.00928
2010000452791,1303,14,2,0,5,26129.61806
2010000454363,1302,17,4,0,6,21545.47454
2010000463317,1305,53,3,0,2,97795.06176
2010000468421,1302,11,2,0,2,-13446.82099
2010000481574,1302,19,1,0,9,19100.598
2010000484007,1305,17,1,0,2,109255.4206
2010000490180,1301,28,4,0,2,54933.31985
2010000490708,1303,0,1,2,0,-19998
2010000494736,1305,15,2,0,2,48546.07988
2010000497978,1305,25,2,0,4,35679.91706
2010000498271,1301,21,3,0,2,53932.44851
2010000498494,1302,16,2,0,9,1803.096451
2010000500524,1305,26,2,0,6,38201.196
2010000501724,1303,16,2,0,5,48286.31174
2010000503096,1302,39,1,0,2,15280.4784
2010000506226,1305,14,2,0,2,85570.67904
2010000506517,1305,0,1,1,0,-19998
2010000510182,1302,11,1,0,2,9168.28704
2010000510372,1301,11,2,0,2,173433.4298
2010000510860,1302,14,1,0,3,68792.71376
2010000511167,1305,15,1,0,2,60969.10882
2010000511707,1303,18,3,0,2,43885.53396
2010000512083,1301,8,1,0,6,18183.7693
2010000515168,1301,14,2,0,2,23264.52836
2010000517006,1303,24,4,0,2,62099.86422
2010000521270,1302,14,2,0,2,14669.25926
2010000522710,1305,19,7,0,2,19100.598
2010000523595,1302,17,1,0,5,42021.3156
2010000528988,1301,5,2,0,2,53367.07081
2010000534381,1305,0,1,1,0,-19998
2010000535559,1302,14,3,0,2,47980.70218
2010000536024,1305,0,1,2,0,-19998
2010000536188,1301,8,2,0,2,43090.94909
2010000539808,1301,36,2,0,2,86411.10535
2010000544756,1301,21,2,0,2,90154.82256
2010000544932,1305,24,1,0,5,58065.81792
2010000545228,1301,40,0,0,8,-19998
2010000547575,1301,56,2,0,2,44848.2041
2010000547965,1302,17,3,0,2,34381.0764
2010000548792,1303,16,3,0,2,36673.14816
2010000550018,1305,20,5,0,2,71436.23652
2010000552616,1301,49,1,0,2,27810.47069
2010000552773,1305,14,2,0,2,74874.34416
2010000558317,1303,25,2,0,2,51953.62656
2010000558909,1303,19,2,0,2,45841.4352
2010000561501,1303,14,1,0,9,16808.52624
2010000564113,1301,20,1,0,2,25518.39893
2010000565870,1301,18,3,0,2,79611.29246
2010000566499,1302,81,2,0,5,16197.3071
2010000566936,1301,15,4,0,2,44236.98497
2010000567182,1303,14,2,0,2,25617.72204
2010000570894,1302,16,5,0,2,14898.46644
2010000571285,1301,11,1,0,4,12529.99229
2010000573136,1305,11,1,0,2,103219.6316
2010000575776,1301,25,2,0,2,42632.53474
2010000576313,1301,13,4,0,2,25633.00252
2010000576984,1305,22,1,0,7,72582.2724
2010000579847,1301,5,4,0,4,51800.82178
2010000580359,1301,15,1,0,2,34533.88118
2010000583974,1305,15,1,0,8,41257.29168
2010000585077,1303,14,2,0,8,26206.02046
2010000586390,1305,23,2,0,7,34075.46683
2010000588048,1305,14,4,0,2,75913.41669
2010000590357,1305,5,6,0,2,80451.71878
2010000590743,1301,20,3,0,2,122243.8272
2010000591193,1301,18,1,0,2,20552.24345
2010000593088,1301,33,3,0,2,60816.30403
2010000594142,1301,38,2,0,2,84042.6312
2010000597661,1305,14,3,0,2,74110.32024
2010000597743,1302,30,1,0,5,0
2010000599773,1302,48,4,0,1,18336.57408
2010000601105,1303,19,2,0,2,25747.6061
2010000603353,1305,20,1,0,8,25824.0085
2010000603469,1302,20,1,0,2,0
2010000609866,1303,14,2,0,2,79305.6829
2010000610682,1305,14,3,0,2,40875.27972
2010000611052,1303,16,2,0,2,4584.14352
2010000614520,1301,17,2,0,2,88550.37233
2010000615210,1302,36,3,0,2,33617.05248
2010000615608,1305,19,3,0,2,65706.05712
2010000620384,1305,17,3,0,1,7258.22724
2010000621831,1305,0,1,1,0,-19998
2010000625555,1302,37,3,0,2,15280.4784
2010000626056,1301,19,1,0,9,7411.032024
2010000626357,1301,30,2,0,2,32394.61421
2010000626789,1303,15,1,0,4,38124.79361
2010000628932,1305,14,1,0,6,16808.52624
2010000630148,1305,22,3,0,2,74797.94177
2010000634914,1301,14,2,0,4,40493.26776
2010000636067,1301,14,1,0,2,38354.00078
2010000639642,1305,16,1,0,2,10574.09105
2010000640891,1305,15,1,0,8,8175.055944
2010000647198,1303,20,2,0,2,17419.74538
2010000647213,1302,3,3,0,2,73575.5035
2010000649166,1303,18,2,0,2,25671.20371
2010000649387,1302,21,1,0,2,14745.66166
2010000650075,1302,15,4,0,9,34381.0764
2010000650839,1303,33,5,0,2,45459.42324
2010000651768,1302,16,2,0,2,253610.1
2010000652627,1302,17,2,0,9,28192.48265
2010000657946,1301,14,1,0,2,22615.10803
2010000658888,1301,10,4,0,4,78045.04343
2010000661527,1303,9,3,0,2,37360.76969
2010000663932,1305,12,4,0,2,119646.1459
2010000666094,1305,17,2,0,2,50509.62135
2010000666538,1305,12,5,0,2,132940.1621
2010000666779,1302,19,2,0,2,46452.65434
2010000670150,1303,20,2,0,2,75027.14894
2010000672641,1302,25,1,0,9,14669.25926
2010000674221,1301,21,4,0,2,138441.1343
2010000675827,1301,13,3,0,2,15662.49036
2010000676184,1302,11,8,0,2,53176.06483
2010000680283,1301,27,4,0,2,45917.83759
2010000681021,1302,12,2,0,2,51166.68192
2010000683110,1305,17,1,0,8,18336.57408
2010000683617,1305,50,1,0,2,15586.08797
2010000684941,1301,17,2,0,2,20323.03627
2010000686357,1301,15,1,0,6,11001.94445
2010000687648,1303,9,6,0,2,61962.33991
2010000690333,1301,12,5,0,2,272909.3442
2010000691083,1305,11,2,0,2,247543.7501
2010000694586,1302,0,1,1,0,-19998
2010000695067,1305,14,2,0,2,23554.85745
2010000705795,1302,10,1,0,2,25212.78936
2010000706718,1305,48,1,0,2,229971.1999
2010000708175,1305,20,1,0,5,2139.266976
2010000712578,1302,20,5,0,2,57148.98922
2010000716936,1302,20,2,0,2,59441.06098
2010000720273,1301,13,1,0,2,27734.0683
2010000720911,1303,54,2,0,7,18336.57408
2010000721718,1305,10,1,0,9,20552.24345
2010000723006,1302,15,2,0,2,21545.47454
2010000723685,1303,13,4,0,2,59288.25619
2010000724884,1303,28,0,0,2,-19998
2010000726353,1305,20,2,0,8,8587.628861
2010000727900,1302,16,1,0,2,42021.3156
2010000729648,1305,13,4,0,2,314013.8311
2010000731824,1302,7,6,0,2,40218.21915
2010000732809,1305,17,3,0,2,19864.62192
2010000737980,1305,14,2,0,2,110019.4445
2010000740752,1305,15,1,0,2,24448.76544
2010000741360,1303,7,1,0,2,62649.96144
2010000742395,1302,55,2,0,7,27046.44677
2010000745568,1302,13,2,0,2,61121.9136
2010000745847,1305,13,1,0,7,19864.62192
2010000747356,1303,11,4,0,2,68762.1528
2010000750355,1305,18,1,0,2,19100.598
2010000753349,1302,3,5,0,2,42785.33952
2010000753679,1301,12,2,0,2,21392.66976
2010000754377,1302,10,1,0,2,76402.392
2010000755095,1301,37,2,0,2,19711.81714
2010000755519,1302,16,1,0,2,35909.12424
2010000757999,1302,25,3,0,2,38201.196
2010000758113,1302,14,5,0,1,29109.31135
2010000758871,1303,45,2,0,2,6953.381696
2010000761553,1303,7,4,0,2,123771.875
2010000762711,1302,20,2,0,2,10543.5301
2010000762940,1303,13,2,0,5,39347.23188
2010000763810,1305,10,1,0,8,34381.0764
2010000765450,1302,11,1,0,2,59593.86576
2010000766929,1303,36,1,0,7,6188.593752
2010000768497,1305,26,2,0,2,216988.9055
2010000769983,1301,17,1,0,7,6188.593752
2010000771389,1305,13,4,0,2,116666.4526
2010000772613,1305,19,2,0,2,19253.40278
2010000772853,1301,25,3,0,2,59593.86576
2010000773940,1305,35,5,0,2,20628.64584
2010000774989,1302,12,4,0,2,131182.9071
2010000782219,1305,16,4,0,2,173433.4298
2010000783180,1305,21,2,0,2,-2750.486112
2010000784542,1305,18,1,0,7,57378.19639
2010000784584,1301,14,0,0,2,-19998
2010000792868,1303,13,1,0,2,44313.38736
2010000796003,1305,15,2,0,9,35145.10032
2010000798260,1302,14,2,0,2,36673.14816
2010000800451,1301,37,3,0,2,11460.3588
2010000800709,1303,40,3,0,2,57301.794
2010000801603,1302,12,6,0,2,55009.72224
2010000802713,1302,22,4,0,2,62649.96144
2010000802722,1302,20,2,0,2,53710.88158
2010000803696,1303,16,1,0,2,68914.95758
2010000807105,1305,17,1,0,2,26740.8372
2010000817667,1302,0,1,1,0,-19998
2010000818346,1301,12,3,0,2,38201.196
2010000819736,1305,0,1,1,0,-19998
2010000822613,1305,15,1,0,2,36673.14816
2010000822849,1301,21,4,0,1,45841.4352
2010000825210,1303,21,2,0,2,245251.6783
2010000825385,1301,16,2,0,2,79611.29246
2010000829286,1303,14,2,0,2,12125.05961
2010000829904,1302,15,2,0,2,4354.936344
2010000835271,1305,13,2,0,2,49967.16437
2010000835289,1302,15,8,0,3,12912.00425
2010000838330,1301,11,1,0,2,13370.4186
2010000839058,1302,16,2,0,2,50196.37154
2010000840348,1303,14,2,0,2,47904.29978
2010000843151,1301,16,2,0,2,114221.576
2010000843926,1302,14,6,0,2,100851.1574
2010000845218,1303,0,1,2,0,-19998
2010000845570,1302,15,3,0,2,151353.1386
2010000846133,1305,11,3,0,2,36673.14816
2010000848108,1305,20,1,0,9,12759.19946
2010000852656,1305,12,2,0,7,51953.62656
2010000856613,1303,17,6,0,2,19864.62192
2010000856790,1305,63,1,0,6,24448.76544
2010000857161,1303,13,2,0,2,34228.27162
2010000862268,1303,15,2,0,2,15127.67362
2010000862430,1302,19,1,0,2,37437.17208
2010000865866,1305,14,1,0,2,32853.02856
2010000866842,1302,5,2,0,2,58829.84184
2010000871251,1305,20,4,0,2,62649.96144
2010000872419,1301,28,4,0,2,40493.26776
2010000872621,1301,54,2,0,3,4125.729168
2010000872696,1305,18,2,0,7,37819.18404
2010000873105,1305,26,1,0,6,382.01196
2010000879239,1303,22,2,0,1,15356.88079
2010000883434,1302,66,6,0,2,23990.35109
2010000883536,1302,12,2,0,4,84806.65512
2010000885197,1301,19,2,0,2,2292.07176
2010000887877,1302,19,4,0,6,42021.3156
2010000888573,1305,15,2,0,2,35832.72185
2010000890101,1302,8,5,0,2,83813.42402
2010000896839,1303,15,1,0,2,24448.76544
2010000897014,1305,24,1,0,9,61885.93752
2010000898968,1305,0,1,1,0,-19998
2010000899070,1303,24,2,0,8,57103.14778
2010000899494,1303,5,7,0,2,40111.2558
2010000900424,1301,15,2,0,2,36673.14816
2010000901140,1305,14,2,0,2,39041.62231
2010000904464,1305,19,0,0,2,-19998
2010000904510,1301,41,1,0,4,17190.5382
2010000906321,1301,39,3,0,3,15280.4784
2010000907688,1302,15,7,0,2,20170.23149
2010000908284,1305,18,1,0,7,16732.12385
2010000910475,1302,0,1,1,0,-19998
2010000912275,1303,21,1,0,4,12606.39468
2010000916459,1301,26,1,0,2,49684.47552
2010000918328,1302,46,0,0,4,-19998
2010000920231,1302,18,1,0,9,7235.306522
2010000922816,1302,14,2,0,2,16502.91667
2010000923977,1305,21,2,0,4,2292.07176
2010000924804,1302,82,2,0,2,27504.86112
2010000926814,1303,14,2,0,2,120104.5602
2010000927837,1305,21,4,0,2,46834.6663
2010000930525,1301,18,2,0,2,33693.45487
2010000931593,1305,51,9,0,2,38201.196
2010000931602,1302,12,2,0,2,100683.0722
2010000936204,1303,12,2,0,2,21407.95024
2010000936371,1303,23,2,0,2,25796.50363
2010000938017,1303,14,0,0,2,-19998
2010000942014,1302,0,1,2,0,-19998
2010000942704,1301,10,3,0,2,51800.82178
2010000943162,1301,18,3,0,2,54245.69832
2010000949932,1301,16,2,0,2,76708.00157
2010000955334,1301,3,5,0,2,38201.196
2010000955885,1302,22,1,0,9,38965.21992
2010000959997,1303,22,1,0,2,15280.4784
2010000960027,1303,35,5,0,2,76402.392
2010000963902,1301,27,1,0,3,687.621528
2010000969199,1301,13,2,0,2,40455.06656
2010000972162,1302,0,1,2,0,-19998
2010000975668,1301,10,2,0,6,863.3470296
2010000975889,1305,20,3,0,2,30560.9568
2010000977931,1301,18,2,0,9,32165.40703
2010000978452,1301,19,1,0,2,7067.22126
2010000978713,1303,20,3,0,2,6394.88021
2010000979428,1301,12,2,0,2,99323.1096
2010000981064,1305,20,1,0,7,33617.05248
2010000981317,1302,22,1,0,2,42021.3156
2010000983067,1301,19,2,0,2,28574.49461
2010000983390,1305,15,2,0,6,39423.63427
2010000984629,1302,8,5,0,2,92752.50389
2010000986381,1302,22,3,0,2,90154.82256
2010000987616,1305,13,4,0,2,72735.07718
2010000988519,1303,20,2,0,2,49661.5548
2010000989277,1301,21,3,0,10,16044.50232
2010000989298,1301,18,1,0,4,15586.08797
2010000991489,1301,14,1,0,6,26053.21567
2010000991624,1301,19,4,0,2,79458.48768
2010000993740,1303,18,2,0,2,32165.40703
2010000995162,1305,18,2,0,7,33769.85726
2010000995854,1303,18,3,0,2,30178.94484
2010000999245,1301,12,4,0,2,57301.794
2010001001902,1302,43,3,0,2,0
2010001002325,1303,36,0,0,2,-19998
2010001003680,1302,0,1,1,0,-19998
2010001008084,1303,14,2,0,2,47980.70218
2010001012115,1303,33,1,0,2,24448.76544
2010001013675,1301,40,2,0,2,29796.93288
2010001013786,1301,17,1,0,2,8862.677472
2010001013798,1301,44,3,0,4,20628.64584
2010001020765,1305,18,1,0,2,9321.091824
2010001028451,1301,16,1,0,2,1680.852624
2010001029087,1303,8,4,0,2,37437.17208
2010001029534,1303,13,1,0,2,66622.88582
2010001033246,1302,14,2,0,2,77930.43984
2010001037791,1305,0,1,1,0,-19998
2010001038129,1303,16,2,0,2,64942.0332
2010001039803,1305,14,1,0,2,45841.4352
2010001040946,1305,17,4,0,2,45841.4352
2010001042656,1301,17,3,0,2,42403.32756
2010001043630,1301,21,3,0,4,12835.60186
2010001044355,1301,9,2,0,2,9015.482256
2010001045029,1301,19,1,0,2,18336.57408
2010001051745,1301,23,1,0,9,6723.410496
2010001052230,1303,39,3,0,2,30912.4078
2010001057442,1301,44,1,0,6,0
2010001057484,1302,12,8,0,2,35909.12424
2010001060934,1301,60,1,0,2,48362.71414
2010001061532,1305,14,2,0,2,41486.49886
2010001065028,1302,14,2,0,2,27810.47069
2010001069928,1305,10,3,0,2,55238.92942
2010001073264,1302,12,6,0,2,38124.79361
2010001074538,1305,16,1,0,6,19100.598
2010001074997,1303,27,2,0,2,30790.16398
2010001075592,1305,18,2,0,7,56575.97128
2010001076126,1302,13,2,0,2,89085.18907
2010001076391,1302,9,3,0,2,40141.81676
2010001077846,1303,20,1,0,2,53252.46722
2010001087176,1303,19,3,0,2,89146.31099
2010001090789,1303,33,5,0,2,13752.43056
2010001093554,1303,13,1,0,2,12300.78511
2010001096641,1305,14,3,0,2,95732.19718
2010001097021,1303,14,2,0,2,74599.29555
2010001097992,1305,11,3,0,2,21545.47454
2010001099188,1305,20,3,0,7,93745.73498
2010001100629,1305,88,2,0,2,81750.55944
2010001104451,1302,21,1,0,5,21774.68172
2010001104994,1305,20,2,0,3,86105.49578
2010001105164,1305,13,2,0,2,54933.31985
2010001106902,1302,16,1,0,2,30560.9568
2010001107633,1305,20,2,0,8,15356.88079
2010001110869,1301,7,3,0,1,20246.63388
2010001111126,1301,12,2,0,2,42021.3156
2010001112364,1305,0,1,1,0,-19998
2010001115749,1305,16,2,0,2,65247.64277
2010001117318,1301,16,3,0,2,20521.68249
2010001121522,1303,16,4,0,2,135232.2338
2010001122198,1302,25,2,0,9,11154.74923
2010001125129,1302,23,1,0,9,16655.72146
2010001126044,1303,34,5,0,2,64407.21646
2010001126071,1302,37,9,0,2,61121.9136
2010001126979,1305,12,1,0,7,5348.16744
2010001135986,1303,45,2,0,2,91682.8704
2010001137221,1305,15,5,0,2,37589.97686
2010001139170,1301,9,3,0,2,24907.17979
2010001140257,1303,37,10,0,3,13141.21142
2010001150398,1305,25,1,0,8,6188.593752
2010001151005,1303,27,3,0,3,44695.39932
2010001154032,1302,25,5,0,6,102379.2053
2010001156223,1305,19,2,0,7,27504.86112
2010001156852,1302,14,2,0,2,36673.14816
2010001158972,1302,12,1,0,2,37360.76969
2010001160430,1303,0,1,2,0,-19998
2010001160579,1301,8,1,0,3,41257.29168
2010001162128,1302,0,1,2,0,-19998
2010001168153,1302,19,3,0,6,34533.88118
2010001175945,1302,61,0,0,8,-19998
2010001176211,1302,14,1,0,7,8480.665512
2010001180583,1303,15,1,0,2,42861.74191
2010001180640,1301,13,4,0,2,83278.60728
2010001181847,1303,20,2,0,3,44007.77779
2010001186000,1303,15,4,0,5,38812.41514
2010001186922,1303,21,3,0,2,63795.99732
2010001187335,1301,21,2,0,2,21010.6578
2010001189055,1305,14,2,0,2,44313.38736
2010001190573,1303,12,5,0,4,53504.59512
2010001193799,1302,22,3,0,2,82590.98575
2010001193864,1303,10,3,0,2,58218.6227
2010001197158,1305,17,1,0,5,36673.14816
2010001198139,1301,15,1,0,2,18672.7446
2010001198722,1303,14,1,0,2,12415.3887
2010001199559,1302,21,2,0,2,52641.24809
2010001208258,1303,15,1,0,5,30560.9568
2010001209802,1305,18,2,0,6,42938.1443
2010001210960,1301,11,2,0,9,343.810764
2010001211594,1305,40,0,0,2,-19998
2010001212534,1303,10,4,0,2,15891.69754
2010001217955,1302,21,3,0,2,76402.392
2010001218955,1302,0,1,1,0,-19998
2010001220009,1303,14,2,0,2,74874.34416
2010001220938,1305,11,4,0,2,84271.83838
2010001221938,1305,14,3,0,2,54627.71028
2010001224741,1301,38,0,0,2,-19998
2010001227054,1305,12,1,0,5,24525.16783
2010001228857,1302,23,3,0,2,168085.2624
2010001234430,1305,38,2,0,2,61885.93752
2010001239802,1305,54,1,0,6,14287.2473
2010001241808,1303,44,1,0,2,47369.48304
2010001242234,1305,20,3,0,2,123619.0703
2010001243372,1305,12,3,0,2,65476.84994
2010001244131,1305,17,2,0,2,39576.43906
2010001245318,1303,19,0,0,2,-19998
2010001245916,1302,10,3,0,2,67998.12888
2010001248990,1303,17,4,0,2,0
2010001250563,1303,0,1,2,0,-19998
2010001251994,1305,25,3,0,2,141344.4252
2010001255746,1303,18,1,0,6,2292.07176
2010001255846,1302,9,2,0,2,62076.9435
2010001258231,1305,18,2,0,2,104671.277
2010001259201,1303,20,2,0,6,24143.15587
2010001259824,1302,20,4,0,2,49661.5548
2010001260036,1303,18,1,0,2,76402.392
2010001261257,1302,20,1,0,8,7105.422456
2010001266151,1301,10,2,0,5,32241.80942
2010001269325,1302,18,1,0,2,27122.84916
2010001270717,1301,12,2,0,9,18718.58604
2010001273157,1305,24,3,0,2,83889.82642
2010001277047,1305,14,2,0,2,9091.884648
2010001280955,1302,21,2,0,2,109255.4206
2010001286747,1305,20,5,0,2,58065.81792
2010001287269,1301,9,2,0,2,55154.88678
2010001290372,1305,0,1,1,0,-19998
2010001290463,1303,14,1,0,3,38354.00078
2010001295095,1303,20,2,0,2,12224.38272
2010001302515,1301,8,4,0,2,42250.52278
2010001303597,1305,14,1,0,2,38201.196
2010001307256,1301,13,1,0,4,14669.25926
2010001310721,1305,22,2,0,2,49149.65877
2010001311778,1302,13,2,0,2,77777.63506
2010001311874,1301,0,1,2,0,-19998
2010001311900,1305,11,1,0,2,34381.0764
2010001314888,1303,19,2,0,2,37819.18404
2010001323036,1303,11,2,0,2,64254.41167
2010001326075,1302,13,1,0,3,24448.76544
2010001327895,1301,50,1,0,4,0
2010001334481,1305,15,2,0,3,67921.72649
2010001337467,1301,17,5,0,2,122396.632
2010001343305,1305,14,2,0,2,110019.4445
2010001344653,1305,14,2,0,2,45673.34994
2010001349005,1302,38,4,0,2,64942.0332
2010001355492,1303,17,2,0,8,57301.794
2010001359380,1302,16,2,0,2,87175.12927
2010001364398,1302,50,0,0,2,-19998
2010001364951,1301,0,1,2,0,-19998
2010001365570,1302,15,5,0,5,53176.06483
2010001369413,1301,28,2,0,2,56996.18443
2010001373668,1302,14,2,0,8,65247.64277
2010001378283,1305,23,1,0,7,42632.53474
2010001379125,1301,14,2,0,2,38201.196
2010001380270,1301,13,2,0,6,70290.20064
2010001380426,1301,13,4,0,2,168238.0672
2010001383087,1303,64,2,0,5,22156.69368
2010001383171,1305,25,1,0,2,32089.00464
2010001383216,1305,22,1,0,6,8939.079864
2010001384021,1302,0,1,2,0,-19998
2010001386413,1305,44,5,0,2,72811.47958
2010001388852,1305,13,2,0,2,54933.31985
2010001394942,1305,0,1,1,0,-19998
2010001398540,1305,14,1,0,2,4813.350696
2010001399451,1301,22,4,0,2,35374.3075
2010001399862,1301,25,2,0,2,82514.58336
2010001403346,1301,9,2,0,2,68762.1528
2010001406948,1302,0,1,1,0,-19998
2010001407178,1305,13,4,0,2,44389.78975
2010001410725,1305,69,0,0,2,-19998
2010001412080,1303,30,3,0,2,43320.15626
2006000000649,1301,16,4,0,2,40783.59685
2006000004178,1302,17,1,0,2,10390.72531
2006000005074,1305,0,1,1,0,-19998
2006000005699,1303,19,3,0,2,99323.1096
2006000007381,1305,10,2,0,4,20857.85302
2006000010850,1305,19,3,0,2,55315.33181
2006000012833,1305,16,1,0,2,38965.21992
2006000020740,1303,9,3,0,2,40493.26776
2006000023343,1305,16,2,0,2,66470.08104
2006000025414,1301,0,1,2,0,-19998
2006000025544,1303,10,2,0,2,61198.31599
2006000028420,1302,14,4,0,2,49508.75002
2006000033534,1302,17,7,0,2,53176.06483
2006000034037,1301,22,2,0,2,56537.77008
2006000034244,1302,10,3,0,8,17343.34298
2006000035070,1301,13,1,0,3,16655.72146
2006000035325,1305,12,4,0,2,50028.28628
2006000041118,1305,21,2,0,2,74874.34416
2006000044191,1301,18,2,0,3,27581.26351
2006000046476,1305,15,1,0,2,38201.196
2006000055328,1305,15,3,0,2,76402.392
2006000057573,1301,21,2,0,5,5546.813659
2006000060314,1301,0,1,2,0,-19998
2006000060683,1302,78,1,0,5,22920.7176
2006000060750,1303,15,3,0,2,20361.23747
2006000060805,1303,11,3,0,2,88550.37233
2006000061827,1305,11,1,0,8,7640.2392
2006000068527,1305,20,2,0,2,48133.50696
2006000072112,1305,20,1,0,6,33311.44291
2006000079848,1301,9,2,0,4,15968.09993
2006000087147,1302,0,1,1,0,-19998
2006000094319,1303,17,2,0,2,94738.96608
2006000094389,1301,23,2,0,2,27275.65394
2006000094453,1303,14,1,0,3,8251.458336
2006000095357,1302,13,2,0,2,35297.9051
2006000095457,1305,15,1,0,7,6112.19136
2006000096793,1305,17,3,0,2,53634.47918
2006000098475,1302,37,1,0,7,7258.22724
2006000104281,1305,12,1,0,9,12224.38272
2006000105064,1305,13,4,0,2,68762.1528
2006000108608,1301,13,3,0,2,58486.03108
2006000111695,1302,18,4,0,2,85570.67904
2006000113436,1305,13,1,0,2,6723.410496
2006000115703,1302,26,1,0,2,21163.46258
2006000116578,1301,20,1,0,3,11154.74923
2006000118279,1302,14,1,0,1,38201.196
2006000118493,1303,15,3,0,2,49279.54284
2006000118762,1302,23,1,0,9,16808.52624
2006000119138,1301,16,2,0,7,13752.43056
2006000119772,1305,0,1,1,0,-19998
2006000121980,1302,12,0,0,2,-19998
2006000123359,1305,15,6,0,2,72582.2724
2006000129739,1302,0,1,1,0,-19998
2006000134068,1305,26,3,0,2,22156.69368
2006000137983,1301,50,2,0,4,42021.3156
2006000140387,1305,0,1,1,0,-19998
2006000144087,1303,39,5,0,2,45841.4352
2006000144769,1301,20,2,0,2,50501.98111
2006000147072,1301,47,5,0,5,17572.55016
2006000147684,1305,17,2,0,2,66240.87386
2006000150456,1303,11,2,0,2,15280.4784
2006000152168,1303,46,5,0,2,31783.39507
2006000164378,1303,5,2,0,2,20323.03627
2006000164730,1303,20,2,0,2,99246.70721
2006000166241,1305,15,1,0,2,72582.2724
2006000172315,1301,68,3,0,5,30560.9568
2006000178354,1301,8,1,0,2,22920.7176
2006000178933,1301,50,2,0,2,19100.598
2006000179975,1305,18,3,0,2,61121.9136
2006000180333,1305,11,1,0,9,25212.78936
2006000181081,1303,17,3,0,2,64178.00928
2006000188172,1301,12,1,0,3,30560.9568
2006000191620,1305,20,2,0,2,91148.05366
2006000192431,1305,14,1,0,2,38506.80557
2006000193422,1305,9,1,0,5,9168.28704
2006000193784,1301,26,6,0,7,34381.0764
2006000195209,1302,47,0,0,2,-19998
2006000197504,1305,19,3,0,2,50883.99307
2006000197989,1302,17,3,0,6,43549.36344
2006000204263,1303,33,2,0,2,53558.07679
2006000204903,1301,9,4,0,2,22920.7176
2006000205477,1303,21,2,0,9,17572.55016
2006000206577,1305,42,8,0,7,11918.77315
2006000206619,1302,0,1,1,0,-19998
2006000206988,1303,19,2,0,2,7640.2392
2006000209568,1305,15,1,0,2,31324.98072
2006000212413,1302,31,5,0,2,47675.09261
2006000213917,1303,11,2,0,2,51953.62656
2006000214275,1302,84,4,0,2,30560.9568
2006000217564,1301,21,1,0,2,28268.88504
2006000219193,1303,4,5,0,2,31554.1879
2006000220008,1305,11,2,0,9,27428.45873
2006000226759,1301,16,2,0,2,45841.4352
2006000231780,1303,43,1,0,2,34381.0764
2006000236444,1303,16,2,0,2,43854.97301
2006000239114,1301,13,2,0,5,141726.4372
2006000240636,1302,15,1,0,2,27199.25155
2006000241866,1301,17,2,0,2,67234.10496
2006000244116,1302,26,2,0,2,24448.76544
2006000244922,1303,22,2,0,2,146555.0683
2006000249016,1301,27,4,0,2,62649.96144
2006000250098,1301,0,1,2,0,-19998
2006000250768,1303,16,1,0,2,29032.90896
2006000255484,1301,32,1,0,6,13370.4186
2006000257496,1302,20,2,0,2,4736.948304
2006000262027,1305,14,1,0,9,18336.57408
2006000263054,1301,16,1,0,9,8862.677472
2006000265258,1305,20,3,0,2,73422.69871
2006000269092,1302,0,1,1,0,-19998
2006000269421,1301,19,2,0,2,96954.63545
2006000270339,1303,43,3,0,4,22156.69368
2006000271184,1303,15,2,0,2,97947.86654
2006000272969,1302,18,2,0,2,9168.28704
2006000273447,1302,18,1,0,7,0
2006000275398,1302,19,2,0,2,26129.61806
2006000277092,1302,1,5,0,2,44359.2288
2006000279771,1302,26,1,0,2,45841.4352
2006000280383,1303,28,4,0,2,25976.81328
2006000281403,1303,26,1,0,5,45917.83759
2006000289724,1305,15,2,0,2,33632.33296
2006000291053,1301,46,1,0,2,42021.3156
2006000291425,1305,17,1,0,2,12988.40664
2006000292416,1301,19,1,0,2,25976.81328
2006000292940,1305,38,0,0,2,-19998
2006000302187,1303,10,2,0,2,48897.53088
2006000302972,1302,0,1,1,0,-19998
2006000308391,1303,52,2,0,4,47751.495
2006000308403,1303,20,2,0,7,14058.04013
2006000309560,1301,20,2,0,2,33005.83334
2006000315706,1302,7,3,0,2,27321.49538
2006000318057,1303,9,4,0,2,19253.40278
2006000318734,1301,42,6,0,6,190241.9561
2006000320078,1302,54,1,0,8,3056.09568
2006000329127,1305,73,1,0,3,7640.2392
2006000334815,1301,42,4,0,9,14516.45448
2006000336002,1305,20,1,0,6,36673.14816
2006000337152,1303,15,3,0,4,31248.57833
2006000338424,1301,26,2,0,2,70290.20064
2006000338825,1303,15,2,0,2,13446.82099
2006000340840,1302,11,1,0,8,4966.15548
2006000342516,1302,0,1,1,0,-19998
2006000342706,1303,10,2,0,2,15356.88079
2006000347278,1303,52,4,0,2,35909.12424
2006000352802,1302,8,3,0,2,118805.7196
2006000354819,1302,13,2,0,2,47369.48304
2006000360597,1305,13,1,0,8,8633.470296
2006000361099,1303,14,2,0,2,38201.196
2006000364497,1302,0,1,2,0,-19998
2006000367553,1301,19,1,0,5,21392.66976
2006000368245,1301,20,2,0,7,33999.06444
2006000371204,1302,19,1,0,9,10925.54206
2006000371758,1302,0,1,1,0,-19998
2006000372196,1301,8,2,0,2,3820.1196
2006000373376,1301,15,3,0,2,9542.658761
2006000373755,1305,16,2,0,4,31020.13518
2006000379604,1305,18,2,0,3,9550.299
2006000380373,1301,34,2,0,2,46223.44716
2006000382167,1303,18,1,0,2,5882.984184
2006000383683,1303,14,2,0,2,73651.90589
2006000385022,1303,67,1,0,7,11475.63928
2006000388061,1302,17,2,0,2,27122.84916
2006000388869,1305,22,3,0,2,50043.56676
2006000391121,1301,11,2,0,2,249071.7979
2006000392901,1302,15,2,0,2,12988.40664
2006000394142,1303,13,2,0,2,64942.0332
2006000399610,1305,13,1,0,2,9168.28704
2006000405974,1302,38,2,0,8,45077.41128
2006000409864,1302,15,2,0,2,53634.47918
2006000411937,1305,21,1,0,6,9168.28704
2006000413629,1302,14,1,0,2,16502.91667
2006000418672,1302,43,1,0,2,18336.57408
2006000418891,1303,15,1,0,4,19100.598
2006000421258,1305,18,2,0,4,46605.45912
2006000421422,1305,31,2,0,2,94891.77086
2006000423176,1305,20,1,0,7,23990.35109
2006000428727,1303,20,1,0,8,29796.93288
2006000433199,1305,18,1,0,7,15089.47242
2006000433248,1301,21,3,0,2,26740.8372
2006000435288,1301,17,2,0,2,18565.78126
2006000437633,1301,11,1,0,2,62038.7423
2006000437901,1303,42,3,0,5,24448.76544
2006000438557,1301,17,2,0,5,16197.3071
2006000440933,1303,13,2,0,2,62649.96144
2006000443108,1301,8,3,0,2,57607.40357
2006000443633,1302,0,1,1,0,-19998
2006000443972,1301,13,2,0,2,37475.37328
2006000446894,1301,16,1,0,9,42021.3156
2006000448778,1305,31,2,0,2,79840.49964
2006000450265,1302,12,3,0,2,63429.26584
2006000450981,1302,0,1,1,0,-19998
2006000451023,1305,15,2,0,2,129884.0664
2006000455447,1303,46,1,0,8,13752.43056
2006000459402,1301,17,2,0,2,63031.9734
2006000464524,1305,34,2,0,6,70060.99346
2006000465697,1301,12,2,0,2,140580.4013
2006000468373,1305,15,3,0,2,36673.14816
2006000468575,1303,45,1,0,5,17266.94059
2006000473624,1305,20,3,0,2,30560.9568
2006000476091,1302,40,2,0,8,22156.69368
2006000481144,1302,13,3,0,2,29032.90896
2006000485444,1303,24,1,0,2,7640.2392
2006000485894,1305,17,1,0,4,8709.872688
2006000487531,1305,15,1,0,9,4584.14352
2006000490457,1303,13,2,0,2,29414.92092
2006000491553,1305,13,2,0,2,71757.12657
2006000492251,1303,14,4,0,2,17496.14777
2006000493354,1303,13,2,0,2,112005.9067
2006000494331,1305,14,2,0,2,250599.8458
2006000498799,1301,63,0,0,7,-19998
2006000499791,1303,13,1,0,2,2460.157022
2006000501375,1301,10,1,0,2,19734.73785
2006000504209,1303,15,2,0,2,51036.79786
2006000510876,1305,0,1,2,0,-19998
2006000513254,1305,17,4,0,2,83584.21685
2006000519169,1301,19,2,0,2,47369.48304
2006000520314,1301,13,4,0,2,99628.71917
2006000522201,1303,0,1,2,0,-19998
2006000523750,1301,21,2,0,2,62805.82232
2006000526334,1302,37,6,0,6,17878.15973
2006000530368,1305,15,3,0,2,222712.9727
2006000530482,1302,53,1,0,8,32089.00464
2006000530754,1302,14,1,0,2,38766.5737
2006000532265,1303,13,4,0,2,249453.8099
2006000533285,1305,16,1,0,2,21392.66976
2006000536113,1301,20,3,0,2,45077.41128
2006000541066,1305,20,2,0,2,129120.0425
2006000541084,1302,15,1,0,5,24448.76544
2006000543002,1301,22,1,0,8,702.9020064
2006000544131,1305,14,1,0,9,30560.9568
2006000544670,1305,19,2,0,2,22920.7176
2006000551419,1301,32,1,0,2,38201.196
2006000554758,1305,12,2,0,4,38048.39122
2006000558307,1302,14,1,0,2,26282.42285
2006000558972,1305,16,4,0,2,60510.69446
2006000560971,1302,25,1,0,7,5500.972224
2006000561276,1305,55,2,0,2,53481.6744
2006000563980,1302,0,1,1,0,-19998
2006000569829,1301,16,1,0,2,14363.6497
2006000570404,1305,13,3,0,2,71848.80944
2006000573510,1302,20,1,0,2,31324.98072
2006000573800,1303,13,2,0,2,47698.01333
2006000574118,1302,49,3,0,2,19100.598
2006000574416,1305,17,2,0,2,15051.27122
2006000574794,1305,23,1,0,2,36214.73381
2006000581044,1305,16,1,0,2,17496.14777
2006000581231,1301,13,1,0,2,23073.52238
2006000582494,1305,24,3,0,2,35381.94774
2006000591387,1301,9,2,0,3,43549.36344
2006000593589,1301,15,0,0,2,-19998
2006000593616,1301,17,2,0,2,93982.5824
2006000594865,1301,25,2,0,2,57301.794
2006000596477,1302,40,3,0,3,9168.28704
2006000599971,1301,21,2,0,2,1146.03588
2006000600579,1302,12,8,0,2,85799.88622
2006000601526,1305,16,1,0,3,2750.486112
2006000602657,1303,11,3,0,5,29185.71374
2006000604000,1301,17,4,0,2,42021.3156
2006000607071,1303,13,4,0,2,16044.50232
2006000607589,1301,21,3,0,2,66508.28224
2006000611703,1302,16,5,0,2,18336.57408
2006000613246,1302,23,4,0,2,36673.14816
2006000613633,1301,13,1,0,2,12835.60186
2006000616058,1302,18,2,0,2,33769.85726
2006000617240,1305,15,4,0,2,71894.65087
2006000620257,1301,9,3,0,2,43404.1989
2006000621066,1305,22,1,0,7,5577.374616
2006000621656,1303,18,1,0,2,23302.72956
2006000622247,1303,13,2,0,2,32012.60225
2006000626430,1305,15,3,0,2,21774.68172
2006000628392,1305,15,3,0,2,68150.93366
2006000629164,1303,18,2,0,2,33846.25966
2006000631258,1302,13,2,0,5,30560.9568
2006000631648,1302,17,1,0,2,38124.79361
2006000633425,1303,20,1,0,2,47675.09261
2006000638117,1302,11,2,0,2,53481.6744
2006000639138,1301,11,1,0,2,33617.05248
2006000640793,1301,28,4,0,2,49661.5548
2006000642262,1305,24,1,0,2,30560.9568
2006000643203,1305,10,2,0,2,236847.4152
2006000643717,1301,16,2,0,2,47377.12328
2006000646624,1302,19,2,0,5,18947.79322
2006000648125,1301,20,3,0,2,38506.80557
2006000648721,1303,37,4,0,2,37055.16012
2006000649687,1305,31,2,0,9,15127.67362
2006000652413,1301,48,3,0,6,20628.64584
2006000653055,1305,14,2,0,2,30026.14006
2006000654398,1301,35,1,0,2,68765.2089
2006000655130,1305,33,2,0,2,95502.99
2006000667012,1305,24,2,0,3,150512.7122
2006000668095,1302,17,1,0,7,10696.33488
2006000670312,1305,14,2,0,2,40187.65819
2006000670825,1301,12,2,0,2,33617.05248
2006000670919,1305,14,1,0,7,36291.1362
2006000675334,1305,55,1,0,9,4584.14352
2006000679653,1302,36,0,0,8,-19998
2006000681877,1303,18,2,0,2,48897.53088
2006000684407,1302,23,1,0,2,3.05609568
2006000688980,1305,12,3,0,3,22920.7176
2006000692606,1302,12,2,0,2,26282.42285
2006000699812,1301,8,1,0,2,41333.69407
2006000700704,1305,15,3,0,2,61121.9136
2006000703677,1305,15,1,0,2,171141.3581
2006000708308,1305,13,3,0,7,66317.27626
2006000709131,1302,16,2,0,2,31095.77354
2006000709760,1303,16,1,0,8,5271.765048
2006000712058,1302,49,4,0,2,13844.11343
2006000712932,1305,20,1,0,2,13813.55247
2006000715602,1305,21,2,0,2,57607.40357
2006000719058,1303,20,4,0,2,25846.92921
2006000721289,1301,0,1,2,0,-19998
2006000723050,1302,27,3,0,2,94738.96608
2006000723511,1305,9,1,0,9,6158.032795
2006000723690,1301,19,2,0,4,19253.40278
2006000724814,1305,27,1,0,2,7579.117286
2006000729706,1305,14,1,0,2,12224.38272
2006000732177,1305,15,1,0,10,9168.28704
2006000734446,1301,17,2,0,2,78694.46376
2006000736497,1305,18,2,0,2,17954.56212
2006000741670,1301,0,1,2,0,-19998
2006000743568,1305,20,1,0,5,30560.9568
2006000746193,1302,81,4,0,2,36673.14816
2006000747083,1302,14,3,0,2,59975.87772
2006000747269,1302,19,1,0,2,32356.41301
2006000747330,1301,18,2,0,2,38201.196
2006000749798,1305,0,1,1,0,-19998
2006000750597,1302,8,4,0,5,43931.3754
2006000751868,1301,18,4,0,2,27504.86112
2006000751922,1302,59,0,0,2,-19998
2006000752907,1302,63,4,0,3,15280.4784
2006000754771,1301,20,1,0,2,13905.23534
2006000758291,1303,17,1,0,2,6494.20332
2006000764668,1303,20,1,0,2,13752.43056
2006000765557,1303,19,1,0,4,58829.84184
2006000765690,1302,12,4,0,2,56919.78204
2006000770622,1303,14,1,0,2,15280.4784
2006000771433,1305,15,3,0,4,28650.897
2006000777431,1305,62,2,0,2,61121.9136
2006000781138,1302,43,2,0,7,22538.70564
2006000781445,1303,10,2,0,2,110783.4684
2006000782703,1305,17,1,0,2,119187.7315
2006000783481,1305,38,1,0,2,84042.6312
2006000790061,1302,14,2,0,2,155478.8677
2006000790839,1305,0,1,1,0,-19998
2006000792212,1301,16,2,0,2,280396.7786
2006000793017,1303,9,2,0,6,15127.67362
2006000793341,1302,19,1,0,5,15280.4784
2006000794465,1302,15,3,0,2,95885.00196
2006000796882,1301,14,2,0,2,53252.46722
2006000799299,1305,19,1,0,9,25747.6061
2006000800904,1305,16,2,0,8,39729.24384
2006000802702,1305,45,1,0,1,9932.31096
2006000804223,1303,10,2,0,2,296441.281
2006000804767,1303,32,4,0,2,95808.59957
2006000809318,1303,17,3,0,2,56537.77008
2006000811033,1303,56,2,0,2,26740.8372
2006000811734,1302,13,2,0,2,19177.00039
2006000811950,1302,8,4,0,2,34381.0764
2006000812288,1302,31,6,0,2,28268.88504
2006000814163,1305,12,1,0,7,8557.067904
2006000814791,1301,12,1,0,2,21774.68172
2006000819098,1302,0,1,1,0,-19998
2006000819367,1302,14,1,0,2,37368.40993
2006000821750,1305,24,1,0,2,15280.4784
2006000825327,1303,22,4,0,2,95044.57565
2006000828791,1303,71,4,0,2,45841.4352
2006000828976,1303,24,2,0,2,4584.14352
2006000831231,1303,18,6,0,2,143865.7041
2006000831633,1303,33,3,0,5,20682.12751
2006000831950,1305,0,1,1,0,-19998
2006000836355,1305,15,2,0,2,35145.10032
2006000836731,1303,24,2,0,2,148984.6644
2006000838215,1301,12,2,0,9,25594.80132
2006000840366,1305,17,2,0,2,41188.52953
2006000841023,1302,13,1,0,2,40508.54824
2006000847688,1305,20,1,0,2,4584.14352
2006000847812,1305,12,1,0,2,12071.57794
2006000849436,1302,14,1,0,2,6035.788968
2006000851273,1305,20,2,0,2,30102.54245
2006000858065,1303,63,2,0,4,22920.7176
2006000858301,1305,26,2,0,2,20017.4267
2006000859283,1302,12,0,0,2,-19998
2006000860030,1305,51,1,0,9,13905.23534
2006000861086,1303,18,1,0,5,22920.7176
2006000861401,1305,0,1,1,0,-19998
2006000862163,1303,65,4,0,8,20628.64584
2006000863965,1303,19,1,0,7,8786.27508
2006000865629,1303,14,2,0,7,12988.40664
2006000866014,1305,15,1,0,9,31783.39507
2006000873346,1302,14,3,0,2,77548.42788
2006000875036,1305,0,1,2,0,-19998
2006000876615,1301,29,1,0,2,53481.6744
2006000877665,1301,19,1,0,7,19864.62192
2006000879813,1302,0,1,1,0,-19998
2006000880915,1303,16,4,0,2,55009.72224
2006000885176,1305,19,3,0,2,107169.6353
2006000885410,1303,18,1,0,9,7640.2392
2006000886971,1303,24,1,0,2,45841.4352
2006000887104,1303,16,3,0,2,37437.17208
2006000887890,1305,9,6,0,2,156708.9462
2006000889931,1303,15,3,0,2,22920.7176
2006000894711,1302,14,1,0,9,0
2006000900169,1303,34,1,0,2,34457.47879
2006000903249,1301,16,2,0,2,81521.35226
2006000908295,1302,21,1,0,4,7793.043984
2006000910856,1303,14,3,0,3,7181.824848
2006000911492,1302,13,3,0,2,51953.62656
2006000913441,1305,20,2,0,2,29032.90896
2006000917028,1303,19,2,0,5,61121.9136
2006000920130,1302,17,1,0,3,46223.44716
2006000921762,1301,15,2,0,2,68013.40936
2006000927379,1301,34,1,0,2,16044.50232
2006000929156,1302,11,3,0,2,81215.7427
2006000930992,1305,14,2,0,9,32089.00464
2006000932142,1303,11,1,0,6,10696.33488
2006000933696,1301,24,2,0,2,44084.18018
2006000940997,1305,20,1,0,5,26740.8372
2006000945165,1302,45,1,0,1,9168.28704
2006000950619,1305,16,3,0,2,100125.3347
2006000954617,1302,19,1,0,6,15280.4784
2006000957397,1305,15,1,0,2,35909.12424
2006000958358,1302,27,2,0,6,29796.93288
2006000960641,1305,17,3,0,2,135308.6362
2006000961161,1301,14,1,0,2,30408.15202
2006000964156,1301,13,3,0,2,32853.02856
2006000965025,1301,16,1,0,2,9626.701392
2006000965680,1301,15,2,0,2,100774.755
2006000970158,1301,18,1,0,2,42097.71799
2006000974050,1305,22,1,0,2,11001.94445
2006000974366,1302,21,1,0,7,9779.506176
2006000976623,1301,16,1,0,2,26740.8372
2006000976647,1301,14,1,0,2,9855.908568
2006000980884,1303,12,4,0,2,79076.47572
2006000986355,1301,17,3,0,2,39882.04862
2006000988230,1305,13,2,0,2,68991.35998
2006000992371,1302,19,3,0,2,87862.7508
2006000992828,1301,12,2,0,2,33387.8453
2006000992957,1301,16,2,0,2,66393.67865
2006000995938,1301,13,1,0,7,20666.84704
2006000997485,1303,14,1,0,4,2826.888504
2006000997916,1305,14,1,0,9,12522.35205
2006001007464,1303,9,7,0,3,78694.46376
2006001011063,1302,0,1,1,0,-19998
2006001012643,1303,12,2,0,2,165869.593
2006001015005,1305,22,3,0,2,97031.03784
2006001017168,1305,13,1,0,7,22920.7176
2006001018497,1305,17,2,0,9,45306.61846
2006001019144,1305,18,1,0,5,22920.7176
2006001019290,1301,10,2,0,2,108797.0062
2006001023139,1301,21,1,0,5,24448.76544
2006001024146,1303,23,1,0,4,57454.59878
2006001025975,1303,11,2,0,2,34457.47879
2006001026669,1301,33,2,0,4,50425.57872
2006001027812,1302,14,2,0,2,57301.794
2006001028001,1305,20,1,0,2,48133.50696
2006001031432,1305,23,2,0,6,17924.00116
2006001035645,1303,20,2,0,8,17496.14777
2006001042784,1303,12,2,0,2,42021.3156
2006001045832,1303,18,2,0,2,23852.82678
2006001046269,1303,20,1,0,6,11918.77315
2006001049258,1305,0,1,2,0,-19998
2006001052357,1303,8,2,0,5,20475.84106
2006001053230,1301,9,2,0,2,28268.88504
2006001055532,1305,12,4,0,2,65018.43559
2006001056778,1305,21,1,0,9,28574.49461
2006001057114,1301,9,2,0,1,36558.54457
2006001059702,1305,19,1,0,2,51953.62656
2006001063980,1303,11,3,0,2,37437.17208
2006001064390,1303,14,4,0,2,62420.75426
2006001067270,1303,19,1,0,4,25518.39893
2006001068693,1302,70,2,0,2,16044.50232
2006001068880,1301,52,2,0,2,45077.41128
2006001069191,1301,20,1,0,8,0
2006001073945,1301,64,0,0,2,-19998
2006001075885,1303,22,1,0,9,19100.598
2006001076183,1305,0,1,2,0,-19998
2006001076465,1302,15,2,0,2,59288.25619
2006001076536,1301,22,1,0,4,17954.56212
2006001076863,1303,17,2,0,2,103189.0706
2006001077445,1302,43,4,0,2,42021.3156
2006001080878,1305,17,2,0,5,91912.07758
2006001081798,1303,13,5,0,2,41104.4869
2006001084792,1305,12,1,0,9,45841.4352
2006001085528,1305,26,3,0,2,123244.6985
2006001085700,1302,0,1,1,0,-19998
2006001085793,1305,15,1,0,4,8557.067904
2006001086487,1302,10,4,0,2,77014.37516
2006001089392,1305,23,1,0,6,36291.1362
2006001094894,1303,16,1,0,2,42479.72995
2006001095181,1301,34,1,0,5,28268.88504
2006001098279,1303,26,2,0,2,67257.02568
2006001099172,1303,56,0,0,6,-19998
2006001101039,1305,23,3,0,2,141344.4252
2006001101092,1302,15,7,0,2,131948.459
2006001104700,1301,32,1,0,2,61121.9136
2006001112908,1303,0,1,2,0,-19998
2006001112962,1305,24,1,0,6,15280.4784
2006001114683,1302,14,1,0,2,24448.76544
2006001115339,1305,11,4,0,2,84501.04555
2006001118445,1302,19,1,0,4,8480.665512
2006001120816,1301,3,2,0,2,54245.69832
2006001122794,1305,12,1,0,2,38201.196
2006001123546,1303,60,6,0,7,33158.63813
2006001129299,1302,20,3,0,2,35527.11228
2006001131747,1301,0,1,2,0,-19998
2006001133163,1303,12,1,0,8,14867.90548
2006001138118,1303,20,4,0,2,19100.598
2006001139480,1301,14,3,0,3,72658.67479
2006001141429,1301,15,4,0,2,32623.82138
2006001142770,1303,17,1,0,3,87862.7508
2006001144895,1302,19,4,0,2,51800.82178
2006001145208,1305,10,1,0,3,5653.777008
2006001145843,1303,52,2,0,4,19788.21953
2006001147211,1303,17,2,0,3,59593.86576
2006001148425,1302,29,5,0,2,49661.5548
2006001150050,1302,38,4,0,7,24448.76544
2006001150662,1303,51,2,0,5,34381.0764
2006001153162,1302,5,2,0,2,57301.794
2006001154343,1301,54,4,0,2,14516.45448
2006001154880,1303,18,2,0,7,45077.41128
2006001155483,1302,15,2,0,2,23608.33913
2006001158271,1302,36,3,0,2,45841.4352
2006001164790,1301,37,3,0,3,4584.14352
2006001165731,1305,17,1,0,6,5271.765048
2006001170905,1305,44,2,0,5,26740.8372
2006001171616,1303,14,1,0,2,16884.92863
2006001171970,1301,16,3,0,2,114603.588
2006001172829,1303,16,1,0,6,23684.74152
2006001178343,1301,15,2,0,2,32089.00464
2006001181281,1302,12,4,0,2,82056.16901
2006001187019,1305,19,2,0,8,50425.57872
2006001187040,1302,18,2,0,4,458.414352
2006001190244,1305,16,2,0,6,27428.45873
2006001190250,1302,14,1,0,1,16732.12385
2006001196062,1305,18,2,0,2,84806.65512
2006001198577,1305,22,1,0,2,15280.4784
2006001198775,1302,0,1,1,0,-19998
2006001200706,1305,19,1,0,5,85570.67904
2006001201773,1305,14,2,0,2,15356.88079
2006001202071,1305,14,1,0,9,9550.299
2006001203897,1303,13,2,0,2,50425.57872
2006001204462,1302,11,1,0,2,16426.51428
2006001206011,1305,13,3,0,2,85998.53244
2006001206208,1303,21,2,0,2,67234.10496
2006001206706,1305,60,1,0,6,22844.31521
2006001215423,1301,18,2,0,2,42067.15704
2006001220765,1303,16,1,0,9,5733.235496
2006001223496,1302,11,2,0,2,26893.64198
2006001229708,1303,15,1,0,9,5500.972224
2006001230337,1302,16,0,0,2,-19998
2006001231310,1302,27,3,0,2,21392.66976
2006001231322,1301,28,2,0,2,42520.98724
2006001233179,1305,15,2,0,2,146692.5926
2006001233901,1305,45,1,0,9,11231.15162
2006001234481,1303,28,2,0,2,24295.96066
2006001236700,1302,13,2,0,6,45077.41128
2006001241568,1302,13,3,0,2,24907.17979
2006001243223,1303,18,1,0,9,7640.2392
2006001251619,1303,11,2,0,9,7945.848768
2006001254096,1301,26,2,0,4,24448.76544
2006001255077,1302,49,0,0,2,-19998
2006001256232,1303,53,2,0,7,25212.78936
2006001257524,1305,21,1,0,8,13752.43056
2006001257907,1302,21,1,0,7,5500.972224
2006001258332,1301,47,2,0,2,45841.4352
2006001259210,1301,13,5,0,2,55009.72224
2006001267783,1302,22,1,0,8,5500.972224
2006001269299,1301,13,2,0,2,35145.10032
2006001270111,1305,17,5,0,1,15280.4784
2006001271810,1305,16,2,0,2,54245.69832
2006001271936,1303,38,4,0,2,65171.24038
2006001272350,1303,15,2,0,2,64178.00928
2006001273845,1301,10,3,0,2,19559.01235
2006001274692,1302,27,2,0,3,32776.62617
2006001279196,1301,25,5,0,2,51189.60264
2006001282992,1305,13,6,0,2,334069.459
2006001284774,1303,43,2,0,4,72582.2724
2006001289224,1301,14,3,0,2,47369.48304
2006001296561,1302,14,2,0,2,54245.69832
2006001301951,1302,26,2,0,2,49050.33566
2006001302237,1303,24,3,0,8,17114.13581
2006001302339,1302,16,6,0,8,24601.57022
2006001305544,1303,14,1,0,2,76402.392
2006001312959,1302,17,1,0,7,6952.617672
2006001316817,1301,22,2,0,2,80222.5116
2006001317175,1303,16,1,0,2,59211.8538
2006001319121,1301,20,1,0,2,23684.74152
2006001320642,1302,0,1,1,0,-19998
2006001320917,1305,10,1,0,2,74874.34416
2006001321160,1303,16,2,0,2,7793.043984
2006001325857,1305,16,1,0,2,18336.57408
2006001326901,1301,23,2,0,5,34228.27162
2006001327046,1303,10,4,0,8,45077.41128
2006001333502,1303,21,1,0,9,26740.8372
2006001334170,1303,13,1,0,2,41257.29168
2006001335259,1302,5,6,0,2,77854.03745
2006001338151,1301,67,4,0,2,30782.52374
2006001338874,1301,19,1,0,6,340754.6683
2006001339598,1305,20,2,0,3,168085.2624
2006001340512,1301,12,1,0,2,22920.7176
2006001340757,1305,20,3,0,2,53481.6744
2006001341949,1305,19,5,0,2,64942.0332
2006001344085,1303,17,4,0,2,135614.2458
2006001346115,1301,14,5,0,2,98559.08568
2006001347174,1303,44,1,0,6,18336.57408
2006001348319,1303,17,2,0,5,16808.52624
2006001350214,1305,34,3,0,2,39729.24384
2006001350957,1302,16,2,0,2,41868.51082
2006001352431,1302,15,5,0,2,95502.99
2006001354639,1302,20,2,0,2,150130.7003
2006001357749,1302,16,2,0,2,7029.020064
2007000000300,1305,0,1,1,0,-19998
2007000000492,1303,68,2,0,2,119187.7315
2007000004514,1302,45,3,0,2,36443.94098
2007000006351,1302,47,2,0,5,77854.03745
2007000019406,1302,17,2,0,2,7945.848768
2007000020633,1302,11,1,0,2,30560.9568
2007000025821,1305,14,1,0,2,6188.593752
2007000026501,1305,18,1,0,2,6647.008104
2007000027314,1305,0,1,1,0,-19998
2007000029871,1305,13,1,0,4,30560.9568
2007000032809,1305,20,4,0,2,8503.58623
2007000033082,1301,30,1,0,2,22920.7176
2007000034303,1302,0,1,2,0,-19998
2007000037369,1305,22,2,0,2,61809.53513
2007000037393,1301,18,2,0,2,20781.45062
2007000042777,1303,15,2,0,2,74492.3322
2007000043146,1301,21,2,0,4,47369.48304
2007000045144,1305,17,3,0,2,42021.3156
2007000055852,1303,22,1,0,7,30560.9568
2007000058628,1301,20,3,0,2,39194.4271
2007000060071,1303,25,2,0,2,55544.53898
2007000061661,1301,16,1,0,6,31248.57833
2007000064277,1305,40,1,0,2,12224.38272
2007000067535,1301,13,2,0,2,63459.8268
2007000069085,1305,14,2,0,2,114145.1736
2007000069242,1305,12,2,0,4,14585.21663
2007000072889,1302,5,2,0,2,47369.48304
2007000073457,1301,21,1,0,6,29796.93288
2007000077405,1305,13,1,0,2,29032.90896
2007000078008,1305,11,1,0,5,5653.777008
2007000078640,1303,12,1,0,2,26740.8372
2007000082390,1303,23,2,0,2,79916.90203
2007000086298,1301,17,1,0,5,6876.21528
2007000086466,1301,18,1,0,2,122625.8392
2007000086589,1305,11,1,0,9,48897.53088
2007000087820,1305,16,1,0,2,5806.581792
2007000092576,1302,19,4,0,2,22920.7176
2007000093639,1305,27,3,0,2,34839.49075
2007000094606,1305,10,2,0,2,165029.1667
2007000094997,1302,14,1,0,9,17572.55016
2007000095563,1303,18,5,0,2,67234.10496
2007000103571,1301,58,6,0,2,30866.56637
2007000103811,1303,11,6,0,2,28727.29939
2007000104020,1302,9,4,0,2,64942.0332
2007000104848,1301,23,3,0,4,62649.96144
2007000105034,1305,20,1,0,9,9779.506176
2007000105733,1302,22,1,0,3,20017.4267
2007000106985,1305,17,1,0,2,53634.47918
2007000111904,1303,16,3,0,2,24601.57022
2007000112625,1305,12,1,0,2,3132.498072
2007000113116,1302,30,1,0,2,42021.3156
2007000114924,1302,10,4,0,2,23684.74152
2007000120624,1302,15,1,0,7,8022.25116
2007000120697,1305,11,1,0,9,0
2007000122108,1303,22,3,0,2,105435.301
2007000122419,1302,0,1,1,0,-19998
2007000123095,1301,26,2,0,8,18336.57408
2007000124811,1303,10,2,0,3,30872.67856
2007000132161,1305,16,2,0,2,62649.96144
2007000136123,1301,17,5,0,7,38124.79361
2007000136258,1302,22,5,0,2,40149.457
2007000136788,1303,12,2,0,2,27504.86112
2007000141049,1301,0,1,2,0,-19998
2007000143409,1301,19,2,0,2,46498.49577
2007000145155,1302,19,2,0,2,26282.42285
2007000146760,1302,14,2,0,1,9473.896608
2007000148180,1303,24,2,0,5,9802.426894
2007000149358,1305,0,1,1,0,-19998
2007000149645,1305,13,2,0,2,51953.62656
2007000153048,1301,18,1,0,9,12606.39468
2007000153795,1301,17,1,0,2,22607.46779
2007000156246,1301,19,2,0,2,54245.69832
2007000157355,1302,16,2,0,5,20781.45062
2007000159098,1303,17,1,0,2,61121.9136
2007000161239,1301,22,3,0,2,49661.5548
2007000164834,1302,22,1,0,1,5500.972224
2007000166884,1305,16,4,0,2,71971.05326
2007000170477,1303,18,2,0,3,34381.0764
2007000173586,1302,40,1,0,3,15356.88079
2007000175606,1303,15,2,0,2,50883.99307
2007000182417,1302,0,1,2,0,-19998
2007000185145,1302,12,4,0,2,111165.4804
2007000186592,1302,0,1,2,0,-19998
2007000190665,1303,16,2,0,2,78564.57969
2007000191358,1305,21,1,0,2,28116.08026
2007000192641,1305,16,4,0,2,24448.76544
2007000193165,1303,12,1,0,8,28039.67786
2007000195714,1305,16,1,0,2,31324.98072
2007000197311,1305,21,2,0,2,39118.0247
2007000197359,1301,8,2,0,4,14516.45448
2007000197662,1303,0,1,2,0,-19998
2007000198366,1303,13,4,0,2,56232.16051
2007000207803,1301,20,2,0,2,80986.53552
2007000208460,1303,10,1,0,2,12988.40664
2007000212272,1302,37,3,0,2,21392.66976
2007000217121,1301,0,1,2,0,-19998
2007000217537,1302,20,2,0,2,76173.18482
2007000220505,1301,15,3,0,2,53198.98555
2007000222512,1305,18,4,0,2,81903.36422
2007000223214,1302,3,1,0,2,10314.32292
2007000224693,1301,26,2,0,5,3056.09568
2007000228946,1305,0,1,1,0,-19998
2007000229373,1301,22,2,0,2,41257.29168
2007000233538,1302,0,1,1,0,-19998
2007000235517,1305,11,2,0,2,86334.70296
2007000239602,1305,0,1,1,0,-19998
2007000239875,1302,18,1,0,2,48897.53088
2007000241164,1305,33,3,0,2,66584.68463
2007000241404,1301,54,2,0,2,60357.88968
2007000242254,1301,21,1,0,8,30576.23728
2007000243298,1305,16,1,0,2,14287.2473
2007000244036,1303,64,1,0,2,14440.05209
2007000245155,1305,20,3,0,6,42021.3156
2007000246173,1301,17,2,0,2,40111.2558
2007000247490,1305,23,1,0,5,66393.67865
2007000247847,1301,16,3,0,2,61121.9136
2007000254443,1305,19,1,0,2,18336.57408
2007000254782,1303,21,1,0,2,38201.196
2007000259406,1302,23,5,0,9,20246.63388
2007000259742,1301,15,1,0,2,45841.4352
2007000262071,1303,13,2,0,2,64942.0332
2007000264033,1303,65,1,0,2,9168.28704
2007000264539,1303,47,4,0,2,69190.0062
2007000265928,1305,0,1,1,0,-19998
2007000268664,1305,15,1,0,5,29032.90896
2007000270282,1302,15,1,0,2,33922.66205
2007000271654,1305,17,2,0,2,127419.3252
2007000272929,1305,24,2,0,5,31324.98072
2007000278477,1301,0,1,2,0,-19998
2007000281450,1302,13,2,0,2,75332.75851
2007000281900,1303,35,9,0,2,10696.33488
2007000282057,1301,18,2,0,2,80986.53552
2007000283042,1305,0,1,2,0,-19998
2007000286551,1305,52,2,0,2,92446.89432
2007000287156,1302,20,4,0,2,76402.392
2007000287682,1302,16,1,0,2,22920.7176
2007000290428,1303,14,4,0,2,20170.23149
2007000291028,1303,33,4,0,2,92294.08954
2007000291076,1305,13,1,0,7,30560.9568
2007000298087,1305,15,2,0,2,50425.57872
2007000299128,1301,0,1,2,0,-19998
2007000299268,1301,37,1,0,2,38231.75696
2007000302477,1305,62,4,0,3,6417.800928
2007000304267,1301,16,2,0,2,49661.5548
2007000304646,1305,15,1,0,2,24448.76544
2007000305296,1303,25,4,0,2,74874.34416
2007000309500,1302,4,1,0,7,13599.62578
2007000314300,1302,9,4,0,2,52641.24809
2007000317094,1302,23,3,0,2,133169.3693
2007000318340,1302,34,1,0,9,840.426312
2007000320127,1301,16,1,0,9,53710.88158
2007000325481,1303,30,2,0,5,21774.68172
2007000327197,1301,20,4,0,2,20246.63388
2007000327975,1302,10,6,0,2,89008.78668
2007000328671,1305,16,1,0,2,50731.18829
2007000331771,1301,44,1,0,9,51953.62656
2007000334437,1305,13,2,0,2,69526.17672
2007000341555,1301,17,1,0,9,23684.74152
2007000342040,1301,13,2,0,2,82514.58336
2007000343418,1301,11,1,0,2,47372.53914
2007000344079,1303,15,1,0,4,12147.98033
2007000344752,1301,18,4,0,2,11460.3588
2007000345197,1301,26,5,0,2,36596.74577
2007000348378,1305,23,2,0,4,86334.70296
2007000350062,1302,21,1,0,2,48324.51294
2007000350107,1302,40,1,0,2,91682.8704
2007000350616,1305,19,3,0,2,35912.18034
2007000354796,1302,0,1,1,0,-19998
2007000355750,1301,26,2,0,2,46529.05673
2007000356805,1302,19,4,0,8,20246.63388
2007000358752,1305,13,2,0,2,16044.50232
2007000364363,1303,67,2,0,2,0
2007000368803,1302,13,5,0,2,34625.56405
2007000368922,1305,16,2,0,2,72353.06522
2007000369315,1302,0,1,1,0,-19998
2007000371261,1302,52,5,0,5,19100.598
2007000371398,1303,13,2,0,2,21392.66976
2007000372544,1302,22,2,0,2,45535.82563
2007000374227,1301,14,1,0,2,20246.63388
2007000374339,1305,19,2,0,4,17725.35494
2007000375193,1305,0,1,1,0,-19998
2007000381637,1302,14,1,0,2,9550.299
2007000383224,1305,14,1,0,3,42785.33952
2007000383288,1302,17,2,0,2,127591.9946
2007000384301,1301,21,1,0,2,9168.28704
2007000386338,1305,0,1,1,0,-19998
2007000392162,1303,13,2,0,2,40951.68211
2007000395606,1305,12,2,0,4,67539.71453
2007000397658,1303,14,4,0,2,27810.47069
2007000398548,1305,18,4,0,2,122243.8272
2007000399491,1302,12,5,0,2,34686.68597
2007000400005,1302,15,3,0,2,37131.56251
2007000400163,1301,14,3,0,2,61129.55384
2007000401399,1302,18,2,0,5,17603.11112
2007000402021,1301,16,1,0,2,46605.45912
2007000402540,1301,18,4,0,2,103296.034
2007000404096,1301,16,1,0,2,40416.86537
2007000405021,1302,59,4,0,3,22156.69368
2007000408857,1302,19,1,0,2,6264.996144
2007000409998,1303,18,1,0,5,29949.73766
2007000412109,1302,18,2,0,2,14898.46644
2007000415516,1302,13,2,0,2,52717.65048
2007000416260,1302,0,1,1,0,-19998
2007000416275,1305,15,1,0,9,6264.996144
2007000417332,1303,9,3,0,2,74415.92981
2007000422110,1305,27,3,0,2,32089.00464
2007000426321,1302,14,6,0,2,13446.82099
2007000426471,1303,25,4,0,2,75256.35612
2007000429112,1301,35,4,0,2,67631.3974
2007000436296,1305,11,1,0,8,24754.37501
2007000438539,1305,24,1,0,2,40546.74943
2007000439191,1303,22,1,0,8,8175.055944
2007000443763,1302,16,1,0,5,35527.11228
2007000450036,1305,21,3,0,2,133100.6071
2007000450718,1305,52,1,0,7,19100.598
2007000452077,1303,13,2,0,2,27527.78184
2007000457117,1301,13,2,0,2,83202.20489
2007000460215,1305,17,3,0,2,72582.2724
2007000463723,1303,11,6,0,2,39652.84145
2007000468100,1303,14,2,0,2,61885.93752
2007000469112,1301,12,1,0,9,12988.40664
2007000469636,1301,14,0,0,2,-19998
2007000471639,1305,21,3,0,2,86640.31253
2007000472134,1302,0,1,1,0,-19998
2007000473023,1303,20,2,0,2,153416.0031
2007000476119,1303,23,1,0,2,40111.2558
2007000477087,1305,15,2,0,2,7716.641592
2007000479259,1303,22,2,0,2,82514.58336
2007000479965,1301,0,1,2,0,-19998
2007000480083,1302,17,3,0,2,90078.42017
2007000481828,1301,19,2,0,2,158764.1706
2007000483651,1305,19,1,0,8,5500.972224
2007000484278,1302,9,3,0,2,64178.00928
2007000485166,1305,23,2,0,7,23684.74152
2007000485916,1305,17,1,0,2,21010.6578
2007000486572,1303,33,1,0,2,59593.86576
2007000487936,1305,22,2,0,2,26779.0384
2007000488857,1302,34,0,0,5,-19998
2007000489008,1302,11,2,0,2,27199.25155
2007000489229,1303,8,2,0,2,42785.33952
2007000496200,1305,18,3,0,2,105626.3069
2007000496998,1301,16,1,0,2,86716.71492
2007000497283,1305,17,1,0,2,47102.07467
2007000499853,1305,12,2,0,2,45077.41128
2007000499966,1305,13,4,0,2,113839.5641
2007000500192,1302,14,4,0,2,68762.1528
2007000502006,1301,12,1,0,2,16811.58234
2007000508565,1303,36,1,0,9,5730.1794
2007000522285,1305,12,1,0,4,19559.01235
2007000527769,1303,12,2,0,2,29032.90896
2007000533563,1301,59,1,0,2,21392.66976
2007000534200,1301,17,2,0,2,41639.30364
2007000535015,1303,24,1,0,2,16884.92863
2007000537247,1303,24,1,0,2,30560.9568
2007000540119,1303,58,3,0,2,46223.44716
2007000540389,1301,17,3,0,2,74797.94177
2007000541127,1301,0,1,2,0,-19998
2007000541654,1301,3,1,0,2,55009.72224
2007000544303,1303,14,2,0,2,22538.70564
2007000546238,1301,20,4,0,2,50654.7859
2007000546405,1302,16,2,0,8,48897.53088
2007000549310,1302,13,4,0,4,12606.39468
2007000550568,1303,13,1,0,6,19100.598
2007000551041,1303,17,2,0,2,25212.78936
2007000559139,1303,13,1,0,2,11842.37076
2007000563278,1302,13,1,0,2,11842.37076
2007000563700,1302,14,2,0,3,42250.52278
2007000564503,1305,12,2,0,2,29262.11614
2007000566157,1301,11,2,0,2,102111.7969
2007000567207,1305,14,1,0,2,39958.45102
2007000567791,1303,8,4,0,5,12377.1875
2007000570313,1302,0,1,1,0,-19998
2007000571129,1305,12,1,0,2,30790.16398
2007000582509,1301,58,4,0,5,10925.54206
2007000583622,1302,12,1,0,2,44313.38736
2007000584787,1302,13,5,0,2,21392.66976
2007000593159,1302,41,0,0,5,-19998
2007000594034,1303,15,3,0,3,19100.598
2007000597152,1305,15,4,0,2,85876.28861
2007000601005,1301,0,1,2,0,-19998
2007000604646,1302,22,2,0,2,15524.96605
2007000605712,1302,38,0,0,8,-19998
2007000605779,1301,24,1,0,5,7945.848768
2007000606276,1303,50,1,0,7,16655.72146
2007000606340,1301,17,1,0,2,38201.196
2007000609961,1303,20,2,0,2,67998.12888
2007000615220,1303,16,2,0,7,32089.00464
2007000617286,1301,31,4,0,2,77242.81831
2007000617479,1302,22,1,0,7,14134.44252
2007000618957,1301,9,3,0,2,31554.1879
2007000620229,1303,13,1,0,2,25976.81328
2007000620862,1301,12,2,0,2,49890.76198
2007000621723,1303,14,4,0,2,56155.75812
2007000622129,1302,14,4,0,2,45688.63042
2007000626847,1303,27,1,0,5,15295.75888
2007000627656,1303,13,1,0,2,3438.10764
2007000632220,1302,19,4,0,2,46819.38582
2007000634236,1301,40,2,0,5,21621.87694
2007000639590,1302,16,1,0,2,26740.8372
2007000640599,1305,15,1,0,7,23684.74152
2007000641053,1301,63,4,0,2,22713.66712
2007000643366,1303,26,2,0,2,61121.9136
2007000655468,1301,7,1,0,9,10314.32292
2007000658418,1302,17,1,0,7,3056.09568
2007000659490,1302,47,1,0,2,38201.196
2007000662273,1301,18,2,0,2,46223.44716
2007000663430,1302,10,5,0,2,94738.96608
2007000669738,1301,11,3,0,2,3323.504052
2007000671999,1305,32,1,0,6,48133.50696
2007000672877,1301,11,4,0,2,84042.6312
2007000677609,1302,13,1,0,6,0
2007000677919,1302,26,2,0,2,66470.08104
2007000680379,1305,0,1,1,0,-19998
2007000683132,1301,18,1,0,2,52717.65048
2007000683648,1305,67,0,0,7,-19998
2007000683936,1302,17,1,0,8,18565.78126
2007000685801,1301,5,3,0,3,1910.0598
2007000687236,1305,15,1,0,6,2444.876544
2007000689679,1302,48,0,0,5,-19998
2007000692565,1305,16,2,0,7,17114.13581
2007000692668,1302,28,2,0,2,3438.10764
2007000693835,1302,23,3,0,2,40493.26776
2007000697795,1302,20,2,0,6,22156.69368
2007000698013,1305,45,1,0,4,15280.4784
2007000700103,1302,14,1,0,9,47369.48304
2007000701396,1305,22,1,0,2,41303.13312
2007000704120,1302,17,2,0,2,19711.81714
2007000708569,1303,20,1,0,8,25289.19175
2007000708851,1305,12,2,0,2,59593.86576
2007000713354,1303,22,4,0,3,23379.13195
2007000715413,1305,12,2,0,2,113075.5402
2007000715798,1301,15,1,0,5,22156.69368
2007000717959,1305,15,1,0,6,6715.770257
2007000721120,1305,18,2,0,2,132940.1621
2007000721296,1303,20,2,0,2,91682.8704
2007000725598,1305,21,1,0,2,33999.06444
2007000727102,1302,5,2,0,2,271992.5155
2007000727628,1302,16,2,0,2,37513.57447
2007000728537,1303,48,2,0,7,37360.76969
2007000728695,1303,14,2,0,2,45841.4352
2007000734439,1301,13,2,0,2,52870.45526
2007000734868,1302,35,3,0,2,57301.794
2007000734925,1302,22,3,0,2,43549.36344
2007000735652,1302,34,1,0,8,5424.569832
2007000742775,1305,10,5,0,2,19100.598
2007000744608,1305,13,3,0,2,145928.5687
2007000746605,1303,19,2,0,6,29796.93288
2007000754594,1302,15,1,0,2,35909.12424
2007000756059,1305,0,1,2,0,-19998
2007000757493,1301,40,3,0,2,69526.17672
2007000760091,1305,13,1,0,2,13217.61382
2007000760297,1302,15,2,0,1,6112.19136
2007000761885,1303,26,2,0,2,51189.60264
2007000765219,1305,42,1,0,4,16808.52624
2007000766574,1303,11,1,0,2,20093.8291
2007000767662,1303,13,1,0,2,18336.57408
2007000769866,1303,0,1,2,0,-19998
2007000776142,1305,14,3,0,2,69678.9815
2007000777863,1302,51,0,0,7,-19998
2007000778121,1303,57,0,0,9,-19998
2007000779474,1303,9,2,0,7,24143.15587
2007000779582,1302,64,9,0,2,79152.87811
2007000781569,1302,12,1,0,2,6112.19136
2007000784353,1305,18,1,0,2,53405.27201
2007000784416,1301,16,2,0,2,27504.86112
2007000784764,1301,15,2,0,2,4293.81443
2007000785668,1302,14,1,0,5,120257.365
2007000788824,1303,10,5,0,2,41486.49886
2007000791070,1305,17,1,0,5,49814.35958
2007000796064,1302,15,3,0,8,7945.848768
2007000797198,1303,33,4,0,2,19100.598
2007000803131,1305,10,4,0,2,84806.65512
2007000814282,1301,15,2,0,2,57378.19639
2007000814506,1301,0,1,2,0,-19998
2007000815786,1301,5,2,0,2,36673.14816
2007000817177,1303,16,2,0,2,17190.5382
2007000819436,1301,18,0,0,2,-19998
2007000819739,1305,14,1,0,7,32853.02856
2007000820877,1301,14,3,0,2,37589.97686
2007000822865,1305,12,2,0,5,72582.2724
2007000824774,1303,13,2,0,2,23226.32717
2007000824862,1301,30,2,0,2,32853.02856
2007000827104,1301,19,2,0,2,57531.00118
2007000830247,1301,14,2,0,2,145164.5448
2007000830274,1302,20,3,0,2,51495.21221
2007000834368,1305,14,2,0,9,23684.74152
2007000834438,1302,12,2,0,2,85876.28861
2007000841409,1301,9,5,0,2,106.9633488
2007000847172,1301,16,2,0,9,12453.5899
2007000848782,1305,12,6,0,2,51571.6146
2007000850960,1303,16,2,0,2,44313.38736
2007000851866,1305,24,2,0,4,77930.43984
2007000853765,1305,14,2,0,2,54627.71028
2007000854591,1303,15,1,0,2,8060.452356
2007000854805,1305,23,1,0,2,9168.28704
2007000855942,1303,17,2,0,2,41257.29168
2007000859037,1305,51,2,0,2,91682.8704
2007000859225,1305,22,1,0,7,17572.55016
2007000863361,1303,14,2,0,2,22920.7176
2007000864294,1303,11,4,0,9,14898.46644
2007000864524,1301,19,1,0,6,38201.196
2007000865435,1303,14,4,0,2,34533.88118
2007000867959,1301,18,2,0,2,54245.69832
2007000868469,1301,31,1,0,5,24448.76544
2007000868629,1302,18,1,0,2,25289.19175
2007000868918,1303,22,3,0,2,32623.82138
2007000869386,1305,17,2,0,7,29262.11614
2007000871565,1302,19,1,0,9,35679.91706
2007000871883,1305,22,1,0,8,24448.76544
2007000873821,1305,14,4,0,2,64942.0332
2007000879554,1301,14,1,0,2,10008.71335
2007000882792,1302,26,4,0,2,42021.3156
2007000883398,1303,38,3,0,2,27504.86112
2007000888039,1305,15,4,0,2,57301.794
2007000889882,1302,16,4,0,2,60587.09686
2007000891509,1305,46,0,0,2,-19998
2007000892545,1303,17,2,0,2,30560.9568
2007000896300,1303,18,2,0,2,42174.12038
2007000898166,1303,6,2,0,2,26893.64198
2007000899375,1305,20,3,0,2,53481.6744
2007000899896,1302,40,0,0,7,-19998
2007000900675,1303,11,1,0,2,6264.996144
2007000903220,1305,13,1,0,2,41257.29168
2007000903534,1303,0,1,2,0,-19998
2007000905267,1302,17,5,0,5,44955.16745
2007000917717,1302,9,3,0,6,22233.09607
2007000918120,1303,21,1,0,3,49661.5548
2007000920161,1303,27,2,0,7,24688.66895
2007000924075,1302,51,9,0,5,23149.92478
2007000925415,1303,25,2,0,2,12377.1875
2007000927106,1301,12,1,0,2,27886.87308
2007000927278,1302,8,4,0,2,67241.7452
2007000932666,1302,14,3,0,2,23379.13195
2007000937351,1302,40,2,0,2,45841.4352
2007000938231,1302,0,1,1,0,-19998
2007000939679,1302,9,5,0,2,34457.47879
2007000941692,1305,30,1,0,7,9168.28704
2007000945364,1303,12,4,0,2,21087.06019
2007000947718,1305,16,2,0,2,68227.33606
2007000948219,1302,13,4,0,2,47369.48304
2007000951188,1305,14,2,0,2,18565.78126
2007000958946,1305,15,2,0,2,31936.19986
2007000959226,1301,47,4,0,2,30560.9568
2007000961887,1305,0,1,1,0,-19998
2007000966136,1302,14,3,0,2,19497.89044
2007000970115,1301,21,1,0,5,11154.74923
2007000970561,1305,15,2,0,2,187949.8843
2007000971610,1301,13,4,0,2,48286.31174
2007000978824,1301,17,1,0,2,57301.794
2007000981804,1303,38,1,0,2,42021.3156
2007000984642,1301,21,1,0,2,12835.60186
2007000988256,1305,17,2,0,2,189477.9322
2007000991738,1303,12,2,0,2,40646.07254
2007000993696,1301,37,2,0,3,112311.5162
2007000996145,1302,14,3,0,2,44084.18018
2007000997942,1302,21,1,0,6,25441.99654
2007000998866,1305,19,1,0,8,38201.196
2007001001353,1302,38,1,0,2,27504.86112
2007001002353,1303,13,2,0,2,32547.41899
2007001005330,1303,13,1,0,2,8419.543598
2007001006521,1305,16,3,0,2,53484.7305
2007001006536,1301,70,2,0,2,20399.43866
2007001007228,1303,16,2,0,2,21812.88292
2007001011308,1305,18,2,0,2,57454.59878
2007001013488,1305,63,0,0,8,-19998
2007001013707,1302,17,1,0,9,10849.13966
2007001015044,1301,15,3,0,2,88626.77472
2007001016646,1305,6,1,0,3,74988.94775
2007001017897,1302,43,5,0,2,67998.12888
2007001018494,1302,10,2,0,2,53252.46722
2007001018767,1305,0,1,1,0,-19998
2007001020926,1303,14,2,0,2,15280.4784
2007001022235,1301,49,3,0,2,35909.12424
2007001022735,1302,36,3,0,5,18336.57408
2007001026505,1305,20,1,0,2,63490.38775
2007001028612,1302,14,1,0,9,20170.23149
2007001032408,1301,16,1,0,2,21698.27933
2007001033270,1302,38,1,0,9,6570.605712
2007001046889,1303,35,7,0,2,141344.4252
2007001047161,1302,12,1,0,2,31324.98072
2007001047423,1303,15,1,0,8,22920.7176
2007001050960,1305,11,5,0,2,84348.24077
2007001052902,1302,15,1,0,1,30560.9568
2007001053532,1302,25,2,0,2,50662.42614
2007001055833,1305,18,1,0,9,11918.77315
2007001058247,1303,0,1,2,0,-19998
2007001061315,1302,11,1,0,3,356799.1706
2007001061584,1305,18,2,0,2,66470.08104
2007001061738,1302,0,1,2,0,-19998
2007001065064,1302,12,7,0,2,91682.8704
2007001067499,1301,16,1,0,2,34381.0764
2007001073638,1301,11,2,0,2,9810.067133
2007001075285,1305,14,3,0,2,46452.65434
2007001076997,1302,20,4,0,3,44137.66186
2007001082320,1305,39,0,0,9,-19998
2007001084640,1305,10,4,0,2,76096.78243
2007001086581,1303,17,1,0,6,21392.66976
2007001086822,1305,66,2,0,2,30790.16398
2007001087283,1305,12,3,0,2,70290.20064
2007001089080,1302,18,2,0,2,66470.08104
2007001100051,1301,20,1,0,2,26740.8372
2007001101007,1302,33,2,0,8,31706.99268
2007001102271,1305,18,3,0,2,89620.00582
2007001108581,1303,15,3,0,2,49661.5548
2007001110260,1302,14,1,0,2,26740.8372
2007001110290,1305,17,2,0,2,153950.8199
2007001110668,1302,16,1,0,5,6975.53839
2007001112827,1305,23,3,0,2,119951.7554
2007001116897,1301,73,2,0,2,76096.78243
2007001119385,1301,11,1,0,2,41715.70603
2007001121936,1302,14,2,0,7,49661.5548
2007001125013,1305,0,1,1,0,-19998
2007001129343,1302,14,1,0,2,53481.6744
2007001133037,1305,18,5,0,1,94280.55173
2007001135565,1302,22,1,0,1,48515.51892
2007001140859,1301,9,1,0,2,1528.04784
2007001141188,1301,21,2,0,4,38965.21992
2007001144255,1302,17,2,0,2,7869.446376
2007001147646,1303,15,1,0,4,10696.33488
2007001147852,1305,14,0,0,2,-19998
2007001149762,1305,21,1,0,8,11154.74923
2007001151132,1305,15,3,0,2,108949.811
2007001151557,1301,11,2,0,2,21392.66976
2007001155683,1303,9,1,0,5,4584.14352
2007001159603,1305,15,2,0,2,125911.142
2007001160233,1303,7,3,0,2,54245.69832
2007001161402,1303,18,1,0,2,41318.41359
2007001162170,1303,12,1,0,5,9932.31096
2007001162781,1302,62,2,0,4,15280.4784
2007001164533,1303,23,4,0,2,70672.2126
2007001164596,1305,16,3,0,2,48133.50696
2007001164684,1302,47,0,0,2,-19998
2007001165706,1301,15,1,0,2,38659.61035
2007001165746,1305,15,1,0,9,30560.9568
2007001167810,1301,8,2,0,2,119187.7315
2007001171261,1302,23,3,0,2,13752.43056
2007001172354,1302,20,1,0,9,6341.398536
2007001174534,1302,10,2,0,2,59593.86576
2007001176406,1301,16,4,0,2,49661.5548
2007001178249,1303,13,2,0,2,39729.24384
2007001185122,1303,16,2,0,2,51571.6146
2007001185960,1305,34,0,0,2,-19998
2007001186058,1301,28,4,0,2,83813.42402
2007001190153,1302,19,1,0,2,19864.62192
2007001205079,1302,12,7,0,2,32623.82138
2007001205970,1301,20,3,0,3,56652.37367
2007001209444,1305,48,2,0,5,12377.1875
2007001211438,1303,11,3,0,2,12912.00425
2007001214360,1303,34,3,0,2,2368.474152
2007001214402,1303,37,2,0,2,28307.08624
2007001214911,1303,13,2,0,2,104060.0579
2007001217165,1305,16,1,0,9,14134.44252
2007001217703,1305,21,2,0,8,52335.63852
2007001219989,1303,17,1,0,2,46223.44716
2007001220196,1302,11,1,0,2,17801.75734
2007001224101,1305,17,1,0,8,22920.7176
2007001224159,1305,16,1,0,2,50425.57872
2007001226002,1303,18,3,0,2,29032.90896
2007001226677,1303,14,1,0,2,38201.196
2007001227877,1301,12,2,0,2,43106.22957
2007001229993,1305,30,1,0,3,49661.5548
2007001230433,1305,16,1,0,2,30606.79824
2007001235167,1302,0,1,1,0,-19998
2007001235407,1301,8,2,0,8,29414.92092
2007001238382,1302,11,3,0,2,12048.65722
2007001241045,1305,14,2,0,4,42785.33952
2007001242740,1302,39,1,0,2,40416.86537
2007001243286,1301,11,2,0,2,106963.3488
2007001245047,1301,17,1,0,2,61888.99362
2007001245160,1301,20,1,0,2,1833.657408
2007001245685,1303,17,2,0,2,46605.45912
2007001247016,1303,21,3,0,2,65706.05712
2007001250632,1301,16,1,0,2,25671.20371
2007001258572,1303,22,2,0,2,61121.9136
2007001260052,1305,0,1,2,0,-19998
2007001264128,1302,14,1,0,9,12682.79707
2007001264928,1303,12,2,0,2,26588.03242
2007001266779,1305,13,1,0,9,27504.86112
2007001267807,1305,18,1,0,8,30560.9568
2007001269605,1303,45,1,0,2,5348.16744
2007001274463,1303,23,1,0,2,34381.0764
2007001283092,1302,16,4,0,2,63490.38775
2007001284552,1303,17,1,0,2,21392.66976
2007001286784,1305,17,2,0,2,37895.58643
2007001287502,1305,16,1,0,2,79458.48768
2007001288841,1301,38,1,0,2,22920.7176
2007001291381,1301,15,2,0,2,34992.29554
2007001292607,1302,18,1,0,6,19100.598
2007001294997,1303,26,1,0,2,29720.53049
2007001296353,1305,23,0,0,9,-19998
2007001297677,1305,15,2,0,2,20017.4267
2007001300877,1305,18,2,0,2,47827.89739
2007001302941,1302,0,1,2,0,-19998
2007001305647,1303,36,2,0,6,59685.54863
2007001307624,1303,16,1,0,9,3361.705248
2007001308908,1305,18,4,0,2,85570.67904
2007001311437,1302,24,1,0,6,16502.91667
2007001315601,1305,0,1,1,0,-19998
2007001315876,1302,14,2,0,3,24257.75946
2007001316759,1303,16,2,0,2,39729.24384
2007001318041,1305,17,3,0,5,46452.65434
2007001323741,1305,13,1,0,2,16579.31906
2007001325090,1301,22,2,0,3,32394.61421
2007001326993,1305,11,2,0,2,38888.81753
2007001328829,1301,21,2,0,2,71818.24848
2007001329160,1302,9,5,0,2,53787.28397
2007001330077,1305,14,1,0,2,28727.29939
2007001331296,1301,16,4,0,2,183365.7408
2007001334052,1301,14,2,0,4,50501.98111
2007001335915,1305,18,2,0,2,42785.33952
2007001336203,1301,27,1,0,2,27657.6659
2007001336236,1303,15,7,0,2,12652.23612
2007001337291,1302,18,2,0,4,50425.57872
2007001344234,1305,12,1,0,7,12224.38272
2007001348039,1303,19,5,0,2,69602.57911
2007001348301,1301,14,1,0,2,27504.86112
2007001353467,1305,15,2,0,2,80069.70682
2007001354019,1302,21,2,0,2,46299.84955
2007001356643,1303,26,3,0,2,61121.9136
2007001358347,1301,17,1,0,2,26740.8372
2007001361756,1305,15,1,0,8,9473.896608
2007001362696,1305,15,4,0,2,45871.99616
2007001363119,1305,16,3,0,2,21392.66976
2007001368000,1305,23,2,0,2,49661.5548
2007001371684,1305,14,3,0,2,175725.5016
2007001372020,1301,15,1,0,2,23684.74152
2008000001918,1305,14,5,0,2,92217.68714
2008000002937,1303,16,2,0,2,48897.53088
2008000003341,1303,10,2,0,2,1680.852624
2008000005117,1301,16,2,0,2,13217.61382
2008000008234,1303,15,2,0,2,65653.33947
2008000008546,1303,9,2,0,4,37745.83774
2008000008699,1303,13,3,0,2,20628.64584
2008000011790,1301,18,1,0,8,129349.2497
2008000013651,1301,64,0,0,8,-19998
2008000013666,1302,19,1,0,7,104136.4603
2008000014324,1302,13,2,0,2,25961.5328
2008000016657,1301,12,2,0,2,14745.66166
2008000022160,1303,20,3,0,2,45153.81367
2008000022275,1302,33,0,0,2,-19998
2008000023842,1305,14,2,0,2,58065.81792
2008000028762,1303,15,1,0,2,48133.50696
2008000030174,1303,37,0,0,2,-19998
2008000034709,1305,14,2,0,2,84042.6312
2008000035672,1303,19,1,0,2,22920.7176
2008000039552,1301,6,2,0,2,19482.60996
2008000047826,1305,38,5,0,8,12988.40664
2008000048902,1303,11,1,0,2,12300.78511
2008000053487,1302,8,2,0,2,128050.409
2008000053514,1305,15,1,0,8,38965.21992
2008000057489,1305,12,1,0,7,16502.91667
2008000057567,1301,10,6,0,2,44313.38736
2008000060485,1302,5,5,0,2,51953.62656
2008000063291,1302,13,5,0,2,67234.10496
2008000063993,1303,15,2,0,2,115520.4167
2008000065348,1301,4,2,0,2,16823.80672
2008000066171,1303,22,4,0,8,16732.12385
2008000066724,1302,22,4,0,2,33617.05248
2008000071838,1305,14,1,0,6,14440.05209
2008000072155,1303,16,1,0,2,25212.78936
2008000074673,1305,13,4,0,2,281313.6073
2008000074812,1305,0,1,1,0,-19998
2008000075373,1305,18,2,0,2,125299.9229
2008000078507,1302,17,2,0,3,40493.26776
2008000082502,1303,33,2,0,8,55086.12463
2008000085079,1302,16,2,0,2,59211.8538
2008000086396,1301,12,5,0,2,68762.1528
2008000086505,1303,18,2,0,2,60357.88968
2008000086964,1301,16,4,0,2,40875.27972
2008000088073,1301,16,1,0,2,22156.69368
2008000088274,1303,19,1,0,2,49661.5548
2008000090913,1303,11,2,0,2,57531.00118
2008000091565,1305,14,2,0,2,49814.35958
2008000094279,1302,53,2,0,2,42021.3156
2008000094815,1302,25,3,0,2,57286.51352
2008000096696,1305,14,2,0,2,62497.15666
2008000100756,1301,35,4,0,2,14898.46644
2008000104651,1302,16,3,0,2,71665.4437
2008000106036,1305,37,3,0,2,184129.7647
2008000106951,1303,11,4,0,2,7334.629632
2008000112112,1305,15,2,0,3,26588.03242
2008000116778,1301,18,2,0,2,62955.57101
2008000120042,1305,19,1,0,6,10467.1277
2008000120366,1305,0,1,2,0,-19998
2008000122265,1305,13,4,0,4,22767.91282
2008000123042,1303,20,4,0,2,66470.08104
2008000123539,1302,7,2,0,2,32089.00464
2008000123578,1305,13,2,0,2,112311.5162
2008000124657,1301,28,1,0,2,22920.7176
2008000128129,1302,37,1,0,4,10696.33488
2008000130380,1301,27,2,0,2,60510.69446
2008000134357,1303,12,1,0,2,56002.95334
2008000135698,1305,15,3,0,2,99628.71917
2008000136081,1303,28,3,0,2,15356.88079
2008000140211,1302,21,2,0,2,54401.5592
2008000141586,1303,16,3,0,2,51189.60264
2008000143759,1302,18,2,0,3,32929.43095
2008000144334,1301,38,3,0,3,65782.45951
2008000148408,1303,16,1,0,2,53061.46124
2008000148653,1303,12,6,0,2,65094.83798
2008000154272,1301,15,1,0,8,17343.34298
2008000154722,1302,18,3,0,2,33548.29033
2008000155454,1305,0,1,1,0,-19998
2008000156829,1302,8,7,0,2,54719.39315
2008000156930,1305,15,4,0,2,249835.8218
2008000156942,1301,20,4,0,2,64575.30172
2008000157929,1301,12,1,0,2,5882.984184
2008000158911,1301,13,2,0,2,26893.64198
2008000159846,1303,49,1,0,10,6112.19136
2008000163181,1305,19,1,0,8,24372.36305
2008000167430,1301,19,2,0,2,77930.43984
2008000167544,1305,16,1,0,7,18336.57408
2008000168267,1301,18,2,0,2,95502.99
2008000169758,1301,21,2,0,2,44695.39932
2008000170681,1303,68,2,0,9,22920.7176
2008000171182,1305,16,1,0,9,19100.598
2008000172623,1301,11,2,0,2,69640.78031
2008000173678,1301,18,2,0,2,52603.04689
2008000180863,1303,2,1,0,2,27657.6659
2008000184366,1305,52,4,0,4,60357.88968
2008000184495,1305,13,2,0,2,46070.64238
2008000186474,1301,16,1,0,7,11001.94445
2008000189626,1302,63,0,0,3,-19998
2008000190050,1302,14,2,0,2,25976.81328
2008000191001,1301,37,4,0,8,62955.57101
2008000191110,1305,17,2,0,2,108644.2014
2008000191377,1303,25,1,0,9,31554.1879
2008000192336,1303,15,4,0,2,48133.50696
2008000192898,1303,15,2,0,2,156624.9036
2008000193018,1301,13,2,0,2,35863.2828
2008000193235,1303,19,1,0,9,13523.22338
2008000200526,1301,40,3,0,5,18871.39082
2008000201266,1305,15,2,0,2,61045.51121
2008000202420,1305,20,2,0,2,64942.0332
2008000203117,1303,66,1,0,2,7181.824848
2008000204343,1305,24,2,0,7,49661.5548
2008000204643,1302,11,2,0,5,48133.50696
2008000204929,1302,0,1,1,0,-19998
2008000208459,1305,14,2,0,2,10214.99981
2008000209436,1305,14,1,0,2,7640.2392
2008000210724,1305,16,3,0,2,157541.7323
2008000210826,1302,25,2,0,2,40569.67015
2008000212183,1302,14,1,0,2,20170.23149
2008000214954,1303,15,1,0,2,8404.26312
2008000215333,1303,14,2,0,2,97795.06176
2008000215744,1305,15,3,0,2,87862.7508
2008000218975,1302,13,1,0,2,16808.52624
2008000224800,1305,25,3,0,4,60357.88968
2008000225257,1301,15,3,0,5,34075.46683
2008000226186,1301,0,1,1,0,-19998
2008000226508,1303,0,1,2,0,-19998
2008000231223,1305,9,3,0,2,72735.07718
2008000232086,1303,17,2,0,2,31783.39507
2008000234046,1305,14,2,0,7,33540.65009
2008000236799,1301,12,2,0,2,19024.19561
2008000238601,1305,18,2,0,2,103907.2531
2008000239602,1302,39,2,0,5,26282.42285
2008000241675,1301,18,4,0,3,8175.055944
2008000241808,1302,21,0,0,2,-19998
2008000243319,1302,16,2,0,6,34304.67401
2008000247029,1302,15,1,0,2,29032.90896
2008000248671,1301,0,1,1,0,-19998
2008000249000,1303,12,1,0,2,382.01196
2008000250975,1305,17,3,0,8,25289.19175
2008000252557,1305,40,1,0,9,44336.30808
2008000253608,1301,18,1,0,2,11460.3588
2008000269829,1305,14,1,0,2,85035.8623
2008000270928,1301,0,1,1,0,-19998
2008000273390,1301,12,5,0,2,59593.86576
2008000274941,1305,16,1,0,2,5348.16744
2008000276393,1302,29,0,0,2,-19998
2008000277165,1302,13,2,0,6,17266.94059
2008000278374,1303,27,5,0,2,134391.8075
2008000280795,1303,16,3,0,2,67234.10496
2008000291407,1301,16,1,0,2,26282.42285
2008000291435,1303,26,3,0,2,70290.20064
2008000291505,1305,18,2,0,2,8939.079864
2008000296553,1301,103,2,0,2,22462.30325
2008000297686,1305,15,3,0,2,23226.32717
2008000297974,1302,14,2,0,2,36902.35534
2008000298195,1303,13,2,0,2,85570.67904
2008000298533,1301,16,1,0,2,72582.2724
2008000299920,1303,21,2,0,2,41944.91321
2008000300224,1301,49,1,0,2,9932.31096
2008000300788,1301,22,3,0,2,71054.22456
2008000301083,1305,14,1,0,2,21392.66976
2008000303187,1301,12,2,0,2,60357.88968
2008000304091,1305,15,4,0,2,73361.5768
2008000307420,1305,17,2,0,2,52519.00426
2008000311131,1302,16,1,0,2,5500.972224
2008000311612,1303,18,2,0,2,106963.3488
2008000312426,1302,29,4,0,2,58524.23227
2008000312890,1301,18,3,0,3,23990.35109
2008000319941,1301,10,1,0,2,33846.25966
2008000320121,1305,19,2,0,7,22538.70564
2008000321628,1305,17,4,0,2,20246.63388
2008000321934,1302,14,2,0,2,40569.67015
2008000322907,1305,20,2,0,2,133704.186
2008000323908,1303,15,2,0,5,67463.31214
2008000325109,1302,23,2,0,2,95502.99
2008000327991,1301,18,2,0,2,68762.1528
2008000329922,1305,0,1,1,0,-19998
2008000330900,1305,15,3,0,2,38201.196
2008000332681,1302,19,2,0,2,25671.20371
2008000333827,1302,11,6,0,2,74263.12502
2008000340629,1303,22,3,0,2,0
2008000341191,1303,23,1,0,2,65262.92325
2008000346389,1301,6,1,0,2,25976.81328
2008000348262,1305,25,1,0,3,18336.57408
2008000348286,1302,13,1,0,8,17496.14777
2008000349280,1301,17,1,0,2,15127.67362
2008000353717,1305,20,2,0,2,9855.908568
2008000355585,1301,14,2,0,2,10428.92651
2008000356053,1305,14,3,0,2,103196.7109
2008000356584,1305,19,4,0,2,57454.59878
2008000363603,1303,9,4,0,2,31554.1879
2008000366299,1305,14,1,0,9,2292.07176
2008000366446,1303,9,2,0,2,34992.29554
2008000370242,1305,36,2,0,4,76402.392
2008000370393,1303,38,8,0,2,53496.95488
2008000372778,1303,19,3,0,3,71818.24848
2008000373808,1305,11,3,0,5,26939.48342
2008000378244,1301,32,2,0,2,84042.6312
2008000379018,1301,17,1,0,8,7640.2392
2008000382987,1301,19,3,0,2,28192.48265
2008000383771,1305,17,4,0,2,100851.1574
2008000386570,1301,18,2,0,2,30560.9568
2008000388346,1302,0,1,1,0,-19998
2008000389659,1301,2,4,0,2,39385.43308
2008000394617,1305,13,1,0,4,15280.4784
2008000394796,1303,4,3,0,3,3820.1196
2008000399828,1303,15,2,0,2,42479.72995
2008000403299,1305,20,2,0,2,55009.72224
2008000403425,1305,13,2,0,2,39729.24384
2008000403730,1305,16,1,0,2,26404.66668
2008000404193,1305,19,1,0,5,9168.28704
2008000404442,1301,8,3,0,2,64712.82602
2008000410984,1301,0,1,2,0,-19998
2008000413197,1302,23,3,0,3,6341.398536
2008000414233,1303,21,2,0,2,50119.96915
2008000417022,1303,20,2,0,2,60357.88968
2008000423140,1303,48,6,0,2,16044.50232
2008000423444,1303,17,2,0,2,51953.62656
2008000425387,1301,14,4,0,2,61618.52915
2008000430280,1305,21,2,0,2,41944.91321
2008000433709,1305,16,1,0,6,3667.314816
2008000434639,1301,40,3,0,8,19100.598
2008000436566,1301,11,1,0,2,35145.10032
2008000439359,1301,2,4,0,2,24219.55826
2008000439446,1305,13,2,0,2,33617.05248
2008000445163,1305,16,4,0,2,89650.56677
2008000447679,1305,22,5,0,2,72123.85805
2008000448274,1305,24,1,0,7,24448.76544
2008000450995,1301,13,2,0,2,27504.86112
2008000451172,1303,17,1,0,2,27046.44677
2008000453741,1303,36,1,0,2,27504.86112
2008000454576,1303,23,2,0,2,51189.60264
2008000456122,1301,19,2,0,6,16808.52624
2008000457645,1302,18,1,0,4,34381.0764
2008000462160,1305,21,2,0,2,160445.0232
2008000463584,1301,39,1,0,1,5500.972224
2008000466066,1305,9,2,0,2,32394.61421
2008000469989,1302,13,2,0,2,14440.05209
2008000474286,1302,50,0,0,2,-19998
2008000475172,1303,42,0,0,2,-19998
2008000477893,1305,36,3,0,4,58829.84184
2008000479075,1303,27,1,0,6,29796.93288
2008000479673,1303,12,4,0,2,36673.14816
2008000480085,1301,20,2,0,2,46605.45912
2008000483473,1305,29,1,0,8,35190.94176
2008000497357,1302,0,1,1,0,-19998
2008000498319,1303,0,1,2,0,-19998
2008000500276,1305,15,2,0,2,19406.20757
2008000501830,1303,16,1,0,9,5577.374616
2008000502911,1305,18,2,0,2,18107.3669
2008000509137,1303,30,2,0,4,44236.98497
2008000512431,1301,12,2,0,2,66928.49539
2008000513633,1302,64,2,0,6,13752.43056
2008000514722,1302,12,2,0,2,44848.2041
2008000521303,1302,113,5,0,2,9168.28704
2008000522011,1301,13,4,0,5,4584.14352
2008000522827,1301,18,1,0,2,38201.196
2008000524702,1301,16,2,0,2,44084.18018
2008000525887,1305,0,1,1,0,-19998
2008000526096,1302,14,2,0,2,39729.24384
2008000528025,1301,63,2,0,4,20552.24345
2008000530274,1305,20,1,0,7,13752.43056
2008000536175,1305,14,2,0,2,57683.80596
2008000536447,1302,49,3,0,2,80986.53552
2008000537353,1303,18,2,0,2,145164.5448
2008000538280,1302,16,2,0,2,31630.59029
2008000539172,1303,13,2,0,9,28268.88504
2008000541652,1303,9,2,0,2,63413.98536
2008000546677,1305,18,2,0,2,96725.42827
2008000546821,1305,12,4,0,2,129884.0664
2008000547823,1305,20,1,0,8,8404.26312
2008000551469,1302,36,2,0,5,68762.1528
2008000552152,1301,16,5,0,2,43702.16822
2008000552656,1302,92,3,0,7,10696.33488
2008000555509,1303,16,2,0,2,48591.92131
2008000561611,1302,34,4,0,3,51189.60264
2008000562109,1303,35,4,0,2,38659.61035
2008000564548,1302,21,1,0,2,76402.392
2008000565147,1302,0,1,1,0,-19998
2008000565453,1303,13,2,0,2,77166.41592
2008000565722,1303,34,3,0,7,25900.41089
2008000566977,1303,13,1,0,2,15509.68558
2008000567044,1302,18,1,0,1,26740.8372
2008000569842,1303,13,1,0,2,77930.43984
2008000573783,1305,30,4,0,2,53634.47918
2008000576956,1305,85,3,0,5,16655.72146
2008000577835,1305,9,4,0,2,90269.42615
2008000579113,1302,12,2,0,2,77930.43984
2008000579978,1301,18,11,0,2,70748.61499
2008000581159,1303,18,5,0,2,38965.21992
2008000581240,1302,12,7,0,2,77548.42788
2008000585354,1302,24,2,0,2,13828.83295
2008000586407,1303,22,2,0,2,93974.17814
2008000587829,1301,18,1,0,2,35145.10032
2008000589187,1302,18,1,0,2,13370.4186
2008000589755,1305,17,4,0,2,99567.59725
2008000591303,1302,27,2,0,2,88168.36037
2008000591997,1302,27,2,0,2,97947.86654
2008000592167,1301,14,1,0,2,82896.59532
2008000597631,1301,0,1,2,0,-19998
2008000598566,1305,22,1,0,8,33617.05248
2008000600879,1305,0,1,1,0,-19998
2008000601488,1302,20,1,0,7,8404.26312
2008000601982,1305,19,2,0,5,31706.99268
2008000605342,1305,20,2,0,2,96939.35497
2008000606595,1302,59,1,0,2,10085.11574
2008000607361,1303,48,4,0,2,14134.44252
2008000609645,1303,41,3,0,2,33311.44291
2008000610479,1303,20,3,0,2,55009.72224
2008000610710,1301,17,1,0,2,28910.66513
2008000614242,1305,19,2,0,3,77166.41592
2008000614554,1302,21,4,0,2,7640.2392
2008000616645,1303,12,1,0,6,5959.386576
2008000619469,1302,37,6,0,6,17419.74538
2008000621378,1303,22,2,0,2,71818.24848
2008000622678,1303,22,2,0,9,83660.61924
2008000622890,1302,20,2,0,2,57301.794
2008000622967,1302,14,3,0,2,73415.05847
2008000623006,1303,12,2,0,2,93974.94216
2008000625487,1302,0,1,2,0,-19998
2008000626888,1302,3,3,0,2,46452.65434
2008000627153,1305,14,3,0,2,42097.71799
2008000633324,1302,14,4,0,2,53481.6744
2008000633493,1301,21,1,0,2,25212.78936
2008000634477,1302,0,1,1,0,-19998
2008000634486,1301,20,2,0,7,34396.35688
2008000635602,1301,48,2,0,6,8786.27508
2008000636989,1303,16,2,0,4,58829.84184
2008000640272,1302,37,4,0,4,15280.4784
2008000640969,1302,56,6,0,2,41868.51082
2008000642391,1303,33,4,0,2,246779.7262
2008000642531,1301,22,1,0,2,30560.9568
2008000642926,1301,25,1,0,2,5730.1794
2008000643147,1301,11,2,0,2,61121.9136
2008000644465,1303,20,3,0,2,56766.97726
2008000648260,1305,19,1,0,7,24601.57022
2008000649619,1301,20,1,0,2,36138.33142
2008000649798,1305,23,1,0,8,28268.88504
2008000652161,1302,24,1,0,2,22920.7176
2008000653599,1301,17,3,0,2,37437.17208
2008000656114,1303,17,2,0,2,100087.1335
2008000657427,1302,27,5,0,8,15280.4784
2008000661713,1305,15,4,0,2,118477.1893
2008000663300,1302,10,1,0,8,10925.54206
2008000663552,1301,5,3,0,2,47827.89739
2008000663566,1302,36,2,0,2,91148.05366
2008000665204,1302,54,0,0,2,-19998
2008000666787,1305,16,1,0,2,40034.85341
2008000668841,1305,18,1,0,8,3820.1196
2008000669510,1303,35,2,0,2,22156.69368
2008000669516,1303,57,1,0,7,13523.22338
2008000670300,1303,22,1,0,2,18947.79322
2008000671973,1301,15,2,0,2,34977.01506
2008000674198,1303,13,2,0,3,21545.47454
2008000675409,1301,10,2,0,7,20246.63388
2008000680491,1303,12,1,0,2,12453.5899
2008000681649,1301,18,3,0,2,71054.22456
2008000683709,1302,64,1,0,2,10161.51814
2008000683991,1301,8,2,0,2,61213.59647
2008000686013,1305,14,2,0,4,60357.88968
2008000687647,1305,32,3,0,2,82514.58336
2008000691175,1302,43,0,0,2,-19998
2008000693417,1301,8,2,0,2,32700.22378
2008000693724,1303,16,2,0,2,70290.20064
2008000694821,1301,43,1,0,2,0
2008000695286,1303,15,1,0,2,46758.2639
2008000699289,1301,0,1,2,0,-19998
2008000700788,1303,18,3,0,2,90154.82256
2008000701577,1302,16,2,0,2,33617.05248
2008000704090,1302,47,1,0,7,15280.4784
2008000707172,1305,20,2,0,8,34381.0764
2008000708924,1305,22,2,0,6,38201.196
2008000709316,1302,18,4,0,2,91224.45605
2008000709388,1305,27,4,0,2,67004.89778
2008000717462,1301,34,1,0,2,27504.86112
2008000717489,1302,13,2,0,2,44313.38736
2008000724600,1305,18,2,0,2,52717.65048
2008000724924,1302,19,2,0,2,65706.05712
2008000727897,1301,52,1,0,9,21407.95024
2008000728201,1305,0,1,1,0,-19998
2008000729344,1303,0,1,2,0,-19998
2008000731786,1301,17,2,0,2,76402.392
2008000731958,1301,14,2,0,2,16961.33102
2008000732122,1302,13,2,0,2,79458.48768
2008000737265,1305,34,1,0,5,75638.36808
2008000739928,1305,12,2,0,3,98299.31755
2008000743581,1305,10,4,0,2,55773.74616
2008000746806,1305,22,2,0,6,31477.7855
2008000751055,1301,13,5,0,2,65094.83798
2008000755200,1303,14,4,0,2,26664.43481
2008000757198,1302,56,3,0,6,45841.4352
2008000757814,1301,10,1,0,2,6417.800928
2008000759671,1301,13,2,0,2,54574.22861
2008000760028,1302,0,1,2,0,-19998
2008000761779,1305,18,3,0,2,116169.837
2008000764330,1301,12,2,0,2,37437.17208
2008000766230,1301,18,3,0,4,31019.37115
2008000769975,1301,19,2,0,2,221566.9368
2008000771972,1303,22,2,0,2,12606.39468
2008000774996,1301,11,2,0,2,69678.9815
2008000775178,1305,0,1,2,0,-19998
2008000775547,1301,25,4,0,7,19100.598
2008000776317,1301,70,2,0,2,9168.28704
2008000776984,1305,1,1,0,2,23363.85147
2008000780528,1305,17,2,0,2,131641.3214
2008000781545,1303,17,3,0,2,69235.84763
2008000787415,1305,14,3,0,2,85647.08143
2008000790423,1301,13,4,0,2,44466.19214
2008000790849,1302,48,6,0,2,7334.629632
2008000793556,1305,16,5,0,2,88855.9819
2008000793740,1301,22,3,0,2,104594.8746
2008000798154,1302,9,1,0,2,68074.53127
2008000801399,1305,24,3,0,6,26741.60122
2008000804917,1301,15,1,0,5,15586.08797
2008000805511,1301,15,1,0,2,11001.94445
2008000806536,1305,11,1,0,4,29567.7257
2008000807997,1303,16,2,0,2,29567.7257
2008000809196,1303,17,1,0,6,19482.60996
2008000811016,1301,0,1,2,0,-19998
2008000811585,1301,30,4,0,2,54245.69832
2008000812638,1303,18,5,0,2,74874.34416
2008000815510,1301,84,2,0,7,17343.34298
2008000816867,1301,24,2,0,2,107880.1775
2008000817679,1305,20,1,0,5,22920.7176
2008000821664,1302,18,3,0,2,22997.11999
2008000822320,1305,37,3,0,7,19100.598
2008000823280,1301,22,0,0,2,-19998
2008000825099,1302,13,3,0,6,7815.964702
2008000825297,1303,20,1,0,2,70343.68231
2008000826209,1305,14,2,0,5,59288.25619
2008000826593,1301,15,3,0,2,38201.196
2008000832488,1302,16,5,0,2,22844.31521
2008000832805,1301,18,1,0,2,840.426312
2008000837244,1303,20,1,0,6,11001.94445
2008000837933,1302,16,2,0,2,46834.6663
2008000839882,1305,19,4,0,2,66890.2942
2008000844906,1302,0,1,2,0,-19998
2008000845854,1301,17,3,0,2,37414.25136
2008000845872,1303,43,2,0,2,5500.972224
2008000848463,1305,18,1,0,8,15815.29514
2008000849773,1301,11,2,0,2,35832.72185
2008000852624,1302,14,1,0,6,27504.86112
2008000852735,1301,24,1,0,5,66470.08104
2008000855173,1301,41,2,0,7,79076.47572
2008000857476,1301,20,2,0,2,57301.794
2008000857858,1302,19,1,0,3,25976.81328
2008000862506,1303,21,5,0,2,12186.18152
2008000862987,1305,17,1,0,2,8557.067904
2008000862999,1302,9,5,0,2,55162.52702
2008000865088,1301,25,2,0,2,46185.24596
2008000867073,1301,37,2,0,2,61121.9136
2008000867640,1303,9,4,0,2,37207.9649
2008000868661,1303,12,1,0,2,27268.0137
2008000869566,1305,15,2,0,2,108262.1895
2008000876648,1303,7,1,0,8,6264.996144
2008000879609,1301,12,4,0,2,110019.4445
2008000879921,1303,12,1,0,9,3208.900464
2008000885692,1302,8,3,0,5,57301.794
2008000886285,1305,15,1,0,2,45841.4352
2008000888381,1302,0,1,1,0,-19998
2008000889239,1303,14,2,0,2,73583.14374
2008000889734,1302,11,2,0,2,45459.42324
2008000893335,1302,13,1,0,6,22615.10803
2008000894465,1302,19,4,0,2,59211.8538
2008000899754,1303,21,2,0,2,21774.68172
2008000900015,1301,22,2,0,2,69908.18868
2008000901651,1303,14,2,0,3,53512.23536
2008000902226,1305,13,2,0,2,80986.53552
2008000902667,1302,0,1,1,0,-19998
2008000904188,1303,10,2,0,4,28650.897
2008000904395,1303,19,3,0,2,37819.18404
2008000909812,1301,14,1,0,2,35145.10032
2008000916555,1303,35,3,0,2,8862.677472
2008000917471,1301,39,2,0,2,80222.5116
2008000917498,1305,10,2,0,4,87098.72688
2008000920073,1305,16,1,0,2,31332.62096
2008000922645,1301,9,2,0,2,149022.8656
2008000923048,1301,23,1,0,6,0
2008000923120,1302,24,2,0,2,45856.71568
2008000923879,1302,21,1,0,2,17496.14777
2008000925276,1303,0,1,2,0,-19998
2008000927385,1303,16,1,0,2,17190.5382
2008000931042,1302,14,2,0,5,15433.28318
2008000934980,1305,23,1,0,6,4889.753088
2008000941527,1305,23,1,0,5,21392.66976
2008000944044,1302,6,3,0,2,246779.7262
2008000947165,1302,13,1,0,9,21316.26737
2008000947430,1303,15,2,0,2,52870.45526
2008000950872,1305,23,2,0,2,45841.4352
2008000951891,1305,0,1,2,0,-19998
2008000953855,1301,57,3,0,3,66088.06908
2008000953952,1302,10,2,0,2,38674.89083
2008000954062,1301,23,4,0,2,35374.3075
2008000954974,1301,15,1,0,2,71054.22456
2008000956231,1302,11,2,0,2,50119.96915
2008000959860,1301,0,1,1,0,-19998
2008000960129,1301,77,1,0,9,19024.19561
2008000962379,1302,15,2,0,2,39041.62231
2008000964955,1305,13,2,0,2,35909.12424
2008000965420,1302,14,2,0,7,14302.52778
2008000965448,1301,13,2,0,8,17381.54418
2008000965470,1303,12,3,0,2,34610.28358
2008000967543,1301,12,3,0,5,11154.74923
2008000971478,1302,52,1,0,2,53481.6744
2008000971971,1303,24,2,0,8,4049.326776
2008000973944,1305,8,2,0,2,41639.30364
2008000975888,1302,18,5,0,2,25671.20371
2008000977974,1303,14,2,0,2,71818.24848
2008000983494,1301,50,3,0,2,45841.4352
2008000987291,1301,17,2,0,5,34381.0764
2008000989986,1303,13,2,0,2,24448.76544
2008000994063,1305,14,4,0,2,26358.82524
2008000994791,1305,25,3,0,2,98329.8785
2008000996207,1301,20,2,0,2,80222.5116
2008000998648,1302,46,1,0,6,12377.1875
2008000999107,1303,14,1,0,5,6417.800928
2008001001006,1301,35,2,0,2,74568.73459
2008001004194,1305,33,2,0,4,49203.14045
2008001006163,1302,0,1,1,0,-19998
2008001007920,1303,49,4,0,2,16502.91667
2008001008248,1305,14,3,0,5,30560.9568
2008001008369,1305,0,1,1,0,-19998
2008001012922,1303,13,1,0,2,45917.83759
2008001014930,1305,0,1,1,0,-19998
2008001015031,1302,14,4,0,6,39729.24384
2008001016546,1305,18,2,0,2,71741.84609
2008001024537,1301,18,3,0,2,45612.22802
2008001025572,1301,73,4,0,2,25212.78936
2008001026442,1305,18,3,0,2,92905.30867
2008001027303,1301,17,6,0,2,71818.24848
2008001028645,1303,20,1,0,2,44313.38736
2008001034139,1301,19,2,0,2,30178.94484
2008001034818,1305,18,3,0,2,134544.6123
2008001035788,1305,17,1,0,8,47522.28782
2008001036869,1303,25,2,0,2,15280.4784
2008001045637,1305,14,2,0,2,28116.08026
2008001046998,1305,16,3,0,6,19177.00039
2008001054901,1302,17,1,0,7,29185.71374
2008001056065,1305,19,2,0,2,68532.94562
2008001061496,1302,5,1,0,2,45841.4352
2008001061762,1301,19,3,0,2,30331.74962
2008001062221,1301,14,3,0,2,18718.58604
2008001062279,1303,23,2,0,2,19665.9757
2008001063721,1303,11,5,0,2,53756.72301
2008001063779,1301,14,2,0,2,139052.3534
2008001065295,1302,12,3,0,2,112311.5162
2008001065413,1305,18,3,0,2,116131.6358
2008001065787,1305,15,1,0,2,70060.99346
2008001067814,1301,16,1,0,2,12682.79707
2008001068350,1302,9,7,0,2,12950.20544
2008001068852,1303,23,1,0,9,137524.3056
2008001069067,1305,18,3,0,2,115367.6119
2008001071968,1305,15,1,0,6,44313.38736
2008001080372,1305,17,2,0,2,41180.88929
2008001080914,1301,22,1,0,2,36673.14816
2008001081019,1305,20,1,0,8,45841.4352
2008001082306,1303,13,1,0,2,56537.77008
2008001082459,1302,23,1,0,6,62344.35187
2008001083307,1303,16,2,0,2,30866.56637
2008001084798,1305,13,2,0,2,24754.37501
2008001084961,1303,13,1,0,8,22920.7176
2008001091290,1302,0,1,2,0,-19998
2008001093438,1301,21,4,0,2,32089.00464
2008001093663,1305,22,1,0,5,23837.5463
2008001094651,1301,13,1,0,7,6035.788968
2008001094939,1305,83,2,0,8,61885.93752
2008001099944,1301,16,1,0,2,38965.21992
2008001100281,1303,0,1,2,0,-19998
2008001103059,1305,25,1,0,9,49661.5548
2008001104777,1305,18,1,0,2,7334.629632
2008001104972,1302,11,1,0,2,6112.19136
2008001111942,1301,14,3,0,2,21637.15741
2008001112682,1305,22,2,0,6,41868.51082
2008001114197,1302,19,1,0,8,6876.21528
2008001117579,1305,11,2,0,2,24983.58218
2008001117697,1305,32,2,0,6,20628.64584
2008001120338,1303,17,1,0,2,9366.933259
2008001121443,1305,16,4,0,2,80222.5116
2008001121598,1302,4,2,0,2,45841.4352
2008001123526,1302,23,2,0,2,38965.21992
2008001126029,1302,14,1,0,2,33235.04052
2008001128924,1303,7,2,0,2,52335.63852
2008001129071,1305,15,1,0,2,37055.16012
2008001130096,1305,10,1,0,9,0
2008001130904,1301,19,3,0,2,140427.5965
2008001131318,1301,16,3,0,2,13370.4186
2008001134844,1303,18,2,0,2,62649.96144
2008001138363,1305,16,3,0,2,38965.21992
2008001141123,1305,10,1,0,2,33541.41411
2008001142227,1305,15,4,0,2,273520.5634
2008001148827,1305,39,0,0,2,-19998
2008001150493,1301,13,1,0,2,57324.71472
2008001152904,1305,13,5,0,2,7641.767248
2008001157632,1303,13,2,0,2,72582.2724
2008001159733,1301,23,1,0,2,43289.59531
2008001165156,1301,13,1,0,6,15280.4784
2008001167570,1303,21,2,0,3,62267.94948
2008001169227,1305,54,1,0,6,13752.43056
2008001169904,1305,36,2,0,2,71856.44968
2008001174294,1302,12,3,0,2,79916.90203
2008001175133,1301,49,0,0,2,-19998
2008001175438,1301,14,4,0,2,36673.14816
2008001175441,1302,22,3,0,2,93210.91824
2008001179760,1301,12,4,0,2,32111.92536
2008001180016,1305,61,1,0,7,14249.04611
2008001180106,1305,17,3,0,5,18336.57408
2008001182177,1303,13,1,0,5,17266.94059
2008001189385,1305,12,2,0,7,50677.70661
2008001194491,1303,11,2,0,2,21530.19407
2008001195383,1303,31,2,0,6,32700.22378
2008001199782,1303,15,2,0,2,40416.86537
2008001201199,1303,15,1,0,2,5730.1794
2008001203216,1303,13,2,0,2,31844.51699
2008001208703,1302,35,2,0,2,23837.5463
2008001215577,1303,12,4,0,2,32089.00464
2008001218118,1305,14,2,0,2,35313.18558
2008001220616,1302,16,2,0,2,21010.6578
2008001226842,1303,35,2,0,2,45444.14276
2008001230455,1305,48,6,0,2,174579.4657
2008001232120,1301,17,1,0,2,5562.094138
2008001234029,1305,16,2,0,2,50731.18829
2008001236004,1302,19,3,0,6,22080.29129
2008001237850,1302,22,2,0,2,59364.65858
2008001241251,1301,12,2,0,2,19864.62192
2008001243799,1301,16,2,0,2,79191.07931
2008001244900,1303,13,2,0,2,91988.47997
2008001246533,1303,13,4,0,2,63413.98536
2008001253428,1305,15,3,0,2,38201.196
2008001256420,1305,28,2,0,2,91682.8704
2008001258306,1302,50,0,0,7,-19998
2008001258960,1305,20,2,0,3,61121.9136
2008001261077,1303,19,1,0,2,7793.043984
2008001263350,1303,17,1,0,4,9168.28704
2008001266542,1301,17,1,0,2,78694.46376
2008001267555,1305,13,5,0,2,59624.42672
2008001272003,1303,14,1,0,8,9168.28704
2008001272594,1302,20,2,0,1,51724.41938
2008001277565,1301,8,4,0,2,63413.98536
2008001288055,1302,19,2,0,2,30331.74962
2008001289222,1305,16,2,0,2,35985.52663
2008001291655,1302,15,5,0,2,91682.8704
2008001293222,1305,17,2,0,2,52717.65048
2008001294214,1301,14,1,0,2,76402.392
2008001299093,1303,16,2,0,2,18107.3669
2008001299114,1305,12,1,0,2,50807.59068
2008001302284,1301,29,6,0,2,55162.52702
2008001304345,1303,16,1,0,2,16502.91667
2008001304488,1303,65,2,0,2,15280.4784
2008001315020,1302,29,3,0,2,74721.53938
2008001319511,1303,13,2,0,6,25289.19175
2008001323847,1303,21,1,0,2,18336.57408
2008001324259,1301,0,1,2,0,-19998
2008001325267,1305,14,1,0,2,29796.93288
2008001326924,1302,60,0,0,9,-19998
2008001329130,1303,17,4,0,2,44924.6065
2008001329282,1302,19,2,0,2,64178.00928
2008001329586,1301,18,4,0,2,13752.43056
2008001335349,1302,8,2,0,2,23226.32717
2008001335991,1301,0,1,2,0,-19998
2008001338993,1305,20,2,0,5,51953.62656
2008001339678,1302,20,1,0,2,7945.848768
2008001345277,1305,34,1,0,4,16502.91667
2008001346707,1301,0,1,1,0,-19998
2008001349361,1302,17,2,0,2,47369.48304
2008001364299,1305,16,2,0,5,38277.59839
2008001368978,1305,16,1,0,5,36978.75773
2008001371595,1302,18,3,0,2,45841.4352
2008001372323,1305,14,1,0,8,6570.605712
2008001375352,1302,15,2,0,2,47216.67826
2008001377627,1305,7,3,0,2,57301.794
2008001378996,1303,15,4,0,2,81368.54748
2008001379239,1301,15,2,0,2,35603.51467
2008001384376,1305,27,5,0,3,27199.25155
2008001384448,1301,25,2,0,2,112082.3091
2008001387493,1301,51,1,0,8,34763.08836
2009000001326,1305,42,2,0,2,46605.45912
2009000002836,1303,15,1,0,9,14898.46644
2009000002957,1301,47,0,0,4,-19998
2009000003437,1302,20,1,0,7,24448.76544
2009000004107,1303,33,0,0,9,-19998
2009000004149,1305,23,3,0,2,250217.8338
2009000004566,1302,8,2,0,9,4125.729168
2009000006524,1305,10,5,0,2,56002.95334
2009000007911,1305,18,1,0,6,14516.45448
2009000011175,1301,19,3,0,2,145928.5687
2009000012423,1301,14,1,0,2,16808.52624
2009000013670,1302,22,2,0,2,25976.81328
2009000019520,1301,12,2,0,2,42785.33952
2009000020518,1301,45,2,0,6,5760.740357
2009000022832,1302,0,1,1,0,-19998
2009000024211,1302,13,1,0,3,81292.14509
2009000025373,1305,14,1,0,7,53481.6744
2009000025619,1305,33,6,0,2,61121.9136
2009000025751,1303,9,2,0,2,44481.47262
2009000025789,1301,92,2,0,2,120715.7794
2009000034996,1301,16,2,0,2,47216.67826
2009000037086,1302,16,2,0,5,13752.43056
2009000037426,1303,14,3,0,2,10237.92053
2009000039894,1302,11,1,0,9,8939.079864
2009000041197,1301,20,1,0,3,29185.71374
2009000044323,1303,12,3,0,2,74874.34416
2009000044820,1305,21,1,0,2,11154.74923
2009000045683,1301,13,2,0,2,74431.21029
2009000046718,1303,14,1,0,2,4813.350696
2009000048552,1305,12,1,0,9,33235.04052
2009000049034,1302,15,1,0,2,28116.08026
2009000052802,1301,16,1,0,2,10467.1277
2009000054849,1305,15,1,0,9,18794.98843
2009000058546,1305,15,3,0,2,90918.84648
2009000063666,1305,41,1,0,6,15891.69754
2009000066076,1305,35,2,0,2,152.804784
2009000066932,1301,30,2,0,5,26740.8372
2009000072807,1303,12,3,0,2,57683.80596
2009000074496,1302,64,4,0,5,25976.81328
2009000075563,1302,11,2,0,2,57072.58682
2009000076090,1303,20,3,0,2,55544.53898
2009000077272,1305,13,2,0,2,49661.5548
2009000080096,1305,13,1,0,4,36673.14816
2009000082336,1305,22,2,0,2,34044.90588
2009000082396,1302,19,4,0,2,87939.15319
2009000083355,1303,20,1,0,2,13599.62578
2009000084075,1301,18,3,0,2,37437.17208
2009000085136,1301,14,1,0,9,9023.122495
2009000089635,1305,17,1,0,2,76402.392
2009000092031,1301,18,4,0,2,29796.93288
2009000093508,1303,33,1,0,9,3820.1196
2009000099152,1302,37,5,0,7,26435.22763
2009000108137,1303,14,2,0,2,76402.392
2009000108242,1302,66,1,0,5,16426.51428
2009000108362,1302,15,2,0,2,63429.26584
2009000113205,1301,12,1,0,2,7869.446376
2009000115137,1301,17,1,0,8,17266.94059
2009000115414,1305,13,1,0,2,7945.848768
2009000115677,1305,13,3,0,2,220038.889
2009000118837,1301,21,2,0,2,16579.31906
2009000121024,1302,0,1,1,0,-19998
2009000121819,1305,28,2,0,9,50425.57872
2009000122105,1302,9,3,0,2,22286.57775
2009000124578,1305,13,2,0,2,91721.0716
2009000124947,1305,18,1,0,3,19864.62192
2009000126483,1305,32,5,0,2,35909.12424
2009000132369,1302,19,4,0,2,33617.05248
2009000136112,1305,15,1,0,9,31324.98072
2009000136821,1303,26,4,0,2,125758.3372
2009000137570,1305,15,1,0,8,12529.99229
2009000141131,1303,13,1,0,2,17954.56212
2009000143592,1301,14,2,0,10,96419.8187
2009000146522,1305,17,2,0,7,61121.9136
2009000147173,1303,18,2,0,2,61121.9136
2009000151240,1301,0,1,1,0,-19998
2009000153180,1305,17,2,0,4,18336.57408
2009000160180,1305,19,2,0,2,113457.5521
2009000162453,1302,52,1,0,6,13271.09549
2009000163899,1303,39,4,0,2,46681.86151
2009000164318,1302,0,1,2,0,-19998
2009000167284,1305,21,2,0,4,68762.1528
2009000167522,1302,10,2,0,8,16120.90471
2009000169047,1305,19,2,0,6,39882.04862
2009000171826,1301,37,2,0,2,47369.48304
2009000172103,1305,15,2,0,2,37666.37926
2009000172336,1303,13,4,0,2,33846.25966
2009000172614,1301,14,1,0,2,45841.4352
2009000174748,1305,22,1,0,7,25594.80132
2009000179750,1303,16,3,0,2,85341.47186
2009000188108,1303,19,3,0,2,61121.9136
2009000188129,1301,7,2,0,2,17496.14777
2009000189069,1305,14,3,0,2,53787.28397
2009000189799,1301,16,2,0,2,113610.3569
2009000190908,1303,16,2,0,2,93287.32063
2009000191364,1302,18,3,0,2,71741.84609
2009000194591,1302,49,7,0,4,18336.57408
2009000195446,1303,12,1,0,2,9703.103784
2009000197708,1303,43,2,0,2,95502.99
2009000200278,1302,17,1,0,2,5348.16744
2009000201842,1305,26,1,0,8,45.8414352
2009000202095,1302,24,4,0,6,14516.45448
2009000202649,1303,11,3,0,2,95502.99
2009000202960,1301,17,2,0,2,35756.31946
2009000205193,1305,14,2,0,2,53023.26005
2009000205354,1303,24,1,0,2,32089.00464
2009000208265,1303,15,2,0,2,80222.5116
2009000208984,1303,24,3,0,4,111623.8947
2009000209318,1303,15,1,0,5,38216.47648
2009000210775,1303,15,5,0,2,61343.48054
2009000213336,1302,52,0,0,9,-19998
2009000213610,1302,10,4,0,2,97795.06176
2009000217298,1303,20,1,0,6,27125.90526
2009000217397,1301,22,1,0,5,33620.10858
2009000220905,1303,14,2,0,2,61198.31599
2009000221214,1303,16,2,0,2,13614.90625
2009000221385,1305,20,2,0,7,101538.779
2009000222960,1302,41,3,0,2,10696.33488
2009000231554,1303,15,2,0,2,51953.62656
2009000232845,1301,13,1,0,8,4507.741128
2009000241768,1302,22,3,0,2,45841.4352
2009000242351,1305,20,1,0,6,8251.458336
2009000246458,1301,16,4,0,2,30560.9568
2009000248974,1302,41,0,0,8,-19998
2009000249331,1302,36,1,0,6,32944.71143
2009000250038,1302,18,2,0,2,46529.05673
2009000251861,1303,17,4,0,2,35145.10032
2009000253470,1303,43,3,0,2,53481.6744
2009000257938,1301,8,2,0,2,45459.42324
2009000258782,1301,14,1,0,2,49126.73806
2009000259355,1305,17,1,0,2,32967.63215
2009000260404,1305,22,2,0,2,16273.7095
2009000263602,1303,16,2,0,2,31324.98072
2009000264153,1305,31,0,0,8,-19998
2009000266779,1305,16,2,0,2,50960.39546
2009000268432,1302,16,2,0,9,33235.04052
2009000271543,1303,8,4,0,2,94738.96608
2009000273630,1301,44,1,0,9,12071.57794
2009000276272,1305,16,2,0,7,51877.22417
2009000277916,1302,4,4,0,8,26358.82524
2009000279676,1303,18,3,0,2,32585.62019
2009000280815,1305,22,1,0,1,15280.4784
2009000282562,1302,14,2,0,2,77166.41592
2009000286947,1303,0,1,1,0,-19998
2009000292196,1303,19,2,0,2,69526.17672
2009000292334,1303,17,2,0,4,44313.38736
2009000296581,1302,3,3,0,2,90154.82256
2009000297226,1303,19,2,0,5,39732.29994
2009000299397,1302,23,2,0,9,79458.48768
2009000302547,1301,28,2,0,2,77930.43984
2009000303206,1302,44,2,0,5,31324.98072
2009000308597,1303,19,1,0,5,15891.69754
2009000313885,1305,13,4,0,2,71894.65087
2009000315538,1305,30,0,0,9,-19998
2009000316620,1301,19,2,0,2,80222.5116
2009000318233,1305,16,4,0,2,69144.16476
2009000325449,1301,16,3,0,2,39729.24384
2009000326899,1301,11,2,0,1,32089.00464
2009000330816,1301,25,1,0,3,54360.30191
2009000331607,1303,61,2,0,3,24448.76544
2009000331654,1305,11,1,0,2,44313.38736
2009000332243,1302,0,1,1,0,-19998
2009000333897,1301,13,1,0,2,14516.45448
2009000336057,1305,26,1,0,9,33617.05248
2009000338586,1305,22,8,0,2,92905.30867
2009000340899,1301,20,4,0,2,76402.392
2009000341457,1305,15,5,0,2,103143.2292
2009000344186,1305,12,4,0,2,165869.593
2009000347076,1302,15,3,0,2,24907.17979
2009000347157,1305,20,3,0,2,128356.0186
2009000349213,1305,32,3,0,4,30560.9568
2009000352310,1302,11,2,0,2,80986.53552
2009000352642,1301,19,2,0,2,61908.85824
2009000353341,1303,21,1,0,2,24143.15587
2009000353464,1305,34,1,0,8,15051.27122
2009000354605,1301,16,2,0,2,52870.45526
2009000357010,1301,14,1,0,4,39729.24384
2009000357311,1303,38,4,0,2,161973.071
2009000364308,1305,19,2,0,2,37207.9649
2009000365357,1302,27,2,0,2,91835.67518
2009000366254,1303,18,2,0,7,25441.99654
2009000383355,1302,44,4,0,6,47751.495
2009000386566,1303,35,2,0,2,30178.94484
2009000387770,1301,61,3,0,1,11918.77315
2009000388403,1303,26,2,0,2,18107.3669
2009000388463,1301,10,5,0,2,78770.86615
2009000391357,1301,0,1,1,0,-19998
2009000391929,1305,15,2,0,2,142719.6683
2009000395314,1301,56,2,0,2,32853.02856
2009000396450,1301,20,2,0,2,61885.93752
2009000399010,1305,34,0,0,9,-19998
2009000399522,1305,12,5,0,2,68762.1528
2009000400487,1301,14,2,0,2,41257.29168
2009000408040,1305,6,4,0,2,44542.59454
2009000408313,1303,15,2,0,3,68762.1528
2009000408906,1302,20,2,0,2,9909.390242
2009000410361,1302,17,2,0,2,55773.74616
2009000411343,1301,18,2,0,2,161973.071
2009000417177,1303,15,2,0,2,40508.54824
2009000419903,1305,17,2,0,2,54398.5031
2009000421149,1303,20,1,0,6,25903.46698
2009000422312,1301,28,5,0,3,32623.82138
2009000423228,1301,20,3,0,2,55009.72224
2009000423625,1305,9,4,0,2,322418.0942
2009000424051,1301,13,7,0,2,70718.05404
2009000428299,1302,11,4,0,3,20475.84106
2009000430348,1301,12,5,0,2,236312.5985
2009000431114,1305,24,2,0,2,55773.74616
2009000432256,1303,18,1,0,3,31706.99268
2009000432305,1302,18,5,0,2,39347.23188
2009000433213,1305,11,2,0,9,75714.77047
2009000433695,1305,23,1,0,6,27046.44677
2009000436068,1301,43,2,0,2,1146.03588
2009000439788,1305,15,1,0,2,42051.87656
2009000440156,1303,17,1,0,2,11689.56598
2009000442764,1303,25,2,0,2,40493.26776
2009000443612,1302,23,3,0,8,114756.3928
2009000444742,1302,26,2,0,2,68150.93366
2009000445093,1303,18,7,0,2,29032.90896
2009000447315,1303,0,1,2,0,-19998
2009000448104,1305,17,4,0,2,70290.20064
2009000448134,1305,30,4,0,2,61121.9136
2009000448770,1302,40,5,0,2,36214.73381
2009000451100,1305,20,1,0,2,84042.6312
2009000452074,1303,20,2,0,2,129120.0425
2009000453023,1303,13,3,0,2,40401.58489
2009000456372,1302,62,2,0,2,22920.7176
2009000456969,1305,13,3,0,2,32585.62019
2009000457552,1305,16,1,0,2,57378.19639
2009000458654,1305,15,2,0,7,32807.18712
2009000463220,1302,85,1,0,4,13217.61382
2009000463655,1303,20,2,0,2,21392.66976
2009000464239,1303,8,3,0,2,66775.69061
2009000467218,1301,0,1,2,0,-19998
2009000467613,1303,18,3,0,2,60205.0849
2009000468444,1305,26,1,0,6,6876.21528
2009000472570,1302,15,2,0,2,29109.31135
2009000474910,1302,10,3,0,4,47598.69022
2009000476728,1302,15,2,0,2,16579.31906
2009000478858,1302,13,1,0,7,5959.386576
2009000485162,1302,16,2,0,2,16502.91667
2009000486647,1301,0,1,1,0,-19998
2009000498750,1303,19,4,0,2,63872.39971
2009000499539,1305,13,1,0,2,137600.708
2009000500148,1302,56,1,0,9,140580.4013
2009000501443,1301,25,2,0,2,80222.5116
2009000501934,1305,13,4,0,2,91682.8704
2009000504099,1305,14,1,0,2,45841.4352
2009000507054,1302,27,2,0,2,15280.4784
2009000507347,1301,9,2,0,2,108644.2014
2009000507658,1305,19,3,0,2,72513.51025
2009000509677,1302,25,1,0,2,12224.38272
2009000511750,1303,16,1,0,4,6112.19136
2009000513050,1303,55,3,0,5,36673.14816
2009000516291,1302,10,4,0,2,35145.10032
2009000521694,1302,25,2,0,2,12491.79109
2009000522553,1303,16,4,0,2,59135.45141
2009000523032,1305,16,1,0,2,45841.4352
2009000531089,1305,17,2,0,2,12224.38272
2009000531912,1303,13,2,0,2,87984.99463
2009000533210,1302,50,4,0,2,196354.1474
2009000533931,1303,22,1,0,2,8251.458336
2009000535583,1302,59,3,0,1,3682.595294
2009000537286,1301,15,4,0,2,24792.5762
2009000537432,1301,6,1,0,2,4966.15548
2009000542445,1303,46,0,0,2,-19998
2009000542794,1302,21,4,0,3,105435.301
2009000543722,1302,18,4,0,2,114603.588
2009000545221,1305,20,1,0,8,43549.36344
2009000545500,1301,10,2,0,8,21927.4865
2009000545512,1305,19,4,0,2,98559.08568
2009000545764,1301,15,4,0,5,19864.62192
2009000546967,1302,18,2,0,2,22118.49248
2009000548302,1301,55,1,0,2,84042.6312
2009000550824,1303,20,1,0,2,53099.66244
2009000551530,1305,26,0,0,2,-19998
2009000551894,1301,29,2,0,2,65706.05712
2009000553255,1303,14,2,0,2,78694.46376
2009000554270,1305,23,3,0,2,42785.33952
2009000556235,1302,21,8,0,1,8633.470296
2009000559736,1301,3,2,0,2,51342.40742
2009000561917,1302,22,2,0,2,35909.12424
2009000563639,1301,12,2,0,2,49661.5548
2009000567446,1303,13,2,0,2,38583.20796
2009000580691,1303,14,3,0,2,47216.67826
2009000586430,1303,10,5,0,2,45688.63042
2009000586886,1305,14,1,0,6,15356.88079
2009000588639,1301,26,2,0,4,11345.75521
2009000589973,1302,17,2,0,2,72047.45566
2009000591384,1301,21,2,0,2,47980.70218
2009000591793,1301,31,2,0,6,7716.641592
2009000594790,1303,19,2,0,2,83355.00967
2009000596250,1302,11,1,0,1,11307.55402
2009000597562,1302,12,1,0,2,6417.800928
2009000598212,1305,17,3,0,2,37742.78165
2009000602787,1302,10,2,0,8,29796.93288
2009000603051,1303,20,2,0,6,64942.0332
2009000603478,1301,12,1,0,2,22156.69368
2009000603867,1305,22,2,0,8,52106.43134
2009000604675,1303,18,2,0,4,15280.4784
2009000606120,1305,16,3,0,2,132328.9429
2009000610905,1302,24,2,0,2,42632.53474
2009000615165,1305,14,2,0,2,119187.7315
2009000616853,1301,32,2,0,2,20980.09684
2009000618522,1305,21,1,0,6,61121.9136
2009000622410,1301,12,2,0,2,35634.07563
2009000622539,1303,17,2,0,2,42479.72995
2009000624442,1305,40,1,0,5,38201.196
2009000625974,1301,11,1,0,7,26740.8372
2009000626865,1301,15,2,0,2,51571.6146
2009000627244,1302,13,2,0,2,34151.86922
2009000628871,1302,18,2,0,5,61274.71838
2009000632032,1303,52,2,0,2,47522.28782
2009000634046,1301,16,2,0,2,61121.9136
2009000635011,1302,14,2,0,2,32089.00464
2009000635760,1302,64,0,0,2,-19998
2009000636193,1303,18,2,0,2,48897.53088
2009000636650,1303,18,4,0,2,50272.77394
2009000640873,1302,23,2,0,2,27657.6659
2009000641749,1301,16,5,0,2,62802.76622
2009000642228,1305,13,2,0,2,67234.10496
2009000642285,1305,17,4,0,2,70137.39586
2009000643235,1301,82,2,0,2,44084.18018
2009000645131,1303,18,3,0,4,40493.26776
2009000645487,1303,19,2,0,3,36856.5139
2009000646265,1303,3,7,0,2,53634.47918
2009000650213,1302,51,2,0,6,21392.66976
2009000650929,1301,0,1,2,0,-19998
2009000655372,1303,48,0,0,3,-19998
2009000656514,1302,0,1,2,0,-19998
2009000659822,1301,7,4,0,2,59135.45141
2009000662899,1303,16,2,0,3,90154.82256
2009000670942,1305,22,1,0,4,56996.18443
2009000675796,1303,25,4,0,2,13523.22338
2009000677914,1303,15,3,0,2,76402.392
2009000680052,1303,20,2,0,2,80986.53552
2009000691135,1305,12,1,0,6,9932.31096
2009000691759,1302,10,6,0,2,65553.25234
2009000692726,1302,6,1,0,2,57301.794
2009000692923,1302,13,2,0,2,13446.82099
2009000701727,1302,15,1,0,2,37666.37926
2009000701990,1305,40,2,0,5,12224.38272
2009000702300,1302,15,2,0,2,45107.97224
2009000702391,1303,16,3,0,2,37452.45256
2009000702572,1301,16,2,0,6,35909.12424
2009000706079,1301,11,4,0,2,126827.9707
2009000708929,1302,0,1,1,0,-19998
2009000710757,1301,17,2,0,3,66852.093
2009000711029,1305,34,4,0,2,104289.2651
2009000711654,1303,20,1,0,2,27688.22686
2009000712066,1303,14,2,0,2,24372.36305
2009000712833,1305,15,5,0,2,93363.72302
2009000715366,1303,17,1,0,8,9932.31096
2009000717599,1302,20,2,0,2,42556.13234
2009000718854,1302,15,2,0,9,16808.52624
2009000719465,1302,13,2,0,2,34763.08836
2009000722313,1301,21,1,0,2,11307.55402
2009000726680,1303,14,1,0,2,11383.95641
2009000727631,1302,10,1,0,5,11689.56598
2009000729058,1305,17,3,0,2,258240.085
2009000734615,1301,16,3,0,2,125911.142
2009000735036,1301,16,1,0,5,13523.22338
2009000737989,1302,0,1,2,0,-19998
2009000739396,1305,19,1,0,7,5886.04028
2009000739593,1302,19,4,0,2,52723.76267
2009000740016,1305,21,3,0,6,83202.20489
2009000741205,1302,14,2,0,2,64942.0332
2009000742216,1303,22,1,0,2,141726.4372
2009000745250,1302,6,3,0,3,48133.50696
2009000746212,1301,13,2,0,2,32547.41899
2009000746987,1303,18,1,0,7,23149.92478
2009000747106,1305,18,1,0,2,27504.86112
2009000747404,1301,23,3,0,2,23684.74152
2009000748984,1301,11,2,0,2,46605.45912
2009000749934,1302,12,1,0,9,17114.13581
2009000750105,1302,11,2,0,2,45230.21606
2009000751029,1302,17,1,0,2,11918.77315
2009000751357,1301,41,0,0,8,-19998
2009000752512,1302,45,1,0,2,34381.0764
2009000757467,1305,34,4,0,2,64942.0332
2009000765193,1301,27,0,0,2,-19998
2009000765566,1303,13,2,0,5,6264.996144
2009000775832,1305,35,0,0,7,-19998
2009000776449,1303,28,3,0,2,26588.03242
2009000776735,1305,19,3,0,6,46223.44716
2009000783335,1305,46,2,0,2,31936.19986
2009000783907,1301,10,2,0,2,111165.4804
2009000785001,1302,0,1,1,0,-19998
2009000786572,1302,26,4,0,2,37207.9649
2009000787890,1301,14,3,0,2,89390.79864
2009000790664,1303,16,2,0,9,40875.27972
2009000790694,1305,19,1,0,2,69526.17672
2009000794894,1302,21,1,0,8,50807.59068
2009000799292,1305,12,1,0,8,6112.19136
2009000806533,1303,16,1,0,2,28883.16027
2009000809191,1302,15,3,0,6,49661.5548
2009000812713,1305,16,4,0,2,79076.47572
2009000816194,1303,20,2,0,2,37437.17208
2009000819700,1301,13,2,0,2,30560.9568
2009000820067,1301,27,6,0,2,65935.2643
2009000821167,1302,61,0,0,2,-19998
2009000822291,1303,11,2,0,2,38583.20796
2009000827666,1302,0,1,2,0,-19998
2009000829065,1305,11,1,0,9,38201.196
2009000832807,1301,26,2,0,2,37055.16012
2009000833315,1303,13,1,0,2,39729.24384
2009000837624,1301,16,1,0,2,38583.20796
2009000838332,1301,17,5,0,2,27886.87308
2009000843609,1303,34,2,0,2,42785.33952
2009000848126,1301,22,1,0,7,6112.19136
2009000855059,1301,19,2,0,6,77204.61712
2009000856649,1305,28,3,0,2,49661.5548
2009000857000,1305,28,3,0,7,13752.43056
2009000858575,1303,13,2,0,2,18336.57408
2009000859192,1301,10,5,0,2,46758.2639
2009000859344,1301,29,4,0,2,111547.4923
2009000860057,1303,22,2,0,2,88626.77472
2009000860143,1303,16,2,0,2,56575.97128
2009000861155,1302,18,1,0,3,36673.14816
2009000863601,1302,22,2,0,2,51571.6146
2009000868495,1302,14,2,0,2,2597.681328
2009000868782,1303,13,3,0,2,63413.98536
2009000871953,1301,15,2,0,2,56537.77008
2009000873279,1302,17,2,0,2,16395.95332
2009000873815,1301,17,1,0,2,6876.21528
2009000877865,1305,28,2,0,2,78312.4518
2009000879015,1303,30,1,0,2,27543.06232
2009000879661,1305,11,1,0,9,6417.800928
2009000880424,1305,16,4,0,2,99323.1096
2009000886958,1302,17,1,0,2,39729.24384
2009000889955,1303,13,0,0,2,-19998
2009000890085,1302,18,2,0,2,93974.94216
2009000890575,1305,16,1,0,2,78923.67094
2009000893512,1303,24,1,0,9,19100.598
2009000895859,1302,27,2,0,2,21239.86498
2009000896870,1302,11,2,0,5,53481.6744
2009000898908,1301,23,0,0,3,-19998
2009000899662,1301,79,0,0,2,-19998
2009000901829,1302,24,3,0,2,74874.34416
2009000902625,1301,14,1,0,6,9168.28704
2009000905479,1305,17,1,0,9,4584.14352
2009000905486,1301,63,0,0,4,-19998
2009000905840,1302,0,1,1,0,-19998
2009000906438,1303,12,2,0,2,55162.52702
2009000907507,1301,18,4,0,2,91682.8704
2009000909095,1301,15,4,0,2,49508.75002
2009000910509,1303,17,3,0,2,28345.28743
2009000910560,1305,17,2,0,8,19406.20757
2009000912367,1301,23,3,0,2,43549.36344
2009000912543,1305,14,3,0,2,90315.26758
2009000913732,1301,15,1,0,6,32089.00464
2009000915023,1303,15,4,0,2,22233.09607
2009000916166,1301,31,7,0,6,25747.6061
2009000917070,1302,47,2,0,7,11689.56598
2009000919091,1303,21,1,0,2,37437.17208
2009000919459,1303,40,1,0,2,0
2009000922166,1302,12,1,0,2,38812.41514
2009000923469,1302,67,1,0,9,8251.458336
2009000924287,1305,68,1,0,5,42021.3156
2009000934984,1305,13,4,0,2,90918.84648
2009000938410,1301,0,1,2,0,-19998
2009000952600,1301,26,3,0,2,19131.15896
2009000954782,1303,15,1,0,2,2139.266976
2009000957158,1305,53,5,0,2,245022.4711
2009000959477,1301,16,2,0,2,32089.00464
2009000959617,1305,14,4,0,5,59593.86576
2009000960987,1302,18,3,0,2,40493.26776
2009000964546,1302,15,4,0,2,100851.1574
2009000965073,1303,13,1,0,7,22920.7176
2009000966747,1302,24,1,0,2,38201.196
2009000967038,1302,14,1,0,2,41196.16977
2009000968928,1301,19,1,0,2,9473.896608
2009000970941,1303,18,1,0,2,16579.31906
2009000972197,1305,21,3,0,2,89161.59146
2009000974051,1301,56,4,0,2,62038.7423
2009000975423,1302,21,2,0,2,41257.29168
2009000979403,1305,13,1,0,2,49355.94523
2009000980968,1301,15,2,0,2,168085.2624
2009000981071,1303,43,1,0,2,0
2009000983639,1305,21,2,0,2,111547.4923
2009000984253,1303,18,0,0,2,-19998
2009000984414,1302,22,2,0,6,29567.7257
2009000987768,1305,10,1,0,2,45841.4352
2009000991050,1301,14,4,0,2,92446.89432
2009000991065,1305,15,1,0,2,79099.39644
2009000992360,1301,31,2,0,2,53481.6744
2009001000901,1303,10,2,0,2,40493.26776
2009001001375,1302,23,7,0,2,42785.33952
2009001001534,1303,15,2,0,2,68762.1528
2009001005342,1302,14,2,0,2,40569.67015
2009001008061,1303,15,2,0,2,23684.74152
2009001009806,1301,17,1,0,2,133719.4665
2009001010763,1303,12,1,0,2,32089.00464
2009001012008,1301,18,1,0,2,11383.95641
2009001012651,1301,15,3,0,2,103678.0459
2009001015898,1302,14,2,0,8,20399.43866
2009001015962,1301,6,4,0,2,136760.2817
2009001016767,1302,0,1,1,0,-19998
2009001019209,1301,21,4,0,2,9168.28704
2009001019251,1301,16,2,0,3,83660.61924
2009001020527,1305,16,4,0,2,122243.8272
2009001023128,1301,22,5,0,2,113686.7593
2009001023352,1301,15,5,0,2,164265.1428
2009001024841,1305,23,2,0,2,98941.09764
2009001024968,1305,22,4,0,2,87939.15319
2009001025676,1301,15,1,0,9,14241.40587
2009001025986,1301,14,3,0,8,33999.06444
2009001027624,1303,21,6,0,2,42861.74191
2009001029684,1302,56,1,0,2,15280.4784
2009001030305,1305,18,3,0,2,13446.82099
2009001033451,1303,12,1,0,8,11842.37076
2009001034453,1303,13,2,0,2,85570.67904
2009001035029,1302,12,2,0,2,58539.51275
2009001035169,1303,12,3,0,2,84806.65512
2009001036144,1305,16,2,0,2,16770.32504
2009001036913,1305,12,1,0,2,10925.54206
2009001037981,1302,12,2,0,2,65018.43559
2009001038191,1305,17,2,0,2,144400.5209
2009001043617,1303,23,1,0,3,17954.56212
2009001047423,1303,17,1,0,8,511.8960264
2009001048218,1301,0,1,2,0,-19998
2009001049411,1301,15,4,0,2,122488.3149
2009001050185,1302,17,1,0,6,12377.1875
2009001050500,1305,22,1,0,7,1528.04784
2009001053664,1301,15,4,0,2,26603.31289
2009001053752,1302,38,3,0,5,14287.2473
2009001055704,1302,53,4,0,2,36902.35534
2009001056081,1305,16,4,0,2,68762.1528
2009001056800,1301,15,2,0,2,66470.08104
2009001060151,1302,19,3,0,2,37223.24538
2009001060685,1302,15,2,0,2,77166.41592
2009001061163,1302,21,1,0,2,12071.57794
2009001065156,1302,13,2,0,9,30713.76158
2009001066936,1305,26,3,0,2,48897.53088
2009001068336,1302,8,1,0,8,27504.86112
2009001071647,1303,34,1,0,2,10925.54206
2009001073525,1302,0,1,1,0,-19998
2009001075552,1302,19,6,0,2,62038.7423
2009001078711,1302,14,3,0,2,250065.029
2009001080545,1303,41,0,0,2,-19998
2009001084964,1301,17,1,0,9,7640.2392
2009001084976,1301,11,2,0,2,38965.21992
2009001088370,1305,22,1,0,2,49661.5548
2009001089071,1303,14,1,0,2,0
2009001090620,1301,29,3,0,2,32394.61421
2009001091495,1305,15,1,0,9,93592.9302
2009001091814,1305,15,3,0,2,86563.91014
2009001105155,1302,48,1,0,8,2062.864584
2009001108642,1301,25,3,0,2,76402.392
2009001110427,1302,16,1,0,6,19100.598
2009001110572,1301,10,2,0,2,104671.277
2009001111215,1302,0,1,1,0,-19998
2009001111313,1301,15,2,0,7,10520.60938
2009001113087,1301,15,2,0,2,92446.89432
2009001116835,1301,10,2,0,2,56575.97128
2009001119858,1303,16,1,0,2,71818.24848
2009001122035,1301,13,4,0,1,45994.23998
2009001123395,1302,15,2,0,2,35106.89912
2009001125073,1302,13,1,0,2,48821.12849
2009001127664,1301,17,1,0,2,79458.48768
2009001131092,1302,17,1,0,2,84806.65512
2009001134681,1305,26,4,0,2,35909.12424
2009001137642,1305,64,1,0,5,29796.93288
2009001138842,1303,17,1,0,2,19100.598
2009001138969,1305,23,2,0,5,46605.45912
2009001140377,1305,12,1,0,2,26282.42285
2009001140571,1302,21,5,0,1,50425.57872
2009001144944,1305,6,2,0,2,50517.26159
2009001146882,1301,10,2,0,2,12606.39468
2009001150822,1305,22,2,0,3,64071.04593
2009001152218,1303,26,2,0,2,13523.22338
2009001155658,1303,26,2,0,2,27581.26351
2009001161582,1302,27,4,0,2,36673.14816
2009001164358,1303,14,2,0,2,85318.55115
2009001168274,1305,13,2,0,9,60357.88968
2009001170776,1301,31,2,0,2,10696.33488
2009001170844,1301,14,3,0,2,84042.6312
2009001173457,1301,15,1,0,5,17167.61748
2009001173772,1302,22,1,0,7,10467.1277
2009001174070,1301,22,1,0,2,45841.4352
2009001176266,1305,20,4,0,2,73575.5035
2009001178113,1302,12,2,0,2,38201.196
2009001178330,1303,31,2,0,2,52564.8457
2009001178656,1302,12,2,0,9,75256.35612
2009001180828,1303,14,2,0,2,19788.21953
2009001181784,1301,15,6,0,2,26970.04438
2009001182691,1305,13,2,0,2,70290.20064
2009001184041,1302,13,2,0,2,33540.65009
2009001184349,1305,16,4,0,2,91682.8704
2009001184406,1303,21,1,0,3,23226.32717
2009001191529,1301,20,2,0,2,94738.96608
2009001191731,1301,11,3,0,2,87862.7508
2009001191773,1302,21,3,0,2,66661.08702
2009001193797,1301,18,3,0,2,102608.4125
2009001198316,1303,21,3,0,2,58829.84184
2009001205157,1305,15,5,0,2,93592.9302
2009001209218,1305,17,3,0,2,41257.29168
2009001209783,1305,23,1,0,7,10314.32292
2009001210709,1301,50,0,0,5,-19998
2009001211350,1305,16,2,0,2,41333.69407
2009001216064,1305,18,1,0,2,13905.23534
2009001219637,1301,0,1,2,0,-19998
2009001221442,1302,22,2,0,3,53481.6744
2009001227388,1302,19,1,0,5,12682.79707
2009001229628,1303,0,1,1,0,-19998
2009001232659,1302,0,1,1,0,-19998
2009001238408,1302,20,3,0,2,42785.33952
2009001238465,1301,12,2,0,2,19100.598
2009001238522,1302,49,4,0,3,19941.02431
2009001240327,1302,18,4,0,2,58906.24423
2009001241422,1305,36,0,0,2,-19998
2009001243286,1302,25,2,0,2,82438.18097
2009001249625,1302,17,3,0,2,34770.7286
2009001252761,1303,60,1,0,2,49661.5548
2009001254878,1302,7,3,0,2,74110.32024
2009001255136,1303,9,2,0,2,34075.46683
2009001260985,1302,16,1,0,2,41257.29168
2009001267978,1303,54,2,0,2,29262.11614
2009001268867,1301,13,2,0,2,67539.71453
2009001270150,1305,16,2,0,2,44389.78975
2009001273411,1303,8,2,0,3,28268.88504
2009001274440,1302,28,3,0,4,21392.66976
2009001277807,1302,12,2,0,2,66584.68463
2009001280727,1302,11,4,0,2,81979.76662
2009001283796,1303,12,3,0,2,57913.01314
2009001284229,1302,18,4,0,2,87404.33645
2009001290796,1301,13,1,0,2,60510.69446
2009001305137,1302,13,2,0,2,31095.77354
2009001307201,1305,15,1,0,2,49661.5548
2009001308757,1305,13,3,0,2,83125.8025
2009001317254,1302,22,1,0,9,14210.84491
2009001318056,1303,13,1,0,3,45077.41128
2009001319146,1302,10,3,0,2,80910.13313
2009001319415,1302,33,0,0,2,-19998
2009001322535,1301,29,3,0,5,15280.4784
2009001322594,1302,17,3,0,2,53099.66244
2009001326338,1302,14,1,0,5,24295.96066
2009001326356,1303,29,5,0,2,82896.59532
2009001327416,1305,27,4,0,2,74156.16168
2009001334839,1302,13,2,0,8,48133.50696
2009001335645,1303,8,2,0,2,109255.4206
2009001338232,1305,38,1,0,6,28268.88504
2009001341203,1303,11,3,0,2,67998.12888
2009001342035,1301,13,3,0,1,51953.62656
2009001343330,1303,37,1,0,2,27504.86112
2009001344945,1301,13,2,0,2,28498.09222
2009001346114,1302,22,5,0,2,33617.05248
2009001346691,1303,22,2,0,2,88687.89663
2009001347361,1301,21,3,0,2,56537.77008
2009001348271,1301,19,2,0,5,25212.78936
2009001349521,1305,15,1,0,2,22920.7176
2009001352580,1305,18,3,0,6,48102.946
2009001354869,1302,21,2,0,2,69526.17672
2009001357136,1303,19,3,0,2,61121.9136
2009001361381,1301,16,5,0,2,63337.58297
2009001362081,1301,21,1,0,6,13752.43056
2009001368813,1302,45,0,0,2,-19998
2009001370183,1305,16,4,0,2,72261.38235
2009001374507,1303,0,1,2,0,-19998
2009001377165,1301,18,1,0,3,48133.50696
2009001379915,1305,20,1,0,2,46605.45912
2009001381808,1302,10,1,0,2,30560.9568
2009001385362,1303,26,3,0,2,75638.36808
2009001388230,1301,16,1,0,1,9328.732063
2009001390384,1302,12,1,0,2,39049.26255
2009001391238,1301,14,2,0,2,91682.8704
2009001391345,1301,32,3,0,2,65706.05712
2009001391967,1301,13,1,0,2,8404.26312
2009001395847,1301,54,2,0,5,11918.77315
2009001395884,1301,21,2,0,2,26358.82524
2010000006320,1303,19,3,0,2,55773.74616
2010000010361,1301,0,1,2,0,-19998
2010000011243,1302,0,1,1,0,-19998
2010000011857,1301,39,2,0,2,37284.3673
2010000014837,1303,18,3,0,6,13760.0708
2010000017615,1301,14,1,0,8,19864.62192
2010000018198,1305,14,4,0,2,126140.3492
2010000018592,1305,54,0,0,9,-19998
2010000021359,1303,18,2,0,2,87633.54362
2010000023259,1305,42,0,0,2,-19998
2010000024097,1305,16,1,0,5,29032.90896
2010000029647,1302,17,1,0,7,39729.24384
2010000030826,1305,46,4,0,2,45077.41128
2010000030991,1303,21,2,0,7,54245.69832
2010000033146,1301,18,2,0,2,90995.24887
2010000035023,1302,11,5,0,2,110370.8955
2010000037476,1305,19,1,0,6,13217.61382
2010000039944,1301,14,1,0,2,61198.31599
2010000041106,1305,14,2,0,2,122243.8272
2010000041370,1303,24,4,0,3,40493.26776
2010000042639,1301,21,1,0,2,15.2804784
2010000044472,1303,17,2,0,2,60205.0849
2010000045181,1302,26,4,0,2,65706.05712
2010000046967,1305,17,3,0,2,59746.67054
2010000052663,1302,0,1,2,0,-19998
2010000055421,1302,18,2,0,2,47293.08065
2010000061671,1302,12,2,0,8,39197.48319
2010000066534,1302,17,1,0,5,19024.19561
2010000067905,1301,13,2,0,2,69220.56715
2010000068839,1303,22,3,0,4,51189.60264
2010000074278,1303,13,2,0,7,76402.392
2010000075162,1303,10,2,0,2,84424.64316
2010000078529,1305,64,3,0,2,67234.10496
2010000082232,1303,24,1,0,5,17725.35494
2010000082308,1303,33,4,0,2,152.804784
2010000084983,1302,0,1,1,0,-19998
2010000085876,1303,15,1,0,5,39729.24384
2010000087350,1302,22,2,0,5,22385.90086
2010000092803,1305,15,2,0,2,40416.86537
2010000093000,1302,22,1,0,4,0
2010000093657,1303,25,2,0,2,87709.94602
2010000096914,1302,8,3,0,1,43450.04033
2010000097071,1303,13,1,0,2,11383.95641
2010000103132,1303,15,1,0,2,4660.545912
2010000103661,1303,19,2,0,5,24525.16783
2010000106945,1302,17,1,0,3,36978.75773
2010000107760,1303,8,3,0,4,78465.25658
2010000108481,1301,18,1,0,4,18336.57408
2010000114407,1302,42,1,0,9,15280.4784
2010000114725,1302,16,5,0,6,16044.50232
2010000115088,1305,15,2,0,2,71054.22456
2010000115681,1301,0,1,2,0,-19998
2010000116536,1303,0,1,2,0,-19998
2010000118083,1305,13,5,0,2,140580.4013
2010000118191,1301,14,5,0,2,71054.22456
2010000118461,1302,15,3,0,2,22920.7176
2010000119089,1305,18,1,0,5,11460.3588
2010000119248,1305,13,1,0,7,11383.95641
2010000121492,1305,16,2,0,2,77235.17807
2010000122019,1305,14,3,0,2,94968.17326
2010000122304,1301,22,1,0,2,64942.0332
2010000124295,1305,16,2,0,3,72735.07718
2010000132648,1303,21,1,0,2,47369.48304
2010000134039,1302,10,2,0,2,51189.60264
2010000136374,1302,63,0,0,2,-19998
2010000139438,1305,15,4,0,2,64330.81406
2010000140623,1302,13,2,0,3,37666.37926
2010000146940,1302,14,1,0,2,18336.57408
2010000146997,1301,17,2,0,8,58524.23227
2010000152614,1301,33,0,0,5,-19998
2010000155891,1303,19,1,0,2,51418.80982
2010000156736,1305,12,2,0,2,15662.49036
2010000160476,1302,21,10,0,2,129884.0664
2010000161994,1301,0,1,2,0,-19998
2010000162313,1303,48,3,0,8,8175.055944
2010000163128,1303,19,1,0,6,41257.29168
2010000167433,1305,15,1,0,2,48133.50696
2010000167445,1303,21,2,0,2,122243.8272
2010000171022,1302,15,1,0,5,27504.86112
2010000175339,1301,33,4,0,2,95502.99
2010000176703,1302,15,2,0,2,171446.9676
2010000177627,1305,13,1,0,2,32776.62617
2010000185022,1301,46,2,0,5,3667.314816
2010000185628,1305,11,1,0,2,55414.65492
2010000188068,1305,0,1,1,0,-19998
2010000188619,1303,16,2,0,2,10543.5301
2010000188891,1302,48,5,0,2,60205.0849
2010000194046,1305,20,1,0,7,5730.1794
2010000196051,1301,19,6,0,2,12224.38272
2010000197145,1303,12,2,0,2,45077.41128
2010000199956,1302,20,4,0,4,16808.52624
2010000201612,1302,18,4,0,2,62573.55905
2010000203310,1305,12,2,0,2,30484.55441
2010000203425,1301,25,3,0,2,34228.27162
2010000206778,1301,14,2,0,2,83737.02163
2010000212026,1305,20,3,0,2,57225.39161
2010000213223,1305,16,3,0,2,70290.20064
2010000214990,1301,32,3,0,2,64942.0332
2010000215973,1303,23,4,0,3,127591.9946
2010000216314,1305,39,2,0,2,43549.36344
2010000218327,1302,15,2,0,9,0
2010000220490,1305,24,2,0,3,32853.02856
2010000223600,1303,21,2,0,2,77472.02549
2010000226556,1303,19,2,0,2,86984.12329
2010000227160,1303,44,3,0,2,42021.3156
2010000228074,1301,0,1,2,0,-19998
2010000228174,1301,25,1,0,2,140580.4013
2010000230510,1303,15,2,0,5,23684.74152
2010000236580,1305,13,1,0,2,9626.701392
2010000240938,1303,11,2,0,2,108491.3966
2010000243393,1305,14,1,0,9,7181.824848
2010000246474,1301,16,1,0,2,43625.76583
2010000246898,1301,15,3,0,2,39652.84145
2010000247147,1303,15,2,0,2,59593.86576
2010000252383,1305,18,4,0,2,69908.18868
2010000253106,1301,12,5,0,2,104717.1185
2010000254374,1301,67,2,0,2,76.402392
2010000256639,1305,21,1,0,9,12682.79707
2010000260910,1302,0,1,1,0,-19998
2010000261167,1302,0,1,1,0,-19998
2010000262740,1301,13,3,0,2,62879.16862
2010000264902,1302,17,1,0,6,48133.50696
2010000266185,1301,36,2,0,2,179545.6212
2010000272695,1305,34,1,0,1,6112.19136
2010000274248,1303,69,2,0,2,91377.26083
2010000274663,1301,17,2,0,3,11918.77315
2010000282169,1305,17,4,0,2,42716.57737
2010000282262,1305,24,1,0,2,61121.9136
2010000283337,1302,28,3,0,2,30331.74962
2010000283343,1303,11,2,0,2,16426.51428
2010000285265,1303,16,3,0,2,60281.48729
2010000286558,1303,17,4,0,2,47369.48304
2010000287865,1303,15,2,0,2,32089.00464
2010000288198,1301,9,4,0,2,55231.28918
2010000289477,1303,27,7,0,2,58753.43945
2010000293927,1305,21,2,0,2,61618.52915
2010000294779,1305,14,3,0,2,79916.90203
2010000297157,1301,16,2,0,2,4584.14352
2010000301513,1305,39,2,0,6,63413.98536
2010000302390,1303,23,1,0,6,24066.75348
2010000305795,1303,20,4,0,2,153820.9358
2010000305858,1305,45,1,0,4,13217.61382
2010000306504,1305,10,1,0,9,20628.64584
2010000306603,1303,31,3,0,1,39729.24384
2010000311168,1302,33,2,0,7,22920.7176
2010000312348,1305,15,4,0,2,111547.4923
2010000313870,1301,20,3,0,2,119264.1339
2010000315961,1301,13,4,0,2,77319.2207
2010000318267,1301,16,3,0,2,82705.58934
2010000320909,1302,5,5,0,2,48057.10457
2010000328208,1305,19,2,0,2,49890.76198
2010000334783,1302,18,1,0,2,34763.08836
2010000336781,1305,0,1,2,0,-19998
2010000339398,1305,14,3,0,2,49432.34762
2010000340407,1301,12,1,0,6,35909.12424
2010000340750,1305,15,1,0,2,16197.3071
2010000344044,1303,17,4,0,2,26129.61806
2010000344047,1301,19,2,0,2,300261.4006
2010000346005,1302,14,4,0,2,17954.56212
2010000348919,1301,7,3,0,2,21469.07215
2010000352244,1305,19,6,0,2,40111.2558
2010000352742,1305,8,2,0,2,13370.4186
2010000358613,1303,19,1,0,2,55162.52702
2010000360525,1305,17,2,0,2,34610.28358
2010000360774,1301,64,2,0,2,36520.34338
2010000362871,1302,25,5,0,2,25976.81328
2010000364983,1301,31,1,0,9,18336.57408
2010000365409,1303,10,1,0,10,11460.3588
2010000369562,1302,18,2,0,2,75638.36808
2010000373648,1301,16,2,0,2,66691.64798
2010000375983,1302,18,1,0,9,45077.41128
2010000379592,1301,36,4,0,2,41562.90125
2010000383159,1305,0,1,1,0,-19998
2010000387287,1301,27,2,0,2,44618.99693
2010000389196,1302,13,2,0,2,41562.90125
2010000394094,1301,11,4,0,2,47369.48304
2010000396141,1305,20,2,0,6,55009.72224
2010000400207,1301,15,3,0,2,71818.24848
2010000403363,1305,11,1,0,7,8404.26312
2010000407328,1302,20,1,0,2,11383.95641
2010000407550,1305,11,3,0,2,35145.10032
2010000410168,1302,16,5,0,2,159986.6088
2010000410369,1301,13,1,0,2,0
2010000412224,1302,19,2,0,2,37284.3673
2010000412753,1303,69,7,0,2,30560.9568
2010000415152,1303,13,1,0,2,38965.21992
2010000418690,1301,18,5,0,2,3820.1196
2010000419663,1301,25,2,0,2,41448.29766
2010000420529,1302,53,1,0,8,17572.55016
2010000421383,1302,15,3,0,2,27581.26351
2010000421476,1301,14,1,0,2,50425.57872
2010000424469,1301,7,4,0,6,67845.3241
2010000425435,1302,25,1,0,1,41260.34778
2010000433961,1305,35,0,0,9,-19998
2010000434291,1301,0,1,2,0,-19998
2010000438274,1302,41,1,0,2,22920.7176
2010000438495,1301,37,2,0,2,20399.43866
2010000441473,1301,13,2,0,2,99628.71917
2010000442283,1302,0,1,2,0,-19998
2010000443710,1305,0,1,1,0,-19998
2010000445276,1303,11,2,0,2,52870.45526
2010000445897,1305,15,2,0,2,47965.4217
2010000448616,1305,13,1,0,5,26740.8372
2010000454607,1305,21,1,0,6,7640.2392
2010000455333,1303,13,1,0,4,13828.83295
2010000455443,1301,14,2,0,2,32623.82138
2010000455766,1302,35,1,0,8,9168.28704
2010000455875,1305,14,5,0,2,61121.9136
2010000459021,1302,42,1,0,7,5348.16744
2010000462091,1301,18,1,0,2,80222.5116
2010000462636,1305,16,1,0,2,77930.43984
2010000462975,1305,15,2,0,2,24299.01675
2010000468429,1301,8,3,0,2,184893.7886
2010000468681,1303,8,4,0,2,73575.5035
2010000468787,1301,15,2,0,2,46108.84357
2010000469251,1305,22,2,0,2,45841.4352
2010000470663,1302,24,1,0,2,23279.80884
2010000471232,1302,46,1,0,7,0
2010000473718,1301,20,1,0,2,36673.14816
2010000474732,1305,15,4,0,2,62649.96144
2010000477554,1303,14,2,0,2,64560.02124
2010000479167,1302,91,2,0,5,4125.729168
2010000479974,1302,4,7,0,2,34381.0764
2010000480558,1303,15,3,0,2,17572.55016
2010000481046,1302,22,3,0,2,42105.35823
2010000481952,1302,12,2,0,2,45841.4352
2010000484502,1302,12,2,0,2,97382.48884
2010000485906,1303,25,2,0,8,11460.3588
2010000486448,1302,18,4,0,2,62879.16862
2010000488734,1302,16,1,0,5,9932.31096
2010000489749,1301,20,1,0,2,19864.62192
2010000494213,1305,25,2,0,6,40569.67015
2010000494537,1302,51,0,0,2,-19998
2010000495756,1305,17,1,0,2,51953.62656
2010000498252,1301,17,2,0,1,16839.0872
2010000500404,1305,38,3,0,2,78236.04941
2010000501047,1305,12,1,0,8,11276.99306
2010000504266,1302,0,1,2,0,-19998
2010000511950,1301,11,4,0,2,76402.392
2010000513018,1301,19,2,0,2,16044.50232
2010000513335,1305,14,1,0,3,65026.07583
2010000514884,1301,24,4,0,2,88596.21376
2010000515665,1301,15,4,0,2,40493.26776
2010000515896,1303,26,1,0,8,53252.46722
2010000519045,1303,11,2,0,2,25976.81328
2010000521058,1303,10,2,0,3,59593.86576
2010000521896,1303,13,3,0,2,110477.8588
2010000530083,1301,12,4,0,2,30560.9568
2010000532789,1301,16,1,0,2,51036.79786
2010000533928,1303,28,1,0,2,30942.96876
2010000534660,1301,15,1,0,2,36673.14816
2010000534761,1301,12,4,0,2,139846.9383
2010000536819,1305,25,2,0,2,74889.62464
2010000538409,1302,0,1,1,0,-19998
2010000539017,1302,18,1,0,6,11613.16358
2010000539473,1302,44,0,0,9,-19998
2010000540311,1303,13,3,0,2,45841.4352
2010000543069,1303,22,1,0,9,5730.1794
2010000548797,1303,14,2,0,2,72582.2724
2010000551201,1305,12,2,0,4,40493.26776
2010000554503,1302,15,2,0,2,76020.38004
2010000556376,1303,18,2,0,2,7640.2392
2010000557137,1302,16,1,0,7,10849.13966
2010000559092,1301,54,0,0,2,-19998
2010000567232,1301,21,2,0,2,195590.1235
2010000573665,1305,19,2,0,8,37589.97686
2010000577483,1303,10,2,0,2,13752.43056
2010000578351,1303,13,1,0,2,11078.34684
2010000579646,1301,16,2,0,5,13828.83295
2010000588059,1301,40,0,0,2,-19998
2010000589800,1301,16,2,0,2,29491.32331
2010000590648,1301,14,1,0,3,27046.44677
2010000593725,1305,25,3,0,2,260761.3639
2010000596990,1305,14,4,0,2,15738.89275
2010000598018,1303,48,0,0,2,-19998
2010000598557,1303,9,5,0,2,42326.92517
2010000599938,1302,14,2,0,9,5577.374616
2010000604514,1302,22,7,0,2,33311.44291
2010000605337,1305,20,1,0,6,8862.677472
2010000606197,1301,13,2,0,8,382.01196
2010000607120,1302,14,3,0,2,61198.31599
2010000607531,1305,0,1,1,0,-19998
2010000608309,1301,11,2,0,2,46299.84955
2010000609417,1302,17,1,0,2,19941.02431
2010000612310,1301,18,1,0,6,5500.972224
2010000618386,1302,17,7,0,2,67539.71453
2010000619201,1301,12,1,0,2,76593.39798
2010000619244,1303,11,2,0,2,29796.93288
2010000619902,1302,16,2,0,2,171064.9557
2010000625284,1303,18,1,0,9,40493.26776
2010000628999,1303,18,1,0,4,18565.78126
2010000629123,1305,16,2,0,2,20017.4267
2010000629465,1301,15,2,0,2,119187.7315
2010000631390,1301,16,3,0,2,42800.62
2010000635130,1305,16,2,0,2,13217.61382
2010000637707,1305,16,3,0,2,156624.9036
2010000640086,1303,11,2,0,2,18260.17169
2010000644144,1301,17,2,0,2,58829.84184
2010000645631,1301,35,2,0,2,9168.28704
2010000646674,1302,57,2,0,8,4584.14352
2010000646813,1302,15,1,0,4,22920.7176
2010000654880,1302,10,2,0,2,12759.19946
2010000656002,1303,17,1,0,2,51953.62656
2010000657060,1302,8,2,0,6,0
2010000657069,1301,37,4,0,5,25594.80132
2010000660176,1302,14,1,0,8,13981.63774
2010000663613,1305,16,5,0,2,93287.32063
2010000663883,1303,13,1,0,4,10994.30421
2010000667465,1305,15,6,0,2,239903.5109
2010000673045,1305,22,0,0,4,-19998
2010000673191,1303,18,2,0,2,49661.5548
2010000674571,1303,11,2,0,4,41257.29168
2010000676275,1301,27,1,0,4,8480.665512
2010000676293,1305,13,2,0,2,125299.9229
2010000678251,1301,16,1,0,2,175343.4896
2010000683512,1305,15,2,0,8,11613.16358
2010000684248,1303,7,3,0,2,82896.59532
2010000691488,1303,15,2,0,2,17901.08045
2010000695453,1305,22,0,0,9,-19998
2010000697079,1305,14,2,0,2,50807.59068
2010000701010,1305,15,2,0,2,54398.5031
2010000705298,1301,9,2,0,2,45306.61846
2010000707147,1305,64,4,0,3,11460.3588
2010000707282,1302,55,3,0,5,30560.9568
2010000708355,1302,15,2,0,6,21010.6578
2010000709044,1303,18,3,0,2,76325.98961
2010000709252,1303,16,2,0,2,47675.09261
2010000709777,1302,10,2,0,2,33311.44291
2010000718534,1303,15,3,0,2,30637.35919
2010000721222,1305,18,2,0,2,94051.34455
2010000724061,1302,13,1,0,2,125299.9229
2010000724387,1302,37,0,0,2,-19998
2010000730233,1303,16,2,0,2,25289.19175
2010000730753,1303,19,2,0,2,18336.57408
2010000731965,1305,16,1,0,2,22233.09607
2010000732286,1305,33,4,0,2,33769.85726
2010000733094,1305,18,2,0,2,58065.81792
2010000735151,1301,11,5,0,7,18336.57408
2010000744000,1303,46,4,0,2,22920.7176
2010000744549,1305,14,1,0,2,2750.486112
2010000744820,1303,56,4,0,5,16961.33102
2010000745261,1301,16,2,0,2,87098.72688
2010000746259,1302,22,1,0,7,5806.581792
2010000746695,1303,16,1,0,3,22829.03473
2010000748484,1303,16,5,0,2,6876.21528
2010000749228,1302,28,3,0,9,16808.52624
2010000749566,1303,17,3,0,2,73040.68675
2010000754961,1302,54,0,0,3,-19998
2010000756698,1305,12,1,0,3,22156.69368
2010000758589,1303,33,3,0,2,36711.34936
2010000762987,1302,49,3,0,4,36673.14816
2010000763989,1302,21,1,0,2,17419.74538
2010000764114,1302,15,2,0,6,67768.9217
2010000765048,1301,16,3,0,2,97031.03784
2010000766078,1301,11,1,0,5,19100.598
2010000768601,1301,18,1,0,7,21087.06019
2010000769261,1302,14,4,0,2,26588.03242
2010000770861,1301,13,4,0,2,17572.55016
2010000771577,1305,18,2,0,2,85265.06947
2010000772273,1302,21,1,0,9,27504.86112
2010000772836,1302,12,1,0,2,12835.60186
2010000776821,1302,17,3,0,9,21087.06019
2010000777243,1303,13,2,0,2,51953.62656
2010000777806,1303,11,1,0,2,43549.36344
2010000777969,1302,16,2,0,6,17725.35494
2010000778096,1303,25,4,0,2,76555.19678
2010000782441,1301,49,2,0,6,0
2010000783303,1302,0,1,1,0,-19998
2010000784868,1303,12,1,0,2,0
2010000785563,1303,17,4,0,2,72047.45566
2010000785857,1302,10,3,0,3,60357.88968
2010000790463,1301,18,6,0,2,41028.0845
2010000791786,1302,83,0,0,8,-19998
2010000793057,1303,12,3,0,2,50425.57872
2010000794304,1301,12,3,0,2,28268.88504
2010000794737,1305,23,1,0,2,17419.74538
2010000796506,1302,3,3,0,2,79076.47572
2010000812178,1303,66,2,0,2,45841.4352
2010000822823,1303,15,2,0,2,53940.08875
2010000824206,1302,24,1,0,2,52717.65048
2010000826142,1305,14,1,0,2,44313.38736
2010000831925,1303,30,1,0,4,7487.434416
2010000832979,1305,22,1,0,2,9603.780674
2010000836244,1305,17,3,0,2,46605.45912
2010000839782,1303,19,3,0,2,46681.86151
2010000839860,1303,26,5,0,9,23761.14391
2010000840595,1301,20,7,0,3,111318.2851
2010000840701,1302,23,2,0,8,14440.05209
2010000842177,1302,23,3,0,2,81292.14509
2010000844382,1301,14,6,0,2,38965.21992
2010000845274,1303,12,1,0,2,7640.2392
2010000848071,1302,11,1,0,6,8404.26312
2010000850037,1303,15,3,0,2,42021.3156
2010000851073,1305,14,2,0,6,19039.47609
2010000854887,1302,24,3,0,2,34763.08836
2010000862492,1303,9,2,0,6,12988.40664
2010000864382,1305,11,1,0,2,15280.4784
2010000867084,1305,76,0,0,2,-19998
2010000868703,1303,33,5,0,2,115199.5267
2010000869351,1305,21,2,0,2,49814.35958
2010000870024,1302,21,1,0,2,15586.08797
2010000874764,1302,13,1,0,2,32853.02856
2010000876727,1303,0,1,2,0,-19998
2010000877262,1303,5,2,0,2,29338.51853
2010000877554,1305,15,3,0,2,61121.9136
2010000880144,1305,18,1,0,2,22920.7176
2010000880914,1301,10,1,0,5,9397.494216
2010000881108,1301,13,1,0,2,12927.28473
2010000881783,1302,16,2,0,7,34839.49075
2010000885235,1305,18,4,0,2,252891.9175
2010000886772,1305,12,1,0,2,54245.69832
2010000889524,1303,10,1,0,2,45841.4352
2010000892256,1303,22,4,0,2,97038.67808
2010000892562,1301,10,2,0,2,64254.41167
2010000892992,1301,15,2,0,2,104671.277
2010000893052,1303,16,1,0,2,17190.5382
2010000893635,1302,11,3,0,2,45230.21606
2010000895376,1302,13,3,0,2,10696.33488
2010000896103,1305,12,3,0,2,141344.4252
2010000896608,1305,18,2,0,2,90177.74328
2010000897215,1302,15,4,0,2,55773.74616
2010000897366,1305,12,2,0,2,54245.69832
2010000897466,1301,10,1,0,2,7158.90413
2010000898708,1305,32,2,0,4,65706.05712
2010000900378,1303,13,3,0,2,2903.290896
2010000900606,1302,20,2,0,3,46911.06869
2010000902860,1305,13,1,0,4,38988.14064
2010000905404,1303,15,2,0,5,26893.64198
2010000905661,1301,10,2,0,1,41260.34778
2010000907092,1305,29,4,0,9,27504.86112
2010000910271,1301,15,4,0,2,28421.68982
2010000910811,1303,18,3,0,2,100087.1335
2010000915452,1303,17,2,0,2,57301.794
2010000922881,1301,17,2,0,9,28116.08026
2010000925489,1302,3,1,0,2,27504.86112
2010000925534,1301,39,4,0,3,53481.6744
2010000930816,1305,37,1,0,2,30560.9568
2010000934163,1302,14,2,0,2,68543.64196
2010000935977,1302,14,1,0,2,41142.68809
2010000937370,1305,14,4,0,2,81521.35226
2010000937643,1302,9,1,0,6,0
2010000941161,1301,17,1,0,2,18336.57408
2010000941968,1302,14,1,0,9,62573.55905
2010000942802,1305,13,8,0,2,23035.32119
2010000947175,1305,36,5,0,4,80222.5116
2010000947395,1305,23,1,0,8,14516.45448
2010000947927,1303,15,3,0,2,54245.69832
2010000948134,1305,15,1,0,6,6112.19136
2010000948191,1302,27,5,0,5,21835.80363
2010000948360,1301,20,1,0,7,33617.05248
2010000952415,1303,11,1,0,9,6112.19136
2010000952731,1303,45,0,0,2,-19998
2010000954371,1305,17,3,0,3,16655.72146
2010000954674,1302,18,2,0,6,19711.81714
2010000957124,1303,0,1,2,0,-19998
2010000961293,1301,92,2,0,7,19100.598
2010000961933,1301,13,3,0,2,44542.59454
2010000961979,1305,24,4,0,4,26740.8372
2010000973052,1302,25,2,0,9,9321.091824
2010000973925,1303,15,5,0,2,77472.02549
2010000979358,1305,13,2,0,2,114603.588
2010000981350,1302,21,6,0,2,188255.4939
2010000987947,1301,15,1,0,2,19864.62192
2010000989931,1305,13,1,0,9,7487.434416
2010000990044,1305,16,1,0,2,106275.7273
2010000990525,1305,10,1,0,2,13981.63774
2010000995556,1303,12,1,0,9,15204.07601
2010000996350,1303,14,3,0,3,65553.25234
2010000997629,1303,17,1,0,2,28001.47667
2010001001914,1305,8,1,0,6,22920.7176
2010001001935,1305,22,1,0,8,48897.53088
2010001001994,1301,37,1,0,2,22920.7176
2010001006700,1302,46,2,0,9,33617.05248
2010001007463,1305,43,1,0,8,34381.0764
2010001010094,1301,18,2,0,2,62497.15666
2010001011660,1301,14,1,0,2,38965.21992
2010001011782,1303,5,2,0,1,24525.16783
2010001013613,1305,46,1,0,8,229.207176
2010001014369,1305,24,1,0,2,90918.84648
2010001014487,1303,30,2,0,2,19253.40278
2010001018130,1303,21,2,0,2,43854.97301
2010001018804,1305,14,1,0,2,10696.33488
2010001019625,1303,36,1,0,2,13752.43056
2010001022316,1303,14,1,0,6,23302.72956
2010001028093,1301,13,1,0,2,5500.972224
2010001035122,1305,60,3,0,6,19941.02431
2010001038984,1305,14,2,0,2,113075.5402
2010001040985,1302,13,2,0,2,62497.15666
2010001042265,1303,26,4,0,2,138746.7439
2010001042776,1301,32,5,0,2,300261.4006
2010001044224,1301,22,1,0,4,33464.2477
2010001045526,1301,13,1,0,9,13217.61382
2010001050470,1301,10,5,0,2,33617.05248
2010001051220,1305,39,0,0,8,-19998
2010001052668,1305,0,1,1,0,-19998
2010001052886,1302,15,5,0,9,46299.84955
2010001058053,1305,40,5,0,2,158916.9754
2010001064629,1303,8,5,0,2,75256.35612
2010001064886,1301,17,2,0,2,121403.4009
2010001068203,1301,33,3,0,2,99323.1096
2010001068914,1301,10,1,0,2,725.822724
2010001070689,1302,21,1,0,5,16884.92863
2010001071756,1303,14,1,0,2,15891.69754
2010001071960,1301,18,1,0,2,6876.21528
2010001073554,1301,18,2,0,2,86334.70296
2010001074049,1302,9,1,0,2,0
2010001078920,1301,61,0,0,2,-19998
2010001087214,1303,59,3,0,2,0
2010001087797,1305,16,2,0,2,39958.45102
2010001089811,1303,14,1,0,2,24448.76544
2010001092070,1302,15,1,0,4,25518.39893
2010001092915,1301,10,2,0,4,41792.10842
2010001094734,1301,13,1,0,2,6990.818868
2010001095303,1303,17,2,0,2,59899.47533
2010001096808,1302,16,1,0,8,6188.593752
2010001097200,1303,23,3,0,8,75638.36808
2010001098466,1301,0,1,2,0,-19998
2010001100189,1305,17,2,0,2,27504.86112
2010001103409,1305,16,2,0,2,87786.34841
2010001104198,1303,25,4,0,2,29644.1281
2010001104953,1301,9,7,0,2,39652.84145
2010001105473,1301,17,4,0,2,73346.29632
2010001116412,1303,19,4,0,2,59593.86576
2010001117320,1305,43,2,0,2,61121.9136
2010001117530,1305,19,2,0,3,58065.81792
2010001117670,1303,20,1,0,4,14440.05209
2010001117863,1302,21,1,0,2,22920.7176
2010001119109,1302,0,1,1,0,-19998
2010001119257,1305,17,2,0,2,112999.1378
2010001119847,1301,45,3,0,5,12224.38272
2010001128170,1305,17,2,0,3,76478.79439
2010001131790,1305,25,4,0,2,37207.9649
2010001131905,1305,17,2,0,8,31936.19986
2010001132339,1302,39,0,0,2,-19998
2010001134523,1302,21,3,0,2,74618.39615
2010001135631,1301,56,2,0,5,27657.6659
2010001137702,1301,35,2,0,2,23379.13195
2010001138548,1303,29,1,0,2,39064.54303
2010001141008,1301,0,1,2,0,-19998
2010001144673,1303,15,3,0,2,22538.70564
2010001146685,1305,99,3,0,2,34381.0764
2010001147567,1303,35,0,0,1,-19998
2010001148825,1303,45,2,0,2,73346.29632
2010001152338,1302,15,1,0,2,58142.22031
2010001153284,1305,15,4,0,2,175465.7335
2010001154433,1305,14,2,0,2,147456.6166
2010001155317,1305,19,3,0,2,108338.5919
2010001157923,1303,12,2,0,3,22156.69368
2010001165804,1303,15,1,0,8,9168.28704
2010001165977,1305,17,4,0,2,77166.41592
2010001166962,1305,11,1,0,9,13676.02817
2010001170500,1302,22,1,0,2,38201.196
2010001172264,1303,63,1,0,7,5959.386576
2010001173907,1305,11,5,0,2,57301.794
2010001177815,1302,20,2,0,2,28498.09222
2010001178969,1305,46,4,0,5,16044.50232
2010001179093,1303,14,1,0,2,50425.57872
2010001179600,1302,11,1,0,2,42021.3156
2010001180082,1303,9,4,0,2,95885.00196
2010001180758,1303,18,2,0,5,40493.26776
2010001182904,1303,12,2,0,2,36443.94098
2010001189378,1305,14,2,0,2,47369.48304
2010001191396,1302,22,1,0,2,15891.69754
2010001191429,1302,17,2,0,2,13569.06482
2010001191502,1302,21,1,0,2,13446.82099
2010001192526,1302,20,4,0,2,22790.83353
2010001192641,1305,23,3,0,5,41410.09646
2010001195430,1302,17,5,0,2,39194.4271
2010001196450,1305,17,2,0,9,75638.36808
2010001197678,1305,25,1,0,3,34381.0764
2010001198612,1301,19,3,0,2,18794.98843
2010001199665,1305,9,1,0,9,13752.43056
2010001200257,1302,0,1,2,0,-19998
2010001203057,1302,0,1,2,0,-19998
2010001206679,1305,14,1,0,9,6188.593752
2010001207791,1302,17,1,0,2,7640.2392
2010001210436,1303,11,3,0,2,54474.9055
2010001210685,1305,10,2,0,2,76478.79439
2010001211174,1303,18,3,0,2,103143.2292
2010001213004,1305,17,1,0,2,52717.65048
2010001221299,1301,53,2,0,2,31324.98072
2010001221898,1303,17,1,0,2,42785.33952
2010001224254,1305,17,1,0,2,27122.84916
2010001226795,1305,43,4,0,2,83278.60728
2010001227014,1303,12,2,0,2,49661.5548
2010001233545,1305,18,1,0,7,11769.02446
2010001233648,1303,52,1,0,9,5730.1794
2010001241501,1303,31,2,0,2,26282.42285
2010001244974,1305,15,2,0,4,29032.90896
2010001245443,1303,25,1,0,2,30560.9568
2010001247433,1305,0,1,2,0,-19998
2010001248246,1301,8,3,0,2,23761.14391
2010001253653,1305,14,2,0,2,32547.41899
2010001257580,1301,13,3,0,2,93210.91824
2010001259945,1301,10,2,0,2,62802.76622
2010001265889,1301,49,2,0,2,30560.9568
2010001266479,1302,13,3,0,2,23149.92478
2010001267493,1303,16,4,0,2,9244.689432
2010001269028,1303,10,1,0,7,5730.1794
2010001271896,1303,14,5,0,2,78694.46376
2010001272374,1305,12,2,0,2,69067.76237
2010001280418,1305,19,1,0,2,23913.9487
2010001281023,1302,16,2,0,2,0
2010001283895,1303,10,4,0,3,12988.40664
2010001287730,1302,20,4,0,2,35909.12424
2010001291267,1303,14,1,0,6,11460.3588
2010001291757,1305,15,2,0,2,6112.19136
2010001293151,1301,15,1,0,1,19253.40278
2010001295596,1303,16,1,0,1,12086.85841
2010001300896,1303,20,3,0,2,81750.55944
2010001308573,1303,20,2,0,2,79458.48768
2010001313064,1301,16,1,0,7,24830.7774
2010001319038,1305,13,6,0,2,108491.3966
2010001319486,1303,0,1,2,0,-19998
2010001320296,1301,16,3,0,2,62267.94948
2010001322235,1301,11,2,0,2,71512.63891
2010001323615,1303,38,2,0,2,73346.29632
2010001325962,1301,64,0,0,2,-19998
2010001329329,1303,21,1,0,4,26740.8372
2010001330746,1303,14,1,0,5,34381.0764
2010001332181,1305,11,2,0,2,47827.89739
2010001334904,1305,13,4,0,2,64865.63081
2010001338720,1305,19,2,0,7,28268.88504
2010001342035,1303,15,3,0,2,96725.42827
2010001342241,1305,21,1,0,4,22920.7176
2010001344600,1301,14,1,0,2,34388.71664
2010001346453,1302,61,5,0,6,9168.28704
2010001346641,1303,5,2,0,2,42097.71799
2010001347002,1303,24,2,0,2,196354.1474
2010001347087,1302,21,2,0,6,26588.03242
2010001348057,1305,13,4,0,2,84653.85034
2010001348870,1303,26,1,0,9,14669.25926
2010001348938,1302,16,4,0,2,39270.82949
2010001352181,1301,25,2,0,2,29835.13408
2010001353946,1303,0,1,2,0,-19998
2010001354373,1303,36,2,0,5,17954.56212
2010001355439,1302,0,1,1,0,-19998
2010001356579,1303,25,2,0,9,26511.63002
2010001363570,1305,20,1,0,7,15280.4784
2010001365768,1302,5,8,0,2,185657.8126
2010001366433,1305,11,1,0,6,19100.598
2010001369997,1302,14,2,0,2,99353.67056
2010001373182,1301,24,2,0,3,71054.22456
2010001374275,1302,18,1,0,2,40493.26776
2010001384987,1302,0,1,1,0,-19998
2010001386072,1301,23,2,0,2,466054.5912
2010001389303,1303,14,4,0,3,14669.25926
2010001391787,1302,50,0,0,5,-19998
2010001393293,1303,38,3,0,2,77395.6231
2010001393796,1303,25,3,0,2,42556.13234
2010001400730,1305,15,1,0,5,34381.0764
2010001401550,1303,13,3,0,4,82514.58336
2010001403848,1305,15,1,0,2,29414.92092
2010001404032,1303,14,2,0,2,72582.2724
2010001405143,1301,8,1,0,2,61121.9136
2010001406466,1302,0,1,1,0,-19998
2010001412580,1305,24,3,0,6,17572.55016
