SERIALNO,AGE,WRKLYR,INCTOT
2006000001773,26,1,15303.39912
2006000001773,2,0,-15279.71438
2006000001773,23,1,3438.10764
2006000003034,38,1,45841.4352
2006000003034,37,1,76402.392
2006000003034,10,0,NA
2006000003034,7,0,-15279.71438
2006000003183,75,2,27199.25155
2006000003183,65,2,7640.2392
2006000003339,32,1,39729.24384
2006000003339,32,2,0
2006000004863,48,1,39729.24384
2006000004863,45,1,25976.81328
2006000004863,9,0,-15279.71438
2006000008922,50,1,34381.0764
2006000009585,78,2,12461.23014
2006000009585,78,2,8251.458336
2006000014170,75,2,30560.9568
2006000014170,44,1,19100.598
2006000014170,42,1,9626.701392
2006000015445,64,2,20093.8291
2006000015445,62,2,2292.07176
2006000015871,64,2,15051.27122
2006000020419,63,1,19635.41474
2006000021443,53,1,47369.48304
2006000024879,53,1,29185.71374
2006000024879,50,1,649.420332
2006000032363,25,1,53481.6744
2006000033881,35,1,24563.36903
2006000033881,31,1,28268.88504
2006000039118,19,1,6112.19136
2006000039118,39,1,1375.243056
2006000043235,58,1,16128.54495
2006000045349,37,2,0
2006000045349,35,1,23707.66224
2006000050393,39,1,26740.8372
2006000050393,36,1,24448.76544
2006000050393,13,0,NA
2006000050393,3,0,-15279.71438
2006000057464,41,2,3285.302856
2006000057464,35,2,4999.772532
2006000057988,64,1,21087.06019
2006000057988,63,1,28498.09222
2006000060971,57,1,34381.0764
2006000060971,67,1,26740.8372
2006000064970,41,2,8633.470296
2006000064970,40,1,18030.96451
2006000064970,13,0,NA
2006000067898,38,1,31706.99268
2006000067898,70,2,7181.824848
2006000067898,35,1,24830.7774
2006000067898,32,1,19864.62192
2006000069211,41,2,6264.996144
2006000069211,15,0,3896.521992
2006000069211,12,0,NA
2006000069847,47,1,32089.00464
2006000069847,50,1,29032.90896
2006000071677,81,2,21316.26737
2006000071677,78,2,10696.33488
2006000073442,44,1,25212.78936
2006000073503,48,1,45841.4352
2006000073503,35,2,0
2006000077976,53,1,40493.26776
2006000078033,34,1,64178.00928
2006000078033,7,0,-15279.71438
2006000085117,33,1,40493.26776
2006000087127,28,1,12224.38272
2006000087127,30,1,23531.93674
2006000087127,4,0,-15279.71438
2006000089567,17,1,1146.03588
2006000094577,40,1,48133.50696
2006000094577,43,1,21392.66976
2006000094577,12,0,NA
2006000094577,9,0,-15279.71438
2006000095002,63,1,50425.57872
2006000096385,76,2,30408.15202
2006000104316,28,1,63413.98536
2006000104316,29,1,13752.43056
2006000104707,45,1,61121.9136
2006000104707,13,0,NA
2006000104707,10,0,NA
2006000108417,53,1,38201.196
2006000108417,53,1,38201.196
2006000109675,54,1,49661.5548
2006000109675,50,1,22156.69368
2006000114109,46,1,22920.7176
2006000114109,46,1,22920.7176
2006000114109,15,0,916.828704
2006000114109,13,0,NA
2006000117669,36,1,61121.9136
2006000117669,7,0,-15279.71438
2006000117669,4,0,-15279.71438
2006000120053,51,1,61580.32795
2006000120053,42,2,0
2006000123681,54,1,48133.50696
2006000123681,23,1,9091.884648
2006000130975,29,1,26740.8372
2006000130975,29,2,0
2006000130975,4,0,-15279.71438
2006000130975,0,0,NA
2006000131265,55,1,30560.9568
2006000131265,62,1,15280.4784
2006000131639,56,1,58065.81792
2006000131639,43,2,5271.765048
2006000132888,65,2,32700.22378
2006000132888,67,2,37589.97686
2006000134066,34,1,26740.8372
2006000134066,32,1,22156.69368
2006000134066,5,0,-15279.71438
2006000134066,5,0,-15279.71438
2006000135585,43,1,22847.3713
2006000136334,40,2,3972.924384
2006000136334,17,2,0
2006000136334,6,0,-15279.71438
2006000137822,45,2,76.402392
2006000137822,45,1,85570.67904
2006000138806,94,2,11307.55402
2006000138806,43,1,1757.255016
2006000138806,21,1,11918.77315
2006000138806,14,0,NA
2006000138940,56,1,73651.90589
2006000138940,25,1,19100.598
2006000138940,9,0,-15279.71438
2006000140019,67,1,4125.729168
2006000140427,55,1,33617.05248
2006000142791,26,1,38201.196
2006000142791,28,1,22920.7176
2006000150787,25,1,23684.74152
2006000150787,5,0,-15279.71438
2006000150787,2,0,-15279.71438
2006000155659,94,2,7258.22724
2006000159844,40,1,118423.7076
2006000159844,39,2,0
2006000159844,8,0,-15279.71438
2006000159844,8,0,-15279.71438
2006000160404,32,1,33624.69272
2006000160404,35,1,33639.9732
2006000162375,37,1,10085.11574
2006000162375,36,2,0
2006000162375,7,0,-15279.71438
2006000162375,37,2,5500.972224
2006000162812,43,1,20628.64584
2006000162812,39,2,0
2006000162812,20,1,12224.38272
2006000162812,16,1,12224.38272
2006000162812,5,0,-15279.71438
2006000162812,6,0,-15279.71438
2006000163881,29,1,23302.72956
2006000166788,40,1,33617.05248
2006000166788,36,1,22920.7176
2006000166788,6,0,-15279.71438
2006000166788,3,0,-15279.71438
2006000166788,0,0,NA
2006000166954,35,2,4507.741128
2006000166954,11,0,NA
2006000166954,9,0,-15279.71438
2006000170439,31,1,49661.5548
2006000170439,31,1,191.00598
2006000170439,1,0,NA
2006000172143,61,1,41639.30364
2006000172143,16,2,0
2006000176540,48,1,2215.669368
2006000177527,82,2,17343.34298
2006000179004,30,1,21392.66976
2006000179004,36,1,16044.50232
2006000186502,46,1,24448.76544
2006000189492,27,1,1069.633488
2006000189492,29,1,26740.8372
2006000190871,60,1,37437.17208
2006000190871,56,1,25976.81328
2006000191216,37,1,38965.21992
2006000191216,31,1,29032.90896
2006000195852,54,1,44427.99095
2006000195852,55,1,27588.90375
2006000203042,67,1,114603.588
2006000203975,41,1,8404.26312
2006000204318,62,1,50196.37154
2006000204318,48,1,49661.5548
2006000205435,29,1,22920.7176
2006000205435,28,1,22920.7176
2006000205435,23,1,18336.57408
2006000207388,30,1,30560.9568
2006000207388,25,1,183.3657408
2006000207388,3,0,-15279.71438
2006000207388,1,0,NA
2006000208471,32,1,53481.6744
2006000208471,30,1,6035.788968
2006000209408,82,2,4736.948304
2006000214373,75,2,8480.665512
2006000215094,50,1,63316.1903
2006000215094,50,1,320.8900464
2006000218378,71,1,20323.03627
2006000218378,68,2,3667.314816
2006000219504,72,2,12682.79707
2006000219504,64,2,48591.92131
2006000220135,30,1,18336.57408
2006000220135,36,1,29796.93288
2006000220135,26,1,4584.14352
2006000220135,25,1,45841.4352
2006000220135,24,1,19100.598
2006000225777,68,1,26588.03242
2006000225777,62,1,26817.23959
2006000229510,31,1,49050.33566
2006000229510,28,1,30560.9568
2006000229510,23,1,6112.19136
2006000231480,44,1,17572.55016
2006000231480,43,1,2368.474152
2006000231480,21,1,11383.95641
2006000231480,20,1,76.402392
2006000231480,18,1,221.5669368
2006000232005,32,1,534.816744
2006000232005,25,1,16426.51428
2006000232535,21,1,3820.1196
2006000233073,57,2,10619.93249
2006000233073,18,1,5424.569832
2006000237406,68,2,16884.92863
2006000238683,68,2,30560.9568
2006000238683,64,1,45841.4352
2006000242603,25,1,14516.45448
2006000243908,33,1,764.02392
2006000243908,37,1,26740.8372
2006000247183,27,1,22920.7176
2006000247183,28,1,11460.3588
2006000248590,70,2,19864.62192
2006000248590,46,1,15738.89275
2006000248590,44,1,1833.657408
2006000248590,45,1,19864.62192
2006000256148,64,1,4354.936344
2006000258480,34,1,29338.51853
2006000258480,35,1,11460.3588
2006000261358,48,1,47369.48304
2006000261860,48,1,30790.16398
2006000266125,67,1,14822.06405
2006000266125,58,1,32853.02856
2006000266125,22,1,3285.302856
2006000266125,23,1,6112.19136
2006000272512,35,1,30560.9568
2006000272512,3,0,-15279.71438
2006000272512,1,0,NA
2006000272512,87,2,4584.14352
2006000272512,62,2,3056.09568
2006000276635,45,1,15288.11864
2006000276635,48,1,20636.28608
2006000278307,60,2,17419.74538
2006000278307,56,1,34381.0764
2006000278307,15,0,0
2006000281401,45,1,20628.64584
2006000281401,39,1,9168.28704
2006000281401,10,0,NA
2006000281401,8,0,-15279.71438
2006000281981,47,1,45841.4352
2006000281981,78,2,0
2006000283750,48,2,12224.38272
2006000284964,36,1,10925.54206
2006000284964,36,1,35145.10032
2006000284964,5,0,-15279.71438
2006000284964,5,0,-15279.71438
2006000285315,81,2,18336.57408
2006000288016,33,1,32089.00464
2006000289200,38,1,34381.0764
2006000289200,44,1,91682.8704
2006000292721,45,1,21774.68172
2006000292721,42,1,16808.52624
2006000292721,11,0,NA
2006000292721,6,0,-15279.71438
2006000293094,38,1,4813.350696
2006000293094,33,1,6112.19136
2006000294226,23,1,916.828704
2006000294226,21,2,0
2006000294226,4,0,-15279.71438
2006000294293,62,1,22156.69368
2006000296200,28,1,9168.28704
2006000296200,7,0,-15279.71438
2006000296200,20,1,21851.08411
2006000296200,25,1,19482.60996
2006000297109,49,1,31477.7855
2006000297109,19,1,8404.26312
2006000297109,18,1,450.7741128
2006000299319,50,1,50540.18231
2006000299319,47,1,18642.18365
2006000303879,27,1,10696.33488
2006000303879,31,1,3820.1196
2006000306649,50,1,22156.69368
2006000306649,47,1,16044.50232
2006000306967,89,2,0
2006000307893,64,1,64942.0332
2006000307893,58,2,0
2006000315333,31,1,305.609568
2006000315333,28,2,0
2006000315333,0,0,NA
2006000315756,81,2,5004.356676
2006000315756,13,0,NA
2006000315756,11,0,NA
2006000315756,47,2,15433.28318
2006000315756,48,1,61351.12078
2006000317537,26,1,9168.28704
2006000320236,34,1,29032.90896
2006000320749,78,2,7640.2392
2006000321611,38,1,64942.0332
2006000321611,34,1,10696.33488
2006000321611,7,0,-15279.71438
2006000321611,5,0,-15279.71438
2006000321901,31,1,45841.4352
2006000321901,31,1,35145.10032
2006000321901,30,1,36673.14816
2006000323984,28,1,30560.9568
2006000323984,5,0,-15279.71438
2006000323984,27,1,20246.63388
2006000323984,29,1,15280.4784
2006000324348,56,1,29032.90896
2006000325281,29,1,11842.37076
2006000327346,55,1,76134.98363
2006000327346,50,1,19100.598
2006000329645,34,1,53481.6744
2006000330958,52,1,44313.38736
2006000330958,61,2,3590.912424
2006000332998,82,2,12912.00425
2006000335936,54,1,27504.86112
2006000335936,56,1,6112.19136
2006000335936,44,2,0
2006000335936,33,1,626.4996144
2006000338575,31,1,15891.69754
2006000338575,10,0,NA
2006000338575,1,0,NA
2006000338575,0,0,NA
2006000345302,62,2,17572.55016
2006000345302,55,1,22920.7176
2006000346439,43,1,19100.598
2006000346439,45,1,26740.8372
2006000346439,29,1,18183.7693
2006000348646,35,1,20628.64584
2006000348655,44,1,19100.598
2006000350031,79,2,6417.800928
2006000354754,60,2,9473.896608
2006000354754,39,1,19864.62192
2006000356539,80,2,62879.16862
2006000356539,79,2,7059.581021
2006000359072,60,2,0
2006000359459,26,1,19100.598
2006000359459,24,1,7640.2392
2006000359459,20,1,229.207176
2006000360362,65,1,13981.63774
2006000360362,60,1,18336.57408
2006000360631,36,2,9168.28704
2006000360631,4,0,-15279.71438
2006000367997,48,1,19100.598
2006000367997,13,0,NA
2006000369432,42,1,66088.06908
2006000371008,58,1,21392.66976
2006000371281,27,1,39882.04862
2006000375339,77,2,5500.972224
2006000375339,33,2,1833.657408
2006000378742,23,1,4966.15548
2006000378742,28,1,3667.314816
2006000378742,25,1,8404.26312
2006000379748,43,1,22920.7176
2006000379748,39,1,15280.4784
2006000379748,19,1,12988.40664
2006000379748,17,1,17572.55016
2006000379748,18,2,5500.972224
2006000381599,35,1,45077.41128
2006000381599,34,1,11460.3588
2006000381599,4,0,-15279.71438
2006000381599,3,0,-15279.71438
2006000383629,45,2,687.621528
2006000383629,56,2,13874.67439
2006000383708,45,1,6112.19136
2006000383708,47,1,30560.9568
2006000383708,1,0,NA
2006000386121,60,1,106199.3249
2006000386121,59,1,53481.6744
2006000388482,53,1,58142.22031
2006000388482,52,1,37360.76969
2006000394349,94,2,9932.31096
2006000395775,22,1,4087.527972
2006000395775,21,1,5348.16744
2006000396804,59,1,24448.76544
2006000396804,55,2,0
2006000396928,41,1,22920.7176
2006000396928,16,2,0
2006000400555,33,1,13523.22338
2006000401857,37,1,21087.06019
2006000401857,16,1,382.01196
2006000401857,31,1,12224.38272
2006000404351,29,1,13752.43056
2006000404351,31,1,12835.60186
2006000406614,52,1,35145.10032
2006000406614,47,2,14592.85687
2006000406614,23,2,5500.972224
2006000406859,38,1,30560.9568
2006000406859,30,1,30560.9568
2006000406859,2,0,-15279.71438
2006000411688,73,1,32776.62617
2006000411688,66,2,3285.302856
2006000412566,40,2,3132.498072
2006000416410,57,1,32089.00464
2006000416410,65,1,20628.64584
2006000419256,52,1,45841.4352
2006000421132,51,1,17725.35494
2006000421219,33,1,64942.0332
2006000421219,31,1,53481.6744
2006000421742,39,1,16808.52624
2006000421742,19,2,3820.1196
2006000422077,81,2,10925.54206
2006000426456,55,1,36673.14816
2006000426456,45,1,14516.45448
2006000426836,25,1,13370.4186
2006000426836,23,1,6876.21528
2006000426836,23,1,7640.2392
2006000429948,42,1,129884.0664
2006000429948,48,1,171141.3581
2006000430138,52,1,27504.86112
2006000430340,66,2,6188.593752
2006000431326,37,1,20170.23149
2006000431326,36,2,0
2006000431326,14,0,NA
2006000431326,8,0,-15279.71438
2006000431326,0,0,NA
2006000431326,52,1,20246.63388
2006000431508,52,1,12988.40664
2006000431508,56,1,1528.04784
2006000431508,21,1,634.1398536
2006000431633,33,1,29109.31135
2006000431633,38,1,67998.12888
2006000431633,2,0,-15279.71438
2006000439694,55,1,7793.043984
2006000439694,50,2,0
2006000439694,16,1,611.219136
2006000440051,42,1,30560.9568
2006000440554,24,1,22920.7176
2006000440554,24,1,11460.3588
2006000440721,41,1,16808.52624
2006000440721,30,2,0
2006000443588,40,1,26167.81926
2006000443588,47,1,19291.60398
2006000443885,31,1,16808.52624
2006000443885,45,1,11460.3588
2006000443885,6,0,-15279.71438
2006000443885,0,0,NA
2006000445131,39,2,3598.552663
2006000445131,40,1,75714.77047
2006000445131,4,0,-15279.71438
2006000446067,47,1,15280.4784
2006000446067,48,1,30560.9568
2006000446650,35,1,76402.392
2006000446650,33,1,39729.24384
2006000447161,60,2,8832.116515
2006000447446,59,2,19100.598
2006000451570,36,2,4278.533952
2006000451570,9,0,-15279.71438
2006000451570,0,0,NA
2006000455054,48,1,6876.21528
2006000455054,9,0,-15279.71438
2006000458539,27,1,12988.40664
2006000458539,5,0,-15279.71438
2006000458539,26,2,6952.617672
2006000458539,31,1,15280.4784
2006000463263,49,1,38201.196
2006000463314,44,2,15127.67362
2006000463314,14,0,NA
2006000463314,13,0,NA
2006000463314,12,0,NA
2006000463314,11,0,NA
2006000463875,30,1,11460.3588
2006000463875,25,1,34381.0764
2006000463875,29,1,11460.3588
2006000463908,61,1,37437.17208
2006000463908,18,1,6570.605712
2006000464185,23,1,25518.39893
2006000464185,21,1,3667.314816
2006000466498,28,1,131412.1142
2006000468015,86,2,11689.56598
2006000469309,43,1,60816.30403
2006000469309,48,1,5730.1794
2006000469309,10,0,NA
2006000469309,7,0,-15279.71438
2006000471129,51,2,5500.972224
2006000472117,55,1,38201.196
2006000472948,72,2,28727.29939
2006000472948,63,1,27504.86112
2006000474052,37,1,51189.60264
2006000475418,71,2,15662.49036
2006000478480,40,1,95502.99
2006000478480,15,0,0
2006000478480,15,0,0
2006000478480,56,1,4507.741128
2006000478480,46,2,0
2006000481104,35,1,8404.26312
2006000482801,44,1,4736.948304
2006000483265,45,1,71283.43174
2006000486934,17,1,8495.94599
2006000488395,65,1,45841.4352
2006000488419,64,2,19100.598
2006000488419,63,2,4584.14352
2006000488419,27,1,1680.852624
2006000489578,54,1,15280.4784
2006000492047,41,1,36673.14816
2006000492047,42,1,20628.64584
2006000492047,15,0,0
2006000493089,27,1,25212.78936
2006000493969,38,1,84042.6312
2006000493969,10,0,NA
2006000494750,48,1,76402.392
2006000494750,48,1,32089.00464
2006000494750,94,2,0
2006000494750,90,2,7181.824848
2006000494750,85,2,0
2006000494750,75,2,15738.89275
2006000496897,38,1,15280.4784
2006000496897,36,1,8404.26312
2006000496897,16,2,0
2006000496897,3,0,-15279.71438
2006000496897,0,0,NA
2006000501158,53,1,24601.57022
2006000501158,49,1,21545.47454
2006000501158,21,1,9168.28704
2006000501158,15,0,0
2006000502355,25,1,8404.26312
2006000502355,26,1,26740.8372
2006000502355,7,0,-15279.71438
2006000511066,46,1,22920.7176
2006000514348,45,1,2139.266976
2006000514999,40,1,22920.7176
2006000515380,46,2,0
2006000515577,71,2,17496.14777
2006000515577,30,1,19100.598
2006000515577,27,1,19100.598
2006000515577,21,1,6876.21528
2006000519961,28,1,22920.7176
2006000519961,21,1,11460.3588
2006000523927,28,1,8251.458336
2006000523927,8,0,-15279.71438
2006000523927,2,0,-15279.71438
2006000523927,27,2,0
2006000523966,31,1,13752.43056
2006000523966,31,1,44313.38736
2006000524520,34,2,0
2006000524520,35,1,19100.598
2006000524520,6,0,-15279.71438
2006000524520,1,0,NA
2006000526601,58,1,61121.9136
2006000526601,54,1,26740.8372
2006000526868,56,1,16044.50232
2006000526868,50,1,14516.45448
2006000526868,27,1,27504.86112
2006000526868,26,1,19100.598
2006000526868,21,1,16732.12385
2006000526868,75,2,0
2006000527141,63,1,51266.00503
2006000528759,59,1,52725.29072
2006000528759,60,1,26588.03242
2006000528759,28,2,0
2006000531714,55,1,51189.60264
2006000533968,29,1,10696.33488
2006000534416,89,2,17190.5382
2006000534416,84,2,3820.1196
2006000534639,37,1,19482.60996
2006000534639,45,1,6112.19136
2006000534907,28,1,20277.19484
2006000534907,37,1,152.804784
2006000535589,49,1,9932.31096
2006000535589,26,1,7640.2392
2006000535589,26,1,39118.0247
2006000538673,64,2,29644.1281
2006000539181,39,1,32089.00464
2006000539335,36,1,27504.86112
2006000539701,30,1,12086.85841
2006000539701,32,1,24754.37501
2006000548119,40,2,0
2006000548119,40,1,15280.4784
2006000549904,48,2,9168.28704
2006000550160,22,2,0
2006000550160,22,2,0
2006000550160,21,2,0
2006000555462,23,1,19864.62192
2006000555462,23,1,5348.16744
2006000556947,45,1,45841.4352
2006000556947,45,2,0
2006000556947,14,0,NA
2006000556947,4,0,-15279.71438
2006000559887,41,1,29032.90896
2006000559887,38,1,27122.84916
2006000561127,48,1,40493.26776
2006000561127,18,1,229.207176
2006000561127,15,0,0
2006000563756,21,1,8175.055944
2006000563756,30,1,1146.03588
2006000571638,82,2,9550.299
2006000573154,81,2,86487.50774
2006000573169,80,2,20475.84106
2006000573169,20,1,7411.032024
2006000573616,59,2,40493.26776
2006000573701,53,1,55773.74616
2006000573701,51,1,41257.29168
2006000573701,16,1,1833.657408
2006000574519,34,1,30560.9568
2006000575585,33,1,21392.66976
2006000575585,25,1,21392.66976
2006000575714,40,1,30713.76158
2006000575714,38,2,0
2006000575714,9,0,-15279.71438
2006000575714,5,0,-15279.71438
2006000577936,55,1,5500.972224
2006000577936,19,1,16808.52624
2006000577936,1,0,NA
2006000581986,44,1,29032.90896
2006000581986,41,2,12224.38272
2006000581986,2,0,-15279.71438
2006000585819,32,2,6264.996144
2006000585819,29,2,0
2006000585819,28,2,0
2006000585819,26,2,0
2006000585819,22,2,0
2006000588644,70,2,5500.972224
2006000588644,65,2,5882.984184
2006000598261,33,1,32853.02856
2006000598645,63,1,76402.392
2006000599930,41,1,76402.392
2006000601247,38,1,53558.07679
2006000601247,39,1,61121.9136
2006000601247,7,0,-15279.71438
2006000601247,4,0,-15279.71438
2006000603521,55,1,39729.24384
2006000603521,58,1,7640.2392
2006000603521,83,2,12529.99229
2006000604080,51,1,38224.11672
2006000604080,51,1,30560.9568
2006000604080,21,1,13523.22338
2006000608367,65,1,18336.57408
2006000608394,40,2,10023.99383
2006000609178,35,1,8251.458336
2006000609178,11,0,NA
2006000609772,29,1,56614.17247
2006000609772,29,1,68838.55519
2006000612161,85,2,14592.85687
2006000612161,88,2,8939.079864
2006000612590,32,1,30568.59704
2006000615292,78,2,77777.63506
2006000615292,63,1,201702.3149
2006000615644,28,1,36673.14816
2006000615644,31,1,35909.12424
2006000615644,0,0,NA
2006000616196,29,1,12606.39468
2006000616196,0,0,NA
2006000616196,26,2,0
2006000616211,28,1,152.804784
2006000616211,28,1,15280.4784
2006000620030,73,2,12988.40664
2006000620030,71,2,4354.936344
2006000620535,49,1,20628.64584
2006000620535,14,0,NA
2006000620647,32,1,12988.40664
2006000624688,32,1,51953.62656
2006000627075,84,2,14363.6497
2006000627075,81,2,8939.079864
2006000628568,50,1,19100.598
2006000631464,30,1,79458.48768
2006000631464,30,1,31324.98072
2006000637441,47,1,10696.33488
2006000637441,54,1,11085.98708
2006000637441,40,1,44313.38736
2006000637457,46,1,30560.9568
2006000637457,0,0,NA
2006000637457,2,0,-15279.71438
2006000637457,30,1,2444.876544
2006000637457,6,0,-15279.71438
2006000637475,49,1,51266.00503
2006000637475,53,1,51281.28551
2006000638085,20,1,1528.04784
2006000639888,37,1,14516.45448
2006000640277,18,2,0
2006000643304,36,1,993.231096
2006000643304,36,1,12224.38272
2006000643304,10,0,NA
2006000643304,8,0,-15279.71438
2006000643304,2,0,-15279.71438
2006000647337,68,1,10344.88388
2006000653053,72,2,22997.11999
2006000653372,40,1,15280.4784
2006000653372,41,2,15280.4784
2006000653372,3,0,-15279.71438
2006000654390,56,1,22156.69368
2006000654390,17,1,3820.1196
2006000654390,15,0,0
2006000656172,40,1,38583.20796
2006000656172,38,2,0
2006000656172,5,0,-15279.71438
2006000659222,88,2,12224.38272
2006000659222,88,2,19253.40278
2006000662152,25,1,7640.2392
2006000662152,23,1,7640.2392
2006000663283,33,1,104060.0579
2006000663283,31,2,0
2006000663283,0,0,NA
2006000664318,58,1,53542.79631
2006000664318,56,2,0
2006000665015,50,2,17266.94059
2006000671925,41,1,22003.8889
2006000671925,8,0,-15279.71438
2006000672580,49,1,48133.50696
2006000681934,37,1,22920.7176
2006000681934,12,0,NA
2006000681934,9,0,-15279.71438
2006000681934,34,2,0
2006000686857,26,1,32089.00464
2006000688113,55,1,115138.4047
2006000692325,62,1,62061.66302
2006000692325,62,1,15051.27122
2006000695205,57,1,30560.9568
2006000695205,22,1,1528.04784
2006000695205,54,1,28345.28743
2006000700739,34,1,7640.2392
2006000700739,34,2,152.804784
2006000700894,59,1,22485.22397
2006000700894,47,1,2903.290896
2006000702659,55,1,96649.02588
2006000702659,57,1,23684.74152
2006000703122,76,1,8327.860728
2006000706762,50,1,16808.52624
2006000706762,56,1,55009.72224
2006000706762,24,1,17957.61822
2006000706762,16,1,320.8900464
2006000706762,25,1,21453.79167
2006000707500,38,1,64942.0332
2006000707500,35,1,64945.0893
2006000708113,27,1,6112.19136
2006000709246,30,1,31493.06598
2006000710192,86,2,4125.729168
2006000711161,75,2,10314.32292
2006000711161,53,2,0
2006000711161,71,2,916.828704
2006000711185,46,1,15280.4784
2006000711185,38,1,22920.7176
2006000712701,61,2,59593.86576
2006000713072,18,1,3995.845102
2006000714378,43,1,17572.55016
2006000714771,39,1,29101.67111
2006000714771,39,1,45841.4352
2006000714771,18,1,2292.07176
2006000714771,14,0,NA
2006000714771,4,0,-15279.71438
2006000715564,52,1,50425.57872
2006000721505,52,2,0
2006000721505,52,2,0
2006000723164,49,1,38201.196
2006000723164,55,1,19100.598
2006000723164,13,0,NA
2006000723164,9,0,-15279.71438
2006000723658,86,2,35374.3075
2006000723658,88,2,24983.58218
2006000728075,27,1,27504.86112
2006000728075,26,1,45841.4352
2006000733083,34,1,24448.76544
2006000733083,14,0,NA
2006000733083,13,0,NA
2006000736051,40,1,15280.4784
2006000736051,30,2,0
2006000739127,80,2,0
2006000740050,62,1,34915.89314
2006000740050,45,1,6112.19136
2006000742533,32,1,99323.1096
2006000742533,31,2,0
2006000742533,2,0,-15279.71438
2006000742533,1,0,NA
2006000742533,1,0,NA
2006000742909,54,1,42785.33952
2006000742909,68,2,10085.11574
2006000744245,30,1,30576.23728
2006000744245,29,1,3056.09568
2006000745659,40,1,26740.8372
2006000745659,29,1,28268.88504
2006000745659,18,2,0
2006000745659,11,0,NA
2006000745659,9,0,-15279.71438
2006000745659,6,0,-15279.71438
2006000746161,17,1,6723.410496
2006000746401,50,1,25999.734
2006000746401,11,0,NA
2006000747901,57,1,236847.4152
2006000747901,53,1,26740.8372
2006000748268,23,1,19788.21953
2006000748268,20,1,15280.4784
2006000748268,28,1,13752.43056
2006000748268,24,1,15280.4784
2006000748802,46,2,0
2006000749077,36,1,18336.57408
2006000749077,5,0,-15279.71438
2006000749077,4,0,-15279.71438
2006000749077,32,1,10849.13966
2006000749766,29,1,30560.9568
2006000749766,35,1,1528.04784
2006000752678,50,1,26740.8372
2006000752678,20,1,2292.07176
2006000759886,31,1,30560.9568
2006000764261,71,2,11842.37076
2006000765426,78,2,17496.14777
2006000766691,46,1,30576.23728
2006000766691,45,1,38201.196
2006000767208,58,1,39729.24384
2006000771773,54,1,27504.86112
2006000771773,15,0,916.828704
2006000771773,8,0,-15279.71438
2006000771773,52,2,0
2006000775787,53,1,36138.33142
2006000775888,45,1,38201.196
2006000775888,40,1,91682.8704
2006000775888,10,0,NA
2006000776250,83,2,11460.3588
2006000776430,36,1,6876.21528
2006000776430,43,1,15280.4784
2006000776430,13,0,NA
2006000776430,10,0,NA
2006000776982,24,1,11918.77315
2006000776982,28,1,12988.40664
2006000776982,26,1,12988.40664
2006000776982,26,1,15280.4784
2006000776982,25,1,10085.11574
2006000778922,47,2,0
2006000778922,49,1,61121.9136
2006000778922,12,0,NA
2006000779686,55,1,5500.972224
2006000779686,22,1,15280.4784
2006000781758,62,1,21094.70043
2006000781758,62,1,5676.697726
2006000785003,44,1,21239.86498
2006000785003,42,1,1757.255016
2006000785027,71,2,23761.14391
2006000785027,69,1,56537.77008
2006000786299,24,1,15280.4784
2006000791913,29,1,22920.7176
2006000791913,31,1,19100.598
2006000791913,0,0,NA
2006000792034,65,2,9626.701392
2006000792034,26,1,6723.410496
2006000795111,26,1,22920.7176
2006000795111,28,1,72582.2724
2006000804368,56,2,30560.9568
2006000804368,57,1,9168.28704
2006000804595,94,2,4584.14352
2006000806434,30,1,9473.896608
2006000806434,22,1,7334.629632
2006000808860,35,1,44313.38736
2006000808860,37,1,41257.29168
2006000808860,34,2,0
2006000809541,37,2,2826.888504
2006000811720,23,1,2292.07176
2006000813346,35,1,27504.86112
2006000813346,37,1,22920.7176
2006000818404,75,2,13599.62578
2006000818404,78,2,40416.86537
2006000821859,42,1,38201.196
2006000821859,36,1,19100.598
2006000821859,18,2,0
2006000821859,13,0,NA
2006000821859,16,2,0
2006000822643,62,2,6876.21528
2006000822891,24,1,4966.15548
2006000829514,37,1,34763.08836
2006000829514,37,1,7640.2392
2006000829514,13,0,NA
2006000829514,11,0,NA
2006000831199,94,2,12835.60186
2006000835973,34,1,16808.52624
2006000836476,38,1,4668.186151
2006000836476,39,2,11391.59665
2006000836476,8,0,-15279.71438
2006000836476,6,0,-15279.71438
2006000838724,64,1,18794.98843
2006000838895,47,1,11613.16358
2006000839065,40,1,114603.588
2006000839065,35,2,0
2006000839065,0,0,NA
2006000842307,32,1,36673.14816
2006000842307,30,1,35909.12424
2006000845807,29,1,8404.26312
2006000846409,79,2,18794.98843
2006000846433,24,1,26740.8372
2006000846433,21,1,12988.40664
2006000848644,41,1,11078.34684
2006000848908,47,1,45841.4352
2006000848908,12,0,NA
2006000848908,8,0,-15279.71438
2006000848908,7,0,-15279.71438
2006000853296,37,1,10008.71335
2006000853296,43,1,61121.9136
2006000853296,11,0,NA
2006000853296,10,0,NA
2006000862084,37,1,15280.4784
2006000862084,40,1,38201.196
2006000862084,2,0,-15279.71438
2006000863611,60,2,30255.34723
2006000863611,53,2,11001.94445
2006000866459,88,2,14363.6497
2006000866459,83,2,6647.008104
2006000866938,55,2,9626.701392
2006000870448,24,1,11460.3588
2006000870448,5,0,-15279.71438
2006000870448,3,0,-15279.71438
2006000870448,26,2,0
2006000871009,84,2,47063.87347
2006000871407,60,1,32012.60225
2006000878588,49,1,840.426312
2006000878588,51,1,57439.31831
2006000878588,23,1,9473.896608
2006000878588,21,1,7411.032024
2006000878588,16,2,0
2006000878729,28,1,14287.2473
2006000878729,36,1,13752.43056
2006000878729,9,0,-15279.71438
2006000878729,6,0,-15279.71438
2006000878729,3,0,-15279.71438
2006000881443,76,2,3667.314816
2006000881467,83,2,5577.374616
2006000886102,24,1,11460.3588
2006000886102,19,2,0
2006000886129,55,2,23302.72956
2006000886129,56,2,18339.63018
2006000889358,49,2,2597.681328
2006000889358,51,1,1298.840664
2006000891152,84,2,8251.458336
2006000892514,70,1,123237.0583
2006000892514,59,2,6876.21528
2006000892514,35,1,38201.196
2006000892514,14,0,NA
2006000894239,25,1,37437.17208
2006000894239,32,1,15586.08797
2006000894239,18,2,1298.840664
2006000894239,17,1,611.219136
2006000894239,13,0,NA
2006000894239,6,0,-15279.71438
2006000894239,50,2,5500.972224
2006000894239,49,2,6417.800928
2006000898327,24,2,0
2006000898327,28,1,61121.9136
2006000898327,5,0,-15279.71438
2006000898327,3,0,-15279.71438
2006000901886,45,1,46085.92285
2006000902861,62,2,9168.28704
2006000902861,59,2,10696.33488
2006000903832,34,1,53489.31464
2006000903832,36,1,5348.16744
2006000903832,11,0,NA
2006000903832,8,0,-15279.71438
2006000906053,84,2,15051.27122
2006000907457,58,1,90154.82256
2006000907665,54,1,59211.8538
2006000907665,53,1,27504.86112
2006000907665,24,2,0
2006000910130,29,1,26740.8372
2006000910130,30,1,7640.2392
2006000910130,4,0,-15279.71438
2006000910130,3,0,-15279.71438
2006000910130,0,0,NA
2006000911673,41,1,38277.59839
2006000913551,28,1,6035.788968
2006000913551,29,1,26740.8372
2006000913551,10,0,NA
2006000913551,4,0,-15279.71438
2006000913551,3,0,-15279.71438
2006000914662,38,1,57301.794
2006000914662,14,0,NA
2006000914662,56,1,34381.0764
2006000919556,44,1,34381.0764
2006000920128,57,1,72773.27838
2006000920128,52,1,6876.21528
2006000921888,59,2,0
2006000921888,58,1,221566.9368
2006000924704,25,1,1146.03588
2006000924704,33,1,6417.800928
2006000924704,73,2,3667.314816
2006000924704,68,2,7334.629632
2006000924704,28,2,0
2006000924704,6,0,-15279.71438
2006000924704,3,0,-15279.71438
2006000926497,29,1,18336.57408
2006000926822,47,1,38201.196
2006000926822,45,2,8480.665512
2006000926822,9,0,-15279.71438
2006000926822,6,0,-15279.71438
2006000926822,5,0,-15279.71438
2006000926855,45,1,230735.2238
2006000928192,43,1,38201.196
2006000928192,16,2,0
2006000928192,15,0,0
2006000928192,13,0,NA
2006000928192,11,0,NA
2006000929187,34,1,34381.0764
2006000929865,83,2,59899.47533
2006000930085,23,1,10085.11574
2006000930085,2,0,-15279.71438
2006000930085,25,1,9168.28704
2006000931925,71,1,17343.34298
2006000931925,73,1,4354.936344
2006000931925,71,1,687.621528
2006000931925,58,1,13752.43056
2006000931925,56,1,12988.40664
2006000931925,22,2,0
2006000932523,52,1,7640.2392
2006000932523,53,1,57301.794
2006000938013,70,2,4966.15548
2006000938013,50,1,2521.278936
2006000942058,58,1,36902.35534
2006000944589,50,1,67998.12888
2006000944589,52,1,22920.7176
2006000944589,11,0,NA
2006000944589,7,0,-15279.71438
2006000946204,55,1,54245.69832
2006000946204,76,2,11001.94445
2006000946204,74,2,4125.729168
2006000946204,47,2,7640.2392
2006000946204,29,1,1451.645448
2006000946204,1,0,NA
2006000947872,74,2,29262.11614
2006000950908,84,2,20781.45062
2006000950908,76,1,13294.01621
2006000950981,39,1,28268.88504
2006000950981,10,0,NA
2006000950981,8,0,-15279.71438
2006000950981,46,1,30560.9568
2006000954539,42,1,30560.9568
2006000954539,32,1,22920.7176
2006000957038,53,1,33617.05248
2006000957038,58,1,22920.7176
2006000957038,31,1,19100.598
2006000957038,10,0,NA
2006000959438,41,1,764.02392
2006000959438,41,1,42785.33952
2006000959438,0,0,NA
2006000962703,58,1,13752.43056
2006000963781,49,1,80986.53552
2006000963781,50,1,57301.794
2006000963781,25,1,20628.64584
2006000963781,21,1,3514.510032
2006000964382,52,1,24448.76544
2006000964382,53,1,13752.43056
2006000964382,23,1,20628.64584
2006000964382,77,2,4125.729168
2006000964512,72,2,13599.62578
2006000964512,65,2,1528.04784
2006000966622,61,1,66470.08104
2006000966622,62,2,48744.7261
2006000968036,41,1,31172.17594
2006000968036,42,1,25059.98458
2006000968036,5,0,-15279.71438
2006000968036,3,0,-15279.71438
2006000970341,55,1,916.828704
2006000971037,34,1,9626.701392
2006000971037,8,0,-15279.71438
2006000971037,5,0,-15279.71438
2006000971037,3,0,-15279.71438
2006000971037,1,0,NA
2006000971037,37,1,3743.717208
2006000971237,27,1,30560.9568
2006000971237,33,1,22920.7176
2006000972987,56,1,45841.4352
2006000973168,36,1,7640.2392
2006000973168,42,1,3104.993211
2006000973168,12,0,NA
2006000973274,50,1,19100.598
2006000973274,43,1,61121.9136
2006000973274,21,1,2215.669368
2006000973274,19,1,4584.14352
2006000973274,16,2,0
2006000973274,9,0,-15279.71438
2006000973274,51,1,36214.73381
2006000976854,31,1,3056.09568
2006000976854,30,2,0
2006000977490,40,1,3056.09568
2006000979099,57,1,91682.8704
2006000983325,64,2,41028.0845
2006000983325,17,1,9397.494216
2006000983352,26,1,5424.569832
2006000983352,1,0,NA
2006000983352,26,1,27657.6659
2006000985092,55,1,76402.392
2006000985092,53,1,30560.9568
2006000985092,20,1,7640.2392
2006000985092,14,0,NA
2006000985770,84,2,8404.26312
2006000985976,49,1,51953.62656
2006000985976,51,1,49661.5548
2006000985976,12,0,NA
2006000986922,25,1,22943.63832
2006000986922,27,1,15280.4784
2006000987328,42,1,1528.04784
2006000987545,61,1,27504.86112
2006000990443,55,1,24143.15587
2006000990443,57,1,13676.02817
2006000991849,72,2,9168.28704
2006000991849,21,1,13905.23534
2006000992857,34,1,36673.14816
2006000992857,33,1,152.804784
2006000992857,1,0,NA
2006000994683,52,1,22920.7176
2006000996084,50,1,22920.7176
2006000996084,22,1,2826.888504
2006000996084,19,1,4431.338736
2006000996084,18,1,404.9326776
2006000996084,1,0,NA
2006000999095,94,2,12377.1875
2006001008277,42,1,32853.02856
2006001008277,48,1,31324.98072
2006001008277,9,0,-15279.71438
2006001008277,6,0,-15279.71438
2006001009513,36,1,22920.7176
2006001009513,36,1,61121.9136
2006001009513,9,0,-15279.71438
2006001012067,32,1,45841.4352
2006001012067,33,1,32089.00464
2006001012067,3,0,-15279.71438
2006001013988,40,1,21392.66976
2006001014868,57,1,61121.9136
2006001014868,42,1,63413.98536
2006001017707,65,2,1604.450232
2006001019472,69,2,9244.689432
2006001019472,69,2,12988.40664
2006001019472,29,2,0
2006001020483,66,2,23073.52238
2006001020483,73,2,24754.37501
2006001022508,70,1,57301.794
2006001022508,37,1,916.828704
2006001022508,34,1,8404.26312
2006001024027,54,1,11460.3588
2006001024027,54,1,30560.9568
2006001026475,24,1,7640.2392
2006001026475,21,1,573.01794
2006001027372,85,2,3285.302856
2006001028572,56,1,22920.7176
2006001028572,58,1,30560.9568
2006001035222,25,1,2903.290896
2006001035222,26,1,9168.28704
2006001037033,86,2,16579.31906
2006001037033,54,2,6799.812888
2006001039823,36,1,71283.43174
2006001039823,35,2,0
2006001039823,5,0,-15279.71438
2006001039823,3,0,-15279.71438
2006001039823,1,0,NA
2006001040937,44,1,24448.76544
2006001040937,38,2,0
2006001040937,15,0,0
2006001040937,4,0,-15279.71438
2006001041981,39,1,35527.11228
2006001042629,78,2,9091.884648
2006001042629,5,0,-15279.71438
2006001043862,72,2,23226.32717
2006001043862,67,2,4813.350696
2006001046571,37,2,0
2006001046571,46,1,42021.3156
2006001046571,16,2,0
2006001046571,7,0,-15279.71438
2006001046571,4,0,-15279.71438
2006001046756,24,1,30560.9568
2006001048159,34,1,22920.7176
2006001048464,70,2,10161.51814
2006001050956,21,1,9855.908568
2006001050956,20,1,573.01794
2006001054421,45,1,15280.4784
2006001054421,44,1,8939.079864
2006001054421,14,0,NA
2006001057215,30,1,32089.00464
2006001057215,13,0,NA
2006001057215,27,1,32089.00464
2006001058458,22,1,1528.04784
2006001060356,33,1,19482.60996
2006001068261,50,1,15280.4784
2006001068261,54,1,39729.24384
2006001068346,80,2,0
2006001069161,36,1,54627.71028
2006001069161,38,2,1146.03588
2006001069161,4,0,-15279.71438
2006001069161,1,0,NA
2006001069960,36,1,137524.3056
2006001069960,5,0,-15279.71438
2006001069960,3,0,-15279.71438
2006001071363,33,1,28650.897
2006001072967,60,1,12071.57794
2006001073197,47,1,55957.1119
2006001075199,73,2,17725.35494
2006001075199,48,2,0
2006001077088,77,2,22156.69368
2006001077088,71,2,6264.996144
2006001088292,58,1,160445.0232
2006001088292,56,1,764.02392
2006001088292,17,1,764.02392
2006001092223,66,2,11001.94445
2006001092223,75,2,8022.25116
2006001093019,35,1,16808.52624
2006001093019,7,0,-15279.71438
2006001093019,29,1,15738.89275
2006001100034,38,1,9932.31096
2006001100034,44,1,13752.43056
2006001100034,14,0,NA
2006001100034,12,0,NA
2006001101359,78,2,4584.14352
2006001102588,83,2,10314.32292
2006001104558,40,1,29071.11016
2006001104558,51,1,68800.354
2006001104558,8,0,-15279.71438
2006001104558,3,0,-15279.71438
2006001108742,40,1,115749.6239
2006001108742,42,1,129884.0664
2006001108742,1,0,NA
2006001109851,50,1,10696.33488
2006001109851,43,2,9168.28704
2006001110219,74,2,840.426312
2006001110219,44,1,420.213156
2006001111550,18,1,1146.03588
2006001112139,81,2,32394.61421
2006001112139,77,2,2674.08372
2006001112139,73,2,1375.243056
2006001112452,55,1,36673.14816
2006001112452,49,1,26740.8372
2006001125339,76,1,30560.9568
2006001125339,50,1,19100.598
2006001125339,17,1,305.609568
2006001127688,46,1,38201.196
2006001127688,47,1,47369.48304
2006001127688,16,1,198.6462192
2006001128524,49,1,35603.51467
2006001128524,25,2,5271.765048
2006001136066,62,1,55009.72224
2006001140158,33,1,23379.13195
2006001140158,29,1,22920.7176
2006001141439,49,1,3820.1196
2006001141439,14,0,NA
2006001141439,11,0,NA
2006001141546,67,2,25441.99654
2006001141546,68,2,25900.41089
2006001147187,65,2,0
2006001152819,74,1,26840.16031
2006001152819,44,1,10719.2556
2006001153726,51,1,13755.48666
2006001156258,30,1,22997.11999
2006001156258,35,1,25212.78936
2006001156581,39,1,8709.872688
2006001156581,23,1,1833.657408
2006001156581,17,2,0
2006001157053,26,1,5348.16744
2006001157053,5,0,-15279.71438
2006001157125,77,2,55850.14855
2006001159096,50,1,2292.07176
2006001159096,24,1,2368.474152
2006001159096,12,0,NA
2006001161488,29,1,-2292.07176
2006001161488,9,0,-15279.71438
2006001164659,43,1,16426.51428
2006001164659,40,1,25212.78936
2006001164659,15,0,0
2006001164659,14,0,NA
2006001165995,44,1,24449.52946
2006001166093,64,2,13446.82099
2006001167651,66,1,12629.3154
2006001167651,60,1,24318.88137
2006001168469,21,1,11460.3588
2006001168469,7,0,-15279.71438
2006001168469,6,0,-15279.71438
2006001168469,4,0,-15279.71438
2006001168469,29,1,9932.31096
2006001174783,33,1,32089.00464
2006001174783,28,1,12988.40664
2006001174798,36,2,0
2006001174798,32,1,34381.0764
2006001179498,47,1,24448.76544
2006001179498,40,1,36673.14816
2006001182084,65,1,24372.36305
2006001182084,68,1,7945.848768
2006001185726,50,1,58829.84184
2006001187845,24,1,13752.43056
2006001187845,6,0,-15279.71438
2006001187845,4,0,-15279.71438
2006001187845,0,0,NA
2006001188608,28,1,9473.896608
2006001188961,49,1,19100.598
2006001188961,20,1,5348.16744
2006001188961,48,1,7640.2392
2006001190431,31,1,2292.07176
2006001191810,31,1,34381.0764
2006001191810,15,0,0
2006001195927,42,1,15280.4784
2006001195927,52,1,31172.17594
2006001196148,56,1,153.5688079
2006001198893,48,1,16044.50232
2006001198893,18,1,2292.07176
2006001202257,40,1,22920.7176
2006001203307,25,1,229.207176
2006001205426,54,1,28673.81772
2006001207709,62,1,68762.1528
2006001207709,36,1,26740.8372
2006001207709,60,1,30560.9568
2006001214671,30,2,0
2006001214671,28,2,0
2006001215406,36,1,29185.71374
2006001215406,37,1,55086.12463
2006001215406,2,0,-15279.71438
2006001216029,42,1,32089.00464
2006001216029,42,1,32089.00464
2006001216029,20,1,2292.07176
2006001216029,15,0,0
2006001216029,13,0,NA
2006001220129,55,2,36673.14816
2006001220129,67,2,33617.05248
2006001221485,67,1,26358.82524
2006001221485,76,2,16044.50232
2006001225441,29,1,6112.19136
2006001225441,9,0,-15279.71438
2006001225441,3,0,-15279.71438
2006001225601,27,1,40493.26776
2006001226239,36,1,30560.9568
2006001226239,36,2,0
2006001226239,7,0,-15279.71438
2006001226239,4,0,-15279.71438
2006001226239,0,0,NA
2006001226239,33,1,38201.196
2006001226239,25,1,3820.1196
2006001226239,8,0,-15279.71438
2006001226239,2,0,-15279.71438
2006001226239,2,0,-15279.71438
2006001226599,32,1,79458.48768
2006001227042,42,1,5348.16744
2006001227042,18,1,2521.278936
2006001234125,44,1,18336.57408
2006001234125,40,2,0
2006001234125,19,2,0
2006001234125,14,0,NA
2006001234125,9,0,-15279.71438
2006001234125,5,0,-15279.71438
2006001234125,3,0,-15279.71438
2006001234660,63,2,2062.864584
2006001235568,51,1,22920.7176
2006001239889,54,1,3820.1196
2006001239889,57,1,62649.96144
2006001239889,17,2,0
2006001241119,63,1,25174.58816
2006001241119,61,1,25212.78936
2006001241119,25,1,8060.452356
2006001241119,2,0,-15279.71438
2006001241119,1,0,NA
2006001242110,35,1,30560.9568
2006001248192,75,2,10619.93249
2006001248440,52,1,29796.93288
2006001252160,54,1,27581.26351
2006001253298,21,1,2597.681328
2006001253298,31,1,19100.598
2006001254996,65,2,13523.22338
2006001257329,79,2,1528.04784
2006001257510,53,1,23554.85745
2006001258643,55,2,0
2006001258643,51,1,7640.2392
2006001259006,28,1,36673.14816
2006001259006,27,1,34411.63736
2006001259006,5,0,-15279.71438
2006001259195,59,2,15356.88079
2006001260049,52,1,23913.9487
2006001260049,49,2,5500.972224
2006001261947,94,2,0
2006001264998,21,1,5730.1794
2006001264998,21,1,3056.09568
2006001264998,21,1,4989.076198
2006001264998,20,1,3820.1196
2006001264998,20,1,5348.16744
2006001267533,46,1,8404.26312
2006001267533,47,1,38812.41514
2006001267533,17,1,764.02392
2006001267533,10,0,NA
2006001267533,19,1,2750.486112
2006001267686,34,1,11460.3588
2006001267686,9,0,-15279.71438
2006001267686,7,0,-15279.71438
2006001267686,42,1,6876.21528
2006001268053,52,1,49661.5548
2006001268053,50,1,34381.0764
2006001268160,64,2,42556.13234
2006001274369,27,1,16732.12385
2006001274369,6,0,-15279.71438
2006001276043,28,1,6112.19136
2006001276043,24,1,15280.4784
2006001282426,68,1,2597.681328
2006001282426,65,1,11001.94445
2006001282426,15,0,0
2006001293660,64,1,10696.33488
2006001293660,20,1,15815.29514
2006001294093,25,1,15280.4784
2006001294093,28,1,18336.57408
2006001295138,28,1,8404.26312
2006001295138,29,1,15280.4784
2006001295359,52,1,89008.78668
2006001295359,56,1,19100.598
2006001295359,25,1,8022.25116
2006001299252,70,2,26282.42285
2006001300655,82,2,7029.020064
2006001301000,29,1,12224.38272
2006001302570,55,1,37819.18404
2006001302570,56,1,50272.77394
2006001306761,42,1,57301.794
2006001306761,7,0,-15279.71438
2006001306808,36,1,3208.900464
2006001306808,8,0,-15279.71438
2006001307168,55,1,35145.10032
2006001307646,50,1,19100.598
2006001309597,21,1,764.02392
2006001309597,21,1,15280.4784
2006001311056,77,2,57913.01314
2006001311541,80,2,19100.598
2006001311541,83,2,25518.39893
2006001318664,37,1,31248.57833
2006001318664,17,2,2826.888504
2006001318664,14,0,NA
2006001318664,11,0,NA
2006001321182,36,1,51953.62656
2006001321182,35,2,0
2006001321182,13,0,NA
2006001321182,9,0,-15279.71438
2006001321182,6,0,-15279.71438
2006001323464,46,1,22920.7176
2006001323464,47,1,16808.52624
2006001326470,30,1,38201.196
2006001326470,31,1,15280.4784
2006001326470,4,0,-15279.71438
2006001327020,85,2,39882.04862
2006001327020,85,2,8786.27508
2006001328548,48,1,9168.28704
2006001330392,37,1,20246.63388
2006001330392,17,2,0
2006001330392,16,2,0
2006001332155,77,1,11001.94445
2006001334821,27,1,22156.69368
2006001334821,25,1,19100.598
2006001335924,21,1,3820.1196
2006001337159,43,2,0
2006001339070,21,1,916.828704
2006001339801,52,2,22.9207176
2006001339801,51,1,171141.3581
2006001340534,59,1,15280.4784
2006001340534,58,1,22691.51042
2006001342122,53,1,22920.7176
2006001344092,44,1,6112.19136
2006001344092,41,1,9168.28704
2006001344107,35,1,15662.49036
2006001344107,0,0,NA
2006001344107,25,1,12988.40664
2006001345621,55,1,66470.08104
2006001347178,73,2,47751.495
2006001347178,73,2,0
2006001348359,31,1,22920.7176
2006001348359,32,1,28880.10418
2006001353815,75,2,19941.02431
2006001353815,75,2,11460.3588
2006001355640,58,1,30255.34723
2006001355640,63,1,31019.37115
2006001355972,36,1,19329.80518
2006001355972,33,1,12224.38272
2006001355972,18,2,0
2006001355972,13,0,NA
2006001355972,11,0,NA
2006001355972,44,1,36978.75773
2006001357266,51,1,45841.4352
2006001357266,52,1,19864.62192
2006001357266,19,1,5348.16744
2007000000712,89,2,74874.34416
2007000000712,47,1,27504.86112
2007000004603,31,1,13752.43056
2007000004603,32,1,21392.66976
2007000010118,50,2,0
2007000010118,51,1,29796.93288
2007000010118,15,0,0
2007000010643,49,1,35297.9051
2007000010643,16,1,916.828704
2007000016526,76,2,3972.924384
2007000017988,42,2,0
2007000017988,39,1,91682.8704
2007000020847,60,1,11460.3588
2007000024675,80,2,10696.33488
2007000024732,56,2,22920.7176
2007000026837,63,1,21392.66976
2007000033248,87,2,26282.42285
2007000033248,83,2,3208.900464
2007000034310,51,1,16808.52624
2007000034310,17,2,0
2007000034310,52,2,916.828704
2007000035778,26,1,9168.28704
2007000035778,10,0,NA
2007000035778,2,0,-15279.71438
2007000037542,77,2,13981.63774
2007000037542,71,2,5019.637154
2007000037557,24,1,21698.27933
2007000040996,46,1,20017.4267
2007000040996,14,0,NA
2007000041657,62,1,23379.13195
2007000042509,47,1,17496.14777
2007000042509,50,1,20628.64584
2007000044560,67,2,23531.93674
2007000044560,65,2,37742.78165
2007000045572,41,1,11154.74923
2007000045572,33,1,11154.74923
2007000045572,61,1,11154.74923
2007000056628,58,1,15509.68558
2007000056628,43,1,11460.3588
2007000056679,59,1,37360.76969
2007000056963,52,1,42021.3156
2007000056963,50,1,84042.6312
2007000064507,53,1,43625.76583
2007000064507,19,1,2307.352238
2007000071210,44,1,40630.79207
2007000071420,23,1,15891.69754
2007000073186,18,1,3514.510032
2007000076844,27,1,29032.90896
2007000076844,24,1,18336.57408
2007000077272,32,1,1528.04784
2007000077272,16,2,0
2007000077272,46,1,24983.58218
2007000077814,51,1,114603.588
2007000077814,47,2,0
2007000077814,13,0,NA
2007000077814,10,0,NA
2007000080987,51,1,115367.6119
2007000080987,46,1,32089.00464
2007000080987,21,2,0
2007000080987,18,2,0
2007000081751,54,1,21392.66976
2007000082457,32,1,23898.66822
2007000083272,53,1,58218.6227
2007000083272,6,0,-15279.71438
2007000083368,75,2,11460.3588
2007000093022,41,1,22920.7176
2007000093206,24,1,1528.04784
2007000093206,25,1,10161.51814
2007000093206,6,0,-15279.71438
2007000093206,2,0,-15279.71438
2007000094749,82,2,25365.59414
2007000094749,49,1,20017.4267
2007000095936,81,2,9626.701392
2007000099054,88,2,22997.11999
2007000100054,26,1,95502.99
2007000100054,25,1,28268.88504
2007000100583,27,1,11460.3588
2007000100583,27,1,28268.88504
2007000100583,22,1,38201.196
2007000101624,39,1,30560.9568
2007000101624,42,1,95044.57565
2007000101624,2,0,-15279.71438
2007000102566,61,1,7029.020064
2007000102566,64,2,6280.276622
2007000105431,33,1,49661.5548
2007000105561,50,1,39820.92671
2007000108650,36,1,1222.438272
2007000108650,36,1,30716.81768
2007000108650,3,0,-15279.71438
2007000108817,40,1,68762.1528
2007000108817,40,1,38201.196
2007000108817,15,0,0
2007000108817,5,0,-15279.71438
2007000108817,3,0,-15279.71438
2007000108865,43,1,35909.12424
2007000108865,20,1,11460.3588
2007000108865,48,1,32853.02856
2007000118403,46,2,15280.4784
2007000118403,33,1,38201.196
2007000123830,54,1,77624.83027
2007000123830,54,1,3.05609568
2007000123830,10,0,NA
2007000126110,73,2,9703.103784
2007000126253,60,1,21316.26737
2007000129916,24,1,33242.68076
2007000135925,38,2,0
2007000135925,38,1,45077.41128
2007000135925,4,0,-15279.71438
2007000135925,0,0,NA
2007000137100,45,1,114603.588
2007000137100,45,2,0
2007000137166,26,1,15891.69754
2007000137166,28,1,23837.5463
2007000141307,35,1,30560.9568
2007000143185,38,1,39079.82351
2007000144590,32,1,45841.4352
2007000144590,31,1,34381.0764
2007000149102,47,1,29032.90896
2007000149102,52,2,0
2007000149102,10,0,NA
2007000149102,8,0,-15279.71438
2007000152434,32,1,22156.69368
2007000152434,29,1,45.8414352
2007000156332,56,1,25976.81328
2007000158677,80,2,33769.85726
2007000159363,56,1,34381.0764
2007000159363,93,2,6188.593752
2007000169114,44,1,29796.93288
2007000170922,46,1,18275.45217
2007000170922,17,2,0
2007000174402,51,1,38201.196
2007000174402,44,1,4125.729168
2007000175497,81,2,37513.57447
2007000175497,77,2,4507.741128
2007000176319,54,1,4202.13156
2007000176319,55,1,35145.10032
2007000177285,24,1,7640.2392
2007000177285,23,1,15280.4784
2007000180557,51,1,22920.7176
2007000180557,54,1,9168.28704
2007000181006,38,1,79611.29246
2007000181006,36,1,26740.8372
2007000181006,5,0,-15279.71438
2007000181006,1,0,NA
2007000181359,49,1,240056.3157
2007000181877,49,1,55773.74616
2007000181877,51,1,21392.66976
2007000181877,18,1,7640.2392
2007000182226,68,1,13064.80903
2007000182226,71,2,4889.753088
2007000184675,54,1,27504.86112
2007000184675,18,2,0
2007000184675,16,2,0
2007000184675,15,0,0
2007000184675,14,0,NA
2007000185966,58,2,14822.06405
2007000185966,50,1,13141.21142
2007000188278,43,1,42556.13234
2007000188278,33,2,3.05609568
2007000191909,83,2,19559.01235
2007000193338,33,1,16273.7095
2007000195431,59,1,12224.38272
2007000196671,93,2,0
2007000202272,67,1,32165.40703
2007000202272,63,2,5959.386576
2007000203405,40,1,9168.28704
2007000203405,40,1,67998.12888
2007000203405,8,0,-15279.71438
2007000216815,37,1,41257.29168
2007000216815,37,1,84042.6312
2007000217006,40,1,16808.52624
2007000217006,39,2,13752.43056
2007000217006,14,0,NA
2007000217006,7,0,-15279.71438
2007000217913,52,1,11460.3588
2007000217913,9,0,-15279.71438
2007000221211,53,1,17572.55016
2007000221377,47,2,7640.2392
2007000221377,40,2,5500.972224
2007000222241,49,2,11078.34684
2007000222241,83,2,22156.69368
2007000222241,16,2,0
2007000229715,22,1,15280.4784
2007000229715,23,1,15280.4784
2007000229960,38,1,16426.51428
2007000229960,41,1,18718.58604
2007000229960,14,0,NA
2007000229960,13,0,NA
2007000230163,58,2,16426.51428
2007000230163,57,1,30560.9568
2007000230754,30,1,993.9951199
2007000230754,37,1,11460.3588
2007000235989,16,1,2215.669368
2007000236716,27,1,22920.7176
2007000237899,61,1,28727.29939
2007000237899,39,1,19100.598
2007000237899,13,0,NA
2007000242815,39,1,9321.091824
2007000242815,58,2,119187.7315
2007000243362,42,1,14287.2473
2007000245248,28,1,9168.28704
2007000245527,45,1,39729.24384
2007000247023,36,2,7487.434416
2007000254504,39,1,23302.72956
2007000254504,37,1,30560.9568
2007000254504,17,1,1680.852624
2007000254865,69,2,7258.22724
2007000257849,58,1,34381.0764
2007000257849,19,1,3820.1196
2007000262500,88,2,12529.99229
2007000262759,56,1,7793.043984
2007000262759,52,1,3438.10764
2007000262759,26,1,15280.4784
2007000262759,20,1,1225.494368
2007000262759,28,1,3820.1196
2007000264371,26,2,5653.777008
2007000264371,8,0,-15279.71438
2007000264371,5,0,-15279.71438
2007000264371,2,0,-15279.71438
2007000267802,73,2,20705.04823
2007000272299,60,2,6341.398536
2007000273183,36,2,3667.314816
2007000274911,60,1,34381.0764
2007000274911,8,0,-15279.71438
2007000278469,38,1,19864.62192
2007000278469,37,1,6570.605712
2007000278469,20,2,3972.924384
2007000278469,3,0,-15279.71438
2007000278914,46,1,26740.8372
2007000281177,38,1,116284.4406
2007000283617,64,1,7945.848768
2007000283617,55,1,9855.908568
2007000283617,21,2,0
2007000283617,18,1,3820.1196
2007000283617,16,1,702.9020064
2007000283617,14,0,NA
2007000283789,22,1,6112.19136
2007000283789,0,0,NA
2007000283789,28,1,15280.4784
2007000285148,68,2,18107.3669
2007000290578,68,2,13141.21142
2007000290578,70,2,9244.689432
2007000294186,93,2,10008.71335
2007000294186,93,2,0
2007000296131,26,1,45841.4352
2007000296131,25,1,9168.28704
2007000298094,53,1,8557.067904
2007000298094,63,2,443.1338736
2007000300278,52,1,27497.22088
2007000300278,58,1,22003.8889
2007000300375,21,1,2292.07176
2007000300375,22,1,2674.08372
2007000300375,22,1,2674.08372
2007000300375,21,1,2674.08372
2007000300375,21,1,2674.08372
2007000306139,65,1,114603.588
2007000306139,64,1,38201.196
2007000306839,41,1,16273.7095
2007000306839,42,1,2292.07176
2007000306839,1,0,NA
2007000308473,77,2,1222.438272
2007000314301,26,1,13752.43056
2007000314301,29,2,0
2007000314301,7,0,-15279.71438
2007000314301,3,0,-15279.71438
2007000315671,39,1,35145.10032
2007000315671,30,1,7181.824848
2007000315671,31,1,6799.812888
2007000316774,70,2,8557.067904
2007000316774,65,2,0
2007000322077,32,1,43549.36344
2007000326216,27,1,32241.80942
2007000326216,27,1,34533.88118
2007000326861,22,1,4966.15548
2007000326861,22,1,15662.49036
2007000327216,59,1,50425.57872
2007000327280,40,1,34457.47879
2007000328586,43,1,19108.23824
2007000328586,44,1,16808.52624
2007000328586,11,0,NA
2007000328659,53,1,66546.48343
2007000328659,53,1,22997.11999
2007000328819,30,1,152.804784
2007000328819,32,1,9168.28704
2007000328819,0,0,NA
2007000329886,30,1,36673.14816
2007000329886,27,1,25212.78936
2007000338088,38,1,123007.8511
2007000338088,31,2,15280.4784
2007000338088,2,0,-15279.71438
2007000340507,38,1,35909.12424
2007000343998,56,2,45841.4352
2007000343998,51,1,13599.62578
2007000343998,79,2,17954.56212
2007000344327,63,1,58065.81792
2007000344327,66,1,45383.02085
2007000346182,26,1,18336.57408
2007000346182,4,0,-15279.71438
2007000347053,43,1,120486.5722
2007000347053,35,1,93669.33259
2007000347053,2,0,-15279.71438
2007000347771,38,1,22920.7176
2007000347771,36,2,0
2007000347771,13,0,NA
2007000347771,11,0,NA
2007000347771,6,0,-15279.71438
2007000348464,65,2,12644.59588
2007000348464,42,2,0
2007000348464,38,2,0
2007000350001,20,1,61121.9136
2007000350001,26,1,8404.26312
2007000353457,22,1,12224.38272
2007000354354,57,1,9855.908568
2007000356027,33,1,33647.61344
2007000356027,36,1,15280.4784
2007000357004,21,2,0
2007000357004,20,1,19864.62192
2007000357004,2,0,-15279.71438
2007000357004,1,0,NA
2007000359022,26,1,26740.8372
2007000359938,41,2,8022.25116
2007000361903,29,1,16808.52624
2007000365604,59,2,8022.25116
2007000367872,56,1,42403.32756
2007000367872,52,1,19100.598
2007000369561,42,1,54245.69832
2007000369561,12,0,NA
2007000369561,10,0,NA
2007000369561,5,0,-15279.71438
2007000369561,46,2,0
2007000370198,64,2,32853.02856
2007000370198,64,1,27504.86112
2007000370671,54,2,0
2007000370671,55,2,0
2007000372130,50,2,11231.15162
2007000372130,80,2,8251.458336
2007000374370,26,1,23073.52238
2007000374370,32,1,25671.20371
2007000377190,93,2,12071.57794
2007000378337,50,1,13676.02817
2007000378337,54,2,4125.729168
2007000378337,45,2,5500.972224
2007000380573,51,1,16044.50232
2007000380573,46,1,15280.4784
2007000381154,67,2,19941.02431
2007000381154,65,2,4049.326776
2007000382005,61,1,24448.76544
2007000382488,57,1,51189.60264
2007000382488,51,1,32089.00464
2007000382488,12,0,NA
2007000382488,75,2,9168.28704
2007000387404,49,1,39729.24384
2007000391578,35,1,26740.8372
2007000396201,66,2,8557.067904
2007000399081,22,1,26740.8372
2007000399081,25,1,13981.63774
2007000399081,22,1,22920.7176
2007000399498,47,1,29796.93288
2007000400288,74,2,68762.1528
2007000400288,71,2,9779.506176
2007000400345,34,1,67998.12888
2007000400609,51,1,117277.6717
2007000403507,80,2,10696.33488
2007000407178,27,1,21010.6578
2007000407178,30,1,24448.76544
2007000407489,48,1,76402.392
2007000407489,51,1,76402.392
2007000407705,55,1,13752.43056
2007000410017,57,1,50425.57872
2007000410017,54,1,374.3717208
2007000418405,52,1,14669.25926
2007000418405,54,1,50425.57872
2007000418405,27,1,6112.19136
2007000418405,21,1,14134.44252
2007000418405,20,1,4966.15548
2007000418405,1,0,NA
2007000418405,0,0,NA
2007000418405,21,1,24448.76544
2007000418405,25,1,13752.43056
2007000422936,36,1,17496.14777
2007000424871,24,1,3056.09568
2007000428998,45,1,38736.01274
2007000428998,41,1,7641.003224
2007000428998,9,0,-15279.71438
2007000428998,6,0,-15279.71438
2007000431174,53,1,55009.72224
2007000431174,53,1,20628.64584
2007000431174,27,1,19100.598
2007000434278,87,2,4278.533952
2007000434278,93,2,12224.38272
2007000434278,68,2,22233.09607
2007000434374,36,1,42021.3156
2007000434374,35,1,14516.45448
2007000438389,48,1,21392.66976
2007000440317,41,1,21392.66976
2007000440317,19,1,5348.16744
2007000440317,20,1,11460.3588
2007000440993,65,1,13064.80903
2007000440993,63,1,39041.62231
2007000445385,40,1,11918.77315
2007000445385,40,1,11918.77315
2007000445385,23,2,0
2007000445385,0,0,NA
2007000445529,72,2,77930.43984
2007000445529,52,1,11460.3588
2007000445529,25,2,5653.777008
2007000445578,35,1,38277.59839
2007000445578,34,2,0
2007000445800,88,2,14516.45448
2007000446106,37,1,60357.88968
2007000447342,22,1,19864.62192
2007000455358,39,1,11918.77315
2007000461154,34,1,44313.38736
2007000461154,48,1,35145.10032
2007000464395,57,1,78694.46376
2007000464395,50,1,17572.55016
2007000465524,67,2,6799.812888
2007000468623,59,1,26710.27624
2007000468623,56,1,20399.43866
2007000469015,28,1,61121.9136
2007000469903,44,1,23684.74152
2007000469903,45,1,4202.13156
2007000469903,6,0,-15279.71438
2007000470805,59,2,5882.984184
2007000475618,64,2,44542.59454
2007000475618,67,2,19100.598
2007000480213,49,1,24884.25907
2007000480213,49,1,26740.8372
2007000480536,29,1,21392.66976
2007000480536,31,1,11613.16358
2007000481030,51,1,21927.4865
2007000481030,55,1,23913.9487
2007000484002,28,1,30560.9568
2007000484371,88,2,0
2007000485360,37,1,11460.3588
2007000485360,4,0,-15279.71438
2007000486062,52,2,23302.72956
2007000487370,35,1,3285.302856
2007000487370,43,1,916.828704
2007000487370,5,0,-15279.71438
2007000491607,52,1,9168.28704
2007000492771,43,1,40493.26776
2007000492771,43,1,38201.196
2007000495025,46,1,2750.486112
2007000495025,20,2,0
2007000495025,0,0,NA
2007000497953,40,1,30637.35919
2007000497953,0,0,NA
2007000497953,37,1,55009.72224
2007000498095,34,2,0
2007000498095,41,1,17954.56212
2007000498807,28,1,24448.76544
2007000505928,29,1,19100.598
2007000505928,22,1,22920.7176
2007000509009,55,2,5600.295334
2007000509009,79,2,6112.19136
2007000509593,32,1,122243.8272
2007000509593,31,2,152.804784
2007000509593,1,0,NA
2007000509593,0,0,NA
2007000513245,79,1,24448.76544
2007000519648,43,1,46605.45912
2007000519648,42,1,3208.900464
2007000519648,8,0,-15279.71438
2007000524296,27,1,34381.0764
2007000526949,84,2,10696.33488
2007000530419,85,2,24525.16783
2007000531566,27,1,18336.57408
2007000531566,31,1,22156.69368
2007000532489,46,1,8022.25116
2007000532489,60,1,30721.40182
2007000532489,15,0,2371.530248
2007000537248,84,2,35909.12424
2007000538125,51,2,0
2007000538125,53,1,15280.4784
2007000538125,16,2,0
2007000539076,39,1,27581.26351
2007000539076,33,1,13828.83295
2007000539076,4,0,-15279.71438
2007000539977,29,1,916.828704
2007000539977,29,1,13752.43056
2007000541858,43,1,35175.66128
2007000541858,52,1,1298.840664
2007000543324,56,1,91682.8704
2007000543324,61,1,25212.78936
2007000544009,57,2,7105.422456
2007000544009,59,1,26740.8372
2007000545016,49,1,50425.57872
2007000546794,46,1,9550.299
2007000546794,47,1,7945.848768
2007000546794,20,1,5042.557872
2007000546794,18,2,0
2007000549462,60,1,43549.36344
2007000556483,49,1,23837.5463
2007000556483,25,1,2139.266976
2007000556483,19,2,0
2007000557088,62,1,47675.09261
2007000557088,60,1,38277.59839
2007000557088,32,1,2292.07176
2007000557088,28,1,8175.055944
2007000558355,39,1,51953.62656
2007000558355,34,1,15280.4784
2007000559936,63,2,83049.4001
2007000559936,60,1,25289.19175
2007000560736,28,1,19864.62192
2007000560736,26,1,15586.08797
2007000560736,1,0,NA
2007000563237,35,1,22920.7176
2007000563237,31,1,9168.28704
2007000566792,54,1,237611.4391
2007000566792,54,1,12224.38272
2007000567151,39,1,68150.93366
2007000570894,57,2,12071.57794
2007000570894,55,1,45841.4352
2007000570894,83,2,7258.22724
2007000572675,38,2,0
2007000572675,41,1,13370.4186
2007000572675,17,2,0
2007000575846,34,1,2903.290896
2007000576504,26,1,7640.2392
2007000576504,30,1,62649.96144
2007000576504,6,0,-15279.71438
2007000578758,59,1,55773.74616
2007000578758,57,1,19100.598
2007000578758,31,2,12071.57794
2007000579161,24,1,12988.40664
2007000579161,23,1,36673.14816
2007000579203,35,1,34075.46683
2007000579203,35,1,99323.1096
2007000579203,1,0,NA
2007000579963,53,1,58829.84184
2007000581303,58,1,54704.11267
2007000581303,56,1,51953.62656
2007000583095,66,2,9168.28704
2007000586978,31,1,60357.88968
2007000588545,39,1,9168.28704
2007000588545,36,1,2368.474152
2007000588545,15,0,0
2007000588545,13,0,NA
2007000588545,12,0,NA
2007000591879,31,1,29032.90896
2007000591879,32,1,15280.4784
2007000591948,31,1,7640.2392
2007000593578,63,1,38965.21992
2007000593578,64,1,20628.64584
2007000593629,53,1,12988.40664
2007000593629,13,0,NA
2007000593629,11,0,NA
2007000593629,9,0,-15279.71438
2007000593859,60,1,36138.33142
2007000594119,29,1,32853.02856
2007000594403,37,1,-5348.16744
2007000594403,30,1,22920.7176
2007000600352,25,1,3438.10764
2007000600352,5,0,-15279.71438
2007000603258,46,2,6494.20332
2007000603977,38,1,2674.08372
2007000603977,25,1,3514.510032
2007000603977,25,1,11460.3588
2007000605597,40,1,20628.64584
2007000605597,44,1,26740.8372
2007000605597,1,0,NA
2007000608856,32,1,24601.57022
2007000608856,34,1,39729.24384
2007000610712,60,1,22920.7176
2007000610712,59,2,0
2007000610763,42,2,3132.498072
2007000611822,41,1,45841.4352
2007000611822,30,1,31324.98072
2007000619524,31,2,0
2007000624264,48,1,53481.6744
2007000624264,12,0,NA
2007000625707,62,2,22920.7176
2007000625707,28,1,8022.25116
2007000626923,57,2,6876.21528
2007000627669,37,1,9932.31096
2007000627669,28,1,9168.28704
2007000627669,22,1,9932.31096
2007000636617,56,1,20552.24345
2007000636617,57,1,61121.9136
2007000640451,87,2,5271.765048
2007000640451,28,1,11460.3588
2007000648964,43,1,15280.4784
2007000648964,40,1,13752.43056
2007000648964,32,1,9168.28704
2007000652404,44,1,25212.78936
2007000652921,42,1,11001.94445
2007000652921,42,1,8404.26312
2007000652921,21,1,4507.741128
2007000652921,16,2,0
2007000652921,9,0,-15279.71438
2007000652921,4,0,-15279.71438
2007000652921,3,0,-15279.71438
2007000660861,53,1,20934.25541
2007000660861,51,1,2276.791282
2007000666047,67,2,17801.75734
2007000666047,62,1,9168.28704
2007000666878,77,2,12606.39468
2007000666878,76,2,4125.729168
2007000667826,68,2,5500.972224
2007000673380,20,1,1910.0598
2007000673799,25,1,19100.598
2007000673799,40,1,56537.77008
2007000675217,35,1,32089.00464
2007000675217,5,0,-15279.71438
2007000676690,42,1,106963.3488
2007000677386,63,1,34992.29554
2007000677386,66,1,9779.506176
2007000677570,64,1,25976.81328
2007000680279,35,1,38201.196
2007000680279,33,1,32853.02856
2007000681045,41,1,10696.33488
2007000681045,35,1,30255.34723
2007000681045,10,0,NA
2007000681045,3,0,-15279.71438
2007000681258,72,2,9932.31096
2007000681258,62,2,3056.09568
2007000682605,42,1,38965.21992
2007000682605,37,1,38323.43983
2007000682605,5,0,-15279.71438
2007000682605,3,0,-15279.71438
2007000682605,72,2,28192.48265
2007000682605,67,2,11689.56598
2007000682605,15,0,0
2007000687246,49,1,58065.81792
2007000691606,44,1,53481.6744
2007000692461,28,1,22920.7176
2007000692461,53,1,15280.4784
2007000692461,49,1,19100.598
2007000692800,41,1,11460.3588
2007000692800,6,0,-15279.71438
2007000692800,32,1,9168.28704
2007000694773,30,1,19100.598
2007000695009,52,1,36138.33142
2007000695009,53,1,28268.88504
2007000695030,80,2,9015.482256
2007000697619,63,1,17878.15973
2007000700228,46,1,13752.43056
2007000700228,20,1,9932.31096
2007000700228,14,0,NA
2007000700228,11,0,NA
2007000700564,28,1,38201.196
2007000700564,28,2,0
2007000700564,6,0,-15279.71438
2007000700564,5,0,-15279.71438
2007000700564,1,0,NA
2007000700621,32,1,11231.15162
2007000700621,14,0,NA
2007000700621,12,0,NA
2007000700621,8,0,-15279.71438
2007000701025,85,2,14210.84491
2007000701205,27,1,31936.19986
2007000701301,24,1,5118.960264
2007000701301,28,1,24448.76544
2007000701517,55,2,305.609568
2007000701517,55,1,68762.1528
2007000701517,24,2,4507.741128
2007000701517,19,1,840.426312
2007000703254,41,1,27818.11093
2007000703254,38,1,46674.22127
2007000704130,74,2,11307.55402
2007000704130,69,1,38812.41514
2007000704292,67,2,6494.20332
2007000706811,19,1,2292.07176
2007000714262,26,2,0
2007000714933,30,1,11460.3588
2007000714933,33,1,30560.9568
2007000714933,58,1,11460.3588
2007000714933,53,1,11460.3588
2007000714933,24,1,3438.10764
2007000719188,64,1,100087.1335
2007000719188,64,1,237611.4391
2007000720049,79,2,23608.33913
2007000724948,25,1,42021.3156
2007000724948,1,0,NA
2007000724948,23,1,3820.1196
2007000724948,25,1,15280.4784
2007000724948,23,1,947.3896608
2007000725166,50,1,19788.21953
2007000725166,51,1,16120.90471
2007000728942,28,1,42021.3156
2007000728942,27,1,27504.86112
2007000731445,52,1,16136.18519
2007000731445,54,1,44313.38736
2007000731445,24,1,5348.16744
2007000732324,37,1,39805.64623
2007000732324,25,1,5348.16744
2007000734767,86,2,27122.84916
2007000746062,33,1,19864.62192
2007000746062,27,1,19100.598
2007000746774,47,1,34381.0764
2007000746774,41,1,15815.29514
2007000746774,19,1,9855.908568
2007000746774,17,2,0
2007000746774,15,0,0
2007000746774,20,1,11765.96837
2007000746882,41,1,13294.01621
2007000746882,45,1,13752.43056
2007000746882,17,1,1528.04784
2007000746882,14,0,NA
2007000746882,9,0,-15279.71438
2007000746882,7,0,-15279.71438
2007000746882,1,0,NA
2007000746882,0,0,NA
2007000750074,38,1,9290.530867
2007000750074,36,2,0
2007000750074,7,0,-15279.71438
2007000750508,58,1,40416.86537
2007000752387,37,1,50425.57872
2007000752387,36,1,26740.8372
2007000752387,8,0,-15279.71438
2007000752387,6,0,-15279.71438
2007000753436,69,2,42479.72995
2007000753436,68,2,6570.605712
2007000756036,80,2,21163.46258
2007000756600,39,2,0
2007000756600,42,1,12224.38272
2007000756600,2,0,-15279.71438
2007000758524,45,1,31324.98072
2007000759543,60,1,22462.30325
2007000759543,60,2,0
2007000759543,87,2,8404.26312
2007000759933,18,2,0
2007000761140,89,2,7105.422456
2007000761456,45,2,0
2007000761456,18,1,1451.645448
2007000761456,16,2,0
2007000761456,14,0,NA
2007000765869,59,2,33617.05248
2007000767676,34,1,49661.5548
2007000767855,51,1,11613.16358
2007000767855,45,1,9703.103784
2007000768013,33,1,21621.87694
2007000768013,34,1,8786.27508
2007000768986,70,2,22920.7176
2007000768986,66,2,9779.506176
2007000771279,47,1,22920.7176
2007000773144,69,1,13202.33334
2007000774505,57,1,22233.09607
2007000774505,22,1,382.01196
2007000776534,43,2,481.3350696
2007000776534,4,0,-15279.71438
2007000776534,34,1,26458.14835
2007000777696,40,2,0
2007000777696,16,2,0
2007000778941,43,1,16808.52624
2007000778941,49,1,16808.52624
2007000778941,42,1,1833.657408
2007000781380,46,1,58065.81792
2007000781380,14,0,NA
2007000785907,74,2,4431.338736
2007000785907,80,2,9779.506176
2007000786050,78,2,0
2007000786050,47,1,13905.23534
2007000786050,13,0,NA
2007000788239,29,1,22920.7176
2007000788239,31,2,0
2007000788239,4,0,-15279.71438
2007000792704,86,2,58371.42749
2007000794375,69,2,7411.032024
2007000794375,70,2,14822.06405
2007000794954,80,1,11261.71258
2007000798548,26,1,15280.4784
2007000798548,30,1,38201.196
2007000803586,46,1,38201.196
2007000806194,85,2,18642.18365
2007000806632,60,1,16808.52624
2007000807060,27,1,9932.31096
2007000807326,54,1,13676.02817
2007000807326,54,1,16197.3071
2007000812933,54,1,16884.92863
2007000812933,11,0,NA
2007000813119,38,1,114603.588
2007000813119,38,2,0
2007000813119,17,2,0
2007000813119,16,2,0
2007000813119,10,0,NA
2007000813158,53,1,55009.72224
2007000813158,51,1,32089.00464
2007000813158,9,0,-15279.71438
2007000815252,39,2,5348.16744
2007000816263,55,1,51953.62656
2007000816263,47,1,16808.52624
2007000821375,34,1,138593.9391
2007000821375,31,1,28268.88504
2007000826280,31,1,26740.8372
2007000826280,32,1,2292.07176
2007000826280,1,0,NA
2007000827093,62,1,27504.86112
2007000827093,40,1,19864.62192
2007000827364,40,1,30560.9568
2007000827364,41,1,16808.52624
2007000827364,21,1,14210.84491
2007000827364,14,0,NA
2007000827364,12,0,NA
2007000828070,48,1,31172.17594
2007000828070,49,2,0
2007000828633,26,1,49661.5548
2007000828633,27,1,17572.55016
2007000828742,54,1,45841.4352
2007000828742,54,1,91682.8704
2007000828742,9,0,-15279.71438
2007000830693,34,1,53481.6744
2007000830693,35,1,27504.86112
2007000832545,29,1,2903.290896
2007000832911,53,1,20628.64584
2007000832911,45,1,45841.4352
2007000833578,63,1,20628.64584
2007000833578,46,2,0
2007000835357,41,1,30560.9568
2007000835357,38,1,27504.86112
2007000835357,12,0,NA
2007000835357,12,0,NA
2007000835357,20,2,0
2007000839673,26,2,0
2007000839673,7,0,-15279.71438
2007000839673,31,2,14974.86883
2007000840270,37,1,49661.5548
2007000840270,36,1,12988.40664
2007000844846,57,1,19941.02431
2007000844846,55,1,47369.48304
2007000844846,34,2,0
2007000844846,10,0,NA
2007000844846,7,0,-15279.71438
2007000844846,6,0,-15279.71438
2007000844846,38,1,39729.24384
2007000845780,40,1,48439.11653
2007000845780,40,1,38201.196
2007000848005,28,1,14516.45448
2007000848005,29,1,26740.8372
2007000848005,8,0,-15279.71438
2007000851115,54,2,0
2007000851115,46,1,53481.6744
2007000854665,24,1,26740.8372
2007000854665,25,1,3820.1196
2007000856837,53,1,61121.9136
2007000856837,20,1,6112.19136
2007000856837,53,1,53481.6744
2007000857148,47,1,34151.86922
2007000860864,39,1,13752.43056
2007000860864,41,1,69526.17672
2007000860864,4,0,-15279.71438
2007000860864,3,0,-15279.71438
2007000866968,79,2,43549.36344
2007000866968,72,2,0
2007000869490,48,1,56537.77008
2007000869490,47,1,27810.47069
2007000869490,16,2,0
2007000869490,15,0,0
2007000873120,26,2,3972.924384
2007000873120,1,0,NA
2007000875187,50,1,36978.75773
2007000875187,50,1,48439.11653
2007000876788,32,1,29032.90896
2007000876788,42,1,20896.05421
2007000877965,22,1,14516.45448
2007000877965,25,1,3056.09568
2007000879588,34,1,38201.196
2007000879588,35,1,19100.598
2007000879588,2,0,-15279.71438
2007000880181,64,2,0
2007000882930,54,1,24448.76544
2007000882930,14,0,NA
2007000882930,46,1,22156.69368
2007000885301,62,1,42678.37617
2007000885301,62,1,13752.43056
2007000886871,69,2,31401.38311
2007000886871,67,2,7258.22724
2007000887844,37,1,72307.22379
2007000888206,60,1,17114.13581
2007000891895,28,1,6112.19136
2007000891895,27,1,38124.79361
2007000896912,44,1,26817.23959
2007000896912,10,0,NA
2007000896912,50,1,26779.0384
2007000898403,44,1,59593.86576
2007000898403,39,1,42785.33952
2007000898403,11,0,NA
2007000898403,9,0,-15279.71438
2007000898403,22,1,15280.4784
2007000898902,38,2,0
2007000898902,47,1,26840.16031
2007000898902,13,0,NA
2007000898902,11,0,NA
2007000898902,8,0,-15279.71438
2007000898902,6,0,-15279.71438
2007000900432,31,1,9474.660632
2007000900432,7,0,-15279.71438
2007000900432,3,0,-15279.71438
2007000907214,59,1,31324.98072
2007000907214,64,1,22920.7176
2007000908783,47,1,4584.14352
2007000908783,38,1,12224.38272
2007000908783,16,1,1833.657408
2007000908783,11,0,NA
2007000909545,46,1,45841.4352
2007000909545,13,0,NA
2007000909545,10,0,NA
2007000910412,58,1,2292.07176
2007000910412,56,1,13752.43056
2007000910537,55,1,38201.196
2007000911792,42,1,68762.1528
2007000911792,35,1,6112.19136
2007000911792,29,1,24448.76544
2007000911792,29,1,4889.753088
2007000911792,0,0,NA
2007000911810,60,2,38201.196
2007000911810,49,1,86334.70296
2007000925636,64,1,18909.59202
2007000932392,53,1,32089.00464
2007000935054,39,1,64942.0332
2007000935054,36,1,2292.07176
2007000935054,6,0,-15279.71438
2007000935054,4,0,-15279.71438
2007000938259,77,2,28116.08026
2007000938405,45,1,31324.98072
2007000940325,29,1,19864.62192
2007000948840,34,1,49661.5548
2007000948840,31,1,6876.21528
2007000955178,35,1,72582.2724
2007000955178,35,1,2139.266976
2007000955178,5,0,-15279.71438
2007000955178,3,0,-15279.71438
2007000955758,48,1,30790.16398
2007000960743,68,2,6570.605712
2007000960743,47,1,25976.81328
2007000960743,19,1,3208.900464
2007000960743,10,0,NA
2007000960833,40,1,84042.6312
2007000960833,42,1,26740.8372
2007000962524,30,1,76402.392
2007000962524,28,2,0
2007000962524,3,0,-15279.71438
2007000962524,1,0,NA
2007000963953,79,2,134544.6123
2007000963953,78,2,7334.629632
2007000968554,51,1,59899.47533
2007000968554,55,2,45.8414352
2007000968554,18,1,4507.741128
2007000968554,11,0,NA
2007000968572,46,1,23684.74152
2007000968572,54,1,16808.52624
2007000969283,39,1,13294.01621
2007000969283,49,1,24448.76544
2007000969415,51,2,0
2007000972173,33,1,5065.47859
2007000977220,38,1,45841.4352
2007000977220,33,2,0
2007000977220,1,0,NA
2007000977298,33,1,19177.00039
2007000977298,33,1,129884.0664
2007000977589,40,1,68762.1528
2007000977589,32,1,13049.52855
2007000982658,61,1,16808.52624
2007000982658,32,1,1528.04784
2007000982701,83,2,10619.93249
2007000983765,54,2,24754.37501
2007000983765,54,2,0
2007000983765,29,2,916.828704
2007000983765,5,0,-15279.71438
2007000983874,40,1,42212.32158
2007000984613,55,1,33464.2477
2007000986521,41,1,19100.598
2007000986521,54,1,84042.6312
2007000986521,11,0,NA
2007000986521,9,0,-15279.71438
2007000989198,77,2,33311.44291
2007000989439,31,1,45841.4352
2007000989439,31,2,0
2007000989439,1,0,NA
2007000992898,32,1,23684.74152
2007000992898,33,2,0
2007000992898,1,0,NA
2007000995093,32,1,20628.64584
2007000995093,25,1,9168.28704
2007000995963,36,1,2368.474152
2007001000371,33,1,26740.8372
2007001000371,30,2,13752.43056
2007001001096,49,1,7640.2392
2007001001096,8,0,-15279.71438
2007001001096,6,0,-15279.71438
2007001004557,36,1,97031.03784
2007001004557,60,2,382.01196
2007001004719,47,1,32089.00464
2007001011884,28,1,19100.598
2007001011884,28,2,0
2007001011884,4,0,-15279.71438
2007001011884,0,0,NA
2007001015997,70,1,28498.09222
2007001015997,61,2,13523.22338
2007001016159,37,1,15662.49036
2007001016159,44,1,94738.96608
2007001016159,4,0,-15279.71438
2007001016159,0,0,NA
2007001017084,28,1,14669.25926
2007001017084,26,2,0
2007001017084,8,0,-15279.71438
2007001017084,3,0,-15279.71438
2007001017675,42,1,25976.81328
2007001017675,36,2,4584.14352
2007001017675,16,1,3056.09568
2007001017675,15,0,0
2007001017675,15,0,0
2007001017675,13,0,NA
2007001017675,6,0,-15279.71438
2007001017675,3,0,-15279.71438
2007001017675,49,1,11460.3588
2007001018181,41,1,27199.25155
2007001018181,12,0,NA
2007001018181,10,0,NA
2007001018181,34,1,11460.3588
2007001030564,36,1,28268.88504
2007001031442,73,1,21239.86498
2007001032272,44,1,42021.3156
2007001032272,13,0,NA
2007001032272,8,0,-15279.71438
2007001034184,84,2,20323.03627
2007001050526,66,1,58600.63466
2007001050526,63,2,34151.86922
2007001051490,25,1,19100.598
2007001051490,25,1,19864.62192
2007001052728,60,1,42403.32756
2007001054371,40,1,38201.196
2007001054371,7,0,-15279.71438
2007001056411,49,1,76402.392
2007001056411,46,1,15280.4784
2007001056411,21,1,764.02392
2007001056411,18,1,2292.07176
2007001056411,15,0,1528.04784
2007001059742,31,1,6112.19136
2007001059742,42,1,5348.16744
2007001062057,25,1,19864.62192
2007001062057,27,1,10321.96316
2007001062847,60,1,1146.03588
2007001062847,54,1,19864.62192
2007001064323,68,2,6799.812888
2007001065218,52,1,27046.44677
2007001065218,48,1,11460.3588
2007001065218,14,0,NA
2007001072998,34,1,9932.31096
2007001072998,24,1,19100.598
2007001074001,62,2,16846.72744
2007001074001,57,1,52794.05287
2007001076464,55,1,24448.76544
2007001076464,56,1,61121.9136
2007001076625,63,1,23302.72956
2007001077452,38,1,30560.9568
2007001077452,33,1,48897.53088
2007001077518,66,2,4584.14352
2007001084112,18,1,1146.03588
2007001084762,33,2,137.5243056
2007001086133,35,1,42021.3156
2007001086133,11,0,NA
2007001086133,9,0,-15279.71438
2007001088736,47,1,34381.0764
2007001089676,29,1,8786.27508
2007001089676,27,1,16808.52624
2007001089712,39,1,30560.9568
2007001089712,47,1,12529.99229
2007001089712,17,1,1069.633488
2007001089712,38,2,26740.8372
2007001091313,56,1,38201.196
2007001091313,17,1,229.207176
2007001092462,58,1,14287.2473
2007001092462,83,2,13599.62578
2007001094721,82,2,23455.53434
2007001094827,85,2,9168.28704
2007001095212,49,1,35145.10032
2007001095212,44,1,10696.33488
2007001095212,11,0,NA
2007001095212,8,0,-15279.71438
2007001096871,31,2,0
2007001097013,72,2,4461.899693
2007001097013,76,2,22920.7176
2007001097534,24,1,1528.04784
2007001097534,54,1,19115.87848
2007001097697,77,2,84348.24077
2007001097697,51,1,18642.18365
2007001102651,26,1,22156.69368
2007001102651,29,1,28268.88504
2007001104040,58,1,30560.9568
2007001104040,51,1,30591.51776
2007001107695,30,1,42021.3156
2007001108369,20,2,916.828704
2007001108369,26,1,12224.38272
2007001111053,28,1,15280.4784
2007001111501,73,2,4278.533952
2007001112705,32,1,4736.948304
2007001112705,42,1,19559.01235
2007001112705,3,0,-15279.71438
2007001112705,0,0,NA
2007001112705,21,1,4278.533952
2007001115962,84,2,30560.9568
2007001116138,36,1,18718.58604
2007001116138,37,1,6112.19136
2007001116138,4,0,-15279.71438
2007001116138,1,0,NA
2007001116255,46,1,36787.75175
2007001116255,48,1,39729.24384
2007001116255,13,0,NA
2007001116255,10,0,NA
2007001118613,22,1,2292.07176
2007001119211,32,1,35145.10032
2007001119211,33,1,25212.78936
2007001119262,82,2,70213.79825
2007001119262,79,2,60357.88968
2007001122243,56,1,24448.76544
2007001122243,57,1,35909.12424
2007001124850,76,2,1680.852624
2007001128340,25,1,687.621528
2007001128340,26,1,13752.43056
2007001134786,72,2,47904.29978
2007001135535,55,2,5118.960264
2007001136137,85,2,2826.888504
2007001137183,35,1,13905.23534
2007001137183,30,2,0
2007001137183,2,0,-15279.71438
2007001137183,0,0,NA
2007001137750,55,1,33158.63813
2007001137750,12,0,NA
2007001137750,51,1,11689.56598
2007001142160,50,1,13752.43056
2007001142160,43,1,9168.28704
2007001142416,74,2,8862.677472
2007001142981,51,1,51953.62656
2007001142981,57,1,41257.29168
2007001142981,24,2,0
2007001142981,19,1,152.804784
2007001142981,17,1,76.402392
2007001142981,0,0,NA
2007001142981,22,1,20323.03627
2007001149242,53,2,1833.657408
2007001149242,15,0,0
2007001155348,51,1,28956.50657
2007001155348,25,1,14516.45448
2007001156451,44,2,0
2007001156451,61,1,12377.1875
2007001156451,50,1,13752.43056
2007001157348,79,2,21698.27933
2007001157348,87,2,36978.75773
2007001158037,56,2,33693.45487
2007001158037,29,1,27504.86112
2007001158037,27,1,9168.28704
2007001159754,64,2,83049.4001
2007001159754,61,1,11460.3588
2007001161227,36,1,10085.11574
2007001161227,34,1,11001.94445
2007001161227,11,0,NA
2007001161227,4,0,-15279.71438
2007001163283,46,2,2292.07176
2007001163283,13,0,NA
2007001163283,11,0,NA
2007001173086,69,2,32089.00464
2007001174628,64,2,38048.39122
2007001174628,59,1,7640.2392
2007001175189,25,2,0
2007001175189,9,0,-15279.71438
2007001175189,4,0,-15279.71438
2007001175189,3,0,-15279.71438
2007001175189,0,0,NA
2007001175189,19,1,382.01196
2007001175189,35,1,15586.08797
2007001180893,51,1,18336.57408
2007001180893,76,2,22538.70564
2007001186275,31,1,9168.28704
2007001186275,31,1,76402.392
2007001186972,59,1,23412.749
2007001186972,64,2,4208.243751
2007001186972,49,1,3896.521992
2007001187446,35,1,46376.25194
2007001189093,24,2,0
2007001189093,1,0,NA
2007001189093,27,1,11460.3588
2007001190409,23,1,21392.66976
2007001190409,24,1,24448.76544
2007001191905,57,1,22920.7176
2007001191905,57,1,3056.09568
2007001192244,84,2,10849.13966
2007001192313,70,2,146692.5926
2007001192313,68,2,0
2007001192319,36,1,33617.05248
2007001192319,41,2,0
2007001192793,29,1,22920.7176
2007001193368,54,1,8709.872688
2007001193849,53,1,95502.99
2007001193849,61,1,1528.04784
2007001195122,43,1,35909.12424
2007001195122,44,2,0
2007001195122,6,0,-15279.71438
2007001195122,4,0,-15279.71438
2007001195547,75,2,15700.69156
2007001195547,70,2,4836.271414
2007001195547,93,2,6264.996144
2007001196334,58,2,16120.90471
2007001196334,55,1,19100.598
2007001197137,67,1,97031.03784
2007001198019,34,1,15280.4784
2007001198019,33,1,39729.24384
2007001198973,23,1,45077.41128
2007001198973,23,1,29032.90896
2007001200424,41,1,7716.641592
2007001202003,40,1,18642.18365
2007001202003,40,1,20781.45062
2007001204758,31,1,16426.51428
2007001204758,30,1,2215.669368
2007001215976,38,1,32089.00464
2007001215976,37,1,12224.38272
2007001215976,3,0,-15279.71438
2007001221020,50,1,30560.9568
2007001221020,52,1,22156.69368
2007001221020,24,1,22920.7176
2007001225549,58,2,5271.765048
2007001228435,59,1,18336.57408
2007001228435,28,2,0
2007001228435,7,0,-15279.71438
2007001228435,28,1,18336.57408
2007001228435,4,0,-15279.71438
2007001229434,40,1,13752.43056
2007001229434,41,1,19864.62192
2007001230199,32,1,16502.91667
2007001230199,13,0,NA
2007001230199,11,0,NA
2007001230199,0,0,NA
2007001231243,18,2,0
2007001233410,48,1,30560.9568
2007001233410,70,2,18642.18365
2007001233410,70,2,916.828704
2007001233410,48,1,14516.45448
2007001233410,48,1,8404.26312
2007001239138,37,1,99323.1096
2007001239138,37,1,72582.2724
2007001239138,2,0,-15279.71438
2007001239138,0,0,NA
2007001239138,40,1,26740.8372
2007001240980,29,1,33235.04052
2007001240980,1,0,NA
2007001242382,47,1,38201.196
2007001242625,32,1,11613.16358
2007001242625,8,0,-15279.71438
2007001242625,6,0,-15279.71438
2007001250563,34,1,23195.76621
2007001250563,34,1,11536.76119
2007001255811,48,1,23149.92478
2007001256382,32,1,46605.45912
2007001256496,60,1,53481.6744
2007001256496,52,1,1604.450232
2007001258303,68,1,33617.05248
2007001260477,81,2,17419.74538
2007001262544,40,1,11460.3588
2007001262544,40,2,0
2007001262544,18,1,1833.657408
2007001264042,49,1,49661.5548
2007001264042,45,1,229.207176
2007001264042,18,1,3743.717208
2007001264042,15,0,0
2007001270821,61,1,18871.39082
2007001270821,62,2,7181.824848
2007001272813,25,1,38201.196
2007001272813,25,1,8404.26312
2007001274440,61,2,7296.428436
2007001275353,18,1,1146.03588
2007001277809,50,1,55009.72224
2007001277818,34,1,15280.4784
2007001277818,19,2,0
2007001277818,17,2,0
2007001277818,8,0,-15279.71438
2007001277818,36,2,0
2007001286207,88,2,37895.58643
2007001294107,81,2,33311.44291
2007001294481,35,1,17572.55016
2007001294481,49,1,19100.598
2007001294481,13,0,NA
2007001294481,9,0,-15279.71438
2007001294481,38,1,45841.4352
2007001294481,70,2,5500.972224
2007001295222,29,1,16044.50232
2007001296769,53,1,11842.37076
2007001296769,15,0,9817.707372
2007001296769,55,1,17572.55016
2007001297970,42,1,23684.74152
2007001297970,7,0,-15279.71438
2007001297970,3,0,-15279.71438
2007001297988,89,2,46758.2639
2007001299178,50,1,20628.64584
2007001303159,39,1,55009.72224
2007001303159,34,1,42785.33952
2007001305630,52,1,42097.71799
2007001306735,56,1,19100.598
2007001306735,59,1,20475.84106
2007001308940,20,1,1069.633488
2007001308940,21,1,19100.598
2007001315562,54,1,61351.12078
2007001315562,48,1,45841.4352
2007001320008,67,2,10925.54206
2007001322647,37,1,6112.19136
2007001322647,39,1,61121.9136
2007001322647,5,0,-15279.71438
2007001322647,2,0,-15279.71438
2007001324330,19,1,53.4816744
2007001324936,49,1,7258.22724
2007001324936,49,1,42021.3156
2007001324936,16,1,122.2438272
2007001327925,66,2,10085.11574
2007001327925,62,2,9168.28704
2007001329499,44,1,53496.95488
2007001329499,43,1,13752.43056
2007001329499,16,2,0
2007001329499,14,0,NA
2007001329499,12,0,NA
2007001334175,52,1,21362.1088
2007001335461,34,1,50349.17633
2007001335461,34,1,42708.93713
2007001335461,1,0,NA
2007001343119,45,1,48897.53088
2007001343464,61,2,20934.25541
2007001343464,56,1,32853.02856
2007001344997,62,1,5653.777008
2007001348254,62,1,197882.1953
2007001348254,51,1,7640.2392
2007001348615,22,1,5348.16744
2007001348615,23,1,1528.04784
2007001350123,34,1,26740.8372
2007001350123,41,1,43549.36344
2007001350123,10,0,NA
2007001350123,1,0,NA
2007001350123,85,2,3820.1196
2007001350123,78,2,4736.948304
2007001350343,57,1,25976.81328
2007001350343,50,1,16808.52624
2007001350343,80,2,10696.33488
2007001354774,52,1,15891.69754
2007001354774,36,1,10619.93249
2007001354774,12,0,NA
2007001354774,5,0,-15279.71438
2007001358291,59,2,-2292.07176
2007001358291,89,2,30866.56637
2007001366817,93,2,16808.52624
2007001372163,25,1,38201.196
2007001372163,23,1,21010.6578
2007001374867,26,1,9168.28704
2007001374867,5,0,-15279.71438
2007001374867,3,0,-15279.71438
2007001374867,1,0,NA
2007001374867,38,2,0
2008000000568,49,1,16961.33102
2008000000568,56,1,26740.8372
2008000003812,58,1,120333.7674
2008000003812,45,1,34381.0764
2008000003812,18,1,6494.20332
2008000003812,15,0,1528.04784
2008000003812,18,1,2674.08372
2008000003812,16,1,2292.07176
2008000004526,32,1,57301.794
2008000004526,29,1,30560.9568
2008000008694,39,1,45077.41128
2008000008694,39,1,42021.3156
2008000008794,40,1,30560.9568
2008000008794,4,0,-15279.71438
2008000009287,33,1,45841.4352
2008000010233,20,1,1146.03588
2008000010233,22,1,2368.474152
2008000010233,22,1,3820.1196
2008000010233,20,1,916.828704
2008000012610,26,1,4584.14352
2008000012610,25,1,20628.64584
2008000013275,85,2,50349.17633
2008000013275,83,2,0
2008000017340,39,1,26740.8372
2008000017340,43,2,15280.4784
2008000017340,4,0,-15279.71438
2008000017340,2,0,-15279.71438
2008000017553,53,2,10772.73727
2008000017553,58,1,16961.33102
2008000017818,40,2,473.6948304
2008000017818,42,1,2620.602046
2008000017818,19,2,1107.834684
2008000017818,12,0,NA
2008000017818,0,0,NA
2008000018024,31,1,49661.5548
2008000019733,39,1,15288.11864
2008000019733,40,1,53481.6744
2008000019733,10,0,NA
2008000019733,7,0,-15279.71438
2008000019733,3,0,-15279.71438
2008000019733,22,2,0
2008000019889,73,2,10467.1277
2008000020163,34,1,246779.7262
2008000020163,7,0,-15279.71438
2008000020163,16,1,1910.0598
2008000020954,46,2,0
2008000020954,49,2,0
2008000020954,17,1,2521.278936
2008000020954,13,0,NA
2008000023486,35,1,19864.62192
2008000023486,69,2,8427.183838
2008000024296,83,2,17037.73342
2008000025109,83,2,6188.593752
2008000030718,81,2,4202.13156
2008000032498,85,2,55009.72224
2008000032498,83,2,4584.14352
2008000035278,53,1,7640.2392
2008000035278,51,1,53535.15607
2008000035278,16,2,0
2008000037995,40,1,29644.1281
2008000037995,43,2,0
2008000037995,8,0,-15279.71438
2008000037995,6,0,-15279.71438
2008000042250,59,2,7945.848768
2008000050855,61,2,14745.66166
2008000051396,53,1,56155.75812
2008000051396,44,1,45841.4352
2008000051396,9,0,-15279.71438
2008000051396,6,0,-15279.71438
2008000051607,76,2,5195.362656
2008000052442,59,1,15280.4784
2008000052442,52,1,38201.196
2008000052442,12,0,NA
2008000052442,11,0,NA
2008000052943,56,1,24464.04592
2008000052943,60,1,34381.0764
2008000052943,22,1,11460.3588
2008000052943,20,1,7640.2392
2008000054321,90,2,2597.681328
2008000054321,83,2,11383.95641
2008000055620,37,1,12606.39468
2008000055620,59,1,68762.1528
2008000055772,60,1,41219.09048
2008000055772,80,2,22233.09607
2008000057890,19,1,1528.04784
2008000060604,70,2,6723.410496
2008000061032,94,2,14210.84491
2008000061032,55,1,30560.9568
2008000061032,55,1,14516.45448
2008000061311,27,1,29032.90896
2008000061311,4,0,-15279.71438
2008000061311,24,1,7640.2392
2008000062365,40,1,52335.63852
2008000062365,36,1,37819.18404
2008000062365,10,0,NA
2008000062365,8,0,-15279.71438
2008000062365,4,0,-15279.71438
2008000063304,72,2,9168.28704
2008000066771,55,1,6417.800928
2008000066771,50,1,57301.794
2008000066771,22,1,7640.2392
2008000066771,19,2,0
2008000066771,7,0,-15279.71438
2008000068153,27,1,24066.75348
2008000068153,29,1,19100.598
2008000068461,57,1,53481.6744
2008000068461,50,2,5959.386576
2008000073421,49,1,27504.86112
2008000073421,47,1,33617.05248
2008000073421,10,0,NA
2008000079822,49,2,0
2008000081186,30,1,27886.87308
2008000081186,31,1,3743.717208
2008000083094,40,1,20628.64584
2008000084888,74,1,40493.26776
2008000084888,72,1,58906.24423
2008000091028,32,1,76402.392
2008000091028,32,1,30560.9568
2008000092158,46,1,63413.98536
2008000092158,24,1,12224.38272
2008000093093,55,1,48897.53088
2008000093093,54,1,122243.8272
2008000094183,50,1,12682.79707
2008000094183,56,1,28956.50657
2008000094183,52,2,-2292.07176
2008000095929,50,2,5730.1794
2008000095929,30,2,0
2008000095929,28,1,4584.14352
2008000096152,58,1,2139.266976
2008000096446,41,1,32853.02856
2008000096446,41,1,12988.40664
2008000097559,36,1,8327.860728
2008000097559,33,1,23684.74152
2008000097559,31,1,49661.5548
2008000106769,47,1,38201.196
2008000106918,49,1,19100.598
2008000108731,28,1,18336.57408
2008000108731,32,1,34381.0764
2008000111444,41,1,116895.6598
2008000111444,35,1,42785.33952
2008000112827,19,1,11460.3588
2008000112827,18,1,1451.645448
2008000117038,29,1,32089.00464
2008000117038,30,1,49661.5548
2008000117251,26,1,30576.23728
2008000117251,25,1,16044.50232
2008000117624,39,1,39729.24384
2008000117624,37,2,382.01196
2008000120969,54,2,11918.77315
2008000120969,14,0,NA
2008000122956,49,2,3820.1196
2008000123263,54,1,57301.794
2008000123263,20,2,4584.14352
2008000123429,27,1,12988.40664
2008000123429,28,1,26740.8372
2008000127642,80,2,0
2008000129514,47,1,49707.39624
2008000129514,12,0,NA
2008000130978,84,2,63184.77818
2008000132998,30,1,22920.7176
2008000132998,6,0,-15279.71438
2008000132998,38,1,34381.0764
2008000134268,89,2,23837.5463
2008000142089,37,1,22531.0654
2008000143421,79,2,13752.43056
2008000144027,51,1,61121.9136
2008000147605,25,2,1451.645448
2008000147605,39,1,15738.89275
2008000150598,76,2,36673.14816
2008000150751,57,1,21576.0355
2008000150751,56,1,6876.21528
2008000152160,68,1,39958.45102
2008000152160,64,1,9473.896608
2008000152160,42,1,22920.7176
2008000152160,21,1,4584.14352
2008000154648,52,1,17656.59279
2008000154648,28,2,664.7008104
2008000155562,71,2,112311.5162
2008000155562,71,2,9779.506176
2008000157037,54,2,0
2008000157037,51,1,9237.049193
2008000157182,25,1,13752.43056
2008000157669,52,1,21621.87694
2008000157669,20,2,4966.15548
2008000157669,12,0,NA
2008000158864,64,1,25594.80132
2008000158864,12,0,NA
2008000166576,60,1,129120.0425
2008000166576,58,1,49661.5548
2008000170920,31,1,11460.3588
2008000170920,32,1,22156.69368
2008000170920,6,0,-15279.71438
2008000172556,40,1,21392.66976
2008000178586,42,1,15280.4784
2008000178586,49,2,764.02392
2008000179526,26,1,10161.51814
2008000179526,25,1,25976.81328
2008000179526,30,1,2521.278936
2008000179700,94,2,45841.4352
2008000180330,26,1,10467.1277
2008000180330,25,1,4278.533952
2008000180627,21,1,3820.1196
2008000185083,55,2,45.8414352
2008000185976,72,2,10543.5301
2008000185976,44,1,16120.90471
2008000192328,26,1,20781.45062
2008000193652,67,1,19024.19561
2008000193652,48,2,0
2008000193652,50,1,916.828704
2008000193652,63,1,80986.53552
2008000193652,56,2,11154.74923
2008000193652,45,1,7334.629632
2008000193652,43,1,1375.243056
2008000193652,40,2,7334.629632
2008000199008,32,1,13752.43056
2008000201388,31,1,33617.05248
2008000201584,45,1,45841.4352
2008000201584,45,1,9168.28704
2008000201584,11,0,NA
2008000202707,52,1,53481.6744
2008000202707,54,1,25212.78936
2008000205286,60,2,16961.33102
2008000207093,22,1,2162.187694
2008000207093,22,1,9550.299
2008000208526,53,1,25212.78936
2008000208526,44,1,15280.4784
2008000208526,5,0,-15279.71438
2008000212881,60,1,11995.17554
2008000212881,26,2,5730.1794
2008000215662,54,1,26740.8372
2008000215662,53,1,6417.800928
2008000218927,56,1,36673.14816
2008000218927,23,1,15280.4784
2008000218927,17,1,305.609568
2008000219039,66,2,24372.36305
2008000220649,27,1,17878.15973
2008000220649,28,1,30178.94484
2008000222850,39,1,22920.7176
2008000222850,16,2,0
2008000222850,13,0,NA
2008000222850,34,1,27886.87308
2008000230287,73,2,11872.93172
2008000230598,46,1,34381.0764
2008000233558,73,2,25212.78936
2008000234447,70,1,27428.45873
2008000234728,62,1,55773.74616
2008000234728,53,1,26588.03242
2008000235764,47,1,21010.6578
2008000235764,10,0,NA
2008000235764,8,0,-15279.71438
2008000236907,40,1,34396.35688
2008000238225,37,1,23684.74152
2008000238225,16,2,0
2008000238225,10,0,NA
2008000238225,9,0,-15279.71438
2008000238225,7,0,-15279.71438
2008000241312,52,1,19864.62192
2008000241312,50,1,42021.3156
2008000241312,18,1,4584.14352
2008000241936,23,2,4584.14352
2008000241936,0,0,NA
2008000241936,19,1,12835.60186
2008000242206,50,1,45841.4352
2008000242206,56,2,0
2008000243305,32,1,22943.63832
2008000243305,27,1,19123.51872
2008000252440,39,1,65706.05712
2008000252440,14,0,NA
2008000254410,44,1,14516.45448
2008000254410,17,2,0
2008000254410,8,0,-15279.71438
2008000256162,25,2,0
2008000256162,42,1,7640.2392
2008000256162,23,1,7640.2392
2008000256832,69,1,50119.96915
2008000257204,57,1,55238.92942
2008000257204,56,2,0
2008000258973,28,1,11460.3588
2008000258973,27,1,9168.28704
2008000259620,54,1,22920.7176
2008000259620,50,1,44313.38736
2008000260242,81,2,51342.40742
2008000260242,70,2,11918.77315
2008000264339,35,1,76402.392
2008000264339,35,1,11460.3588
2008000264339,6,0,-15279.71438
2008000264339,3,0,-15279.71438
2008000269389,64,1,23302.72956
2008000269407,52,2,3438.10764
2008000272867,45,1,57301.794
2008000276757,82,2,27199.25155
2008000277676,36,1,39729.24384
2008000277676,26,2,0
2008000277676,0,0,NA
2008000279178,56,1,45841.4352
2008000279178,56,1,72582.2724
2008000279178,11,0,NA
2008000281747,40,1,39729.24384
2008000281747,41,1,43549.36344
2008000284218,45,1,27581.26351
2008000285050,42,2,6417.800928
2008000286831,52,1,12102.13889
2008000286831,48,1,84653.85034
2008000287183,54,1,36673.14816
2008000287183,58,2,0
2008000287493,72,2,8862.677472
2008000287665,43,2,4125.729168
2008000287665,12,0,NA
2008000288265,52,1,34381.0764
2008000288343,53,2,9122.445605
2008000288343,48,1,12988.40664
2008000289782,39,1,178781.5973
2008000289782,40,1,4584.14352
2008000289782,2,0,-15279.71438
2008000289782,2,0,-15279.71438
2008000289782,0,0,NA
2008000291029,29,1,32853.02856
2008000291029,30,1,26740.8372
2008000291029,2,0,-15279.71438
2008000291330,53,1,12988.40664
2008000291330,47,1,25212.78936
2008000292113,34,1,49661.5548
2008000292113,34,1,33617.05248
2008000293294,58,1,22920.7176
2008000294489,52,1,42021.3156
2008000294489,49,1,9932.31096
2008000294678,32,1,19864.62192
2008000294678,34,1,36673.14816
2008000294678,1,0,NA
2008000295855,62,1,34381.0764
2008000295855,58,1,43167.35148
2008000296608,24,2,0
2008000296608,22,2,916.828704
2008000296608,3,0,-15279.71438
2008000301663,56,2,36520.34338
2008000301663,64,2,13752.43056
2008000301663,22,1,8633.470296
2008000301663,20,1,1910.0598
2008000303869,52,1,27275.65394
2008000307052,37,1,76402.392
2008000308333,53,1,40569.67015
2008000309879,48,1,29032.90896
2008000309879,43,1,31393.74287
2008000310252,44,1,27199.25155
2008000310252,47,1,27982.37607
2008000317791,31,1,26740.8372
2008000317791,28,2,0
2008000317791,2,0,-15279.71438
2008000318636,30,1,55773.74616
2008000318636,28,1,65018.43559
2008000319858,30,1,22920.7176
2008000319858,33,1,44313.38736
2008000321669,17,2,0
2008000321757,61,1,95120.97804
2008000321757,52,1,51953.62656
2008000323082,43,1,22615.10803
2008000323082,45,1,64942.0332
2008000323082,3,0,-15279.71438
2008000324528,51,1,74110.32024
2008000324528,48,1,49661.5548
2008000324528,5,0,-15279.71438
2008000328951,46,1,30560.9568
2008000328951,5,0,-15279.71438
2008000328951,44,1,13370.4186
2008000329264,89,2,14516.45448
2008000329303,52,2,8098.653552
2008000335893,30,1,36673.14816
2008000335893,28,2,0
2008000335893,3,0,-15279.71438
2008000335893,3,0,-15279.71438
2008000339319,81,2,5500.972224
2008000339319,42,1,1528.04784
2008000339319,3,0,-15279.71438
2008000339319,1,0,NA
2008000339319,34,1,17572.55016
2008000342514,22,1,4966.15548
2008000342514,22,1,1528.04784
2008000342514,22,1,5348.16744
2008000343226,21,1,10390.72531
2008000344427,88,2,10314.32292
2008000345472,58,1,8022.25116
2008000345472,14,0,NA
2008000345472,94,2,5653.777008
2008000347653,59,1,74110.32024
2008000348702,61,2,11536.76119
2008000348702,53,1,24677.97262
2008000350797,88,2,22538.70564
2008000352985,37,1,11460.3588
2008000352985,46,1,11460.3588
2008000352985,18,1,9550.299
2008000352985,16,2,0
2008000352985,13,0,NA
2008000352985,7,0,-15279.71438
2008000356854,39,1,55009.72224
2008000357656,43,1,427.8533952
2008000358326,66,2,26595.67266
2008000360661,41,1,17572.55016
2008000360661,13,0,NA
2008000360661,6,0,-15279.71438
2008000360887,75,2,34381.0764
2008000364212,66,1,61274.71838
2008000364212,62,2,3972.924384
2008000364533,62,2,42021.3156
2008000364533,58,1,54551.30789
2008000370815,43,1,40493.26776
2008000372334,31,1,7250.587001
2008000372334,43,1,134086.198
2008000373516,51,1,13752.43056
2008000373764,36,1,34381.0764
2008000373764,35,1,382.01196
2008000374649,24,2,0
2008000374649,24,1,11460.3588
2008000374649,3,0,-15279.71438
2008000374649,2,0,-15279.71438
2008000374649,14,0,NA
2008000374649,8,0,-15279.71438
2008000375305,43,1,37819.18404
2008000375608,83,2,14363.6497
2008000376624,27,1,37131.56251
2008000376624,29,1,17190.5382
2008000379538,28,1,4584.14352
2008000387792,86,2,5959.386576
2008000392672,62,2,0
2008000392672,65,2,5348.16744
2008000395348,40,1,76402.392
2008000395348,38,1,12377.1875
2008000398586,33,1,5042.557872
2008000398586,10,0,NA
2008000398586,42,1,9168.28704
2008000399215,36,1,42021.3156
2008000399215,55,1,22080.29129
2008000405982,29,1,5348.16744
2008000405982,28,1,18183.7693
2008000405982,26,1,6112.19136
2008000408159,72,2,18260.17169
2008000408159,59,2,9168.28704
2008000408159,21,1,4889.753088
2008000408159,18,1,13752.43056
2008000414334,65,2,42938.1443
2008000414334,63,1,9168.28704
2008000415683,44,1,32089.00464
2008000415683,48,1,5348.16744
2008000415683,15,0,0
2008000416597,60,1,51953.62656
2008000416597,52,1,68762.1528
2008000416597,20,1,1528.04784
2008000417483,43,1,6112.19136
2008000417483,22,1,9168.28704
2008000417483,21,1,18336.57408
2008000417483,52,1,10237.92053
2008000417594,72,1,152.804784
2008000418239,40,1,45841.4352
2008000418239,42,1,15280.4784
2008000418239,9,0,-15279.71438
2008000418239,8,0,-15279.71438
2008000418239,5,0,-15279.71438
2008000419479,25,1,13064.80903
2008000419479,29,1,1451.645448
2008000419935,20,1,9932.31096
2008000419935,20,1,2292.07176
2008000428269,49,1,993.231096
2008000428715,49,1,4584.14352
2008000429319,48,1,42021.3156
2008000430461,32,1,5730.1794
2008000430461,10,0,NA
2008000430461,6,0,-15279.71438
2008000430461,19,1,4660.545912
2008000431905,31,1,21392.66976
2008000433027,60,2,14134.44252
2008000433027,79,2,10696.33488
2008000438019,50,1,30576.23728
2008000443376,53,1,90154.82256
2008000443376,48,1,18336.57408
2008000443376,19,1,840.426312
2008000443680,55,1,28880.10418
2008000443680,49,1,16884.92863
2008000443680,6,0,-15279.71438
2008000444695,26,1,21392.66976
2008000444695,23,2,0
2008000444695,3,0,-15279.71438
2008000444695,0,0,NA
2008000448422,36,1,26740.8372
2008000448422,35,1,45841.4352
2008000448422,3,0,-15279.71438
2008000453270,42,2,5730.1794
2008000455138,50,1,38201.196
2008000455138,54,2,0
2008000455138,28,2,1222.438272
2008000455138,15,0,0
2008000455138,10,0,NA
2008000456751,50,1,24448.76544
2008000456751,23,1,511.8960264
2008000458741,55,2,9244.689432
2008000460656,59,1,142872.473
2008000460656,56,1,53481.6744
2008000460656,21,2,0
2008000460656,19,1,9993.432874
2008000460656,16,1,2368.474152
2008000464387,33,1,34610.28358
2008000464387,30,1,45841.4352
2008000465065,59,2,5821.86227
2008000466085,61,2,14058.04013
2008000466085,61,1,38201.196
2008000469382,88,2,28421.68982
2008000469382,38,1,33999.06444
2008000471750,83,2,39423.63427
2008000471750,85,2,7334.629632
2008000471934,61,1,47369.48304
2008000473311,85,2,18565.78126
2008000475192,59,1,15280.4784
2008000477224,94,1,39958.45102
2008000477224,94,2,8022.25116
2008000483999,20,2,11460.3588
2008000484119,67,1,43014.5467
2008000484119,61,2,0
2008000484119,28,1,18336.57408
2008000484119,26,1,9053.683452
2008000484456,49,1,41257.29168
2008000485296,31,1,30560.9568
2008000485797,73,2,7258.22724
2008000485797,46,1,17954.56212
2008000485797,34,1,16044.50232
2008000487847,33,1,34839.49075
2008000487847,24,1,11307.55402
2008000491893,76,2,53099.66244
2008000491893,65,2,5042.557872
2008000492436,51,1,63238.25986
2008000496150,40,1,34228.27162
2008000496150,45,1,2979.693288
2008000496150,19,2,0
2008000496150,15,0,0
2008000501309,61,1,14974.86883
2008000504750,53,1,95502.99
2008000506607,40,1,32853.02856
2008000506607,40,1,1772.535494
2008000506607,12,0,NA
2008000506890,62,2,53787.28397
2008000506890,62,2,28268.88504
2008000508007,33,1,39729.24384
2008000510176,26,1,11689.56598
2008000510176,24,1,7945.848768
2008000511173,43,1,13752.43056
2008000511173,45,1,9932.31096
2008000514610,29,2,0
2008000515723,62,1,27504.86112
2008000519413,69,2,4354.936344
2008000519413,69,2,5118.960264
2008000525576,34,1,25212.78936
2008000525576,3,0,-15279.71438
2008000529101,73,2,24448.76544
2008000529798,66,1,22309.49846
2008000529798,21,1,6876.21528
2008000529798,29,1,9168.28704
2008000535571,54,1,49661.5548
2008000535571,53,1,18336.57408
2008000535571,18,1,4584.14352
2008000535571,16,2,0
2008000536188,57,1,51189.60264
2008000536188,28,1,764.02392
2008000536601,73,2,18030.96451
2008000536601,49,1,18336.57408
2008000537588,30,1,5653.777008
2008000537588,14,0,NA
2008000537588,47,2,5042.557872
2008000540107,33,1,15280.4784
2008000542551,53,1,34381.0764
2008000542551,53,1,68762.1528
2008000547887,51,1,22920.7176
2008000549569,47,1,48133.50696
2008000549569,19,1,3820.1196
2008000549841,30,1,29262.11614
2008000549841,33,2,5500.972224
2008000551404,46,1,11460.3588
2008000553070,79,2,11154.74923
2008000553070,78,2,4507.741128
2008000554710,75,2,6028.148729
2008000565103,31,1,41257.29168
2008000565103,32,2,0
2008000565103,12,0,NA
2008000565103,8,0,-15279.71438
2008000565929,47,1,27504.86112
2008000565929,19,1,6700.489778
2008000565929,2,0,-15279.71438
2008000566434,53,1,19100.598
2008000566434,44,1,10696.33488
2008000566473,73,2,9550.299
2008000570220,48,1,10925.54206
2008000570786,58,2,15456.2039
2008000571937,50,1,80222.5116
2008000571937,48,1,75179.95373
2008000573150,56,1,19864.62192
2008000573150,52,1,26740.8372
2008000573150,24,1,3056.09568
2008000573150,16,2,4813.350696
2008000573150,50,1,38201.196
2008000573150,50,2,0
2008000576960,50,1,30560.9568
2008000578602,87,1,25594.80132
2008000578602,68,1,9091.884648
2008000580134,51,2,6188.593752
2008000585641,47,1,20628.64584
2008000586323,26,1,8404.26312
2008000587640,49,1,19100.598
2008000587640,45,2,0
2008000587640,23,1,3056.09568
2008000587640,14,0,NA
2008000589651,58,1,44397.42999
2008000589651,54,1,7334.629632
2008000589651,20,1,1604.450232
2008000590666,30,1,68762.1528
2008000590666,5,0,-15279.71438
2008000590666,25,1,8709.872688
2008000590666,23,1,7640.2392
2008000593521,32,1,57301.794
2008000593521,33,1,30560.9568
2008000596965,46,2,9168.28704
2008000596965,19,2,0
2008000596965,15,0,0
2008000596965,19,2,1528.04784
2008000598367,34,1,22920.7176
2008000598748,37,1,19100.598
2008000598748,15,0,0
2008000598748,14,0,NA
2008000598748,46,1,26740.8372
2008000600070,48,1,69144.16476
2008000600070,33,2,0
2008000601208,49,1,20628.64584
2008000604081,17,1,3132.498072
2008000606511,20,1,1298.840664
2008000608240,37,1,30560.9568
2008000608240,51,2,9932.31096
2008000608240,17,1,1986.462192
2008000608240,14,0,NA
2008000609784,26,1,36673.14816
2008000609784,25,2,0
2008000609784,4,0,-15279.71438
2008000609784,0,0,NA
2008000610565,33,1,22156.69368
2008000610565,28,1,24448.76544
2008000619527,81,2,10467.1277
2008000619564,40,1,68762.1528
2008000619564,25,1,5348.16744
2008000619564,1,0,NA
2008000625635,44,1,45841.4352
2008000625635,81,2,12682.79707
2008000625635,33,1,3056.09568
2008000625635,48,1,83278.60728
2008000625747,40,1,64560.02124
2008000625747,38,1,36673.14816
2008000625747,9,0,-15279.71438
2008000625747,7,0,-15279.71438
2008000628156,47,1,61121.9136
2008000628156,52,1,36673.14816
2008000628156,8,0,-15279.71438
2008000628156,2,0,-15279.71438
2008000633056,61,2,8327.860728
2008000634787,40,2,0
2008000634787,39,1,44313.38736
2008000634787,5,0,-15279.71438
2008000634787,5,0,-15279.71438
2008000637174,51,2,6876.21528
2008000637174,17,2,6876.21528
2008000639662,53,1,19100.598
2008000639662,51,1,57301.794
2008000639686,71,2,7640.2392
2008000645566,18,1,764.02392
2008000647338,34,1,2062.864584
2008000647338,39,1,32089.00464
2008000647338,3,0,-15279.71438
2008000647338,1,0,NA
2008000647983,49,1,15280.4784
2008000647983,47,1,6570.605712
2008000648421,36,1,61885.93752
2008000648421,36,1,17572.55016
2008000648421,2,0,-15279.71438
2008000650995,46,1,14516.45448
2008000650995,45,1,32394.61421
2008000652401,48,1,4584.14352
2008000656912,29,1,7640.2392
2008000657874,25,1,15280.4784
2008000657874,26,1,18336.57408
2008000657874,23,1,12377.1875
2008000657969,74,2,31019.37115
2008000659821,87,2,3972.924384
2008000661483,36,1,19100.598
2008000663784,69,2,20170.23149
2008000663784,81,2,7793.043984
2008000665719,72,2,9932.31096
2008000667072,35,1,35909.12424
2008000667072,36,1,61885.93752
2008000667087,94,2,52259.23613
2008000667087,84,2,0
2008000669290,61,1,36673.14816
2008000671486,59,1,61121.9136
2008000671486,59,1,91682.8704
2008000676062,46,1,27504.86112
2008000676062,46,2,0
2008000679701,82,2,1298.840664
2008000681253,27,1,42021.3156
2008000681253,29,1,7640.2392
2008000681758,27,1,9932.31096
2008000681758,31,1,9168.28704
2008000683552,38,1,137524.3056
2008000683552,33,1,114603.588
2008000683552,5,0,-15279.71438
2008000683552,2,0,-15279.71438
2008000684471,65,2,10161.51814
2008000694022,36,1,2292.07176
2008000694022,28,1,46712.42247
2008000694022,4,0,-15279.71438
2008000694022,1,0,NA
2008000694798,74,1,45841.4352
2008000694798,65,1,11842.37076
2008000698378,61,1,32547.41899
2008000698378,57,1,33999.06444
2008000704621,73,2,10726.89584
2008000704621,67,2,7334.629632
2008000704621,17,1,1535.688079
2008000704724,24,1,30560.9568
2008000704968,46,1,108491.3966
2008000704968,7,0,-15279.71438
2008000704968,4,0,-15279.71438
2008000705165,55,1,25289.19175
2008000706442,66,1,15891.69754
2008000706442,38,1,23531.93674
2008000706442,32,1,4584.14352
2008000706442,8,0,-15279.71438
2008000708885,79,2,14287.2473
2008000709125,32,1,59593.86576
2008000709125,31,1,11460.3588
2008000714670,47,1,15891.69754
2008000714670,33,1,12682.79707
2008000714670,14,0,NA
2008000715764,37,1,25212.78936
2008000715764,40,1,31401.38311
2008000715764,22,1,11460.3588
2008000715764,19,1,6876.21528
2008000726790,37,1,1910.0598
2008000730295,47,2,0
2008000730295,12,0,NA
2008000734453,39,1,50578.3835
2008000734453,6,0,-15279.71438
2008000735086,94,2,89696.40821
2008000737135,24,1,29032.90896
2008000737135,26,1,32089.00464
2008000738226,63,1,27031.16629
2008000741769,38,1,30560.9568
2008000744607,39,1,19368.00637
2008000744607,43,1,1528.04784
2008000744607,33,1,15280.4784
2008000744607,28,1,30652.63967
2008000745330,43,1,49692.11576
2008000745330,7,0,-15279.71438
2008000748653,34,1,52717.65048
2008000750345,61,1,14898.46644
2008000755056,34,1,42785.33952
2008000755056,31,1,1833.657408
2008000755056,8,0,-15279.71438
2008000755056,1,0,NA
2008000755189,34,1,27504.86112
2008000755189,30,1,21392.66976
2008000756440,32,1,3056.09568
2008000756440,8,0,-15279.71438
2008000756440,31,1,3056.09568
2008000756440,12,0,NA
2008000756440,9,0,-15279.71438
2008000757428,26,1,18565.78126
2008000757428,26,1,1375.243056
2008000757428,3,0,-15279.71438
2008000757428,0,0,NA
2008000758369,30,1,35297.9051
2008000758369,31,1,52870.45526
2008000758369,0,0,NA
2008000758369,32,1,29032.90896
2008000758369,31,1,19100.598
2008000758369,28,1,19100.598
2008000758369,25,1,6494.20332
2008000760451,49,1,29949.73766
2008000760451,54,1,764.02392
2008000766097,23,1,12682.79707
2008000767323,84,1,10619.93249
2008000772034,31,1,17572.55016
2008000774214,45,1,4736.948304
2008000776087,48,1,38965.21992
2008000777162,30,1,20628.64584
2008000777162,31,1,20170.23149
2008000780693,35,1,20628.64584
2008000780821,36,1,21392.66976
2008000780821,38,1,52717.65048
2008000780821,4,0,-15279.71438
2008000780821,0,0,NA
2008000781570,45,1,33617.05248
2008000785059,65,1,20475.84106
2008000786697,20,1,16128.54495
2008000787963,55,1,30560.9568
2008000787963,58,2,0
2008000788484,65,2,6417.800928
2008000792157,74,2,12529.99229
2008000792157,70,2,8633.470296
2008000792534,48,1,55009.72224
2008000792534,46,1,53481.6744
2008000798016,59,1,45077.41128
2008000798016,53,1,45841.4352
2008000805899,37,1,45841.4352
2008000805899,19,1,6876.21528
2008000805899,20,1,9168.28704
2008000805899,35,1,18336.57408
2008000805899,35,1,141344.4252
2008000805899,33,1,246779.7262
2008000805899,30,1,30560.9568
2008000805899,28,1,57301.794
2008000805899,25,1,25976.81328
2008000808158,59,1,57683.80596
2008000813218,42,1,45841.4352
2008000813218,47,1,42021.3156
2008000814796,31,1,14974.86883
2008000814836,23,1,29185.71374
2008000814836,29,1,15891.69754
2008000814836,25,1,9473.896608
2008000814836,24,1,2521.278936
2008000816181,34,1,22920.7176
2008000819653,23,1,15280.4784
2008000819653,24,1,18336.57408
2008000820810,59,1,21851.08411
2008000820810,53,1,1757.255016
2008000820810,24,1,6799.812888
2008000821883,78,2,5500.972224
2008000832021,48,1,77548.42788
2008000832021,43,1,57301.794
2008000835657,43,1,55009.72224
2008000835657,57,2,0
2008000835657,15,0,0
2008000835657,8,0,-15279.71438
2008000835657,6,0,-15279.71438
2008000835657,2,0,-15279.71438
2008000836808,41,1,15280.4784
2008000837148,84,2,5500.972224
2008000839787,39,1,2062.864584
2008000839787,37,1,50425.57872
2008000839787,5,0,-15279.71438
2008000839787,3,0,-15279.71438
2008000843204,20,1,152.804784
2008000846153,80,2,45765.03281
2008000846153,83,2,25365.59414
2008000847955,31,1,29338.51853
2008000847955,0,0,NA
2008000847955,29,1,9168.28704
2008000848196,38,1,13599.62578
2008000848196,7,0,-15279.71438
2008000849075,55,1,18336.57408
2008000849075,35,2,0
2008000849075,30,1,20628.64584
2008000849075,9,0,-15279.71438
2008000849075,31,1,19100.598
2008000849099,37,1,61121.9136
2008000849099,35,1,6112.19136
2008000849099,3,0,-15279.71438
2008000849099,1,0,NA
2008000849232,29,1,22920.7176
2008000849508,72,2,22997.11999
2008000849508,45,2,0
2008000850598,32,1,32203.60823
2008000850598,31,1,1528.04784
2008000850598,4,0,-15279.71438
2008000850598,3,0,-15279.71438
2008000850598,1,0,NA
2008000856881,64,1,13760.0708
2008000856881,38,1,7487.434416
2008000856881,24,1,9168.28704
2008000856881,94,2,18336.57408
2008000858413,83,1,57317.07448
2008000858413,57,1,68456.54323
2008000861864,30,2,10696.33488
2008000863422,33,1,26740.8372
2008000863422,6,0,-15279.71438
2008000863580,57,1,48133.50696
2008000872835,79,2,25212.78936
2008000873157,37,1,9168.28704
2008000874182,36,1,18336.57408
2008000874327,42,1,53672.68038
2008000874327,38,1,47369.48304
2008000880629,94,2,3575.631946
2008000881422,38,1,34426.91784
2008000881422,43,1,27550.70256
2008000881422,3,0,-15279.71438
2008000881422,13,0,NA
2008000882251,35,2,0
2008000882251,36,1,41257.29168
2008000883210,72,2,10696.33488
2008000883210,78,2,20399.43866
2008000884605,42,1,51953.62656
2008000884605,5,0,-15279.71438
2008000884605,6,0,-15279.71438
2008000885683,94,2,6494.20332
2008000885683,44,1,32089.00464
2008000887573,53,1,35932.04496
2008000887573,30,1,14516.45448
2008000887573,53,1,24677.97262
2008000888675,31,1,9321.091824
2008000888675,29,1,3820.1196
2008000893144,73,2,24754.37501
2008000896253,75,2,1298.840664
2008000898758,67,2,0
2008000898758,64,1,39652.84145
2008000899561,56,1,27199.25155
2008000899561,26,1,14974.86883
2008000901482,27,1,33617.05248
2008000901735,55,2,916.828704
2008000901735,56,1,31630.59029
2008000901933,60,1,4663.602008
2008000905171,35,1,11918.77315
2008000905171,5,0,-15279.71438
2008000905171,5,0,-15279.71438
2008000908111,28,1,2292.07176
2008000914136,44,1,65706.82114
2008000918618,37,1,45856.71568
2008000918618,42,2,0
2008000918618,2,0,-15279.71438
2008000918895,23,1,15280.4784
2008000924384,70,2,4584.14352
2008000924384,47,1,17190.5382
2008000924384,47,1,45841.4352
2008000925225,65,1,19864.62192
2008000929850,24,1,16808.52624
2008000929850,25,1,16808.52624
2008000931079,32,1,45841.4352
2008000931079,28,1,28268.88504
2008000932439,35,1,17190.5382
2008000932439,0,0,NA
2008000932439,27,1,6112.19136
2008000932439,7,0,-15279.71438
2008000932439,6,0,-15279.71438
2008000932927,60,1,14822.06405
2008000933784,32,1,32089.00464
2008000933784,34,1,38201.196
2008000937931,24,1,7640.2392
2008000937931,21,1,11460.3588
2008000937931,22,1,16044.50232
2008000941021,51,2,26129.61806
2008000943230,56,1,32089.00464
2008000943505,35,1,12988.40664
2008000943505,35,1,117659.6837
2008000943505,4,0,-15279.71438
2008000943505,2,0,-15279.71438
2008000946609,27,1,38201.196
2008000949418,36,1,30660.27991
2008000949418,37,1,18794.98843
2008000950452,42,2,0
2008000950452,27,2,0
2008000950688,76,1,126063.9468
2008000950688,76,2,29185.71374
2008000951583,51,1,48897.53088
2008000951583,56,1,45841.4352
2008000951583,16,1,30.5609568
2008000951583,14,0,NA
2008000951583,10,0,NA
2008000954630,44,1,49661.5548
2008000954630,32,1,24448.76544
2008000954693,34,1,46605.45912
2008000954693,32,1,35145.10032
2008000955141,34,1,47369.48304
2008000955141,32,1,2292.07176
2008000955141,12,0,NA
2008000955141,8,0,-15279.71438
2008000955381,49,1,2826.888504
2008000955381,29,1,19100.598
2008000955381,4,0,-15279.71438
2008000955381,31,2,0
2008000956735,47,1,32853.02856
2008000956735,17,2,0
2008000956735,15,0,0
2008000956735,15,0,0
2008000957100,86,2,11001.94445
2008000959885,35,1,38965.21992
2008000959885,37,1,18336.57408
2008000960078,29,1,15280.4784
2008000961869,55,1,33922.66205
2008000962307,36,1,2521.278936
2008000962545,60,2,93592.9302
2008000969693,53,1,28650.897
2008000969693,47,1,35068.69793
2008000969693,19,1,6647.008104
2008000969693,17,1,1528.04784
2008000969693,16,2,0
2008000969693,7,0,-15279.71438
2008000971153,31,1,22920.7176
2008000971153,36,2,20170.23149
2008000971153,62,2,24066.75348
2008000971153,59,2,0
2008000974473,26,1,6341.398536
2008000974473,25,1,8939.079864
2008000974473,25,1,15433.28318
2008000980751,35,1,42021.3156
2008000980751,34,1,51571.6146
2008000984845,42,1,22844.31521
2008000992712,54,1,27046.44677
2008000992712,48,1,16961.33102
2008000993191,35,1,53481.6744
2008000993191,44,1,53481.6744
2008000993191,17,1,382.01196
2008000993191,10,0,NA
2008000993191,8,0,-15279.71438
2008000995153,51,1,97718.65937
2008000995153,51,1,34763.08836
2008000995670,56,2,5500.972224
2008000995670,52,2,7029.020064
2008000995670,16,2,0
2008000995670,12,0,NA
2008001001796,40,1,74110.32024
2008001008370,45,1,68762.1528
2008001008370,35,1,32089.00464
2008001008370,34,2,0
2008001010058,19,1,764.02392
2008001011388,43,1,68914.95758
2008001011388,42,1,15280.4784
2008001011388,17,1,229.207176
2008001011388,13,0,NA
2008001013245,43,1,29032.90896
2008001015085,55,1,35450.70989
2008001015085,57,1,49661.5548
2008001019226,78,2,5042.557872
2008001021378,51,1,17801.75734
2008001021378,48,1,64942.0332
2008001021822,41,1,50425.57872
2008001021822,61,2,77930.43984
2008001027458,81,2,12835.60186
2008001028664,58,1,43931.3754
2008001028664,58,1,27504.86112
2008001028664,13,0,NA
2008001028664,12,0,NA
2008001034310,36,1,2292.07176
2008001034310,7,0,-15279.71438
2008001042696,25,2,0
2008001042696,27,1,10467.1277
2008001042696,26,1,38201.196
2008001047902,36,1,43549.36344
2008001047902,5,0,-15279.71438
2008001048916,77,2,21087.06019
2008001049940,34,1,76402.392
2008001049940,38,1,68762.1528
2008001049940,1,0,NA
2008001050575,32,1,14898.46644
2008001050575,37,1,22920.7176
2008001050575,20,2,0
2008001050575,14,0,NA
2008001050575,10,0,NA
2008001050575,38,1,23684.74152
2008001050575,33,2,0
2008001050575,5,0,-15279.71438
2008001050575,1,0,NA
2008001050575,0,0,NA
2008001051598,30,1,24448.76544
2008001051598,31,1,24448.76544
2008001053651,64,1,29796.93288
2008001054002,59,1,57301.794
2008001054002,30,1,4584.14352
2008001054002,80,1,9932.31096
2008001060318,52,1,17954.56212
2008001060318,53,1,44313.38736
2008001065688,65,1,68227.33606
2008001065688,57,1,5348.16744
2008001065688,56,1,179698.426
2008001067110,73,2,17419.74538
2008001067110,61,2,23761.14391
2008001067508,73,2,14974.86883
2008001069107,53,1,40791.23709
2008001069107,58,1,46139.40453
2008001069107,18,1,305.609568
2008001069107,14,0,NA
2008001071121,58,1,45841.4352
2008001071121,30,2,0
2008001071121,17,1,152.804784
2008001072260,37,1,22920.7176
2008001072260,34,1,5882.984184
2008001072260,7,0,-15279.71438
2008001072260,4,0,-15279.71438
2008001073261,64,2,5500.972224
2008001073544,23,1,14440.05209
2008001073544,28,1,13217.61382
2008001073544,28,1,12224.38272
2008001075295,50,1,30560.9568
2008001079627,40,1,6112.19136
2008001085374,59,1,198.6462192
2008001086504,51,2,0
2008001088900,75,2,9168.28704
2008001090796,28,1,28727.29939
2008001090796,11,0,NA
2008001090796,30,1,1375.243056
2008001094128,30,1,41257.29168
2008001096750,46,1,49661.5548
2008001096750,39,1,53481.6744
2008001096750,9,0,-15279.71438
2008001096750,7,0,-15279.71438
2008001101980,48,1,11460.3588
2008001101980,18,1,458.414352
2008001104591,52,1,66928.49539
2008001104715,46,1,53481.6744
2008001104715,42,2,0
2008001104715,20,1,3056.09568
2008001104715,18,1,2292.07176
2008001104715,12,0,NA
2008001104715,10,0,NA
2008001108085,54,1,42785.33952
2008001109022,35,1,88000.27511
2008001109022,37,1,41257.29168
2008001110572,62,1,27504.86112
2008001110572,41,1,42021.3156
2008001111110,67,2,23226.32717
2008001116765,42,1,38201.196
2008001119363,30,1,22920.7176
2008001119363,46,1,21392.66976
2008001119540,41,1,1451.645448
2008001119540,36,1,53481.6744
2008001119540,9,0,-15279.71438
2008001119540,7,0,-15279.71438
2008001121201,56,1,39752.16456
2008001121201,59,1,58929.16495
2008001125184,53,1,50119.96915
2008001125184,59,1,27504.86112
2008001126181,22,1,25747.6061
2008001126181,24,1,45841.4352
2008001126232,31,1,9168.28704
2008001131306,35,1,38201.196
2008001131306,23,1,34381.0764
2008001138829,80,2,10696.33488
2008001142741,32,1,21392.66976
2008001145655,44,2,8175.055944
2008001145655,44,2,0
2008001147229,51,1,71054.22456
2008001152384,49,1,40493.26776
2008001152384,44,1,18642.18365
2008001153870,55,1,61121.9136
2008001153870,52,1,7869.446376
2008001158299,65,2,10696.33488
2008001158299,63,2,12606.39468
2008001158329,54,1,10696.33488
2008001158329,54,1,57301.794
2008001158465,20,1,22156.69368
2008001159241,55,1,249912.2242
2008001159241,52,1,10467.1277
2008001159241,20,1,947.3896608
2008001159241,18,2,290.3290896
2008001159562,34,1,16808.52624
2008001162538,51,2,141344.4252
2008001162538,55,2,141344.4252
2008001162538,18,1,2307.352238
2008001162538,16,2,397.2924384
2008001165752,52,1,52106.43134
2008001165752,17,2,0
2008001165752,12,0,NA
2008001165752,14,0,NA
2008001165752,49,1,68601.70778
2008001166166,37,1,27504.86112
2008001166166,16,1,1734.334298
2008001166166,14,0,NA
2008001166166,5,0,-15279.71438
2008001175134,61,1,33846.25966
2008001175134,60,1,33999.06444
2008001175134,13,0,NA
2008001175364,55,1,53634.47918
2008001175364,17,1,229.207176
2008001176275,32,1,15280.4784
2008001176275,31,1,30560.9568
2008001176503,33,1,30255.34723
2008001176503,26,1,18794.98843
2008001176884,61,2,39194.4271
2008001179274,39,1,57301.794
2008001179274,40,1,57301.794
2008001179274,1,0,NA
2008001180540,25,1,31554.1879
2008001180540,32,1,4736.948304
2008001182796,42,1,15280.4784
2008001182796,42,1,24448.76544
2008001182796,12,0,NA
2008001189910,39,2,0
2008001189910,41,1,26664.43481
2008001189910,9,0,-15279.71438
2008001189910,6,0,-15279.71438
2008001190156,35,1,16502.91667
2008001190156,33,1,246779.7262
2008001190156,4,0,-15279.71438
2008001190156,0,0,NA
2008001193835,62,1,137524.3056
2008001195773,44,1,41410.09646
2008001195773,48,1,9321.091824
2008001195773,6,0,-15279.71438
2008001195968,83,2,39041.62231
2008001204981,59,1,33387.8453
2008001204981,61,2,6876.21528
2008001205193,54,1,20628.64584
2008001205193,52,1,14440.05209
2008001205193,53,1,16044.50232
2008001206572,50,1,29032.90896
2008001206572,48,2,7640.2392
2008001210763,54,1,382.01196
2008001211847,38,1,44313.38736
2008001211847,32,1,61121.9136
2008001211847,2,0,-15279.71438
2008001211880,27,1,15280.4784
2008001211880,31,1,13752.43056
2008001211880,27,1,18642.18365
2008001214714,66,1,19864.62192
2008001214868,61,1,19100.598
2008001214868,32,1,6112.19136
2008001214868,33,1,382.01196
2008001221928,53,1,41257.29168
2008001221928,20,1,4966.15548
2008001224360,37,1,45841.4352
2008001224360,40,1,32089.00464
2008001231701,40,1,57301.794
2008001231701,35,2,0
2008001231701,5,0,-15279.71438
2008001231701,1,0,NA
2008001233501,58,1,53481.6744
2008001238370,70,2,15280.4784
2008001242246,37,1,34381.0764
2008001242246,34,1,30560.9568
2008001242246,1,0,NA
2008001243335,33,1,53481.6744
2008001243335,31,1,30560.9568
2008001243335,2,0,-15279.71438
2008001246558,34,1,106964.1128
2008001246558,33,2,0
2008001246558,2,0,-15279.71438
2008001246582,78,2,11460.3588
2008001246582,30,1,8251.458336
2008001246582,0,0,NA
2008001251195,63,2,5806.581792
2008001253441,42,1,87939.15319
2008001253441,12,0,NA
2008001253441,54,2,0
2008001261738,54,1,2826.888504
2008001261738,51,1,42021.3156
2008001261738,16,1,840.426312
2008001262725,59,1,9168.28704
2008001264208,25,1,17190.5382
2008001264208,24,1,3820.1196
2008001264208,2,0,-15279.71438
2008001264208,22,1,19100.598
2008001264724,48,1,13905.23534
2008001264724,26,1,1528.04784
2008001265719,65,1,6189.357776
2008001265719,60,2,0
2008001266171,85,2,11032.5054
2008001270023,39,1,28268.88504
2008001271873,33,1,77013.61114
2008001271873,33,1,38201.196
2008001271873,2,0,-15279.71438
2008001278720,26,1,15280.4784
2008001279951,29,1,48744.7261
2008001285951,27,1,16663.3617
2008001285951,32,1,23684.74152
2008001293241,38,1,61121.9136
2008001293241,42,1,22997.11999
2008001293241,7,0,-15279.71438
2008001293241,1,0,NA
2008001299545,32,1,68762.1528
2008001299545,33,1,3056.09568
2008001299686,39,1,14516.45448
2008001299686,44,1,2903.290896
2008001299686,6,0,-15279.71438
2008001299686,2,0,-15279.71438
2008001300617,82,2,29032.90896
2008001300617,81,2,3820.1196
2008001302240,44,1,25976.81328
2008001302240,50,1,22997.11999
2008001302240,21,1,11460.3588
2008001303028,37,1,26740.8372
2008001303336,66,2,176183.916
2008001304662,48,1,10696.33488
2008001304662,23,1,1604.450232
2008001306209,34,1,35909.12424
2008001306209,36,1,13752.43056
2008001306209,60,2,8557.067904
2008001311711,59,1,11078.34684
2008001312338,35,2,9015.482256
2008001312338,11,0,NA
2008001315211,31,1,51953.62656
2008001315211,28,1,35145.10032
2008001315552,70,1,13676.02817
2008001316313,65,1,27886.87308
2008001316313,56,1,6723.410496
2008001316313,29,2,6005.228011
2008001316313,8,0,-15279.71438
2008001323695,41,1,33158.63813
2008001323695,39,1,20628.64584
2008001323769,80,2,1451.645448
2008001324187,18,1,2062.864584
2008001326787,39,1,2292.07176
2008001329998,61,1,45841.4352
2008001329998,38,2,0
2008001330374,39,1,49661.5548
2008001330374,42,1,28268.88504
2008001330374,10,0,NA
2008001332148,61,1,69526.17672
2008001332148,63,1,84042.6312
2008001332877,17,2,0
2008001332899,42,1,24448.76544
2008001332899,15,0,0
2008001336557,83,2,45841.4352
2008001336557,83,2,5730.1794
2008001337347,27,1,5348.16744
2008001337347,24,1,3820.1196
2008001341000,22,1,35145.10032
2008001341464,46,1,38201.196
2008001341464,45,1,27504.86112
2008001350304,54,1,9168.28704
2008001350304,58,1,43549.36344
2008001354111,22,1,10237.92053
2008001362559,23,2,0
2008001366042,86,2,15280.4784
2008001366060,31,1,26740.8372
2008001366060,31,1,13141.21142
2008001366060,1,0,NA
2008001367438,52,1,62649.96144
2008001367438,56,1,61885.93752
2008001368236,37,2,0
2008001368236,35,1,133704.186
2008001368236,3,0,-15279.71438
2008001369305,64,1,32089.00464
2008001370762,68,1,17496.14777
2008001370762,67,1,77930.43984
2008001371745,85,2,28650.897
2008001376447,50,1,4584.14352
2008001376447,21,1,152.804784
2008001377087,67,2,37895.58643
2008001378904,30,1,29995.5791
2008001378904,30,1,16808.52624
2008001380070,36,1,6876.21528
2008001380070,40,1,14516.45448
2008001380070,33,1,47369.48304
2008001381586,47,2,7334.629632
2008001381586,20,1,7258.22724
2008001381586,19,2,5806.581792
2008001384566,81,2,17572.55016
2008001385205,69,2,2674.08372
2008001387655,69,2,14440.05209
2009000004758,35,1,58829.84184
2009000004758,32,1,18336.57408
2009000004758,0,0,NA
2009000005255,65,1,48897.53088
2009000005255,39,2,0
2009000005255,14,0,NA
2009000006397,45,2,12988.40664
2009000009410,56,1,16044.50232
2009000009410,28,1,26740.8372
2009000013502,52,1,34839.49075
2009000013604,26,1,34381.0764
2009000014190,34,1,64942.0332
2009000014190,34,1,49661.5548
2009000014190,1,0,NA
2009000017110,83,2,22233.09607
2009000024415,78,2,23149.92478
2009000024554,62,1,36673.14816
2009000024554,61,2,0
2009000024554,13,0,NA
2009000024554,9,0,-15279.71438
2009000025581,24,1,6876.21528
2009000025581,27,1,10696.33488
2009000029084,47,1,24448.76544
2009000029084,47,1,80986.53552
2009000029084,17,2,0
2009000029084,15,0,0
2009000030100,57,1,42174.12038
2009000031879,57,1,28307.08624
2009000031879,57,1,61160.1148
2009000031879,17,1,1910.0598
2009000035536,45,1,32089.00464
2009000036915,67,1,39347.23188
2009000039641,45,1,6188.593752
2009000039641,46,1,107055.0317
2009000039641,10,0,NA
2009000039641,8,0,-15279.71438
2009000039641,4,0,-15279.71438
2009000042576,45,2,275.0486112
2009000043053,63,1,22156.69368
2009000046036,30,1,22920.7176
2009000046036,26,1,5348.16744
2009000046036,26,1,27504.86112
2009000046260,57,1,11460.3588
2009000046260,71,1,32089.00464
2009000046260,52,1,9168.28704
2009000047437,43,1,58829.84184
2009000047437,36,1,3820.1196
2009000047437,7,0,-15279.71438
2009000047437,4,0,-15279.71438
2009000047942,42,1,5348.16744
2009000047942,47,1,14898.46644
2009000047942,19,1,6647.008104
2009000047942,9,0,-15279.71438
2009000047942,7,0,-15279.71438
2009000047942,5,0,-15279.71438
2009000047942,5,0,-15279.71438
2009000047942,79,2,5653.777008
2009000050421,27,1,7640.2392
2009000050421,10,0,NA
2009000050421,27,1,45841.4352
2009000050421,27,2,0
2009000050421,26,1,7686.080635
2009000052156,81,2,12568.19348
2009000052929,33,1,4889.753088
2009000052929,11,0,NA
2009000055534,28,1,24448.76544
2009000055534,10,0,NA
2009000055534,0,0,NA
2009000055534,37,1,24448.76544
2009000055667,56,1,113075.5402
2009000055667,55,1,44313.38736
2009000057603,44,2,0
2009000059794,50,1,64942.0332
2009000059794,47,1,68762.1528
2009000061226,41,1,20323.03627
2009000062349,43,1,16808.52624
2009000062349,35,1,25212.78936
2009000062349,4,0,-15279.71438
2009000070379,41,1,243723.6305
2009000070379,40,1,27122.84916
2009000070379,10,0,NA
2009000070379,7,0,-15279.71438
2009000070379,4,0,-15279.71438
2009000075228,35,1,100851.1574
2009000075228,35,2,764.02392
2009000075228,2,0,-15279.71438
2009000077303,72,2,23608.33913
2009000081285,79,2,12912.00425
2009000081285,74,2,4584.14352
2009000084854,50,2,3056.09568
2009000084854,52,1,55773.74616
2009000088312,65,1,14134.44252
2009000088530,48,1,17419.74538
2009000088530,10,0,NA
2009000088530,25,1,8404.26312
2009000088530,23,1,28650.897
2009000089964,68,1,19100.598
2009000090230,33,1,61121.9136
2009000090230,34,2,0
2009000090230,4,0,-15279.71438
2009000090230,2,0,-15279.71438
2009000092068,49,1,7640.2392
2009000092068,23,1,18336.57408
2009000092068,21,2,6112.19136
2009000092068,21,2,6112.19136
2009000098858,51,1,15280.4784
2009000098858,27,2,0
2009000098858,22,1,15280.4784
2009000098858,6,0,-15279.71438
2009000098858,3,0,-15279.71438
2009000098858,2,0,-15279.71438
2009000098858,1,0,NA
2009000098858,27,1,22920.7176
2009000098858,24,2,0
2009000098858,46,2,0
2009000099195,24,1,15280.4784
2009000102735,49,1,78388.85419
2009000106950,19,1,2292.07176
2009000106950,21,1,458.414352
2009000106950,20,1,7640.2392
2009000107541,51,2,1528.04784
2009000107541,10,0,NA
2009000107541,6,0,-15279.71438
2009000107541,53,1,22920.7176
2009000109525,69,1,48515.51892
2009000109525,66,2,15280.4784
2009000111476,90,2,5134.240742
2009000121106,20,1,19100.598
2009000121256,30,1,24448.76544
2009000121256,29,1,14974.86883
2009000124486,19,1,2292.07176
2009000125827,57,1,24219.55826
2009000125827,50,1,38185.91552
2009000126539,67,2,23073.52238
2009000126539,68,2,16884.92863
2009000129790,30,1,22920.7176
2009000130818,19,1,2292.07176
2009000130818,18,1,3056.09568
2009000133753,51,1,25212.78936
2009000133753,46,1,168085.2624
2009000133753,7,0,-15279.71438
2009000135013,54,1,69984.59107
2009000136185,82,1,38384.56174
2009000136185,56,2,0
2009000139277,53,1,1146.03588
2009000139277,50,1,24525.16783
2009000139277,37,1,22920.7176
2009000142161,46,1,26832.52007
2009000142161,49,2,34839.49075
2009000147570,57,1,20246.63388
2009000147570,63,1,33617.05248
2009000147570,22,1,38201.196
2009000147570,18,1,764.02392
2009000147570,4,0,-15279.71438
2009000152205,53,1,12988.40664
2009000152205,26,2,5500.972224
2009000154939,31,1,95502.99
2009000154939,30,1,95502.99
2009000157273,30,1,45841.4352
2009000162184,19,1,3820.1196
2009000162964,83,2,20475.84106
2009000163590,81,1,7602.038004
2009000166541,54,2,0
2009000166541,57,1,38965.21992
2009000168135,67,1,145011.74
2009000168135,66,1,21239.86498
2009000168135,51,2,0
2009000170709,39,1,35145.10032
2009000172364,32,1,35909.12424
2009000172364,32,1,15280.4784
2009000172470,48,1,68762.1528
2009000172470,48,1,20781.45062
2009000172470,6,0,-15279.71438
2009000175765,54,1,90850.08433
2009000175765,14,0,NA
2009000175819,51,1,46246.36788
2009000175819,16,1,397.2924384
2009000180341,34,1,10314.32292
2009000180341,45,1,9550.299
2009000182213,66,1,30408.15202
2009000183249,26,1,22156.69368
2009000185797,27,1,30560.9568
2009000185797,5,0,-15279.71438
2009000185797,34,1,29032.90896
2009000186915,21,1,7640.2392
2009000186915,22,1,9168.28704
2009000188620,59,1,24448.76544
2009000189477,25,1,34381.0764
2009000189477,26,1,24754.37501
2009000189477,26,1,8709.872688
2009000189477,25,1,25212.78936
2009000190529,30,1,47369.48304
2009000200103,80,2,72505.87001
2009000200103,80,2,42021.3156
2009000208042,27,1,22156.69368
2009000208524,34,1,87862.7508
2009000208524,32,1,30560.9568
2009000208840,64,2,76325.98961
2009000208840,62,2,21469.07215
2009000213122,19,1,1528.04784
2009000213878,52,1,15280.4784
2009000213935,47,1,26740.8372
2009000213935,77,2,10085.11574
2009000215586,60,1,17954.56212
2009000215586,62,1,66699.28822
2009000217452,43,1,35909.12424
2009000218858,60,2,0
2009000218858,62,1,20628.64584
2009000218858,22,2,0
2009000223470,58,1,73728.30828
2009000224264,77,1,34151.86922
2009000224264,69,2,6035.788968
2009000224549,28,1,26740.8372
2009000224549,30,1,34381.0764
2009000225535,45,1,64942.0332
2009000225535,46,1,29032.90896
2009000225664,26,1,38201.196
2009000225664,21,2,0
2009000225664,2,0,-15279.71438
2009000225664,1,0,NA
2009000226438,60,2,8557.067904
2009000227034,33,2,0
2009000227034,34,1,76402.392
2009000227034,10,0,NA
2009000227034,8,0,-15279.71438
2009000227034,6,0,-15279.71438
2009000228055,31,1,55009.72224
2009000229371,56,1,82820.19293
2009000229371,47,1,36673.14816
2009000229371,47,1,8404.26312
2009000229371,54,1,771.6641592
2009000232284,46,1,44313.38736
2009000232284,54,1,29796.93288
2009000233218,83,1,46147.04477
2009000233218,78,2,5118.960264
2009000233306,69,2,9932.31096
2009000235807,75,2,4660.545912
2009000241441,24,1,17954.56212
2009000243784,29,1,33005.83334
2009000243784,29,1,932.1091824
2009000243784,1,0,NA
2009000246528,58,2,17266.94059
2009000246528,57,1,40493.26776
2009000247707,64,2,15586.08797
2009000248081,57,1,61885.93752
2009000250804,30,1,46605.45912
2009000250804,31,2,0
2009000250804,6,0,-15279.71438
2009000253574,55,1,22920.7176
2009000253574,51,1,19100.598
2009000253868,62,2,840.426312
2009000253868,69,2,4882.112849
2009000257982,64,2,42021.3156
2009000257982,62,2,0
2009000260511,66,2,11078.34684
2009000261028,57,1,19100.598
2009000261028,53,1,51953.62656
2009000261028,15,0,0
2009000262451,85,2,12224.38272
2009000262451,55,1,36673.14816
2009000262584,34,1,11613.16358
2009000262584,3,0,-15279.71438
2009000262584,1,0,NA
2009000265236,48,1,2292.07176
2009000265827,72,1,28803.70178
2009000265827,69,2,7716.641592
2009000265827,46,2,5730.1794
2009000265827,36,1,6952.617672
2009000265827,47,2,0
2009000269891,30,1,11001.94445
2009000269891,1,0,NA
2009000270517,35,1,15280.4784
2009000270538,32,1,3820.1196
2009000270538,42,1,35145.10032
2009000271496,31,1,48897.53088
2009000271496,3,0,-15279.71438
2009000271496,37,1,20628.64584
2009000271496,34,1,19100.598
2009000271496,25,1,15280.4784
2009000275670,28,1,32853.02856
2009000275670,27,2,0
2009000275670,5,0,-15279.71438
2009000275670,4,0,-15279.71438
2009000275670,1,0,NA
2009000275670,0,0,NA
2009000275670,24,1,30560.9568
2009000276081,81,2,22538.70564
2009000278003,27,1,31324.98072
2009000278003,27,2,0
2009000278003,1,0,NA
2009000278653,57,1,76402.392
2009000278653,55,1,50425.57872
2009000280563,52,1,40569.67015
2009000282311,39,1,148984.6644
2009000282311,39,2,15280.4784
2009000284322,35,2,366.7314816
2009000284658,64,1,8404.26312
2009000284658,54,1,15280.4784
2009000284658,93,2,5821.86227
2009000288927,83,2,29873.33527
2009000289739,52,1,73346.29632
2009000290548,35,1,14363.6497
2009000290548,32,2,496.615548
2009000290548,0,0,NA
2009000292948,32,1,39729.24384
2009000292948,32,1,22928.35784
2009000292948,0,0,NA
2009000294049,58,1,38201.196
2009000294396,36,1,16044.50232
2009000299924,82,1,15891.69754
2009000302309,72,2,9932.31096
2009000302371,83,2,5806.581792
2009000302371,83,2,11001.94445
2009000302371,55,1,31324.98072
2009000303444,21,1,2444.876544
2009000303444,24,1,25212.78936
2009000303444,19,1,1222.438272
2009000305298,45,1,10085.11574
2009000305298,21,1,26740.8372
2009000305298,36,2,7869.446376
2009000305637,86,2,9932.31096
2009000306619,63,1,68762.1528
2009000306619,62,1,366.7314816
2009000308098,58,1,42021.3156
2009000308912,24,1,16044.50232
2009000308912,23,1,19100.598
2009000313147,60,2,4584.14352
2009000313147,57,1,76402.392
2009000314472,71,2,6417.800928
2009000314472,69,2,2750.486112
2009000314472,44,1,13752.43056
2009000314472,39,1,9168.28704
2009000315103,36,1,32089.00464
2009000315103,33,1,24448.76544
2009000316795,28,1,26740.8372
2009000316795,25,2,0
2009000322797,47,1,34915.89314
2009000323164,32,1,21239.86498
2009000323164,8,0,-15279.71438
2009000323164,6,0,-15279.71438
2009000323164,3,0,-15279.71438
2009000323164,34,1,8098.653552
2009000324868,47,1,68762.1528
2009000324868,47,1,26740.8372
2009000325644,28,2,0
2009000325908,46,1,65003.15511
2009000325908,44,1,31485.42574
2009000325908,10,0,NA
2009000325908,8,0,-15279.71438
2009000327720,27,1,32853.02856
2009000327840,31,1,29796.93288
2009000327840,25,1,14898.46644
2009000328587,34,1,69678.9815
2009000328587,30,1,4049.326776
2009000328587,13,0,NA
2009000330760,65,1,15051.27122
2009000332223,84,1,7411.032024
2009000332256,48,1,9550.299
2009000332256,59,1,19100.598
2009000333910,35,2,0
2009000333910,7,0,-15279.71438
2009000333910,5,0,-15279.71438
2009000333910,53,1,12147.98033
2009000333910,34,2,1069.633488
2009000335972,56,1,39729.24384
2009000341781,31,1,16808.52624
2009000343570,64,2,8480.665512
2009000343570,63,2,0
2009000343570,18,2,0
2009000343570,11,0,NA
2009000343618,75,1,18642.18365
2009000343618,74,2,29262.11614
2009000347677,78,2,2139.266976
2009000347677,76,2,5653.777008
2009000348264,31,1,28039.67786
2009000348264,31,1,12988.40664
2009000353431,66,1,144553.3257
2009000353431,58,1,16732.12385
2009000353431,25,1,10085.11574
2009000357551,51,1,6112.19136
2009000360067,83,2,172898.6131
2009000360067,71,2,9321.091824
2009000363466,81,2,14669.25926
2009000363466,79,2,3667.314816
2009000363643,25,1,3056.09568
2009000363643,27,1,15280.4784
2009000363643,26,1,15280.4784
2009000368269,42,1,32111.92536
2009000368269,41,1,21392.66976
2009000368269,30,1,1680.852624
2009000368269,26,1,12224.38272
2009000368624,59,1,45841.4352
2009000368624,54,1,38201.196
2009000368624,23,1,7640.2392
2009000370484,73,2,5806.581792
2009000370904,62,2,0
2009000370904,64,1,33005.83334
2009000371659,69,1,24143.15587
2009000372249,47,1,6112.19136
2009000372249,44,1,27504.86112
2009000372249,12,0,NA
2009000375270,46,1,137524.3056
2009000375270,47,1,3820.1196
2009000375270,20,1,3820.1196
2009000375270,17,2,0
2009000375270,17,1,1069.633488
2009000375597,75,2,89467.20103
2009000375597,69,2,13599.62578
2009000376631,32,1,60548.89566
2009000376631,31,1,56728.77606
2009000376631,25,1,18412.97647
2009000378065,60,1,32471.0166
2009000379022,59,1,30560.9568
2009000379022,60,1,18489.37886
2009000381840,26,1,51189.60264
2009000381840,25,1,42021.3156
2009000381840,22,1,17572.55016
2009000381840,22,1,4584.14352
2009000381937,35,1,61121.9136
2009000381937,34,1,19100.598
2009000381937,5,0,-15279.71438
2009000381937,2,0,-15279.71438
2009000389317,85,2,19864.62192
2009000389317,57,2,0
2009000389317,54,1,20323.03627
2009000395294,74,2,22538.70564
2009000395294,65,2,3208.900464
2009000395294,36,2,2276.791282
2009000397065,69,1,63031.9734
2009000402059,29,1,3438.10764
2009000405523,45,1,35909.12424
2009000405523,17,1,764.02392
2009000410723,83,2,14822.06405
2009000410723,84,2,15891.69754
2009000410723,57,1,1910.0598
2009000414951,72,2,22691.51042
2009000414951,71,1,7640.2392
2009000419356,57,1,3.05609568
2009000419792,28,1,31324.98072
2009000427355,76,2,19941.02431
2009000427355,76,2,229.207176
2009000427464,56,1,22156.69368
2009000427464,33,1,15280.4784
2009000427506,62,2,374.3717208
2009000427506,54,1,37437.17208
2009000427506,38,1,16044.50232
2009000428728,60,1,17801.75734
2009000428728,64,2,6799.812888
2009000435661,72,2,39652.84145
2009000436412,62,1,42899.94311
2009000436412,61,2,12988.40664
2009000440598,43,1,19100.598
2009000445832,30,1,3820.1196
2009000446539,61,2,41157.96857
2009000446539,69,1,27428.45873
2009000447600,61,1,16502.91667
2009000447600,24,1,5730.1794
2009000450021,40,1,19100.598
2009000450021,42,1,6112.19136
2009000450021,10,0,NA
2009000455846,31,1,57760.20835
2009000455846,28,2,0
2009000455846,0,0,NA
2009000458652,78,2,8709.872688
2009000458821,79,2,6264.996144
2009000458821,46,1,24532.80807
2009000461902,51,1,197882.1953
2009000463459,57,1,33617.05248
2009000463459,60,1,22920.7176
2009000466432,62,1,24448.76544
2009000466432,54,1,16808.52624
2009000469199,31,1,11704.84645
2009000469199,34,1,11017.22493
2009000469352,60,1,11460.3588
2009000474497,60,1,42785.33952
2009000474596,33,1,22156.69368
2009000484269,45,1,78770.86615
2009000484269,45,1,48515.51892
2009000484269,2,0,-15279.71438
2009000486951,39,1,19100.598
2009000487635,46,1,76402.392
2009000487635,29,1,12224.38272
2009000491806,66,2,23837.5463
2009000491806,65,2,4584.14352
2009000493162,18,1,1528.04784
2009000498823,44,1,60587.09686
2009000498823,44,1,4431.338736
2009000498823,7,0,-15279.71438
2009000498823,4,0,-15279.71438
2009000504891,87,2,9168.28704
2009000506253,44,1,50425.57872
2009000506253,40,1,80986.53552
2009000506253,9,0,-15279.71438
2009000506253,8,0,-15279.71438
2009000507969,48,1,24448.76544
2009000507969,5,0,-15279.71438
2009000507969,27,1,17572.55016
2009000507969,24,1,11536.76119
2009000507969,21,1,11536.76119
2009000507969,11,0,NA
2009000507969,9,0,-15279.71438
2009000507969,2,0,-15279.71438
2009000507969,47,1,11842.37076
2009000508787,43,2,0
2009000510170,56,1,76402.392
2009000510170,61,1,19864.62192
2009000512787,68,1,39194.4271
2009000515076,52,1,61885.93752
2009000515254,77,2,18947.79322
2009000515254,68,2,6952.617672
2009000521617,70,2,26740.8372
2009000521617,24,1,9779.506176
2009000524120,42,1,42021.3156
2009000524120,45,1,22156.69368
2009000524355,87,2,16739.76409
2009000525165,53,1,58829.84184
2009000525165,24,2,0
2009000525165,21,2,0
2009000526782,59,1,8022.25116
2009000526782,60,2,131412.1142
2009000526782,26,2,15280.4784
2009000526782,23,2,14669.25926
2009000526782,21,1,3361.705248
2009000526782,17,2,0
2009000526782,17,2,0
2009000526782,16,1,2292.07176
2009000526782,0,0,NA
2009000527243,22,1,30560.9568
2009000528493,93,2,23531.93674
2009000528493,62,2,9244.689432
2009000530878,40,1,25212.78936
2009000530878,23,1,39729.24384
2009000531378,25,1,22615.10803
2009000531378,26,1,3835.400078
2009000531378,25,1,12529.99229
2009000531378,26,1,27038.80653
2009000537460,43,1,35909.12424
2009000537460,34,1,40493.26776
2009000537460,5,0,-15279.71438
2009000537460,2,0,-15279.71438
2009000538202,49,1,8022.25116
2009000538208,66,1,21851.08411
2009000538450,27,1,19100.598
2009000538450,2,0,-15279.71438
2009000538450,32,2,0
2009000538838,66,2,10619.93249
2009000544004,68,2,3667.314816
2009000544075,32,1,27504.86112
2009000544075,37,1,27504.86112
2009000544075,10,0,NA
2009000544075,7,0,-15279.71438
2009000544344,76,2,9091.884648
2009000544841,57,1,38812.41514
2009000545643,62,1,34381.0764
2009000545643,64,2,9168.28704
2009000549474,18,1,14096.24132
2009000550069,58,1,34457.47879
2009000550069,52,1,60357.88968
2009000550069,61,2,12835.60186
2009000550689,68,2,22920.7176
2009000551562,87,2,3980.564623
2009000557139,49,1,40676.6335
2009000557139,41,1,6876.21528
2009000559891,75,2,11765.96837
2009000559891,63,2,35297.9051
2009000559891,41,1,2238.590086
2009000564557,61,1,29032.90896
2009000564557,70,2,10696.33488
2009000567993,59,1,33922.66205
2009000569321,27,1,4202.13156
2009000569321,62,1,24448.76544
2009000569321,44,1,24448.76544
2009000569321,25,1,16426.51428
2009000570245,84,2,38736.01274
2009000570245,81,2,7716.641592
2009000574033,45,1,56537.77008
2009000574033,45,1,29124.59183
2009000574033,14,0,NA
2009000574033,11,0,NA
2009000574408,30,1,106963.3488
2009000574408,35,1,73346.29632
2009000577074,26,1,13370.4186
2009000581821,40,1,34075.46683
2009000581821,30,1,38201.196
2009000586063,32,1,70290.20064
2009000586063,27,1,36673.14816
2009000588781,80,2,24525.16783
2009000588781,79,2,20857.85302
2009000589775,49,1,13676.02817
2009000594332,53,1,36749.55055
2009000594332,62,1,35145.10032
2009000595802,36,1,47369.48304
2009000601440,64,1,19100.598
2009000601440,55,1,17496.14777
2009000601440,35,1,366.7314816
2009000601440,18,1,30.5609568
2009000604616,62,1,123389.8631
2009000604616,54,1,58982.64662
2009000606927,34,1,26740.8372
2009000606927,35,1,22920.7176
2009000606927,33,1,38201.196
2009000608202,27,1,7640.2392
2009000608202,24,1,15280.4784
2009000608583,29,1,61121.9136
2009000609510,28,1,22920.7176
2009000610500,23,1,3820.1196
2009000613234,29,1,44313.38736
2009000615094,43,1,51953.62656
2009000615094,13,0,NA
2009000615094,11,0,NA
2009000621038,53,2,5500.972224
2009000621038,36,1,15891.69754
2009000627614,31,1,47369.48304
2009000637047,51,1,12224.38272
2009000637047,54,1,13141.21142
2009000638879,64,1,19100.598
2009000638879,47,2,0
2009000643810,44,1,42785.33952
2009000643810,45,1,19100.598
2009000649913,43,2,0
2009000649913,38,1,22920.7176
2009000649913,14,0,NA
2009000649913,12,0,NA
2009000649913,11,0,NA
2009000649913,10,0,NA
2009000649913,8,0,-15279.71438
2009000649913,2,0,-15279.71438
2009000651066,93,2,8557.067904
2009000653365,66,2,6203.87423
2009000656221,37,2,7334.629632
2009000657698,46,1,7487.434416
2009000657698,12,0,NA
2009000657698,8,0,-15279.71438
2009000657698,40,1,1910.0598
2009000660650,38,1,51418.80982
2009000660790,38,1,19864.62192
2009000660790,38,1,15280.4784
2009000660790,12,0,NA
2009000660790,10,0,NA
2009000664020,28,1,17190.5382
2009000664020,27,1,24143.15587
2009000665129,50,1,18336.57408
2009000665129,37,1,38201.196
2009000665129,13,0,NA
2009000665129,10,0,NA
2009000665940,81,2,8251.458336
2009000666192,43,1,21087.06019
2009000675920,25,1,61121.9136
2009000675920,4,0,-15279.71438
2009000675920,2,0,-15279.71438
2009000675920,23,1,12224.38272
2009000676062,43,1,16808.52624
2009000676062,39,1,12377.1875
2009000676062,2,0,-15279.71438
2009000679693,65,2,6264.996144
2009000681723,39,1,51159.04168
2009000681723,42,1,118426.7637
2009000681723,7,0,-15279.71438
2009000684823,30,1,14822.06405
2009000684823,10,0,NA
2009000689465,27,1,8022.25116
2009000689465,54,2,0
2009000689465,50,2,0
2009000689471,56,2,0
2009000689471,58,2,15280.4784
2009000692128,42,1,52717.65048
2009000692128,39,2,0
2009000693741,39,1,764.02392
2009000693741,41,1,22003.8889
2009000693741,5,0,-15279.71438
2009000693741,3,0,-15279.71438
2009000698296,61,1,64254.41167
2009000698296,54,1,28849.54322
2009000698296,19,2,1604.450232
2009000698330,63,2,0
2009000698330,66,1,15280.4784
2009000700991,56,1,38201.196
2009000700991,18,2,0
2009000700991,84,2,10237.92053
2009000704559,34,1,4584.14352
2009000705195,30,1,17954.56212
2009000705195,29,2,0
2009000705195,1,0,NA
2009000706388,26,1,41257.29168
2009000706388,27,1,11460.3588
2009000706951,48,1,42708.93713
2009000707378,27,1,3438.10764
2009000707378,22,1,7945.848768
2009000707971,50,1,22920.7176
2009000710023,87,2,20552.24345
2009000710023,88,2,10054.55479
2009000711857,69,2,20361.23747
2009000711857,62,2,4584.14352
2009000713610,62,1,15280.4784
2009000714149,27,1,29796.93288
2009000714149,29,1,18336.57408
2009000714149,27,1,20628.64584
2009000714474,25,1,6112.19136
2009000714474,21,1,7640.2392
2009000717193,86,2,11001.94445
2009000717699,61,1,45077.41128
2009000719192,42,2,7869.446376
2009000719192,61,2,10161.51814
2009000725314,53,1,39843.84743
2009000725314,52,1,34495.67999
2009000725314,12,0,NA
2009000731932,37,1,26740.8372
2009000731932,35,1,24448.76544
2009000740975,87,2,140809.6085
2009000744701,67,2,17572.55016
2009000744701,27,2,0
2009000745498,51,1,244487.6544
2009000745498,50,1,87862.7508
2009000745602,29,1,83278.60728
2009000745856,53,1,7869.446376
2009000745856,54,1,26656.79457
2009000745856,11,0,NA
2009000746262,78,2,15815.29514
2009000749118,58,1,37437.17208
2009000749118,56,1,13752.43056
2009000754098,30,1,44771.80171
2009000754098,0,0,NA
2009000754098,29,1,6876.21528
2009000754098,24,1,8251.458336
2009000755112,53,1,48133.50696
2009000755112,25,1,26740.8372
2009000755809,50,1,14898.46644
2009000755809,19,1,3285.302856
2009000755809,28,1,45077.41128
2009000755809,23,1,8251.458336
2009000755809,22,1,2826.888504
2009000757890,53,1,28268.88504
2009000762026,27,1,8251.458336
2009000766306,67,1,93974.94216
2009000766306,61,1,84042.6312
2009000766403,43,1,39729.24384
2009000766403,42,1,13752.43056
2009000766403,15,0,22.9207176
2009000766403,14,0,NA
2009000769396,84,2,7793.043984
2009000769955,52,1,27504.86112
2009000771392,30,1,29032.90896
2009000775591,59,2,11845.42686
2009000775591,56,1,25617.72204
2009000775686,29,1,10085.11574
2009000775686,29,1,28650.897
2009000775686,0,0,NA
2009000776396,61,1,236274.3973
2009000776396,61,2,0
2009000776546,84,2,5195.362656
2009000776546,87,2,21621.87694
2009000776546,46,1,24448.76544
2009000777120,51,1,15280.4784
2009000777120,2,0,-15279.71438
2009000778991,30,2,12988.40664
2009000778991,31,2,14516.45448
2009000781595,79,2,3896.521992
2009000781595,86,2,3896.521992
2009000781670,83,2,22538.70564
2009000781997,30,1,764.02392
2009000784357,30,1,13064.80903
2009000784357,29,1,7640.2392
2009000786993,89,2,11001.94445
2009000787280,27,1,42021.3156
2009000787280,28,1,7334.629632
2009000789212,28,1,29032.90896
2009000789212,30,1,29032.90896
2009000789212,6,0,-15279.71438
2009000789212,10,0,NA
2009000790969,42,1,26435.22763
2009000794543,37,1,17878.15973
2009000794543,8,0,-15279.71438
2009000794543,59,1,14516.45448
2009000798551,34,1,81750.55944
2009000798551,33,2,0
2009000798551,3,0,-15279.71438
2009000798551,2,0,-15279.71438
2009000801096,52,2,0
2009000801096,57,1,13141.21142
2009000801096,24,2,0
2009000801096,19,2,0
2009000801096,72,2,6876.21528
2009000804329,57,1,106963.3488
2009000804329,57,1,84806.65512
2009000804329,24,1,2292.07176
2009000808197,64,1,156090.0869
2009000809860,40,1,16808.52624
2009000809860,42,1,20475.84106
2009000809860,11,0,NA
2009000809860,9,0,-15279.71438
2009000810797,68,1,40493.26776
2009000810797,28,1,24448.76544
2009000811633,37,1,45444.14276
2009000811633,6,0,-15279.71438
2009000811633,4,0,-15279.71438
2009000811633,22,1,16197.3071
2009000815780,39,1,89390.79864
2009000815780,41,1,76402.392
2009000816713,53,1,74110.32024
2009000816713,52,1,13523.22338
2009000816713,24,1,34403.99712
2009000818864,60,1,-2750.486112
2009000819849,51,1,46758.2639
2009000819849,44,2,0
2009000819849,11,0,NA
2009000819849,9,0,-15279.71438
2009000821430,87,2,39729.24384
2009000822466,37,1,31324.98072
2009000822466,34,1,25976.81328
2009000823088,22,1,1146.03588
2009000823557,20,1,2062.864584
2009000826875,33,1,11460.3588
2009000826875,54,1,2521.278936
2009000828371,31,1,35909.12424
2009000830417,54,1,29185.71374
2009000830417,47,1,24448.76544
2009000830417,6,0,-15279.71438
2009000831172,37,2,9168.28704
2009000831495,55,1,15280.4784
2009000831495,32,1,15280.4784
2009000831764,36,1,31477.7855
2009000831764,40,1,20399.43866
2009000835261,24,1,7869.446376
2009000835261,25,1,19100.598
2009000837766,57,1,2215.669368
2009000837766,18,2,0
2009000837766,46,1,7181.824848
2009000837974,33,1,38201.196
2009000841360,53,1,14974.86883
2009000841360,36,2,15280.4784
2009000841360,18,2,916.828704
2009000841360,14,0,NA
2009000841360,13,0,NA
2009000841360,3,0,-15279.71438
2009000845480,82,2,18412.97647
2009000849345,32,1,21392.66976
2009000849345,28,1,38201.196
2009000853459,64,2,26358.82524
2009000856827,22,1,19100.598
2009000856827,22,1,2292.07176
2009000856827,21,1,6876.21528
2009000856827,21,1,1298.840664
2009000856827,21,1,7640.2392
2009000862974,73,2,14363.6497
2009000863092,47,2,366.7314816
2009000866719,44,1,16120.90471
2009000866719,42,1,3820.1196
2009000866719,38,1,11689.56598
2009000866719,26,1,12224.38272
2009000866719,23,1,9550.299
2009000866719,64,2,6188.593752
2009000866719,57,2,0
2009000866719,28,2,0
2009000866719,7,0,-15279.71438
2009000866719,3,0,-15279.71438
2009000866719,2,0,-15279.71438
2009000866719,1,0,NA
2009000869869,40,1,27504.86112
2009000870027,46,1,45077.41128
2009000870027,43,1,22385.90086
2009000870027,6,0,-15279.71438
2009000870637,42,1,145546.5568
2009000870637,41,2,0
2009000871153,58,1,30102.54245
2009000871153,66,1,18794.98843
2009000871156,48,1,9168.28704
2009000871156,46,1,117659.6837
2009000871156,15,0,0
2009000871156,12,0,NA
2009000875488,61,1,53267.7477
2009000875488,61,2,5271.765048
2009000876633,60,1,19138.7992
2009000877208,37,1,38201.196
2009000877208,61,1,9168.28704
2009000877501,40,1,53176.06483
2009000878236,41,1,126063.9468
2009000878236,38,1,114603.588
2009000886719,59,1,32241.80942
2009000886719,54,1,22080.29129
2009000886719,31,1,8022.25116
2009000888752,60,1,44313.38736
2009000888871,54,1,27504.86112
2009000888871,55,1,6112.19136
2009000890119,88,2,11689.56598
2009000892122,31,1,29796.93288
2009000892122,30,1,10008.71335
2009000892740,46,1,27504.86112
2009000892740,45,1,30560.9568
2009000897527,75,2,12529.99229
2009000897527,49,2,0
2009000897527,24,1,9626.701392
2009000900118,66,2,9168.28704
2009000900118,64,1,21163.46258
2009000900187,66,2,95273.78282
2009000900187,66,2,23531.93674
2009000901131,24,2,4202.13156
2009000901131,29,2,4966.15548
2009000901131,0,0,NA
2009000901755,47,1,70672.2126
2009000901755,60,2,37437.17208
2009000908023,62,2,38201.196
2009000908023,62,2,2903.290896
2009000910308,28,1,30560.9568
2009000910308,28,1,11460.3588
2009000913492,45,1,45841.4352
2009000913492,36,1,19864.62192
2009000913492,15,0,0
2009000913492,13,0,NA
2009000913492,74,2,5424.569832
2009000913492,68,2,0
2009000915581,36,1,39729.24384
2009000915581,38,1,17572.55016
2009000916620,30,1,3063.735919
2009000916620,28,1,42021.3156
2009000917577,48,1,1069.633488
2009000918275,80,2,3514.510032
2009000920635,27,1,11460.3588
2009000920635,8,0,-15279.71438
2009000920635,0,0,NA
2009000920635,54,2,916.828704
2009000920635,32,2,0
2009000921391,30,1,9779.506176
2009000921433,35,1,11383.95641
2009000921929,81,2,16044.50232
2009000927826,23,1,24448.76544
2009000927826,23,1,12606.39468
2009000927826,23,1,2292.07176
2009000927826,23,1,22920.7176
2009000928456,41,1,16884.92863
2009000928456,13,0,NA
2009000928456,1,0,NA
2009000928456,40,1,30560.9568
2009000928456,40,2,0
2009000928456,33,2,0
2009000929471,46,1,76555.19678
2009000929471,43,1,30622.07871
2009000930609,52,1,11613.16358
2009000932334,73,2,19559.01235
2009000932334,68,2,6952.617672
2009000933551,39,1,93516.52781
2009000935436,79,2,4163.930364
2009000935436,65,1,37780.98284
2009000936514,33,1,6112.19136
2009000937404,33,1,19100.598
2009000937974,70,1,15013.07003
2009000937974,64,1,10314.32292
2009000939037,74,1,7181.824848
2009000939037,44,1,31936.19986
2009000939037,21,2,0
2009000939037,6,0,-15279.71438
2009000939037,3,0,-15279.71438
2009000939771,30,1,18336.57408
2009000939771,9,0,-15279.71438
2009000939771,22,1,9168.28704
2009000939771,28,1,3667.314816
2009000942369,79,2,4645.265434
2009000943806,36,1,60357.88968
2009000943806,34,1,19650.69522
2009000943806,15,0,3896.521992
2009000944608,25,2,0
2009000946670,59,1,16174.38639
2009000946670,70,1,91201.53533
2009000947920,37,1,15204.07601
2009000947920,42,1,29796.93288
2009000948739,28,1,30560.9568
2009000948885,37,1,48133.50696
2009000948885,36,2,0
2009000948885,6,0,-15279.71438
2009000948885,2,0,-15279.71438
2009000948885,75,2,5959.386576
2009000948885,66,1,14974.86883
2009000950065,64,1,68074.53127
2009000950065,56,1,55926.55094
2009000953894,45,1,19100.598
2009000955831,39,1,16808.52624
2009000955831,39,1,27504.86112
2009000958291,58,1,23684.74152
2009000960316,55,2,0
2009000961417,31,1,16808.52624
2009000961417,34,1,30560.9568
2009000961417,6,0,-15279.71438
2009000961417,2,0,-15279.71438
2009000961417,69,1,13752.43056
2009000961417,59,2,0
2009000965372,29,1,33311.44291
2009000965372,29,2,0
2009000965372,1,0,NA
2009000966800,51,1,18260.17169
2009000978954,58,1,7029.020064
2009000983887,48,1,274284.5873
2009000983887,48,2,0
2009000983887,18,1,1222.438272
2009000983887,14,0,NA
2009000983887,12,0,NA
2009000987519,68,1,30408.15202
2009000987519,24,2,0
2009000987519,37,1,2903.290896
2009000988799,37,1,66470.08104
2009000988799,36,1,61121.9136
2009000989177,51,1,19253.40278
2009000990238,93,2,6341.398536
2009000990857,61,1,16044.50232
2009000992968,71,2,29109.31135
2009000992968,74,2,5806.581792
2009000993113,56,1,51189.60264
2009000994126,36,1,15433.28318
2009000996112,68,1,106023.5994
2009000996112,67,1,29032.90896
2009000996808,83,2,11842.37076
2009000996955,44,1,68762.1528
2009000996955,35,1,27504.86112
2009000999500,49,2,0
2009001007289,26,1,9970.512156
2009001015320,50,1,22920.7176
2009001015320,47,1,33617.05248
2009001016037,35,2,6188.593752
2009001018019,28,1,22920.7176
2009001018019,26,1,19100.598
2009001018019,9,0,-15279.71438
2009001018019,3,0,-15279.71438
2009001018019,0,0,NA
2009001021728,56,1,42785.33952
2009001021728,48,1,840.426312
2009001021728,25,1,17648.95255
2009001021728,24,1,23608.33913
2009001021728,22,1,229.207176
2009001021728,17,2,0
2009001021728,14,0,NA
2009001023634,35,1,119951.7554
2009001023634,34,1,51036.79786
2009001024430,84,2,23226.32717
2009001024430,87,2,7334.629632
2009001025752,53,1,15280.4784
2009001025752,51,1,19100.598
2009001026052,42,1,2597.681328
2009001026052,37,1,23531.93674
2009001026052,6,0,-15279.71438
2009001026052,4,0,-15279.71438
2009001026052,40,1,14974.86883
2009001026052,30,2,0
2009001026052,2,0,-15279.71438
2009001027964,36,1,45841.4352
2009001027964,28,2,0
2009001027964,0,0,NA
2009001031112,31,1,10696.33488
2009001031112,31,1,28268.88504
2009001031112,53,1,412.5729168
2009001031495,61,2,26740.8372
2009001031561,40,2,2750.486112
2009001031561,13,0,NA
2009001031561,6,0,-15279.71438
2009001031561,4,0,-15279.71438
2009001033148,42,1,31324.98072
2009001033148,45,1,36673.14816
2009001033148,10,0,NA
2009001033148,7,0,-15279.71438
2009001034662,78,2,145164.5448
2009001036187,30,2,0
2009001037869,67,2,9015.482256
2009001037869,44,1,1757.255016
2009001039150,31,1,51953.62656
2009001039150,33,1,34381.0764
2009001040279,36,1,236083.3913
2009001040279,37,1,16044.50232
2009001040279,3,0,-15279.71438
2009001040279,1,0,NA
2009001042212,34,1,61121.9136
2009001042317,48,1,84042.6312
2009001042317,54,1,47369.48304
2009001044204,55,1,4584.14352
2009001046656,32,1,2292.07176
2009001046656,36,1,19100.598
2009001046656,2,0,-15279.71438
2009001054381,69,2,53252.46722
2009001054381,69,2,733.4629632
2009001054603,57,1,32853.02856
2009001054603,51,2,0
2009001054603,24,1,12224.38272
2009001054603,17,2,0
2009001054603,16,2,0
2009001054603,12,0,NA
2009001055851,39,1,70290.20064
2009001055851,40,1,57301.794
2009001055851,8,0,-15279.71438
2009001056447,70,2,26893.64198
2009001056447,46,1,34151.86922
2009001056447,39,1,43549.36344
2009001056447,12,0,NA
2009001056447,11,0,NA
2009001058242,52,1,15280.4784
2009001058242,50,1,7640.2392
2009001058242,24,2,0
2009001058242,14,0,NA
2009001058302,55,1,53481.6744
2009001058302,10,0,NA
2009001058302,46,1,24754.37501
2009001059338,46,1,26740.8372
2009001059652,37,1,28345.28743
2009001064200,38,1,26740.8372
2009001064200,38,1,32853.02856
2009001064200,4,0,-15279.71438
2009001064200,1,0,NA
2009001067529,30,2,366.7314816
2009001069288,66,1,32471.0166
2009001071097,86,2,20170.23149
2009001072427,60,2,10467.1277
2009001072627,69,2,20934.25541
2009001077299,55,1,80222.5116
2009001078947,31,1,42021.3156
2009001078947,34,1,27504.86112
2009001086820,87,2,9168.28704
2009001088428,53,1,12835.60186
2009001088428,15,0,0
2009001089290,64,2,4584.14352
2009001091255,55,1,61121.9136
2009001091255,12,0,NA
2009001091255,9,0,-15279.71438
2009001094569,41,1,4966.15548
2009001094569,40,1,45841.4352
2009001094569,18,1,916.828704
2009001094569,15,0,0
2009001104019,38,1,203230.3627
2009001106465,53,1,38201.196
2009001111353,51,1,48591.92131
2009001111353,31,1,2521.278936
2009001111353,14,0,NA
2009001111353,11,0,NA
2009001111353,17,2,0
2009001113294,50,1,53481.6744
2009001113294,51,1,51953.62656
2009001115260,51,1,67234.10496
2009001115260,57,1,43549.36344
2009001115260,41,1,9168.28704
2009001117276,70,2,4599.423998
2009001120481,27,1,25976.81328
2009001120481,27,1,25976.81328
2009001120481,3,0,-15279.71438
2009001123071,88,2,16510.55691
2009001123071,51,1,65094.83798
2009001123071,19,1,44007.77779
2009001123071,16,2,0
2009001123071,14,0,NA
2009001123071,56,1,19177.00039
2009001123357,41,1,37284.3673
2009001129030,54,2,3820.1196
2009001136431,56,2,9932.31096
2009001136431,56,1,7105.422456
2009001144460,43,1,54245.69832
2009001144460,1,0,NA
2009001146080,41,1,11842.37076
2009001146080,20,1,16732.12385
2009001146080,18,1,11842.37076
2009001146080,14,0,NA
2009001146080,11,0,NA
2009001146080,7,0,-15279.71438
2009001146685,24,1,12988.40664
2009001146685,19,1,3820.1196
2009001148055,61,1,12224.38272
2009001150496,52,1,9512.097804
2009001150496,16,2,0
2009001151635,39,1,10314.32292
2009001151635,38,1,34381.0764
2009001151635,16,2,0
2009001151635,14,0,NA
2009001151635,17,1,2444.876544
2009001157223,58,1,79458.48768
2009001157223,55,1,36673.14816
2009001157606,76,2,0
2009001162141,70,1,8862.677472
2009001169793,38,1,45841.4352
2009001169793,39,1,44313.38736
2009001169793,6,0,-15279.71438
2009001169793,3,0,-15279.71438
2009001174280,31,1,11460.3588
2009001174280,31,1,22920.7176
2009001174420,81,2,3820.1196
2009001176087,28,1,24448.76544
2009001176087,27,1,22920.7176
2009001176087,24,1,5577.374616
2009001179233,25,1,13752.43056
2009001179233,29,1,6112.19136
2009001182292,26,1,35145.10032
2009001185627,48,1,16808.52624
2009001185627,17,2,0
2009001185627,15,0,0
2009001185627,41,1,9168.28704
2009001185832,60,1,91682.8704
2009001185832,23,1,4889.753088
2009001185986,65,1,53787.28397
2009001188467,55,1,5424.569832
2009001188467,20,1,3361.705248
2009001188467,16,2,3438.10764
2009001188467,32,1,16808.52624
2009001190788,31,1,15280.4784
2009001190788,30,1,15280.4784
2009001191133,29,1,16655.72146
2009001191133,30,1,15891.69754
2009001192335,43,1,6112.19136
2009001192335,40,1,7793.043984
2009001192335,18,2,0
2009001192335,12,0,NA
2009001192335,12,0,NA
2009001194566,81,1,1833.657408
2009001198504,33,1,22920.7176
2009001198504,37,1,19864.62192
2009001199033,50,1,22958.9188
2009001199033,20,2,0
2009001203783,54,1,66396.73474
2009001203783,24,1,21010.6578
2009001209399,23,1,23761.14391
2009001209399,0,0,NA
2009001209535,57,2,6876.21528
2009001209535,17,2,0
2009001214104,45,1,84806.65512
2009001214104,42,2,0
2009001214104,7,0,-15279.71438
2009001214104,5,0,-15279.71438
2009001216500,68,1,110783.4684
2009001217067,56,1,26740.8372
2009001217067,52,1,8557.067904
2009001218680,52,1,33693.45487
2009001221870,57,1,35985.52663
2009001221870,54,1,26588.03242
2009001221870,87,2,8175.055944
2009001223645,66,1,22309.49846
2009001226519,69,2,7411.032024
2009001227753,58,1,56079.35573
2009001227753,56,1,62115.1447
2009001228212,60,2,18871.39082
2009001228212,58,1,9168.28704
2009001230892,46,1,30637.35919
2009001233129,27,1,44313.38736
2009001233923,38,1,7.6402392
2009001233923,40,1,15280.4784
2009001233923,9,0,-15279.71438
2009001233923,4,0,-15279.71438
2009001234313,60,2,17266.94059
2009001236805,45,1,84042.6312
2009001236805,11,0,NA
2009001236805,3,0,-15279.71438
2009001236805,46,2,0
2009001242857,42,1,30560.9568
2009001242857,43,1,3820.1196
2009001242857,13,0,NA
2009001242857,11,0,NA
2009001248586,68,2,15280.4784
2009001252266,19,1,382.01196
2009001253379,53,1,29185.71374
2009001253379,52,1,32853.02856
2009001253379,21,1,2597.681328
2009001253379,21,1,17343.34298
2009001253379,74,2,9168.28704
2009001253815,27,1,28268.88504
2009001256732,21,1,4660.545912
2009001256732,21,1,1528.04784
2009001256732,21,1,1910.0598
2009001256732,21,1,764.02392
2009001259958,66,2,6417.800928
2009001263341,45,1,25671.20371
2009001264855,30,1,10696.33488
2009001264855,0,0,NA
2009001264855,28,1,1528.04784
2009001266824,46,1,87862.7508
2009001266893,64,2,21239.86498
2009001267787,83,2,19100.598
2009001267787,75,2,18794.98843
2009001270319,40,1,13752.43056
2009001270319,26,1,12988.40664
2009001273535,79,2,24066.75348
2009001273632,57,1,27504.86112
2009001273632,54,1,19864.62192
2009001273632,21,1,12224.38272
2009001275735,31,1,29796.93288
2009001275735,40,1,42021.3156
2009001275822,42,1,33617.05248
2009001278635,38,1,49928.96317
2009001278635,48,1,33617.05248
2009001278635,2,0,-15279.71438
2009001281542,68,1,36061.92902
2009001285510,60,1,58677.03706
2009001285510,30,1,46605.45912
2009001285510,35,1,57301.794
2009001286043,57,1,4584.14352
2009001286043,22,1,2292.07176
2009001288120,36,1,21087.06019
2009001288120,13,0,NA
2009001288120,11,0,NA
2009001289126,28,1,26740.8372
2009001289126,27,1,24143.15587
2009001289446,53,1,38201.196
2009001289446,49,1,12224.38272
2009001289446,21,1,3820.1196
2009001289446,19,1,2292.07176
2009001289446,16,1,916.828704
2009001293675,26,1,57301.794
2009001293675,29,1,47369.48304
2009001293675,0,0,NA
2009001299491,52,1,12033.37674
2009001299524,46,1,27581.26351
2009001299524,54,1,76478.79439
2009001299524,15,0,0
2009001299524,13,0,NA
2009001301066,47,1,39729.24384
2009001301066,16,2,0
2009001308239,44,1,28650.897
2009001308239,34,1,49661.5548
2009001308356,79,2,21087.06019
2009001308356,76,2,7793.043984
2009001314191,93,2,9550.299
2009001315672,61,2,11001.94445
2009001315819,93,2,140351.1941
2009001315819,87,2,1528.04784
2009001320712,58,1,37437.17208
2009001320712,40,1,22920.7176
2009001322810,61,1,69373.37194
2009001322810,59,2,0
2009001324305,37,1,50425.57872
2009001324305,0,0,NA
2009001324305,41,1,26832.52007
2009001325221,89,2,20093.8291
2009001325221,83,2,5424.569832
2009001328135,59,1,53328.86962
2009001328135,21,2,0
2009001328135,18,2,3667.314816
2009001330564,37,1,197905.116
2009001330564,37,1,19925.74383
2009001331666,18,1,38.201196
2009001332583,33,1,9932.31096
2009001332583,46,1,19864.62192
2009001332583,9,0,-15279.71438
2009001332583,7,0,-15279.71438
2009001333903,52,1,64942.0332
2009001333903,54,2,10467.1277
2009001333903,20,1,2292.07176
2009001333903,18,1,305.609568
2009001335715,84,2,76555.19678
2009001337986,53,2,10467.1277
2009001337986,51,1,27504.86112
2009001341314,77,2,24013.27181
2009001341314,73,2,8427.183838
2009001346463,62,1,60357.88968
2009001346463,76,2,10008.71335
2009001347178,40,1,916.828704
2009001347178,33,1,17878.15973
2009001347178,12,0,NA
2009001347178,8,0,-15279.71438
2009001347178,3,0,-15279.71438
2009001347599,43,2,0
2009001347599,43,1,30560.9568
2009001347599,15,0,458.414352
2009001347599,12,0,NA
2009001348643,44,1,197882.1953
2009001348643,32,1,8557.067904
2009001348643,9,0,-15279.71438
2009001348643,7,0,-15279.71438
2009001348643,5,0,-15279.71438
2009001349865,39,1,108491.3966
2009001349865,38,1,4584.14352
2009001349865,12,0,NA
2009001349865,10,0,NA
2009001352307,29,1,27507.91722
2009001353151,37,1,68762.1528
2009001353151,37,1,125299.9229
2009001354987,83,2,18336.57408
2009001354987,20,1,3820.1196
2009001359394,69,2,8939.079864
2009001359394,64,1,21774.68172
2009001362664,54,1,31630.59029
2009001362664,46,1,35145.10032
2009001362664,18,1,8786.27508
2009001362664,16,1,916.828704
2009001364067,55,1,29720.53049
2009001364067,26,1,10314.32292
2009001365591,34,1,236083.3913
2009001365591,38,1,35068.69793
2009001365591,10,0,NA
2009001365591,6,0,-15279.71438
2009001366875,51,1,40493.26776
2009001366875,44,1,3820.1196
2009001366875,7,0,-15279.71438
2009001368063,28,1,19024.19561
2009001368063,27,1,18107.3669
2009001368988,58,1,25403.79534
2009001371707,42,1,30026.14006
2009001373298,33,1,64178.00928
2009001373298,29,1,3208.900464
2009001373298,33,2,229.207176
2009001374191,34,1,29032.90896
2009001374191,36,1,46605.45912
2009001374191,0,0,NA
2009001378873,31,1,21392.66976
2009001378873,36,1,6876.21528
2009001381271,47,1,38201.196
2009001384849,34,1,55391.7342
2009001384849,30,1,23684.74152
2009001390241,35,1,19100.598
2009001390241,31,1,38201.196
2009001393928,44,1,45841.4352
2009001393928,8,0,-15279.71438
2009001393928,7,0,-15279.71438
2009001394763,81,2,22385.90086
2009001394763,79,2,6799.812888
2010000001217,53,1,14058.04013
2010000001217,55,1,20628.64584
2010000002171,28,1,9168.28704
2010000002171,28,1,18947.79322
2010000004539,38,1,21392.66976
2010000008242,94,2,12988.40664
2010000012893,25,1,7640.2392
2010000012893,25,1,9932.31096
2010000013298,36,1,50440.8592
2010000013298,37,1,15280.4784
2010000013298,2,0,-15279.71438
2010000015648,25,1,45841.4352
2010000015648,24,1,6876.21528
2010000015648,25,1,18336.57408
2010000017719,45,1,55238.92942
2010000017719,15,0,5806.581792
2010000018534,25,1,21010.6578
2010000018575,34,1,55009.72224
2010000018575,31,1,54474.9055
2010000018971,43,1,50425.57872
2010000018971,18,1,611.219136
2010000018971,40,1,55009.72224
2010000020591,22,1,12606.39468
2010000020591,25,1,15280.4784
2010000021278,31,1,49661.5548
2010000021278,37,2,2444.876544
2010000028960,20,2,19864.62192
2010000029266,48,1,77930.43984
2010000029266,47,1,76784.40396
2010000031970,32,1,13370.4186
2010000031970,30,1,7640.2392
2010000033078,54,1,53787.28397
2010000033078,48,1,19100.598
2010000033101,42,1,32700.22378
2010000038106,49,1,28268.88504
2010000038106,23,1,4584.14352
2010000038454,62,1,60357.88968
2010000038454,94,2,22003.8889
2010000038590,58,1,28650.897
2010000041662,52,1,30866.56637
2010000041662,51,1,24754.37501
2010000041662,19,1,1222.438272
2010000041662,37,1,25671.20371
2010000042174,66,1,32394.61421
2010000042174,63,1,26817.23959
2010000042439,43,1,9779.506176
2010000042439,46,1,61121.9136
2010000042439,3,0,-15279.71438
2010000046247,54,1,25671.20371
2010000046247,52,2,0
2010000046247,52,1,30560.9568
2010000046247,55,1,30560.9568
2010000046247,52,2,0
2010000048234,25,1,53481.6744
2010000048234,26,1,35145.10032
2010000049825,53,1,1757.255016
2010000049825,61,2,11613.16358
2010000054512,51,1,229971.1999
2010000054512,54,1,11613.16358
2010000054512,14,0,NA
2010000054512,14,0,NA
2010000054512,14,0,NA
2010000056106,87,2,31936.19986
2010000056106,85,2,13599.62578
2010000056933,54,1,16808.52624
2010000057090,54,1,14898.46644
2010000057716,81,2,11001.94445
2010000057716,58,1,4584.14352
2010000060964,36,2,0
2010000060964,37,1,114603.588
2010000060964,6,0,-15279.71438
2010000060964,4,0,-15279.71438
2010000060964,1,0,NA
2010000064685,64,1,55086.12463
2010000064685,59,2,17725.35494
2010000064685,25,2,0
2010000064691,57,1,94738.96608
2010000064940,73,2,15204.07601
2010000064940,50,2,0
2010000064940,47,2,4584.14352
2010000065253,50,1,2674.08372
2010000065253,57,1,34381.0764
2010000066852,71,1,28039.67786
2010000066852,68,1,16197.3071
2010000068627,43,1,16808.52624
2010000068627,19,2,687.621528
2010000068627,0,0,NA
2010000068627,22,1,2292.07176
2010000075097,76,2,23990.35109
2010000075357,33,1,64178.00928
2010000075357,51,1,2292.07176
2010000075357,51,1,2292.07176
2010000076977,38,1,2444.876544
2010000076977,41,2,16946.05055
2010000076977,1,0,NA
2010000076977,0,0,NA
2010000082628,63,2,20170.23149
2010000089893,58,1,21392.66976
2010000089893,71,2,15280.4784
2010000090021,19,1,27199.25155
2010000090752,43,1,36673.14816
2010000090752,22,1,4125.729168
2010000095277,62,2,7487.434416
2010000095277,41,2,0
2010000096585,64,2,22233.09607
2010000096755,60,1,41348.97455
2010000096755,59,1,3285.302856
2010000098806,38,1,99323.1096
2010000098806,39,1,39729.24384
2010000104991,41,1,31630.59029
2010000105366,36,1,35909.12424
2010000105366,45,1,39423.63427
2010000105366,14,0,NA
2010000108918,21,2,3820.1196
2010000109521,94,2,54627.71028
2010000113556,42,1,16808.52624
2010000113556,36,1,21087.06019
2010000113556,19,2,0
2010000113556,14,0,NA
2010000113556,10,0,NA
2010000113556,4,0,-15279.71438
2010000115903,81,2,18107.3669
2010000119099,73,2,7334.629632
2010000120776,26,1,30560.9568
2010000120776,26,1,19100.598
2010000122438,57,1,43549.36344
2010000123144,74,2,18489.37886
2010000123144,17,2,0
2010000124254,73,2,8098.653552
2010000124363,66,2,9168.28704
2010000125748,59,1,61121.9136
2010000125748,59,2,0
2010000131278,38,1,41257.29168
2010000131278,29,1,6112.19136
2010000132125,79,1,19100.598
2010000132497,35,1,46605.45912
2010000132497,36,1,30560.9568
2010000132497,6,0,-15279.71438
2010000133178,52,1,35756.31946
2010000133178,22,2,0
2010000133178,50,1,18642.18365
2010000133842,35,1,31783.39507
2010000133842,34,2,0
2010000133842,3,0,-15279.71438
2010000133887,87,2,7411.032024
2010000135947,36,1,8557.067904
2010000137655,65,1,32012.60225
2010000144320,31,1,61121.9136
2010000144320,31,1,13752.43056
2010000144320,7,0,-15279.71438
2010000144320,4,0,-15279.71438
2010000150581,63,1,62649.96144
2010000150581,62,2,0
2010000150581,37,1,25976.81328
2010000153375,42,1,69541.4572
2010000153375,32,1,62344.35187
2010000158178,83,2,11995.17554
2010000158744,70,1,96267.01392
2010000158744,66,2,17572.55016
2010000159407,20,1,4202.13156
2010000168690,24,1,24448.76544
2010000168690,24,1,9091.884648
2010000174601,32,1,45841.4352
2010000175215,31,1,49661.5548
2010000175215,36,1,36673.14816
2010000184928,30,1,14516.45448
2010000184928,10,0,NA
2010000184928,33,1,19864.62192
2010000186822,60,1,229.207176
2010000186822,67,2,14287.2473
2010000188361,61,1,15280.4784
2010000188361,60,2,0
2010000189869,19,1,13775.35128
2010000195804,70,2,5500.972224
2010000195804,29,1,6876.21528
2010000198147,62,1,87862.7508
2010000198147,66,2,4584.14352
2010000199199,61,1,53481.6744
2010000199199,44,1,16808.52624
2010000199199,9,0,-15279.71438
2010000199199,5,0,-15279.71438
2010000202535,52,1,45917.83759
2010000205399,20,1,6264.996144
2010000205399,21,1,4049.326776
2010000206029,81,2,10925.54206
2010000206353,42,1,53481.6744
2010000206353,40,1,19100.598
2010000206353,12,0,NA
2010000208348,57,2,275.0486112
2010000211913,40,2,275.0486112
2010000214631,55,2,18871.39082
2010000214631,62,2,8709.872688
2010000219504,89,2,40569.67015
2010000219504,88,2,8098.653552
2010000222890,36,2,0
2010000223137,49,1,56232.16051
2010000224222,43,1,39347.23188
2010000224222,12,0,NA
2010000224222,7,0,-15279.71438
2010000225753,34,1,22920.7176
2010000226064,94,2,29567.7257
2010000226064,55,1,19864.62192
2010000226671,27,1,12988.40664
2010000226671,25,1,9015.482256
2010000226891,41,1,57301.794
2010000228906,42,1,39729.24384
2010000229326,44,1,50425.57872
2010000229326,39,1,13523.22338
2010000229326,7,0,-15279.71438
2010000230124,27,1,34915.89314
2010000230124,31,1,6112.19136
2010000230124,29,1,16044.50232
2010000232511,58,1,80222.5116
2010000232511,56,1,11001.94445
2010000232511,81,2,6952.617672
2010000232613,62,1,12224.38272
2010000234236,89,2,76402.392
2010000235146,79,2,14287.2473
2010000236196,64,2,51189.60264
2010000240233,34,1,30942.96876
2010000240233,34,1,3208.900464
2010000240233,2,0,-15279.71438
2010000241089,24,1,458.414352
2010000241089,0,0,NA
2010000241089,17,2,0
2010000241089,21,2,0
2010000245687,51,2,18336.57408
2010000245918,50,1,29185.71374
2010000245918,38,1,25212.78936
2010000249208,43,1,34763.08836
2010000249208,9,0,-15279.71438
2010000249208,7,0,-15279.71438
2010000257918,26,1,764.02392
2010000257918,25,2,11231.15162
2010000261038,59,1,51953.62656
2010000261038,60,2,0
2010000264222,39,1,22920.7176
2010000264222,30,1,22920.7176
2010000264222,11,0,NA
2010000264222,6,0,-15279.71438
2010000264222,5,0,-15279.71438
2010000264338,30,1,50517.26159
2010000265316,34,1,22920.7176
2010000266464,94,2,7487.434416
2010000267420,19,1,19482.60996
2010000269709,63,2,140733.2061
2010000269709,63,2,14058.04013
2010000271508,33,1,15280.4784
2010000271508,33,1,53481.6744
2010000271774,46,1,237611.4391
2010000271774,57,1,229971.1999
2010000271774,9,0,-15279.71438
2010000271774,7,0,-15279.71438
2010000271774,71,2,13217.61382
2010000271774,68,1,20857.85302
2010000273626,33,2,4813.350696
2010000273626,5,0,-15279.71438
2010000273626,3,0,-15279.71438
2010000274246,45,1,106963.3488
2010000274246,51,1,229971.1999
2010000275139,35,1,26970.04438
2010000275139,38,1,30560.9568
2010000276213,26,1,4584.14352
2010000276213,1,0,NA
2010000276213,21,1,7640.2392
2010000276213,25,1,25212.78936
2010000276213,33,1,26740.8372
2010000276213,34,1,12224.38272
2010000278329,36,2,14898.46644
2010000278329,42,1,450.7741128
2010000278627,38,1,25212.78936
2010000278627,10,0,NA
2010000278627,9,0,-15279.71438
2010000278829,84,2,7815.964702
2010000279566,35,1,53481.6744
2010000280620,68,2,8251.458336
2010000283295,52,2,6035.788968
2010000283295,47,1,14669.25926
2010000286332,68,1,21010.6578
2010000286396,50,2,12835.60186
2010000286396,84,2,14058.04013
2010000294622,31,1,16884.92863
2010000294622,26,1,17648.95255
2010000294622,35,1,16808.52624
2010000297548,69,2,9779.506176
2010000297745,33,1,42785.33952
2010000297745,31,2,0
2010000297745,11,0,NA
2010000297745,9,0,-15279.71438
2010000297745,5,0,-15279.71438
2010000297745,3,0,-15279.71438
2010000298065,30,2,0
2010000298065,25,2,0
2010000298178,49,1,34381.0764
2010000298178,23,1,3056.09568
2010000300310,41,1,29032.90896
2010000300310,41,2,0
2010000300310,9,0,-15279.71438
2010000300310,6,0,-15279.71438
2010000309980,29,1,22233.09607
2010000309980,28,1,17954.56212
2010000313309,63,2,9932.31096
2010000313309,55,2,10849.13966
2010000314016,79,2,13446.82099
2010000314016,82,2,8709.872688
2010000314575,32,1,733.4629632
2010000314575,12,0,NA
2010000314575,10,0,NA
2010000314575,6,0,-15279.71438
2010000314575,0,0,NA
2010000317989,71,2,11842.37076
2010000319009,29,1,73346.29632
2010000319899,36,1,33999.06444
2010000319899,8,0,-15279.71438
2010000324111,64,1,114603.588
2010000325351,60,1,66577.04439
2010000325351,60,1,23493.73554
2010000327985,83,2,6647.008104
2010000327985,50,1,9168.28704
2010000330268,44,1,2062.864584
2010000330268,18,2,0
2010000330689,65,2,11231.15162
2010000330689,94,2,24143.15587
2010000331651,30,1,13752.43056
2010000331651,4,0,-15279.71438
2010000331651,4,0,-15279.71438
2010000332928,72,2,12682.79707
2010000337387,79,2,10772.73727
2010000337704,48,1,70305.48112
2010000337704,45,1,16846.72744
2010000337704,21,1,2292.07176
2010000337704,20,1,2292.07176
2010000337704,19,2,0
2010000337704,17,2,0
2010000338050,28,2,4889.753088
2010000338050,9,0,-15279.71438
2010000338050,1,0,NA
2010000338923,38,1,11918.77315
2010000338923,27,2,0
2010000338923,1,0,NA
2010000338923,76,2,4584.14352
2010000338923,73,2,4584.14352
2010000344576,29,1,21698.27933
2010000344576,29,1,3132.498072
2010000348914,42,1,11842.37076
2010000349367,56,1,27657.6659
2010000349367,33,1,26740.8372
2010000349461,51,1,41448.29766
2010000349461,48,1,41410.09646
2010000349461,15,0,0
2010000353591,20,1,26740.8372
2010000353591,24,1,22920.7176
2010000354471,49,1,48897.53088
2010000356800,61,2,18336.57408
2010000360081,40,1,21392.66976
2010000360081,39,1,84042.6312
2010000363141,37,1,86029.09339
2010000363141,38,1,52717.65048
2010000363920,50,1,22233.09607
2010000363920,51,1,55009.72224
2010000363920,18,2,0
2010000364350,76,2,3132.498072
2010000364350,83,2,7334.629632
2010000364564,94,2,28727.29939
2010000366968,71,2,67081.30018
2010000367870,57,1,20628.64584
2010000367870,63,2,2062.864584
2010000372168,89,2,5195.362656
2010000372463,59,1,34228.27162
2010000377411,55,1,26740.8372
2010000377411,48,1,53481.6744
2010000377772,47,2,679.9812888
2010000382643,44,1,11689.56598
2010000382643,46,1,11460.3588
2010000386977,81,2,13943.43654
2010000386977,81,2,6769.251931
2010000387952,28,1,45841.4352
2010000387952,30,1,26740.8372
2010000390787,36,1,7640.2392
2010000390787,19,1,10925.54206
2010000390787,17,2,0
2010000390787,12,0,NA
2010000390787,1,0,NA
2010000390787,39,1,22309.49846
2010000390995,34,1,11460.3588
2010000390995,32,1,23684.74152
2010000392318,56,1,81750.55944
2010000392318,55,1,77166.41592
2010000393470,36,1,29032.90896
2010000393470,43,2,9168.28704
2010000393470,18,2,0
2010000393740,65,2,25212.78936
2010000394179,30,1,3056.09568
2010000394529,38,2,0
2010000395944,89,2,15738.89275
2010000397395,40,1,19910.46336
2010000397395,39,1,16044.50232
2010000400506,57,1,23073.52238
2010000401397,54,1,28268.88504
2010000402034,52,2,13752.43056
2010000408937,53,1,76402.392
2010000410456,56,2,37666.37926
2010000410456,48,1,46605.45912
2010000411144,34,1,3820.1196
2010000411144,14,0,NA
2010000411144,8,0,-15279.71438
2010000411144,6,0,-15279.71438
2010000411144,37,1,18336.57408
2010000412039,24,1,8633.470296
2010000412039,26,1,16273.7095
2010000412039,6,0,-15279.71438
2010000412039,3,0,-15279.71438
2010000412458,69,2,19482.60996
2010000415087,77,2,45153.81367
2010000415087,72,2,9626.701392
2010000419011,47,1,15280.4784
2010000419011,46,1,15280.4784
2010000419011,22,1,3056.09568
2010000419011,19,1,3056.09568
2010000422180,58,2,0
2010000422180,53,2,12912.00425
2010000423769,74,2,6417.800928
2010000428154,74,1,139892.7798
2010000428154,73,2,26358.82524
2010000429958,43,1,38201.196
2010000429958,48,1,26740.8372
2010000430929,70,2,6417.800928
2010000431681,52,1,91682.8704
2010000431681,57,1,47369.48304
2010000432403,26,1,20628.64584
2010000432403,28,1,14516.45448
2010000434187,23,1,19100.598
2010000434187,23,1,14516.45448
2010000438357,39,1,12988.40664
2010000438357,22,2,764.02392
2010000438357,22,2,0
2010000438357,18,2,0
2010000438357,16,2,0
2010000439377,83,1,22179.6144
2010000443328,68,2,35297.9051
2010000445658,48,1,24448.76544
2010000445658,48,1,32853.02856
2010000445658,11,0,NA
2010000446713,55,1,52259.23613
2010000446713,50,1,24104.95468
2010000448714,85,2,12759.19946
2010000451373,34,1,110783.4684
2010000451373,31,1,32089.00464
2010000451635,55,1,32089.00464
2010000451635,58,1,32089.00464
2010000452791,44,1,26129.61806
2010000452791,39,2,0
2010000454363,43,2,7640.2392
2010000454363,35,1,8786.27508
2010000454363,46,2,5118.960264
2010000454363,11,0,NA
2010000463317,53,1,57301.794
2010000463317,57,1,40493.26776
2010000463317,17,2,0
2010000468421,60,1,-6723.410496
2010000468421,54,1,-6723.410496
2010000481574,22,1,19100.598
2010000484007,45,1,109255.4206
2010000490180,51,1,25976.81328
2010000490180,60,1,26740.8372
2010000490180,18,1,2215.669368
2010000490180,11,0,NA
2010000490708,32,1,25212.78936
2010000494736,72,2,28299.446
2010000494736,94,2,20246.63388
2010000497978,39,1,9703.103784
2010000497978,28,1,25976.81328
2010000498271,64,1,36359.89835
2010000498271,55,1,1604.450232
2010000498271,35,1,15968.09993
2010000498494,65,2,863.3470296
2010000498494,63,2,939.7494216
2010000500524,56,1,38201.196
2010000500524,53,2,0
2010000501724,31,1,31172.17594
2010000501724,25,1,17114.13581
2010000503096,25,1,15280.4784
2010000506226,58,2,0
2010000506226,58,1,85570.67904
2010000506517,49,2,0
2010000510182,50,1,9168.28704
2010000510372,36,1,161973.071
2010000510372,41,1,11460.3588
2010000510860,41,1,68792.71376
2010000511167,76,2,60969.10882
2010000511707,55,1,38201.196
2010000511707,17,1,106.9633488
2010000511707,76,2,5577.374616
2010000512083,87,2,18183.7693
2010000515168,68,2,15356.88079
2010000515168,50,1,7907.647572
2010000517006,40,2,106.9633488
2010000517006,37,1,61992.90087
2010000517006,3,0,-15279.71438
2010000517006,1,0,NA
2010000521270,87,2,11689.56598
2010000521270,85,2,2979.693288
2010000522710,33,1,19100.598
2010000522710,14,0,NA
2010000522710,9,0,-15279.71438
2010000522710,8,0,-15279.71438
2010000522710,5,0,-15279.71438
2010000522710,4,0,-15279.71438
2010000522710,1,0,NA
2010000523595,31,1,42021.3156
2010000528988,34,1,28307.08624
2010000528988,35,1,25059.98458
2010000534381,31,2,3285.302856
2010000535559,55,1,35068.69793
2010000535559,56,2,12912.00425
2010000535559,14,0,NA
2010000536024,25,2,0
2010000536188,61,1,32089.00464
2010000536188,66,1,11001.94445
2010000539808,30,1,39041.62231
2010000539808,34,1,47369.48304
2010000544756,32,1,36673.14816
2010000544756,33,1,53481.6744
2010000544932,59,1,58065.81792
2010000547575,44,1,11460.3588
2010000547575,52,1,33387.8453
2010000547965,23,1,18336.57408
2010000547965,2,0,-15279.71438
2010000547965,21,1,16044.50232
2010000548792,31,1,18336.57408
2010000548792,35,1,18336.57408
2010000548792,1,0,NA
2010000550018,40,1,37055.16012
2010000550018,38,1,34381.0764
2010000550018,8,0,-15279.71438
2010000550018,6,0,-15279.71438
2010000550018,4,0,-15279.71438
2010000552616,45,1,27810.47069
2010000552773,47,1,67234.10496
2010000552773,38,1,7640.2392
2010000558317,49,1,6112.19136
2010000558317,58,1,45841.4352
2010000558909,57,1,45841.4352
2010000558909,55,2,0
2010000561501,27,1,16808.52624
2010000564113,68,2,25518.39893
2010000565870,41,2,9321.091824
2010000565870,45,1,70290.20064
2010000565870,5,0,-15279.71438
2010000566499,27,1,16197.3071
2010000566499,0,0,NA
2010000566936,83,2,9091.884648
2010000566936,35,1,35145.10032
2010000566936,14,0,NA
2010000566936,14,0,NA
2010000567182,49,1,23325.65028
2010000567182,48,1,2292.07176
2010000570894,33,2,9397.494216
2010000570894,11,0,NA
2010000570894,10,0,NA
2010000570894,4,0,-15279.71438
2010000570894,74,2,5500.972224
2010000571285,71,2,12529.99229
2010000573136,60,1,103219.6316
2010000575776,26,1,42021.3156
2010000575776,25,1,611.219136
2010000576313,35,1,13752.43056
2010000576313,36,1,11880.57196
2010000576313,7,0,-15279.71438
2010000576313,4,0,-15279.71438
2010000576984,29,1,72582.2724
2010000579847,25,1,9473.896608
2010000579847,27,1,10085.11574
2010000579847,26,1,5500.972224
2010000579847,25,1,26740.8372
2010000580359,74,2,34533.88118
2010000583974,34,1,41257.29168
2010000585077,62,2,6341.398536
2010000585077,58,1,19864.62192
2010000586390,25,1,7334.629632
2010000586390,28,1,26740.8372
2010000588048,56,1,5730.1794
2010000588048,55,1,67998.12888
2010000588048,19,1,1680.852624
2010000588048,17,1,504.2557872
2010000590357,45,1,26740.8372
2010000590357,47,1,53481.6744
2010000590357,17,1,229.207176
2010000590357,15,0,0
2010000590357,13,0,NA
2010000590357,11,0,NA
2010000590743,37,1,45841.4352
2010000590743,37,1,76402.392
2010000590743,1,0,NA
2010000591193,79,2,20552.24345
2010000593088,67,2,30560.9568
2010000593088,70,2,7334.629632
2010000593088,31,1,22920.7176
2010000594142,40,1,61121.9136
2010000594142,40,1,22920.7176
2010000597661,32,1,51189.60264
2010000597661,30,1,22920.7176
2010000597661,1,0,NA
2010000597743,47,2,0
2010000599773,26,1,18336.57408
2010000599773,32,2,0
2010000599773,2,0,-15279.71438
2010000599773,0,0,NA
2010000601105,86,2,21316.26737
2010000601105,68,1,4431.338736
2010000603353,58,1,25824.0085
2010000603469,46,2,0
2010000609866,58,1,51953.62656
2010000609866,56,1,27352.05634
2010000610682,50,2,6494.20332
2010000610682,56,1,34381.0764
2010000610682,18,2,0
2010000611052,46,1,4584.14352
2010000611052,4,0,-15279.71438
2010000614520,50,1,33540.65009
2010000614520,51,1,55009.72224
2010000615210,59,1,1528.04784
2010000615210,58,2,29338.51853
2010000615210,19,1,2750.486112
2010000615608,44,2,0
2010000615608,35,1,65706.05712
2010000615608,7,0,-15279.71438
2010000620384,51,2,0
2010000620384,50,1,7258.22724
2010000620384,16,2,0
2010000621831,80,2,0
2010000625555,22,2,2215.669368
2010000625555,2,0,-15279.71438
2010000625555,40,1,13064.80903
2010000626056,68,2,7411.032024
2010000626357,43,1,20934.25541
2010000626357,55,1,11460.3588
2010000626789,61,1,38124.79361
2010000628932,37,1,16808.52624
2010000630148,38,1,74110.32024
2010000630148,37,1,687.621528
2010000630148,1,0,NA
2010000634914,44,1,34381.0764
2010000634914,43,1,6112.19136
2010000636067,43,1,38354.00078
2010000639642,94,2,10574.09105
2010000640891,67,2,8175.055944
2010000647198,62,2,3667.314816
2010000647198,35,1,13752.43056
2010000647213,29,1,24601.57022
2010000647213,29,1,21469.07215
2010000647213,28,1,27504.86112
2010000649166,74,2,12835.60186
2010000649166,61,1,12835.60186
2010000649387,72,2,14745.66166
2010000650075,33,1,34381.0764
2010000650075,23,2,0
2010000650075,3,0,-15279.71438
2010000650075,5,0,-15279.71438
2010000650839,69,2,15280.4784
2010000650839,66,2,5500.972224
2010000650839,44,2,5424.569832
2010000650839,43,2,19253.40278
2010000650839,15,0,0
2010000651768,65,1,233944.1243
2010000651768,68,2,19665.9757
2010000652627,89,2,24143.15587
2010000652627,88,2,4049.326776
2010000657946,39,1,22615.10803
2010000658888,39,1,40607.87135
2010000658888,39,1,37437.17208
2010000658888,7,0,-15279.71438
2010000658888,3,0,-15279.71438
2010000661527,25,1,27428.45873
2010000661527,24,1,9932.31096
2010000661527,2,0,-15279.71438
2010000663932,50,1,91682.8704
2010000663932,49,1,27504.86112
2010000663932,16,1,458.414352
2010000663932,15,0,0
2010000666094,47,1,36680.7884
2010000666094,60,2,13828.83295
2010000666538,50,1,33617.05248
2010000666538,51,1,99323.1096
2010000666538,15,0,0
2010000666538,12,0,NA
2010000666538,8,0,-15279.71438
2010000666779,48,1,45841.4352
2010000666779,17,1,611.219136
2010000670150,61,1,17725.35494
2010000670150,54,1,57301.794
2010000672641,21,1,14669.25926
2010000674221,57,1,83431.41206
2010000674221,29,1,19864.62192
2010000674221,38,1,35145.10032
2010000674221,16,2,0
2010000675827,31,1,13752.43056
2010000675827,25,1,1910.0598
2010000675827,2,0,-15279.71438
2010000676184,31,1,11689.56598
2010000676184,34,1,31324.98072
2010000676184,8,0,-15279.71438
2010000676184,3,0,-15279.71438
2010000676184,0,0,NA
2010000676184,59,2,4431.338736
2010000676184,58,2,4431.338736
2010000676184,18,2,1298.840664
2010000680283,40,1,29032.90896
2010000680283,41,1,15280.4784
2010000680283,18,1,1604.450232
2010000680283,14,0,NA
2010000681021,60,2,18672.7446
2010000681021,60,1,32493.93732
2010000683110,36,1,18336.57408
2010000683617,69,2,15586.08797
2010000684941,49,2,12759.19946
2010000684941,42,2,7563.836808
2010000686357,73,2,11001.94445
2010000687648,46,2,45841.4352
2010000687648,42,1,11001.94445
2010000687648,19,1,5118.960264
2010000687648,16,2,0
2010000687648,14,0,NA
2010000687648,4,0,-15279.71438
2010000690333,43,1,229971.1999
2010000690333,38,1,30560.9568
2010000690333,11,0,NA
2010000690333,9,0,-15279.71438
2010000690333,74,2,12377.1875
2010000691083,59,1,190241.9561
2010000691083,56,1,57301.794
2010000694586,25,1,1680.852624
2010000695067,50,1,23554.85745
2010000695067,17,2,0
2010000705795,54,1,25212.78936
2010000706718,39,1,229971.1999
2010000708175,51,2,2139.266976
2010000712578,31,2,229.207176
2010000712578,38,1,32089.00464
2010000712578,4,0,-15279.71438
2010000712578,0,0,NA
2010000712578,30,1,24830.7774
2010000716936,65,1,48897.53088
2010000716936,54,2,10543.5301
2010000720273,60,1,27734.0683
2010000720911,45,2,0
2010000720911,24,1,18336.57408
2010000721718,80,2,20552.24345
2010000723006,58,2,0
2010000723006,37,1,21545.47454
2010000723685,65,2,19864.62192
2010000723685,63,2,12988.40664
2010000723685,41,1,26435.22763
2010000723685,6,0,-15279.71438
2010000726353,61,2,488.9753088
2010000726353,54,2,8098.653552
2010000727900,58,1,42021.3156
2010000729648,51,1,237611.4391
2010000729648,38,1,76402.392
2010000729648,7,0,-15279.71438
2010000729648,5,0,-15279.71438
2010000731824,47,1,20628.64584
2010000731824,85,2,6753.971453
2010000731824,4,0,-15279.71438
2010000731824,55,2,2292.07176
2010000731824,51,2,458.414352
2010000731824,39,1,10085.11574
2010000732809,55,1,7640.2392
2010000732809,56,1,10696.33488
2010000732809,17,1,1528.04784
2010000737980,43,1,68762.1528
2010000737980,51,1,41257.29168
2010000740752,65,1,24448.76544
2010000741360,52,1,62649.96144
2010000742395,61,1,19559.01235
2010000742395,32,1,7487.434416
2010000745568,57,1,38201.196
2010000745568,58,1,22920.7176
2010000745847,33,1,19864.62192
2010000747356,38,1,38201.196
2010000747356,41,1,30560.9568
2010000747356,1,0,NA
2010000747356,0,0,NA
2010000750355,66,2,19100.598
2010000753349,40,1,21392.66976
2010000753349,35,1,21392.66976
2010000753349,2,0,-15279.71438
2010000753349,11,0,NA
2010000753349,59,2,0
2010000753679,31,1,9932.31096
2010000753679,26,1,11460.3588
2010000754377,44,1,76402.392
2010000755095,80,2,19711.81714
2010000755095,64,2,0
2010000755519,35,1,35909.12424
2010000757999,57,1,19864.62192
2010000757999,53,1,18336.57408
2010000757999,7,0,-15279.71438
2010000758113,22,1,27504.86112
2010000758113,22,1,1604.450232
2010000758113,1,0,NA
2010000758113,57,2,0
2010000758113,46,2,0
2010000758871,67,2,6952.617672
2010000758871,54,1,0.76402392
2010000761553,38,1,114603.588
2010000761553,37,1,9168.28704
2010000761553,8,0,-15279.71438
2010000761553,6,0,-15279.71438
2010000762711,48,2,0
2010000762711,49,2,10543.5301
2010000762940,47,1,11536.76119
2010000762940,46,1,27810.47069
2010000763810,63,1,34381.0764
2010000765450,33,1,59593.86576
2010000766929,55,2,6188.593752
2010000768497,48,1,129887.1225
2010000768497,49,1,87101.78298
2010000769983,77,2,6188.593752
2010000771389,45,1,113075.5402
2010000771389,43,1,3590.912424
2010000771389,12,0,NA
2010000771389,10,0,NA
2010000772613,90,2,9091.884648
2010000772613,94,2,10161.51814
2010000772853,27,1,14516.45448
2010000772853,24,1,28268.88504
2010000772853,27,1,16808.52624
2010000773940,50,1,20628.64584
2010000773940,50,2,0
2010000773940,24,2,0
2010000773940,16,2,0
2010000773940,72,2,0
2010000774989,48,1,30942.96876
2010000774989,45,1,99323.1096
2010000774989,16,2,916.828704
2010000774989,13,0,NA
2010000782219,59,1,135232.2338
2010000782219,46,1,38201.196
2010000782219,12,0,NA
2010000782219,9,0,-15279.71438
2010000783180,28,1,-6723.410496
2010000783180,28,1,3972.924384
2010000784542,42,1,57378.19639
2010000792868,41,1,44313.38736
2010000796003,29,1,16808.52624
2010000796003,26,1,18336.57408
2010000798260,41,1,36673.14816
2010000798260,45,2,0
2010000800451,28,1,11460.3588
2010000800451,4,0,-15279.71438
2010000800451,0,0,NA
2010000800709,35,1,55009.72224
2010000800709,31,1,2292.07176
2010000800709,2,0,-15279.71438
2010000801603,47,1,48897.53088
2010000801603,32,2,6112.19136
2010000801603,6,0,-15279.71438
2010000801603,4,0,-15279.71438
2010000801603,1,0,NA
2010000801603,62,2,0
2010000802713,33,1,32089.00464
2010000802713,36,1,30560.9568
2010000802713,9,0,-15279.71438
2010000802713,3,0,-15279.71438
2010000802722,38,1,43549.36344
2010000802722,34,1,10161.51814
2010000803696,57,1,68914.95758
2010000807105,59,1,26740.8372
2010000817667,81,2,3285.302856
2010000818346,43,2,0
2010000818346,58,1,38201.196
2010000818346,22,2,0
2010000819736,67,2,3285.302856
2010000822613,64,1,36673.14816
2010000822849,41,1,45841.4352
2010000822849,41,2,0
2010000822849,12,0,NA
2010000822849,10,0,NA
2010000825210,42,1,229971.1999
2010000825210,28,1,15280.4784
2010000825385,62,2,35297.9051
2010000825385,58,1,44313.38736
2010000829286,55,1,12071.57794
2010000829286,18,1,53.4816744
2010000829904,78,2,4354.936344
2010000829904,49,2,0
2010000835271,83,2,22462.30325
2010000835271,43,1,27504.86112
2010000835289,50,2,0
2010000835289,40,2,2597.681328
2010000835289,21,2,0
2010000835289,19,2,4125.729168
2010000835289,15,0,6188.593752
2010000835289,5,0,-15279.71438
2010000835289,2,0,-15279.71438
2010000835289,2,0,-15279.71438
2010000838330,64,2,13370.4186
2010000839058,40,1,31859.79746
2010000839058,47,1,18336.57408
2010000840348,78,2,16732.12385
2010000840348,69,2,31172.17594
2010000843151,43,1,54627.71028
2010000843151,37,1,59593.86576
2010000843926,37,1,42785.33952
2010000843926,41,2,42785.33952
2010000843926,36,1,15280.4784
2010000843926,10,0,NA
2010000843926,6,0,-15279.71438
2010000843926,5,0,-15279.71438
2010000845218,20,1,42899.94311
2010000845570,74,1,25594.80132
2010000845570,71,2,9626.701392
2010000845570,45,2,116131.6358
2010000846133,33,2,0
2010000846133,34,1,13752.43056
2010000846133,30,1,22920.7176
2010000848108,88,2,12759.19946
2010000852656,55,1,32089.00464
2010000852656,36,1,19864.62192
2010000856613,46,1,7640.2392
2010000856613,39,1,12224.38272
2010000856613,15,0,0
2010000856613,13,0,NA
2010000856613,8,0,-15279.71438
2010000856613,23,2,0
2010000856790,28,1,24448.76544
2010000857161,58,1,22920.7176
2010000857161,50,2,11307.55402
2010000862268,83,2,13599.62578
2010000862268,55,1,1528.04784
2010000862430,50,1,37437.17208
2010000865866,36,1,32853.02856
2010000866842,53,1,24448.76544
2010000866842,57,1,34381.0764
2010000871251,35,2,0
2010000871251,39,1,62649.96144
2010000871251,5,0,-15279.71438
2010000871251,3,0,-15279.71438
2010000872419,51,1,21392.66976
2010000872419,46,1,19100.598
2010000872419,17,2,0
2010000872419,15,0,0
2010000872621,21,2,2750.486112
2010000872621,19,1,1375.243056
2010000872696,26,1,26358.82524
2010000872696,29,1,11460.3588
2010000873105,26,1,382.01196
2010000879239,62,1,15356.88079
2010000879239,44,2,0
2010000883434,40,1,22920.7176
2010000883434,32,1,1069.633488
2010000883434,13,0,NA
2010000883434,9,0,-15279.71438
2010000883434,7,0,-15279.71438
2010000883434,0,0,NA
2010000883536,71,1,82514.58336
2010000883536,44,1,2292.07176
2010000885197,27,1,2292.07176
2010000885197,4,0,-15279.71438
2010000887877,62,2,0
2010000887877,57,1,3056.09568
2010000887877,26,1,34381.0764
2010000887877,22,1,4584.14352
2010000888573,67,2,15662.49036
2010000888573,67,2,20170.23149
2010000890101,70,1,49126.73806
2010000890101,65,2,0
2010000890101,39,2,14669.25926
2010000890101,38,1,20017.4267
2010000890101,9,0,-15279.71438
2010000896839,90,2,24448.76544
2010000897014,46,1,61885.93752
2010000898968,66,2,0
2010000899070,24,1,26007.37424
2010000899070,24,1,31095.77354
2010000899494,39,1,19864.62192
2010000899494,47,2,0
2010000899494,71,2,12300.78511
2010000899494,68,1,7945.848768
2010000899494,46,2,0
2010000899494,20,2,0
2010000899494,17,2,0
2010000900424,49,1,36673.14816
2010000900424,53,2,0
2010000901140,70,1,22615.10803
2010000901140,85,1,16426.51428
2010000904510,33,1,17190.5382
2010000906321,49,2,15280.4784
2010000906321,17,2,0
2010000906321,12,0,NA
2010000907688,44,1,20170.23149
2010000907688,9,0,-15279.71438
2010000907688,6,0,-15279.71438
2010000907688,3,0,-15279.71438
2010000907688,17,2,0
2010000907688,15,0,0
2010000907688,36,2,0
2010000908284,36,1,16732.12385
2010000910475,24,1,5348.16744
2010000912275,78,2,12606.39468
2010000916459,57,1,49684.47552
2010000920231,75,2,7235.306522
2010000922816,60,2,0
2010000922816,70,1,16502.91667
2010000923977,26,1,2292.07176
2010000923977,29,2,0
2010000924804,53,1,21392.66976
2010000924804,17,1,6112.19136
2010000926814,28,1,66622.88582
2010000926814,32,1,53481.6744
2010000927837,54,1,22920.7176
2010000927837,54,1,11460.3588
2010000927837,23,1,12453.5899
2010000927837,21,2,0
2010000930525,59,1,30560.9568
2010000930525,59,1,3132.498072
2010000931593,27,1,17572.55016
2010000931593,32,2,0
2010000931593,14,0,NA
2010000931593,12,0,NA
2010000931593,11,0,NA
2010000931593,8,0,-15279.71438
2010000931593,5,0,-15279.71438
2010000931593,25,1,11460.3588
2010000931593,23,1,9168.28704
2010000931602,71,2,25121.10649
2010000931602,61,1,75561.96569
2010000936204,37,1,21407.95024
2010000936204,11,0,NA
2010000936371,86,2,13602.68187
2010000936371,60,1,12193.82176
2010000942014,20,1,6876.21528
2010000942704,39,1,51800.82178
2010000942704,41,2,0
2010000942704,7,0,-15279.71438
2010000943162,40,1,19864.62192
2010000943162,36,1,34381.0764
2010000943162,0,0,NA
2010000949932,36,1,69526.17672
2010000949932,35,1,7181.824848
2010000955334,56,1,30560.9568
2010000955334,54,2,0
2010000955334,20,1,7640.2392
2010000955334,18,2,0
2010000955334,11,0,NA
2010000955885,55,1,38965.21992
2010000959997,39,1,15280.4784
2010000960027,40,2,0
2010000960027,41,1,76402.392
2010000960027,9,0,-15279.71438
2010000960027,7,0,-15279.71438
2010000960027,4,0,-15279.71438
2010000963902,63,2,687.621528
2010000969199,63,2,9015.482256
2010000969199,63,1,31439.58431
2010000972162,31,2,0
2010000975668,67,2,863.3470296
2010000975668,60,2,0
2010000975889,36,1,11460.3588
2010000975889,30,1,19100.598
2010000975889,13,0,NA
2010000977931,24,1,26053.21567
2010000977931,24,1,6112.19136
2010000978452,84,2,7067.22126
2010000978713,32,1,435.4936344
2010000978713,31,1,5959.386576
2010000978713,1,0,NA
2010000979428,36,1,7640.2392
2010000979428,39,1,91682.8704
2010000981064,26,1,33617.05248
2010000981317,69,2,42021.3156
2010000983067,25,1,24907.17979
2010000983067,28,2,3667.314816
2010000983390,75,2,11383.95641
2010000983390,65,1,28039.67786
2010000984629,38,1,90154.82256
2010000984629,37,1,2597.681328
2010000984629,2,0,-15279.71438
2010000984629,0,0,NA
2010000984629,15,0,0
2010000986381,58,1,45077.41128
2010000986381,60,1,34381.0764
2010000986381,30,1,10696.33488
2010000987616,46,1,23073.52238
2010000987616,44,1,25212.78936
2010000987616,21,1,24448.76544
2010000987616,13,0,NA
2010000988519,35,1,49661.5548
2010000988519,39,2,0
2010000989277,64,2,10696.33488
2010000989277,45,1,2826.888504
2010000989277,25,1,2521.278936
2010000989298,58,1,15586.08797
2010000991489,30,1,26053.21567
2010000991624,39,1,3056.09568
2010000991624,41,1,76402.392
2010000991624,2,0,-15279.71438
2010000991624,0,0,NA
2010000993740,75,2,27199.25155
2010000993740,70,2,4966.15548
2010000995162,30,1,14669.25926
2010000995162,34,1,19100.598
2010000995854,61,1,25671.20371
2010000995854,61,1,3285.302856
2010000995854,26,1,1222.438272
2010000999245,35,1,57301.794
2010000999245,36,2,0
2010000999245,7,0,-15279.71438
2010000999245,4,0,-15279.71438
2010001001902,52,2,0
2010001001902,13,0,NA
2010001001902,9,0,-15279.71438
2010001003680,39,2,0
2010001008084,60,1,24983.58218
2010001008084,62,1,22997.11999
2010001012115,29,1,24448.76544
2010001013675,66,1,28421.68982
2010001013675,74,2,1375.243056
2010001013786,56,2,8862.677472
2010001013798,42,1,20628.64584
2010001013798,8,0,-15279.71438
2010001013798,6,0,-15279.71438
2010001020765,54,1,9321.091824
2010001028451,82,2,1680.852624
2010001029087,54,1,19100.598
2010001029087,42,1,18336.57408
2010001029087,10,0,NA
2010001029087,16,2,0
2010001029534,33,1,66622.88582
2010001033246,48,1,38201.196
2010001033246,52,1,39729.24384
2010001037791,86,2,7334.629632
2010001038129,35,1,22920.7176
2010001038129,34,1,42021.3156
2010001039803,33,1,45841.4352
2010001040946,45,1,45841.4352
2010001040946,45,2,0
2010001040946,6,0,-15279.71438
2010001040946,2,0,-15279.71438
2010001042656,34,1,2674.08372
2010001042656,34,1,39729.24384
2010001042656,0,0,NA
2010001043630,32,2,0
2010001043630,34,1,12835.60186
2010001043630,11,0,NA
2010001044355,67,2,764.02392
2010001044355,59,1,8251.458336
2010001045029,83,2,18336.57408
2010001051745,59,2,6723.410496
2010001052230,25,1,10742.17632
2010001052230,29,1,15280.4784
2010001052230,28,1,4889.753088
2010001057442,37,2,0
2010001057484,41,1,30560.9568
2010001057484,32,2,0
2010001057484,20,1,5348.16744
2010001057484,13,0,NA
2010001057484,7,0,-15279.71438
2010001057484,6,0,-15279.71438
2010001057484,2,0,-15279.71438
2010001057484,0,0,NA
2010001060934,41,1,48362.71414
2010001061532,48,1,34381.0764
2010001061532,49,2,7105.422456
2010001065028,69,2,14134.44252
2010001065028,75,2,13676.02817
2010001069928,53,1,33999.06444
2010001069928,52,1,13064.80903
2010001069928,78,2,8175.055944
2010001073264,54,2,6188.593752
2010001073264,28,1,10696.33488
2010001073264,5,0,-15279.71438
2010001073264,1,0,NA
2010001073264,25,1,9168.28704
2010001073264,50,2,12071.57794
2010001074538,46,1,19100.598
2010001074997,32,1,30560.9568
2010001074997,26,1,229.207176
2010001075592,42,2,50463.77992
2010001075592,57,1,6112.19136
2010001076126,64,1,77166.41592
2010001076126,66,2,11918.77315
2010001076391,41,2,11460.3588
2010001076391,42,1,16808.52624
2010001076391,19,1,11872.93172
2010001077846,80,2,53252.46722
2010001087176,41,1,71115.34647
2010001087176,43,1,13446.82099
2010001087176,36,1,4584.14352
2010001090789,26,1,13752.43056
2010001090789,9,0,-15279.71438
2010001090789,8,0,-15279.71438
2010001090789,7,0,-15279.71438
2010001090789,3,0,-15279.71438
2010001093554,68,1,12300.78511
2010001096641,54,1,43549.36344
2010001096641,52,1,48897.53088
2010001096641,22,1,3285.302856
2010001097021,64,1,47140.27586
2010001097021,64,1,27459.01968
2010001097992,47,1,21545.47454
2010001097992,18,2,0
2010001097992,16,2,0
2010001099188,24,1,12529.99229
2010001099188,27,1,12453.5899
2010001099188,26,1,68762.1528
2010001100629,38,1,55773.74616
2010001100629,22,1,25976.81328
2010001104451,69,2,21774.68172
2010001104994,64,1,71130.62695
2010001104994,64,2,14974.86883
2010001105164,32,1,38354.00078
2010001105164,37,1,16579.31906
2010001106902,48,1,30560.9568
2010001107633,78,2,9779.506176
2010001107633,72,2,5577.374616
2010001110869,46,1,12606.39468
2010001110869,20,1,7640.2392
2010001110869,44,2,0
2010001111126,51,1,19100.598
2010001111126,61,1,22920.7176
2010001112364,78,2,14287.2473
2010001115749,59,1,15051.27122
2010001115749,64,1,50196.37154
2010001117318,58,1,9214.128475
2010001117318,32,1,10008.71335
2010001117318,25,1,1298.840664
2010001121522,41,2,0
2010001121522,42,1,135232.2338
2010001121522,8,0,-15279.71438
2010001121522,6,0,-15279.71438
2010001122198,75,2,5577.374616
2010001122198,70,2,5577.374616
2010001125129,90,2,16655.72146
2010001126044,46,1,36673.14816
2010001126044,46,1,27122.84916
2010001126044,21,1,611.219136
2010001126044,18,2,0
2010001126044,16,2,0
2010001126071,36,1,26740.8372
2010001126071,3,0,-15279.71438
2010001126071,1,0,NA
2010001126071,28,1,11460.3588
2010001126071,25,1,22920.7176
2010001126071,23,2,0
2010001126071,3,0,-15279.71438
2010001126071,0,0,NA
2010001126071,28,2,0
2010001126979,24,1,5348.16744
2010001135986,35,1,42021.3156
2010001135986,32,1,49661.5548
2010001137221,39,1,35297.9051
2010001137221,49,1,2292.07176
2010001137221,17,2,0
2010001137221,12,0,NA
2010001137221,10,0,NA
2010001139170,25,1,5348.16744
2010001139170,24,1,9932.31096
2010001139170,24,1,9626.701392
2010001140257,41,1,9168.28704
2010001140257,42,1,1833.657408
2010001140257,18,1,1528.04784
2010001140257,17,1,611.219136
2010001140257,16,2,0
2010001140257,13,0,NA
2010001140257,11,0,NA
2010001140257,9,0,-15279.71438
2010001140257,6,0,-15279.71438
2010001140257,3,0,-15279.71438
2010001150398,61,2,6188.593752
2010001151005,25,1,30560.9568
2010001151005,26,1,14134.44252
2010001151005,1,0,NA
2010001154032,45,1,64942.0332
2010001154032,40,1,13752.43056
2010001154032,21,1,17419.74538
2010001154032,18,1,6264.996144
2010001154032,4,0,-15279.71438
2010001156223,25,1,27504.86112
2010001156223,27,2,0
2010001156852,60,1,23684.74152
2010001156852,56,1,12988.40664
2010001158972,78,2,37360.76969
2010001160430,19,1,427.8533952
2010001160579,62,2,41257.29168
2010001162128,36,2,0
2010001168153,43,1,26740.8372
2010001168153,52,1,3438.10764
2010001168153,50,1,4354.936344
2010001176211,58,2,8480.665512
2010001180583,36,1,42861.74191
2010001180640,47,1,61121.9136
2010001180640,12,0,NA
2010001180640,8,0,-15279.71438
2010001180640,44,1,22156.69368
2010001181847,25,1,23302.72956
2010001181847,24,1,20705.04823
2010001186000,57,1,15280.4784
2010001186000,56,1,9779.506176
2010001186000,25,1,2292.07176
2010001186000,48,1,11460.3588
2010001186922,43,1,18642.18365
2010001186922,4,0,-15279.71438
2010001186922,94,2,45153.81367
2010001187335,90,1,16426.51428
2010001187335,85,2,4584.14352
2010001189055,29,1,30560.9568
2010001189055,31,1,13752.43056
2010001190573,43,2,10085.11574
2010001190573,39,1,9168.28704
2010001190573,13,0,NA
2010001190573,7,0,-15279.71438
2010001190573,78,1,34251.19233
2010001193799,31,1,17648.95255
2010001193799,32,1,64942.0332
2010001193799,2,0,-15279.71438
2010001193864,46,1,32853.02856
2010001193864,64,2,10085.11574
2010001193864,45,1,15280.4784
2010001197158,32,1,36673.14816
2010001198139,94,2,18672.7446
2010001198722,79,2,12415.3887
2010001199559,62,1,34457.47879
2010001199559,60,1,18183.7693
2010001208258,27,1,30560.9568
2010001209802,25,1,3056.09568
2010001209802,27,1,39882.04862
2010001210960,35,2,343.810764
2010001210960,12,0,NA
2010001212534,45,1,15891.69754
2010001212534,49,2,0
2010001212534,16,2,0
2010001212534,2,0,-15279.71438
2010001217955,41,1,7640.2392
2010001217955,44,1,68762.1528
2010001217955,5,0,-15279.71438
2010001218955,42,2,0
2010001220009,34,1,42021.3156
2010001220009,32,1,32853.02856
2010001220938,57,1,45841.4352
2010001220938,52,1,38201.196
2010001220938,14,0,NA
2010001220938,17,2,229.207176
2010001221938,59,1,9550.299
2010001221938,53,1,25976.81328
2010001221938,34,1,19100.598
2010001227054,62,2,24525.16783
2010001228857,57,1,6112.19136
2010001228857,58,1,161973.071
2010001228857,17,2,0
2010001234430,37,1,61885.93752
2010001234430,2,0,-15279.71438
2010001239802,36,1,14287.2473
2010001241808,34,1,47369.48304
2010001242234,32,1,50043.56676
2010001242234,29,1,26740.8372
2010001242234,36,1,46834.6663
2010001243372,65,1,49661.5548
2010001243372,66,2,15815.29514
2010001243372,11,0,NA
2010001244131,65,1,24830.7774
2010001244131,66,2,14745.66166
2010001245916,51,1,24448.76544
2010001245916,50,1,43549.36344
2010001245916,18,2,0
2010001248990,47,2,0
2010001248990,39,2,0
2010001248990,6,0,-15279.71438
2010001248990,3,0,-15279.71438
2010001250563,22,1,2521.278936
2010001251994,35,1,53481.6744
2010001251994,32,1,87862.7508
2010001251994,2,0,-15279.71438
2010001255746,28,1,2292.07176
2010001255846,55,1,48935.73208
2010001255846,18,2,13141.21142
2010001258231,57,1,49661.5548
2010001258231,51,1,55009.72224
2010001259201,30,1,6188.593752
2010001259201,29,1,17954.56212
2010001259824,26,1,15280.4784
2010001259824,27,1,34381.0764
2010001259824,5,0,-15279.71438
2010001259824,2,0,-15279.71438
2010001260036,38,1,76402.392
2010001261257,82,2,7105.422456
2010001266151,62,2,26358.82524
2010001266151,53,1,5882.984184
2010001269325,68,2,27122.84916
2010001270717,71,2,12988.40664
2010001270717,31,1,5730.1794
2010001273157,58,1,49508.75002
2010001273157,53,1,34381.0764
2010001273157,11,0,NA
2010001277047,85,2,9091.884648
2010001277047,60,2,0
2010001280955,33,1,48133.50696
2010001280955,35,1,61121.9136
2010001286747,58,1,58065.81792
2010001286747,51,2,0
2010001286747,24,2,0
2010001286747,18,2,0
2010001286747,16,2,0
2010001287269,34,1,61878.29728
2010001287269,29,1,-6723.410496
2010001290372,34,2,3285.302856
2010001290463,59,1,38354.00078
2010001295095,30,1,5348.16744
2010001295095,32,1,6876.21528
2010001302515,32,1,7869.446376
2010001302515,29,1,11460.3588
2010001302515,26,1,22920.7176
2010001302515,25,2,0
2010001303597,59,1,38201.196
2010001307256,72,2,14669.25926
2010001310721,65,1,32646.7421
2010001310721,64,1,16502.91667
2010001311778,69,2,71818.24848
2010001311778,67,2,5959.386576
2010001311874,19,1,27122.84916
2010001311900,62,1,34381.0764
2010001314888,73,2,23379.13195
2010001314888,73,2,14440.05209
2010001323036,41,1,25976.81328
2010001323036,35,1,38277.59839
2010001326075,34,1,24448.76544
2010001327895,40,2,0
2010001334481,47,1,38965.21992
2010001334481,48,1,28956.50657
2010001337467,65,1,17190.5382
2010001337467,66,1,51571.6146
2010001337467,55,1,45841.4352
2010001337467,18,2,3896.521992
2010001337467,18,2,3896.521992
2010001343305,29,1,84042.6312
2010001343305,29,1,25976.81328
2010001344653,56,1,20552.24345
2010001344653,56,1,25121.10649
2010001349005,41,1,30560.9568
2010001349005,40,1,34381.0764
2010001349005,0,0,NA
2010001349005,11,0,NA
2010001355492,25,1,22920.7176
2010001355492,27,1,34381.0764
2010001359380,47,1,72582.2724
2010001359380,54,1,14592.85687
2010001364951,18,1,382.01196
2010001365570,46,1,17572.55016
2010001365570,45,1,25212.78936
2010001365570,24,1,4202.13156
2010001365570,21,2,0
2010001365570,82,2,6188.593752
2010001369413,73,2,0
2010001369413,72,2,56996.18443
2010001373668,81,2,5348.16744
2010001373668,83,2,59899.47533
2010001378283,35,1,42632.53474
2010001379125,29,1,22920.7176
2010001379125,35,1,15280.4784
2010001380270,25,1,43549.36344
2010001380270,24,1,26740.8372
2010001380426,38,1,76555.19678
2010001380426,39,1,91682.8704
2010001380426,7,0,-15279.71438
2010001380426,6,0,-15279.71438
2010001383087,51,1,22156.69368
2010001383087,7,0,-15279.71438
2010001383171,59,1,32089.00464
2010001383216,33,1,8939.079864
2010001384021,27,2,0
2010001386413,26,1,22156.69368
2010001386413,29,1,5195.362656
2010001386413,28,1,19864.62192
2010001386413,25,1,8251.458336
2010001386413,24,1,17343.34298
2010001388852,62,2,24372.36305
2010001388852,58,1,30560.9568
2010001394942,84,2,9168.28704
2010001398540,84,2,4813.350696
2010001399451,26,1,14516.45448
2010001399451,33,1,10161.51814
2010001399451,25,2,0
2010001399451,24,1,10696.33488
2010001399862,52,1,44313.38736
2010001399862,40,1,38201.196
2010001403346,72,2,27581.26351
2010001403346,71,2,41180.88929
2010001406948,21,2,0
2010001407178,45,1,42174.12038
2010001407178,44,1,2215.669368
2010001407178,16,2,0
2010001407178,14,0,NA
2010001412080,34,1,16426.51428
2010001412080,39,1,26893.64198
2010001412080,8,0,-15279.71438
2006000000649,52,1,40500.908
2006000000649,51,1,282.6888504
2006000000649,15,0,0
2006000000649,13,0,NA
2006000004178,85,2,10390.72531
2006000005074,87,2,59899.47533
2006000005699,53,1,90918.84648
2006000005699,54,1,3820.1196
2006000005699,17,1,4584.14352
2006000007381,72,1,18565.78126
2006000007381,43,1,2292.07176
2006000010850,54,1,15433.28318
2006000010850,51,2,25976.81328
2006000010850,22,1,13905.23534
2006000012833,58,1,38965.21992
2006000020740,57,1,24448.76544
2006000020740,37,1,16044.50232
2006000020740,16,2,0
2006000023343,49,1,24448.76544
2006000023343,51,1,42021.3156
2006000025414,19,1,1833.657408
2006000025544,55,1,19864.62192
2006000025544,61,2,41333.69407
2006000028420,52,1,40493.26776
2006000028420,63,2,2215.669368
2006000028420,16,2,0
2006000028420,42,1,6799.812888
2006000033534,35,1,11001.94445
2006000033534,32,1,9168.28704
2006000033534,13,0,NA
2006000033534,9,0,-15279.71438
2006000033534,24,1,9168.28704
2006000033534,35,1,12835.60186
2006000033534,22,1,11001.94445
2006000034037,32,1,30560.9568
2006000034037,32,1,25976.81328
2006000034244,37,1,2750.486112
2006000034244,38,1,2292.07176
2006000034244,45,1,12300.78511
2006000035070,67,1,16655.72146
2006000035325,39,1,49661.5548
2006000035325,38,1,366.7314816
2006000035325,5,0,-15279.71438
2006000035325,2,0,-15279.71438
2006000041118,57,1,29032.90896
2006000041118,56,1,45841.4352
2006000044191,61,1,11842.37076
2006000044191,68,1,15738.89275
2006000046476,59,1,38201.196
2006000055328,38,1,30560.9568
2006000055328,30,1,45841.4352
2006000055328,1,0,NA
2006000057573,44,1,351.4510032
2006000057573,54,2,5195.362656
2006000060314,21,1,1833.657408
2006000060683,55,1,22920.7176
2006000060750,49,2,9168.28704
2006000060750,58,1,11192.95043
2006000060750,8,0,-15279.71438
2006000060805,83,2,13064.80903
2006000060805,57,2,11307.55402
2006000060805,52,1,64178.00928
2006000061827,24,1,7640.2392
2006000068527,54,1,29032.90896
2006000068527,55,1,19100.598
2006000072112,43,1,33311.44291
2006000079848,94,1,3361.705248
2006000079848,66,1,12606.39468
2006000087147,70,2,12377.1875
2006000094319,54,1,37437.17208
2006000094319,49,1,57301.794
2006000094389,22,1,6647.008104
2006000094389,24,1,20628.64584
2006000094453,65,2,8251.458336
2006000095357,86,2,10543.5301
2006000095357,89,2,24754.37501
2006000095457,26,1,6112.19136
2006000096793,53,1,22156.69368
2006000096793,57,1,26282.42285
2006000096793,24,2,5195.362656
2006000098475,50,2,7258.22724
2006000104281,86,2,12224.38272
2006000105064,38,1,17572.55016
2006000105064,0,0,NA
2006000105064,0,0,NA
2006000105064,44,1,51189.60264
2006000108608,36,1,53512.23536
2006000108608,36,1,4973.795719
2006000108608,2,0,-15279.71438
2006000111695,38,1,53481.6744
2006000111695,49,1,22920.7176
2006000111695,11,0,NA
2006000111695,87,2,9168.28704
2006000113436,72,2,6723.410496
2006000115703,61,1,21163.46258
2006000116578,24,1,11154.74923
2006000118279,54,1,38201.196
2006000118493,59,1,37666.37926
2006000118493,59,2,0
2006000118493,37,1,11613.16358
2006000118762,77,2,16808.52624
2006000119138,20,1,13752.43056
2006000119138,19,2,0
2006000119772,14,0,NA
2006000123359,43,1,72582.2724
2006000123359,40,2,0
2006000123359,11,0,NA
2006000123359,6,0,-15279.71438
2006000123359,4,0,-15279.71438
2006000123359,2,0,-15279.71438
2006000129739,88,2,9703.103784
2006000134068,54,2,0
2006000134068,54,1,22156.69368
2006000134068,20,2,0
2006000137983,32,1,22920.7176
2006000137983,32,1,19100.598
2006000140387,94,2,6417.800928
2006000144087,30,2,0
2006000144087,26,1,26740.8372
2006000144087,2,0,-15279.71438
2006000144087,28,2,0
2006000144087,32,1,19100.598
2006000144769,57,1,48133.50696
2006000144769,53,1,2368.474152
2006000147072,36,1,17572.55016
2006000147072,18,2,0
2006000147072,14,0,NA
2006000147072,5,0,-15279.71438
2006000147072,1,0,NA
2006000147684,63,1,38124.79361
2006000147684,27,1,28116.08026
2006000150456,62,1,15280.4784
2006000150456,58,2,0
2006000152168,31,1,24448.76544
2006000152168,27,1,7334.629632
2006000152168,8,0,-15279.71438
2006000152168,5,0,-15279.71438
2006000152168,4,0,-15279.71438
2006000164378,83,2,7334.629632
2006000164378,54,1,12988.40664
2006000164730,53,1,38124.79361
2006000164730,53,1,61121.9136
2006000166241,38,1,72582.2724
2006000172315,33,1,13752.43056
2006000172315,31,1,16808.52624
2006000172315,7,0,-15279.71438
2006000178354,31,1,22920.7176
2006000178933,40,1,19100.598
2006000178933,11,0,NA
2006000179975,52,1,61121.9136
2006000179975,16,2,0
2006000179975,14,0,NA
2006000180333,47,1,25212.78936
2006000181081,33,1,19864.62192
2006000181081,32,1,44313.38736
2006000181081,1,0,NA
2006000188172,43,1,30560.9568
2006000191620,39,1,76402.392
2006000191620,42,1,14745.66166
2006000192431,66,2,38506.80557
2006000193422,59,1,9168.28704
2006000193784,19,1,9168.28704
2006000193784,23,1,9168.28704
2006000193784,6,0,-15279.71438
2006000193784,0,0,NA
2006000193784,25,1,9168.28704
2006000193784,35,1,6876.21528
2006000197504,56,1,18030.96451
2006000197504,54,1,15891.69754
2006000197504,25,1,16961.33102
2006000197989,26,1,22920.7176
2006000197989,28,1,20628.64584
2006000197989,5,0,-15279.71438
2006000204263,55,1,26817.23959
2006000204263,55,1,26740.8372
2006000204903,47,1,22920.7176
2006000204903,52,2,0
2006000204903,14,0,NA
2006000204903,30,2,0
2006000205477,23,1,13370.4186
2006000205477,19,1,4202.13156
2006000206577,30,1,11918.77315
2006000206577,27,2,0
2006000206577,8,0,-15279.71438
2006000206577,7,0,-15279.71438
2006000206577,5,0,-15279.71438
2006000206577,4,0,-15279.71438
2006000206577,2,0,-15279.71438
2006000206577,1,0,NA
2006000206619,81,2,4125.729168
2006000206988,50,1,7640.2392
2006000206988,50,2,0
2006000209568,59,1,31324.98072
2006000212413,40,1,30560.9568
2006000212413,37,1,15280.4784
2006000212413,16,1,1833.657408
2006000212413,15,0,0
2006000212413,6,0,-15279.71438
2006000213917,25,1,20628.64584
2006000213917,25,1,31324.98072
2006000214275,42,1,15280.4784
2006000214275,40,1,15280.4784
2006000214275,11,0,NA
2006000214275,9,0,-15279.71438
2006000217564,34,1,28268.88504
2006000219193,23,1,5195.362656
2006000219193,23,1,9168.28704
2006000219193,23,1,9932.31096
2006000219193,22,1,4584.14352
2006000219193,22,1,2674.08372
2006000220008,36,1,9168.28704
2006000220008,41,1,18260.17169
2006000226759,27,1,30560.9568
2006000226759,32,1,15280.4784
2006000231780,52,1,34381.0764
2006000236444,80,1,34228.27162
2006000236444,76,2,9626.701392
2006000239114,72,2,14745.66166
2006000239114,71,2,126980.7755
2006000240636,70,1,27199.25155
2006000241866,31,1,47369.48304
2006000241866,29,1,19864.62192
2006000244116,55,1,24448.76544
2006000244116,55,2,0
2006000244922,75,2,132344.2234
2006000244922,75,1,14210.84491
2006000249016,45,1,45841.4352
2006000249016,37,1,16808.52624
2006000249016,15,0,0
2006000249016,13,0,NA
2006000250098,19,1,2674.08372
2006000250768,32,1,29032.90896
2006000255484,26,1,13370.4186
2006000257496,56,2,4736.948304
2006000257496,57,2,0
2006000262027,78,2,18336.57408
2006000263054,69,1,8862.677472
2006000265258,52,1,71436.23652
2006000265258,50,1,1833.657408
2006000265258,18,1,152.804784
2006000269092,61,2,6112.19136
2006000269421,63,1,5042.557872
2006000269421,64,1,91912.07758
2006000270339,29,1,13752.43056
2006000270339,8,0,-15279.71438
2006000270339,53,1,8404.26312
2006000271184,47,1,97718.65937
2006000271184,38,1,229.207176
2006000272969,81,2,9168.28704
2006000272969,53,2,0
2006000273447,24,2,0
2006000275398,76,2,13523.22338
2006000275398,82,2,12606.39468
2006000277092,24,1,22202.53512
2006000277092,3,0,-15279.71438
2006000277092,0,0,NA
2006000277092,23,1,22156.69368
2006000277092,25,2,0
2006000279771,44,1,45841.4352
2006000280383,31,1,19864.62192
2006000280383,29,1,6112.19136
2006000280383,8,0,-15279.71438
2006000280383,7,0,-15279.71438
2006000281403,42,1,45917.83759
2006000289724,65,1,27978.55595
2006000289724,69,2,5653.777008
2006000291053,51,1,42021.3156
2006000291425,70,2,12988.40664
2006000292416,59,1,25976.81328
2006000302187,28,1,30560.9568
2006000302187,27,1,18336.57408
2006000302972,94,2,24066.75348
2006000308391,32,1,24830.7774
2006000308391,31,1,22920.7176
2006000308403,57,1,14058.04013
2006000308403,26,2,0
2006000309560,61,2,9932.31096
2006000309560,58,1,23073.52238
2006000315706,88,2,20475.84106
2006000315706,63,1,733.4629632
2006000315706,56,1,6112.19136
2006000318057,54,1,2444.876544
2006000318057,44,1,14287.2473
2006000318057,11,0,NA
2006000318057,81,2,2521.278936
2006000318734,49,1,171141.3581
2006000318734,48,1,19100.598
2006000318734,23,2,0
2006000318734,20,2,0
2006000318734,17,2,0
2006000318734,13,0,NA
2006000320078,44,2,3056.09568
2006000329127,57,1,7640.2392
2006000334815,34,1,4584.14352
2006000334815,28,1,9932.31096
2006000334815,3,0,-15279.71438
2006000334815,1,0,NA
2006000336002,30,1,36673.14816
2006000337152,31,1,6799.812888
2006000337152,33,1,24448.76544
2006000337152,10,0,NA
2006000338424,42,1,61121.9136
2006000338424,36,1,9168.28704
2006000338825,81,2,10696.33488
2006000338825,81,2,2750.486112
2006000340840,65,2,4966.15548
2006000342516,34,2,168.0852624
2006000342706,63,1,15356.88079
2006000342706,61,2,0
2006000347278,36,1,27504.86112
2006000347278,32,1,8404.26312
2006000347278,10,0,NA
2006000347278,3,0,-15279.71438
2006000352802,68,2,28650.897
2006000352802,45,1,12988.40664
2006000352802,38,1,77166.41592
2006000354819,57,2,16808.52624
2006000354819,57,1,30560.9568
2006000360597,38,2,8633.470296
2006000361099,49,2,0
2006000361099,42,1,38201.196
2006000364497,18,1,993.231096
2006000367553,25,1,21392.66976
2006000368245,66,2,27657.6659
2006000368245,64,2,6341.398536
2006000371204,71,2,10925.54206
2006000371758,94,2,5500.972224
2006000372196,68,2,3056.09568
2006000372196,56,1,764.02392
2006000373376,38,1,2208.029129
2006000373376,5,0,-15279.71438
2006000373376,55,1,7334.629632
2006000373755,49,1,23379.13195
2006000373755,38,1,7641.003224
2006000379604,33,1,9550.299
2006000379604,11,0,NA
2006000380373,41,1,10696.33488
2006000380373,38,1,35527.11228
2006000382167,56,2,5882.984184
2006000383683,39,1,72123.85805
2006000383683,38,1,1528.04784
2006000385022,23,1,11475.63928
2006000388061,65,1,22003.8889
2006000388061,65,2,5118.960264
2006000388869,25,1,15662.49036
2006000388869,27,1,16044.50232
2006000388869,27,1,18336.57408
2006000391121,37,1,221566.9368
2006000391121,41,1,27504.86112
2006000392901,54,1,12988.40664
2006000392901,15,0,0
2006000394142,64,1,15280.4784
2006000394142,64,1,49661.5548
2006000399610,83,2,9168.28704
2006000405974,23,1,20628.64584
2006000405974,27,1,24448.76544
2006000409864,68,2,46605.45912
2006000409864,65,2,7029.020064
2006000411937,69,1,9168.28704
2006000413629,52,1,16502.91667
2006000418672,45,1,18336.57408
2006000418891,25,1,19100.598
2006000421258,32,1,29032.90896
2006000421258,35,1,17572.55016
2006000421422,45,1,80375.31638
2006000421422,23,1,14516.45448
2006000423176,66,2,23990.35109
2006000428727,61,1,29796.93288
2006000433199,47,1,15089.47242
2006000433248,26,1,26740.8372
2006000433248,8,0,-15279.71438
2006000433248,2,0,-15279.71438
2006000435288,94,2,14363.6497
2006000435288,87,2,4202.13156
2006000437633,44,1,62038.7423
2006000437901,20,1,8404.26312
2006000437901,21,1,4584.14352
2006000437901,43,1,11460.3588
2006000438557,49,1,16197.3071
2006000438557,15,0,0
2006000440933,34,1,32089.00464
2006000440933,32,1,30560.9568
2006000443108,53,1,37589.97686
2006000443108,36,1,19864.62192
2006000443108,61,1,152.804784
2006000443633,23,2,0
2006000443972,24,1,19864.62192
2006000443972,26,1,17610.75136
2006000446894,52,1,42021.3156
2006000448778,41,1,76631.59918
2006000448778,41,1,3208.900464
2006000450265,38,1,39744.52432
2006000450265,35,1,23684.74152
2006000450265,11,0,NA
2006000450981,37,1,15280.4784
2006000451023,53,1,61121.9136
2006000451023,52,1,68762.1528
2006000455447,26,1,13752.43056
2006000459402,28,1,56537.77008
2006000459402,38,1,6494.20332
2006000464524,30,1,38201.196
2006000464524,29,1,31859.79746
2006000465697,35,1,88626.77472
2006000465697,37,1,51953.62656
2006000468373,38,2,36673.14816
2006000468373,8,0,-15279.71438
2006000468373,4,0,-15279.71438
2006000468575,34,1,17266.94059
2006000473624,38,1,30560.9568
2006000473624,13,0,NA
2006000473624,9,0,-15279.71438
2006000476091,42,1,22156.69368
2006000476091,10,0,NA
2006000481144,49,1,29032.90896
2006000481144,50,2,0
2006000481144,7,0,-15279.71438
2006000485444,46,1,7640.2392
2006000485894,53,2,8709.872688
2006000487531,68,2,4584.14352
2006000490457,37,1,22920.7176
2006000490457,33,1,6494.20332
2006000491553,49,1,48133.50696
2006000491553,50,1,23623.61961
2006000492251,44,1,11001.94445
2006000492251,24,1,6494.20332
2006000492251,17,2,0
2006000492251,13,0,NA
2006000493354,57,1,52946.85766
2006000493354,56,1,59059.04902
2006000494331,43,1,171141.3581
2006000494331,40,1,79458.48768
2006000499791,50,1,2460.157022
2006000501375,76,1,19734.73785
2006000504209,47,1,20475.84106
2006000504209,50,1,30560.9568
2006000510876,46,2,0
2006000513254,33,1,34381.0764
2006000513254,31,1,18336.57408
2006000513254,31,1,29032.90896
2006000513254,27,1,1833.657408
2006000519169,54,1,24448.76544
2006000519169,56,1,22920.7176
2006000520314,47,1,28268.88504
2006000520314,15,0,0
2006000520314,74,2,10237.92053
2006000520314,49,1,61121.9136
2006000522201,21,1,6570.605712
2006000523750,60,2,27504.86112
2006000523750,50,1,35300.9612
2006000526334,26,1,8939.079864
2006000526334,26,1,8939.079864
2006000526334,4,0,-15279.71438
2006000526334,3,0,-15279.71438
2006000526334,1,0,NA
2006000526334,0,0,NA
2006000530368,40,1,221566.9368
2006000530368,43,1,1146.03588
2006000530368,3,0,-15279.71438
2006000530482,23,1,32089.00464
2006000530754,54,2,38766.5737
2006000532265,44,1,20246.63388
2006000532265,44,1,229207.176
2006000532265,13,0,NA
2006000532265,10,0,NA
2006000533285,59,1,21392.66976
2006000536113,35,1,4584.14352
2006000536113,35,1,40493.26776
2006000536113,2,0,-15279.71438
2006000541066,57,1,99323.1096
2006000541066,50,1,29796.93288
2006000541084,62,1,24448.76544
2006000543002,60,1,702.9020064
2006000544131,38,1,30560.9568
2006000544670,26,1,4584.14352
2006000544670,33,1,18336.57408
2006000551419,25,1,38201.196
2006000554758,62,1,22156.69368
2006000554758,23,1,15891.69754
2006000558307,94,2,26282.42285
2006000558972,37,1,29338.51853
2006000558972,36,1,31172.17594
2006000558972,10,0,NA
2006000558972,8,0,-15279.71438
2006000560971,52,1,5500.972224
2006000561276,59,1,32089.00464
2006000561276,59,1,21392.66976
2006000563980,40,1,2750.486112
2006000569829,74,1,14363.6497
2006000570404,64,1,48133.50696
2006000570404,61,1,13752.43056
2006000570404,42,2,9962.871917
2006000573510,39,1,31324.98072
2006000573800,45,1,27268.0137
2006000573800,52,1,20429.99962
2006000574118,30,1,19100.598
2006000574118,0,0,NA
2006000574118,33,2,0
2006000574416,81,2,15051.27122
2006000574416,52,2,0
2006000574794,61,1,36214.73381
2006000581044,71,1,17496.14777
2006000581231,88,2,23073.52238
2006000582494,42,1,26740.8372
2006000582494,40,1,8641.110535
2006000582494,15,0,0
2006000591387,35,1,38965.21992
2006000591387,34,1,4584.14352
2006000593616,41,1,54245.69832
2006000593616,45,1,39736.88408
2006000594865,41,1,34381.0764
2006000594865,45,1,22920.7176
2006000596477,24,1,9168.28704
2006000596477,3,0,-15279.71438
2006000596477,2,0,-15279.71438
2006000599971,35,2,1146.03588
2006000599971,2,0,-15279.71438
2006000600579,31,1,30560.9568
2006000600579,32,1,15280.4784
2006000600579,6,0,-15279.71438
2006000600579,60,2,0
2006000600579,72,2,22233.09607
2006000600579,69,2,5500.972224
2006000600579,72,2,916.828704
2006000600579,55,2,11307.55402
2006000601526,65,2,2750.486112
2006000602657,62,1,21927.4865
2006000602657,17,2,7258.22724
2006000602657,14,0,NA
2006000604000,41,1,38201.196
2006000604000,47,1,3820.1196
2006000604000,16,2,0
2006000604000,12,0,NA
2006000607071,25,2,0
2006000607071,33,1,16044.50232
2006000607071,5,0,-15279.71438
2006000607071,4,0,-15279.71438
2006000607589,33,1,61160.1148
2006000607589,31,1,5348.16744
2006000607589,0,0,NA
2006000611703,35,1,18336.57408
2006000611703,37,2,0
2006000611703,16,2,0
2006000611703,7,0,-15279.71438
2006000611703,4,0,-15279.71438
2006000613246,32,1,30560.9568
2006000613246,30,1,6112.19136
2006000613246,5,0,-15279.71438
2006000613246,2,0,-15279.71438
2006000613633,56,1,12835.60186
2006000616058,48,2,0
2006000616058,49,1,33769.85726
2006000617240,51,1,57378.19639
2006000617240,52,1,-764.02392
2006000617240,26,1,15280.4784
2006000617240,22,2,0
2006000620257,57,1,29032.90896
2006000620257,36,1,618.8593752
2006000620257,60,1,13752.43056
2006000621066,41,2,5577.374616
2006000621656,37,1,23302.72956
2006000622247,50,1,23608.33913
2006000622247,50,1,8404.26312
2006000626430,23,1,534.816744
2006000626430,28,1,5271.765048
2006000626430,23,1,15968.09993
2006000628392,39,1,65094.83798
2006000628392,35,1,3056.09568
2006000628392,1,0,NA
2006000629164,55,1,14745.66166
2006000629164,43,1,19100.598
2006000631258,29,1,15280.4784
2006000631258,26,1,15280.4784
2006000631648,30,1,38124.79361
2006000633425,27,1,47675.09261
2006000638117,71,2,28268.88504
2006000638117,74,2,25212.78936
2006000639138,46,1,33617.05248
2006000640793,29,1,19100.598
2006000640793,24,1,7640.2392
2006000640793,56,1,3820.1196
2006000640793,36,1,19100.598
2006000642262,31,1,30560.9568
2006000643203,53,1,120333.7674
2006000643203,54,1,116513.6478
2006000643717,49,1,33624.69272
2006000643717,47,1,13752.43056
2006000646624,19,1,3667.314816
2006000646624,22,1,15280.4784
2006000648125,73,1,11001.94445
2006000648125,35,1,27504.86112
2006000648125,13,0,NA
2006000648721,33,1,19482.60996
2006000648721,32,1,17572.55016
2006000648721,7,0,-15279.71438
2006000648721,3,0,-15279.71438
2006000649687,49,1,9168.28704
2006000649687,44,1,5959.386576
2006000652413,38,2,1528.04784
2006000652413,8,0,-15279.71438
2006000652413,42,1,19100.598
2006000653055,70,1,12453.5899
2006000653055,70,1,17572.55016
2006000654398,32,1,68765.2089
2006000655130,56,1,48133.50696
2006000655130,51,1,47369.48304
2006000667012,55,1,62649.96144
2006000667012,58,1,87862.7508
2006000668095,47,1,10696.33488
2006000670312,69,1,19177.00039
2006000670312,62,1,21010.6578
2006000670825,58,1,33617.05248
2006000670825,53,2,0
2006000670919,33,1,36291.1362
2006000675334,49,2,4584.14352
2006000681877,28,1,29796.93288
2006000681877,36,1,19100.598
2006000684407,34,2,3.05609568
2006000688980,67,1,11460.3588
2006000688980,60,1,11460.3588
2006000688980,27,2,0
2006000692606,82,2,22080.29129
2006000692606,79,2,4202.13156
2006000699812,61,2,41333.69407
2006000700704,46,1,61121.9136
2006000700704,8,0,-15279.71438
2006000700704,5,0,-15279.71438
2006000703677,45,1,171141.3581
2006000708308,82,1,12835.60186
2006000708308,44,1,25976.81328
2006000708308,40,1,27504.86112
2006000709131,72,2,13523.22338
2006000709131,46,1,17572.55016
2006000709760,61,2,5271.765048
2006000712058,28,1,8877.95795
2006000712058,28,1,4966.15548
2006000712058,9,0,-15279.71438
2006000712058,6,0,-15279.71438
2006000712932,59,1,13813.55247
2006000715602,28,1,30102.54245
2006000715602,30,1,27504.86112
2006000719058,32,2,0
2006000719058,35,1,25846.92921
2006000719058,0,0,NA
2006000719058,0,0,NA
2006000721289,20,1,2750.486112
2006000723050,32,1,50425.57872
2006000723050,32,1,44313.38736
2006000723050,0,0,NA
2006000723511,62,2,6158.032795
2006000723690,21,1,7793.043984
2006000723690,21,1,11460.3588
2006000724814,30,1,7579.117286
2006000729706,84,2,12224.38272
2006000732177,39,1,9168.28704
2006000734446,56,1,48133.50696
2006000734446,34,1,30560.9568
2006000736497,59,1,9932.31096
2006000736497,27,1,8022.25116
2006000741670,18,1,1604.450232
2006000743568,32,1,30560.9568
2006000746193,23,1,29032.90896
2006000746193,23,1,7640.2392
2006000746193,2,0,-15279.71438
2006000746193,0,0,NA
2006000747083,62,2,12224.38272
2006000747083,66,2,28650.897
2006000747083,32,1,19100.598
2006000747269,30,1,32356.41301
2006000747330,46,1,18336.57408
2006000747330,40,1,19864.62192
2006000749798,16,1,534.816744
2006000750597,51,1,16884.92863
2006000750597,21,1,13523.22338
2006000750597,18,2,0
2006000750597,79,2,13523.22338
2006000751868,33,1,6112.19136
2006000751868,35,1,21392.66976
2006000751868,8,0,-15279.71438
2006000751868,0,0,NA
2006000752907,24,2,0
2006000752907,5,0,-15279.71438
2006000752907,2,0,-15279.71438
2006000752907,21,1,15280.4784
2006000754771,70,1,13905.23534
2006000758291,46,1,6494.20332
2006000764668,94,2,13752.43056
2006000765557,29,1,58829.84184
2006000765690,54,1,18718.58604
2006000765690,36,1,38201.196
2006000765690,10,0,NA
2006000765690,6,0,-15279.71438
2006000770622,29,1,15280.4784
2006000771433,57,1,23684.74152
2006000771433,68,2,3820.1196
2006000771433,18,2,1146.03588
2006000777431,38,1,22920.7176
2006000777431,36,1,38201.196
2006000781138,37,1,13370.4186
2006000781138,26,1,9168.28704
2006000781445,28,1,57301.794
2006000781445,31,1,53481.6744
2006000782703,49,2,119187.7315
2006000783481,50,1,84042.6312
2006000790061,34,1,90536.83452
2006000790061,36,1,64942.0332
2006000790839,94,2,137065.8912
2006000792212,38,1,142108.4491
2006000792212,32,1,138288.3295
2006000793017,28,1,11460.3588
2006000793017,34,1,3667.314816
2006000793341,72,2,15280.4784
2006000794465,53,1,54245.69832
2006000794465,52,1,32089.00464
2006000794465,19,1,9550.299
2006000796882,72,1,20475.84106
2006000796882,66,1,32776.62617
2006000799299,83,2,25747.6061
2006000800904,27,1,7640.2392
2006000800904,27,1,32089.00464
2006000802702,58,2,9932.31096
2006000804223,24,1,233027.2956
2006000804223,36,1,63413.98536
2006000804767,45,1,57607.40357
2006000804767,56,1,38201.196
2006000804767,15,0,0
2006000804767,11,0,NA
2006000809318,37,1,56537.77008
2006000809318,38,2,0
2006000809318,1,0,NA
2006000811033,34,1,11460.3588
2006000811033,25,1,15280.4784
2006000811734,61,1,19177.00039
2006000811734,57,2,0
2006000811950,45,1,3820.1196
2006000811950,45,1,30560.9568
2006000811950,14,0,NA
2006000811950,11,0,NA
2006000812288,30,1,16044.50232
2006000812288,30,1,12224.38272
2006000812288,9,0,-15279.71438
2006000812288,7,0,-15279.71438
2006000812288,2,0,-15279.71438
2006000812288,60,2,0
2006000814163,75,2,8557.067904
2006000814791,64,1,21774.68172
2006000819098,25,1,23684.74152
2006000819367,53,1,37368.40993
2006000821750,29,1,15280.4784
2006000825327,54,1,51227.80384
2006000825327,41,1,43816.77181
2006000825327,6,0,-15279.71438
2006000825327,4,0,-15279.71438
2006000828791,32,1,45841.4352
2006000828791,29,2,0
2006000828791,1,0,NA
2006000828791,0,0,NA
2006000828976,71,2,4584.14352
2006000828976,56,2,0
2006000831231,41,1,110783.4684
2006000831231,38,1,29414.92092
2006000831231,18,1,916.828704
2006000831231,17,1,2750.486112
2006000831231,11,0,NA
2006000831231,9,0,-15279.71438
2006000831633,33,1,18107.3669
2006000831633,38,1,2574.76061
2006000831633,3,0,-15279.71438
2006000831950,16,1,2674.08372
2006000836355,25,1,21392.66976
2006000836355,28,1,13752.43056
2006000836731,38,1,110783.4684
2006000836731,40,1,38201.196
2006000838215,59,2,20628.64584
2006000838215,33,2,4966.15548
2006000840366,56,1,22164.33392
2006000840366,59,1,19024.19561
2006000841023,50,1,40508.54824
2006000847688,69,1,4584.14352
2006000847812,88,2,12071.57794
2006000849436,52,2,6035.788968
2006000851273,84,2,16197.3071
2006000851273,63,1,13905.23534
2006000858065,33,1,22920.7176
2006000858065,6,0,-15279.71438
2006000858301,24,1,12529.99229
2006000858301,30,1,7487.434416
2006000860030,43,1,13905.23534
2006000861086,79,2,22920.7176
2006000861401,15,0,0
2006000862163,37,1,20628.64584
2006000862163,29,2,0
2006000862163,7,0,-15279.71438
2006000862163,3,0,-15279.71438
2006000863965,78,2,8786.27508
2006000865629,48,1,12988.40664
2006000865629,10,0,NA
2006000866014,38,1,31783.39507
2006000873346,56,1,71054.22456
2006000873346,19,1,3438.10764
2006000873346,17,1,3056.09568
2006000875036,47,2,0
2006000876615,38,1,53481.6744
2006000877665,39,1,19864.62192
2006000879813,37,2,68.7621528
2006000880915,39,1,26740.8372
2006000880915,37,1,28268.88504
2006000880915,8,0,-15279.71438
2006000880915,2,0,-15279.71438
2006000885176,58,1,68762.1528
2006000885176,55,1,38201.196
2006000885176,18,1,206.2864584
2006000885410,87,2,7640.2392
2006000886971,28,1,45841.4352
2006000887104,29,1,20628.64584
2006000887104,34,1,9168.28704
2006000887104,31,1,7640.2392
2006000887890,41,1,113159.5828
2006000887890,41,1,43549.36344
2006000887890,10,0,NA
2006000887890,8,0,-15279.71438
2006000887890,4,0,-15279.71438
2006000887890,2,0,-15279.71438
2006000889931,38,1,22920.7176
2006000889931,9,0,-15279.71438
2006000889931,5,0,-15279.71438
2006000894711,85,2,0
2006000900169,52,1,34457.47879
2006000903249,35,1,57836.61074
2006000903249,35,1,23684.74152
2006000908295,70,2,7793.043984
2006000910856,53,1,6112.19136
2006000910856,21,1,1069.633488
2006000910856,15,0,0
2006000911492,63,1,49661.5548
2006000911492,44,1,1910.0598
2006000911492,18,1,382.01196
2006000913441,38,1,27504.86112
2006000913441,28,1,1528.04784
2006000917028,27,1,38201.196
2006000917028,28,1,22920.7176
2006000920130,58,1,46223.44716
2006000921762,28,1,38965.21992
2006000921762,29,1,29048.18944
2006000927379,45,1,16044.50232
2006000929156,33,1,23913.9487
2006000929156,38,1,57301.794
2006000929156,14,0,NA
2006000930992,25,1,21392.66976
2006000930992,35,1,10696.33488
2006000932142,21,1,10696.33488
2006000933696,43,1,5882.984184
2006000933696,41,1,38201.196
2006000940997,44,1,26740.8372
2006000945165,80,2,9168.28704
2006000950619,29,1,51227.80384
2006000950619,28,1,48897.53088
2006000950619,2,0,-15279.71438
2006000954617,29,1,15280.4784
2006000957397,62,1,35909.12424
2006000958358,23,1,15280.4784
2006000958358,26,1,14516.45448
2006000960641,47,1,67310.50735
2006000960641,49,1,67998.12888
2006000960641,13,0,NA
2006000961161,40,1,30408.15202
2006000964156,51,1,22920.7176
2006000964156,50,1,9168.28704
2006000964156,19,1,764.02392
2006000965025,80,2,9626.701392
2006000965680,43,1,48897.53088
2006000965680,51,1,51877.22417
2006000970158,51,1,42097.71799
2006000974050,63,2,11001.94445
2006000974366,27,1,9779.506176
2006000976623,50,1,26740.8372
2006000976647,75,2,9855.908568
2006000980884,59,2,36673.14816
2006000980884,54,1,14516.45448
2006000980884,25,1,27886.87308
2006000980884,3,0,-15279.71438
2006000986355,52,1,22615.10803
2006000986355,52,1,17266.94059
2006000986355,8,0,-15279.71438
2006000988230,45,1,38430.40318
2006000988230,44,1,30560.9568
2006000992371,58,1,48897.53088
2006000992371,57,1,38201.196
2006000992371,17,1,764.02392
2006000992828,77,2,33387.8453
2006000992828,40,2,0
2006000992957,86,2,51953.62656
2006000992957,81,2,14440.05209
2006000995938,25,1,20666.84704
2006000997485,82,2,2826.888504
2006000997916,56,2,12522.35205
2006001007464,25,1,25976.81328
2006001007464,28,1,39729.24384
2006001007464,28,1,12988.40664
2006001007464,10,0,NA
2006001007464,8,0,-15279.71438
2006001007464,4,0,-15279.71438
2006001007464,3,0,-15279.71438
2006001011063,28,2,5348.16744
2006001012643,41,1,66775.69061
2006001012643,41,1,99093.90242
2006001015005,49,1,49661.5548
2006001015005,47,1,47369.48304
2006001015005,13,0,NA
2006001017168,27,1,22920.7176
2006001018497,78,2,26206.02046
2006001018497,85,2,19100.598
2006001019144,52,1,22920.7176
2006001019290,62,1,64178.00928
2006001019290,68,2,44618.99693
2006001023139,46,1,24448.76544
2006001024146,41,1,57454.59878
2006001025975,63,1,24372.36305
2006001025975,60,2,10085.11574
2006001026669,26,1,11460.3588
2006001026669,25,1,38965.21992
2006001027812,53,1,26740.8372
2006001027812,43,1,30560.9568
2006001028001,50,1,48133.50696
2006001031432,33,2,8480.665512
2006001031432,48,2,9443.335651
2006001035645,47,1,17496.14777
2006001035645,10,0,NA
2006001042784,25,1,22920.7176
2006001042784,27,1,19100.598
2006001045832,75,2,7793.043984
2006001045832,61,2,16059.7828
2006001046269,45,1,11918.77315
2006001049258,52,2,0
2006001052357,30,1,12224.38272
2006001052357,28,1,8251.458336
2006001053230,53,1,18336.57408
2006001053230,33,1,9932.31096
2006001055532,60,1,31019.37115
2006001055532,48,1,7334.629632
2006001055532,18,1,17572.55016
2006001055532,18,1,9091.884648
2006001056778,53,1,28574.49461
2006001057114,57,1,22920.7176
2006001057114,71,2,13637.82697
2006001059702,60,1,51953.62656
2006001063980,34,1,16808.52624
2006001063980,33,1,20628.64584
2006001063980,2,0,-15279.71438
2006001064390,54,1,39118.0247
2006001064390,49,1,8633.470296
2006001064390,18,1,14669.25926
2006001064390,15,0,0
2006001067270,54,1,25518.39893
2006001068693,21,1,4584.14352
2006001068693,34,1,11460.3588
2006001068880,38,1,29032.90896
2006001068880,45,1,16044.50232
2006001069191,78,2,0
2006001075885,36,1,19100.598
2006001076183,33,2,0
2006001076465,76,2,39041.62231
2006001076465,69,2,20246.63388
2006001076536,55,1,17954.56212
2006001076863,32,1,91721.0716
2006001076863,26,1,11467.99904
2006001077445,28,1,20399.43866
2006001077445,26,1,21621.87694
2006001077445,1,0,NA
2006001077445,0,0,NA
2006001080878,45,1,15395.08199
2006001080878,42,1,76516.99559
2006001081798,84,2,5195.362656
2006001081798,43,1,22920.7176
2006001081798,38,1,12988.40664
2006001081798,13,0,NA
2006001081798,6,0,-15279.71438
2006001084792,33,1,45841.4352
2006001085528,40,1,114603.588
2006001085528,41,1,8641.110535
2006001085528,10,0,NA
2006001085700,88,2,10237.92053
2006001085793,27,1,8557.067904
2006001086487,37,1,61122.67762
2006001086487,36,1,15280.4784
2006001086487,19,1,611.219136
2006001086487,11,0,NA
2006001089392,53,1,36291.1362
2006001094894,58,1,42479.72995
2006001095181,27,1,28268.88504
2006001098279,44,1,38224.11672
2006001098279,42,1,29032.90896
2006001101039,35,1,26740.8372
2006001101039,0,0,NA
2006001101039,45,1,114603.588
2006001101092,40,1,61122.67762
2006001101092,23,1,61122.67762
2006001101092,1,0,NA
2006001101092,69,2,1069.633488
2006001101092,65,2,1069.633488
2006001101092,63,2,2292.07176
2006001101092,58,2,5271.765048
2006001104700,46,1,61121.9136
2006001112908,22,1,1146.03588
2006001112962,28,1,15280.4784
2006001114683,84,2,24448.76544
2006001115339,54,1,49661.5548
2006001115339,52,1,30560.9568
2006001115339,20,1,764.02392
2006001115339,19,1,3514.510032
2006001118445,76,2,8480.665512
2006001120816,54,1,32853.02856
2006001120816,51,1,21392.66976
2006001122794,59,1,38201.196
2006001123546,41,1,24448.76544
2006001123546,32,1,764.02392
2006001123546,18,1,7945.848768
2006001123546,5,0,-15279.71438
2006001123546,2,0,-15279.71438
2006001123546,0,0,NA
2006001129299,54,2,32853.02856
2006001129299,52,2,0
2006001129299,33,1,2674.08372
2006001131747,18,1,6876.21528
2006001133163,87,2,14867.90548
2006001138118,31,1,7640.2392
2006001138118,32,1,11460.3588
2006001138118,8,0,-15279.71438
2006001138118,2,0,-15279.71438
2006001139480,43,1,11995.17554
2006001139480,45,1,50425.57872
2006001139480,19,1,10237.92053
2006001141429,73,1,12759.19946
2006001141429,53,1,15280.4784
2006001141429,22,1,4584.14352
2006001141429,14,0,NA
2006001142770,51,1,87862.7508
2006001144895,64,1,29185.71374
2006001144895,64,1,16426.51428
2006001144895,41,1,6188.593752
2006001144895,17,2,0
2006001145208,55,2,5653.777008
2006001145843,68,2,6494.20332
2006001145843,41,1,13294.01621
2006001147211,59,1,59593.86576
2006001147211,52,2,0
2006001148425,32,1,49661.5548
2006001148425,11,0,NA
2006001148425,8,0,-15279.71438
2006001148425,6,0,-15279.71438
2006001148425,28,2,0
2006001150050,40,1,24448.76544
2006001150050,30,2,0
2006001150050,10,0,NA
2006001150050,5,0,-15279.71438
2006001150662,28,1,19100.598
2006001150662,21,1,15280.4784
2006001153162,34,1,26740.8372
2006001153162,39,1,30560.9568
2006001154343,44,1,14516.45448
2006001154343,13,0,NA
2006001154343,7,0,-15279.71438
2006001154343,3,0,-15279.71438
2006001154880,55,1,30408.15202
2006001154880,39,1,14669.25926
2006001155483,84,2,19406.20757
2006001155483,84,2,4202.13156
2006001158271,51,2,0
2006001158271,49,1,45841.4352
2006001158271,15,0,0
2006001164790,38,2,4584.14352
2006001164790,3,0,-15279.71438
2006001164790,1,0,NA
2006001165731,57,2,5271.765048
2006001170905,31,1,11460.3588
2006001170905,25,1,15280.4784
2006001171616,59,1,16884.92863
2006001171970,49,1,38201.196
2006001171970,46,1,76402.392
2006001171970,16,2,0
2006001172829,30,1,23684.74152
2006001178343,56,2,9168.28704
2006001178343,72,2,22920.7176
2006001181281,26,1,46605.45912
2006001181281,22,1,35450.70989
2006001181281,2,0,-15279.71438
2006001181281,0,0,NA
2006001187019,28,1,32089.00464
2006001187019,28,1,18336.57408
2006001187040,33,1,458.414352
2006001187040,8,0,-15279.71438
2006001190244,27,1,17114.13581
2006001190244,28,1,10314.32292
2006001190250,73,1,16732.12385
2006001196062,28,1,16044.50232
2006001196062,32,1,68762.1528
2006001198577,52,1,15280.4784
2006001198775,40,2,0
2006001200706,33,1,85570.67904
2006001201773,74,2,11613.16358
2006001201773,69,2,3743.717208
2006001202071,55,2,9550.299
2006001203897,29,1,18336.57408
2006001203897,28,1,32089.00464
2006001204462,55,1,16426.51428
2006001206011,34,1,28696.73844
2006001206011,31,1,57301.794
2006001206011,1,0,NA
2006001206208,60,1,45841.4352
2006001206208,57,1,21392.66976
2006001206706,37,1,22844.31521
2006001215423,38,1,15662.49036
2006001215423,45,1,26404.66668
2006001220765,30,1,5733.235496
2006001223496,73,2,9473.896608
2006001223496,65,1,17419.74538
2006001229708,68,2,5500.972224
2006001231310,55,1,17572.55016
2006001231310,51,2,0
2006001231310,22,1,3820.1196
2006001231322,28,1,11727.76717
2006001231322,29,1,30793.22007
2006001233179,34,1,53481.6744
2006001233179,46,1,93210.91824
2006001233901,77,2,11231.15162
2006001234481,71,1,16961.33102
2006001234481,61,1,7334.629632
2006001236700,44,1,25976.81328
2006001236700,50,1,19100.598
2006001241568,74,2,4736.948304
2006001241568,81,2,13752.43056
2006001241568,89,2,6417.800928
2006001243223,80,2,7640.2392
2006001251619,68,2,3972.924384
2006001251619,78,2,3972.924384
2006001254096,58,1,24448.76544
2006001254096,62,2,0
2006001256232,22,1,19100.598
2006001256232,19,1,6112.19136
2006001257524,35,1,13752.43056
2006001257907,79,2,5500.972224
2006001258332,34,1,19100.598
2006001258332,38,1,26740.8372
2006001259210,42,2,0
2006001259210,44,1,55009.72224
2006001259210,7,0,-15279.71438
2006001259210,5,0,-15279.71438
2006001259210,1,0,NA
2006001267783,81,2,5500.972224
2006001269299,57,1,22156.69368
2006001269299,55,1,12988.40664
2006001270111,29,1,10696.33488
2006001270111,24,2,4584.14352
2006001270111,5,0,-15279.71438
2006001270111,4,0,-15279.71438
2006001270111,1,0,NA
2006001271810,30,1,23684.74152
2006001271810,30,1,30560.9568
2006001271936,45,1,24448.76544
2006001271936,34,1,23684.74152
2006001271936,1,0,NA
2006001271936,41,1,17037.73342
2006001272350,49,1,45841.4352
2006001272350,57,2,18336.57408
2006001273845,37,1,19559.01235
2006001273845,7,0,-15279.71438
2006001273845,5,0,-15279.71438
2006001274692,63,1,14058.04013
2006001274692,56,1,18718.58604
2006001279196,47,1,28268.88504
2006001279196,45,1,22920.7176
2006001279196,14,0,NA
2006001279196,12,0,NA
2006001279196,11,0,NA
2006001282992,55,1,171332.3641
2006001282992,55,2,119187.7315
2006001282992,29,1,9168.28704
2006001282992,23,1,9168.28704
2006001282992,23,1,9932.31096
2006001282992,25,1,15280.4784
2006001284774,31,1,22920.7176
2006001284774,38,1,49661.5548
2006001289224,43,1,42021.3156
2006001289224,41,1,2292.07176
2006001289224,19,1,3056.09568
2006001296561,46,1,27504.86112
2006001296561,50,1,26740.8372
2006001301951,53,1,38201.196
2006001301951,51,1,10849.13966
2006001302237,27,1,7945.848768
2006001302237,4,0,-15279.71438
2006001302237,36,1,9168.28704
2006001302339,35,1,23684.74152
2006001302339,35,1,916.828704
2006001302339,18,2,0
2006001302339,17,2,0
2006001302339,16,2,0
2006001302339,7,0,-15279.71438
2006001305544,49,1,76402.392
2006001312959,61,2,6952.617672
2006001316817,33,1,30560.9568
2006001316817,37,1,49661.5548
2006001317175,36,1,59211.8538
2006001319121,51,1,23684.74152
2006001320642,23,2,0
2006001320917,37,1,74874.34416
2006001321160,79,2,7793.043984
2006001321160,46,2,0
2006001325857,62,1,18336.57408
2006001326901,54,1,19100.598
2006001326901,52,1,15127.67362
2006001327046,46,1,9015.482256
2006001327046,26,1,30560.9568
2006001327046,19,1,5500.972224
2006001327046,15,0,0
2006001333502,51,1,26740.8372
2006001334170,49,1,41257.29168
2006001335259,46,1,45841.4352
2006001335259,43,1,13752.43056
2006001335259,22,1,2979.693288
2006001335259,21,1,9168.28704
2006001335259,19,1,6112.19136
2006001335259,17,2,0
2006001338151,35,1,221.5669368
2006001338151,33,1,30560.9568
2006001338151,10,0,NA
2006001338151,5,0,-15279.71438
2006001338874,56,1,340754.6683
2006001339598,30,1,89390.79864
2006001339598,28,1,78694.46376
2006001340512,57,1,22920.7176
2006001340757,28,2,0
2006001340757,30,1,53481.6744
2006001340757,1,0,NA
2006001341949,37,1,19100.598
2006001341949,36,1,45841.4352
2006001341949,8,0,-15279.71438
2006001341949,6,0,-15279.71438
2006001341949,2,0,-15279.71438
2006001344085,32,2,119187.7315
2006001344085,34,1,16426.51428
2006001344085,2,0,-15279.71438
2006001344085,0,0,NA
2006001346115,67,2,12377.1875
2006001346115,73,2,12988.40664
2006001346115,38,1,4660.545912
2006001346115,35,1,32394.61421
2006001346115,31,1,36138.33142
2006001347174,28,1,18336.57408
2006001348319,25,1,8404.26312
2006001348319,22,1,8404.26312
2006001350214,41,1,32089.00464
2006001350214,40,1,7640.2392
2006001350214,16,2,0
2006001350957,29,1,30560.9568
2006001350957,28,1,11307.55402
2006001352431,40,1,61121.9136
2006001352431,30,1,34381.0764
2006001352431,16,2,0
2006001352431,7,0,-15279.71438
2006001352431,0,0,NA
2006001354639,68,2,139969.1821
2006001354639,64,2,10161.51814
2006001357749,78,2,840.426312
2006001357749,58,2,6188.593752
2007000000300,12,0,NA
2007000000492,36,1,45841.4352
2007000000492,45,1,73346.29632
2007000004514,37,1,16808.52624
2007000004514,39,1,10467.1277
2007000004514,76,2,9168.28704
2007000006351,54,1,54627.71028
2007000006351,56,2,23226.32717
2007000019406,83,2,4049.326776
2007000019406,80,2,3896.521992
2007000020633,50,1,30560.9568
2007000025821,73,2,6188.593752
2007000026501,83,2,6647.008104
2007000027314,17,1,305.609568
2007000029871,46,1,30560.9568
2007000032809,32,1,7815.964702
2007000032809,32,1,687.621528
2007000032809,7,0,-15279.71438
2007000032809,2,0,-15279.71438
2007000033082,33,1,22920.7176
2007000034303,19,1,9932.31096
2007000037369,55,1,30560.9568
2007000037369,28,1,31248.57833
2007000037393,33,1,14669.25926
2007000037393,36,1,6112.19136
2007000042777,53,1,45841.4352
2007000042777,47,1,28650.897
2007000043146,24,1,18336.57408
2007000043146,25,1,29032.90896
2007000045144,29,1,22920.7176
2007000045144,32,1,19100.598
2007000045144,1,0,NA
2007000055852,43,1,30560.9568
2007000058628,45,1,9932.31096
2007000058628,52,1,18565.78126
2007000058628,34,1,10696.33488
2007000060071,28,1,27886.87308
2007000060071,25,1,27657.6659
2007000061661,41,1,31248.57833
2007000064277,79,2,12224.38272
2007000067535,61,1,39851.48767
2007000067535,63,1,23608.33913
2007000069085,55,1,54016.49114
2007000069085,57,1,60128.6825
2007000069242,51,2,14516.45448
2007000069242,47,2,68.7621528
2007000072889,67,2,9168.28704
2007000072889,56,1,38201.196
2007000073457,32,1,29796.93288
2007000077405,50,1,29032.90896
2007000078008,68,1,5653.777008
2007000078640,33,1,26740.8372
2007000082390,69,1,71665.4437
2007000082390,68,2,8251.458336
2007000086298,78,1,6876.21528
2007000086466,75,2,122625.8392
2007000086589,37,1,48897.53088
2007000087820,87,2,5806.581792
2007000092576,34,1,22920.7176
2007000092576,35,2,0
2007000092576,3,0,-15279.71438
2007000092576,1,0,NA
2007000093639,64,2,2750.486112
2007000093639,40,1,21392.66976
2007000093639,45,1,10696.33488
2007000094606,93,2,158152.9514
2007000094606,75,2,6876.21528
2007000094997,69,2,17572.55016
2007000095563,37,1,51953.62656
2007000095563,39,1,15280.4784
2007000095563,11,0,NA
2007000095563,9,0,-15279.71438
2007000095563,4,0,-15279.71438
2007000103571,43,1,30102.54245
2007000103571,24,2,0
2007000103571,18,2,0
2007000103571,17,2,0
2007000103571,15,0,764.02392
2007000103571,11,0,NA
2007000103811,36,2,0
2007000103811,8,0,-15279.71438
2007000103811,7,0,-15279.71438
2007000103811,7,0,-15279.71438
2007000103811,70,2,14440.05209
2007000103811,61,2,14287.2473
2007000104020,50,1,30560.9568
2007000104020,50,1,30560.9568
2007000104020,24,1,3820.1196
2007000104020,20,2,0
2007000104848,25,1,13752.43056
2007000104848,26,1,28268.88504
2007000104848,23,1,20628.64584
2007000105034,87,2,9779.506176
2007000105733,81,2,20017.4267
2007000106985,50,1,53634.47918
2007000111904,50,1,3820.1196
2007000111904,55,1,19864.62192
2007000111904,16,1,916.828704
2007000112625,81,2,3132.498072
2007000113116,40,1,42021.3156
2007000114924,30,1,14516.45448
2007000114924,37,1,9168.28704
2007000114924,4,0,-15279.71438
2007000114924,1,0,NA
2007000120624,77,2,8022.25116
2007000120697,55,2,0
2007000122108,55,1,50425.57872
2007000122108,57,1,47369.48304
2007000122108,23,1,7640.2392
2007000122419,30,2,4278.533952
2007000123095,22,2,0
2007000123095,22,1,18336.57408
2007000124811,27,1,1454.701544
2007000124811,28,1,29417.97702
2007000132161,55,2,31324.98072
2007000132161,54,1,31324.98072
2007000136123,28,1,15204.07601
2007000136123,10,0,NA
2007000136123,2,0,-15279.71438
2007000136123,0,0,NA
2007000136123,34,1,22920.7176
2007000136258,37,1,-343.810764
2007000136258,36,1,40493.26776
2007000136258,10,0,NA
2007000136258,7,0,-15279.71438
2007000136258,3,0,-15279.71438
2007000136788,57,1,27504.86112
2007000136788,56,2,0
2007000141049,18,1,687.621528
2007000143409,44,1,13599.62578
2007000143409,46,1,32898.87
2007000145155,45,1,18336.57408
2007000145155,43,2,7945.848768
2007000146760,93,2,6417.800928
2007000146760,65,2,3056.09568
2007000148180,22,1,634.1398536
2007000148180,21,1,9168.28704
2007000149358,15,0,305.609568
2007000149645,31,1,51953.62656
2007000149645,9,0,-15279.71438
2007000153048,83,2,12606.39468
2007000153795,73,1,22607.46779
2007000156246,63,1,47827.89739
2007000156246,64,2,6417.800928
2007000157355,21,1,10849.13966
2007000157355,22,1,9932.31096
2007000159098,37,1,61121.9136
2007000161239,30,1,30560.9568
2007000161239,31,1,19100.598
2007000161239,0,0,NA
2007000164834,60,2,5500.972224
2007000166884,27,1,19100.598
2007000166884,31,1,28268.88504
2007000166884,27,1,8862.677472
2007000166884,25,1,15738.89275
2007000170477,44,1,34381.0764
2007000170477,12,0,NA
2007000173586,30,1,15356.88079
2007000175606,51,1,36749.55055
2007000175606,18,1,14134.44252
2007000182417,18,1,1528.04784
2007000185145,49,1,76402.392
2007000185145,37,1,34763.08836
2007000185145,9,0,-15279.71438
2007000185145,7,0,-15279.71438
2007000186592,85,2,37437.17208
2007000190665,61,1,52893.37598
2007000190665,60,1,25671.20371
2007000191358,57,1,28116.08026
2007000192641,27,1,1528.04784
2007000192641,3,0,-15279.71438
2007000192641,1,0,NA
2007000192641,28,1,22920.7176
2007000193165,86,2,28039.67786
2007000195714,71,2,31324.98072
2007000197311,62,2,12835.60186
2007000197311,56,1,26282.42285
2007000197359,44,1,5348.16744
2007000197359,47,1,9168.28704
2007000197662,19,1,764.02392
2007000198366,75,2,7334.629632
2007000198366,44,2,0
2007000198366,37,2,0
2007000198366,49,1,48897.53088
2007000207803,53,1,32089.00464
2007000207803,56,1,48897.53088
2007000208460,80,2,12988.40664
2007000212272,33,1,21392.66976
2007000212272,13,0,NA
2007000212272,8,0,-15279.71438
2007000217121,20,1,4584.14352
2007000217537,44,1,48133.50696
2007000217537,43,1,28039.67786
2007000220505,42,1,46781.18462
2007000220505,16,2,6417.800928
2007000220505,12,0,NA
2007000222512,93,2,14669.25926
2007000222512,45,1,15280.4784
2007000222512,19,1,21392.66976
2007000222512,40,1,30560.9568
2007000223214,51,1,10314.32292
2007000224693,63,1,3056.09568
2007000224693,38,2,0
2007000228946,16,1,687.621528
2007000229373,30,1,22920.7176
2007000229373,28,1,18336.57408
2007000233538,24,1,5348.16744
2007000235517,55,1,44313.38736
2007000235517,57,1,42021.3156
2007000239602,75,2,8862.677472
2007000239875,58,2,48897.53088
2007000241164,48,1,61885.93752
2007000241164,16,2,4584.14352
2007000241164,17,1,114.603588
2007000241404,44,1,40493.26776
2007000241404,39,1,19864.62192
2007000242254,25,1,30576.23728
2007000243298,84,2,14287.2473
2007000244036,81,2,14440.05209
2007000245155,36,1,30560.9568
2007000245155,32,1,11460.3588
2007000245155,11,0,NA
2007000246173,34,1,32089.00464
2007000246173,27,1,8022.25116
2007000247490,35,1,66393.67865
2007000247847,39,1,41257.29168
2007000247847,1,0,NA
2007000247847,34,1,19864.62192
2007000254443,83,2,18336.57408
2007000254782,65,2,38201.196
2007000259406,34,1,8557.067904
2007000259406,34,1,11689.56598
2007000259406,14,0,NA
2007000259406,13,0,NA
2007000259406,7,0,-15279.71438
2007000259742,51,1,45841.4352
2007000262071,29,1,26740.8372
2007000262071,26,1,38201.196
2007000264033,31,1,9168.28704
2007000264539,45,1,19528.4514
2007000264539,44,1,49661.5548
2007000264539,13,0,NA
2007000264539,10,0,NA
2007000265928,62,2,18565.78126
2007000268664,32,1,29032.90896
2007000270282,50,1,33922.66205
2007000271654,45,1,133474.9788
2007000271654,45,1,-6055.65359
2007000272929,34,1,16044.50232
2007000272929,31,1,15280.4784
2007000278477,19,1,5730.1794
2007000281450,63,2,54474.9055
2007000281450,62,2,20857.85302
2007000281900,41,1,10696.33488
2007000281900,42,2,0
2007000281900,16,2,0
2007000281900,14,0,NA
2007000281900,12,0,NA
2007000281900,11,0,NA
2007000281900,8,0,-15279.71438
2007000281900,6,0,-15279.71438
2007000281900,3,0,-15279.71438
2007000282057,33,1,40493.26776
2007000282057,32,1,40493.26776
2007000283042,21,1,916.828704
2007000286551,27,1,55009.72224
2007000286551,29,1,37437.17208
2007000287156,49,1,64942.0332
2007000287156,49,1,6112.19136
2007000287156,21,1,5348.16744
2007000287156,13,0,NA
2007000287682,55,1,22920.7176
2007000290428,51,1,20170.23149
2007000290428,46,2,0
2007000290428,4,0,-15279.71438
2007000290428,3,0,-15279.71438
2007000291028,43,1,48897.53088
2007000291028,45,1,26740.8372
2007000291028,24,1,11536.76119
2007000291028,20,1,5118.960264
2007000291076,55,1,30560.9568
2007000298087,64,1,45841.4352
2007000298087,65,2,4584.14352
2007000299128,18,1,993.231096
2007000299268,42,1,38231.75696
2007000302477,32,2,6417.800928
2007000302477,12,0,NA
2007000302477,3,0,-15279.71438
2007000302477,0,0,NA
2007000304267,25,1,38201.196
2007000304267,25,1,11460.3588
2007000304646,65,2,24448.76544
2007000305296,36,1,74874.34416
2007000305296,34,2,0
2007000305296,6,0,-15279.71438
2007000305296,2,0,-15279.71438
2007000309500,51,2,13599.62578
2007000314300,36,1,18718.58604
2007000314300,18,2,0
2007000314300,14,0,NA
2007000314300,36,1,33922.66205
2007000317094,43,1,63413.98536
2007000317094,43,1,68762.1528
2007000317094,17,1,993.231096
2007000318340,73,2,840.426312
2007000320127,51,1,53710.88158
2007000325481,56,1,21774.68172
2007000325481,14,0,NA
2007000327197,45,1,1910.0598
2007000327197,41,1,18336.57408
2007000327197,7,0,-15279.71438
2007000327197,5,0,-15279.71438
2007000327975,46,1,80986.53552
2007000327975,41,1,8022.25116
2007000327975,18,2,0
2007000327975,17,2,0
2007000327975,15,0,0
2007000327975,6,0,-15279.71438
2007000328671,61,1,50731.18829
2007000331771,62,1,51953.62656
2007000334437,49,1,38965.21992
2007000334437,51,1,30560.9568
2007000341555,52,1,23684.74152
2007000342040,56,1,53481.6744
2007000342040,58,1,29032.90896
2007000343418,53,1,47372.53914
2007000344079,69,2,12147.98033
2007000344752,29,1,11460.3588
2007000344752,3,0,-15279.71438
2007000344752,31,2,0
2007000344752,28,2,0
2007000345197,71,2,22156.69368
2007000345197,70,2,4507.741128
2007000345197,40,1,9932.31096
2007000345197,20,2,0
2007000345197,17,2,0
2007000348378,47,1,42785.33952
2007000348378,46,1,43549.36344
2007000350062,74,2,48324.51294
2007000350107,30,1,91682.8704
2007000350616,39,1,35912.18034
2007000350616,15,0,0
2007000350616,14,0,NA
2007000354796,27,2,0
2007000355750,59,1,29109.31135
2007000355750,64,1,17419.74538
2007000356805,40,1,11078.34684
2007000356805,36,1,9168.28704
2007000356805,15,0,0
2007000356805,9,0,-15279.71438
2007000358752,26,1,9168.28704
2007000358752,25,1,6876.21528
2007000364363,24,2,0
2007000364363,22,2,0
2007000368803,53,1,23149.92478
2007000368803,51,1,8404.26312
2007000368803,20,1,3071.376158
2007000368803,11,0,NA
2007000368803,65,2,0
2007000368922,51,1,34686.68597
2007000368922,51,1,37666.37926
2007000369315,56,2,30255.34723
2007000371261,33,2,0
2007000371261,37,1,19100.598
2007000371261,15,0,0
2007000371261,13,0,NA
2007000371261,9,0,-15279.71438
2007000371398,53,1,21392.66976
2007000371398,14,0,NA
2007000372544,77,2,39347.23188
2007000372544,78,2,6188.593752
2007000374227,85,2,20246.63388
2007000374339,52,1,2444.876544
2007000374339,53,1,15280.4784
2007000375193,17,1,305.609568
2007000381637,86,2,9550.299
2007000383224,34,1,42785.33952
2007000383288,47,2,12988.40664
2007000383288,54,1,114603.588
2007000384301,43,1,9168.28704
2007000386338,16,1,382.01196
2007000392162,28,1,21392.66976
2007000392162,31,1,19559.01235
2007000395606,45,1,20170.23149
2007000395606,40,1,47369.48304
2007000397658,80,2,25976.81328
2007000397658,48,2,1833.657408
2007000397658,46,2,0
2007000397658,15,0,0
2007000398548,43,1,61121.9136
2007000398548,44,1,61121.9136
2007000398548,15,0,0
2007000398548,9,0,-15279.71438
2007000399491,41,1,27581.26351
2007000399491,35,1,7105.422456
2007000399491,9,0,-15279.71438
2007000399491,6,0,-15279.71438
2007000399491,1,0,NA
2007000400005,26,1,19177.00039
2007000400005,25,1,17954.56212
2007000400005,0,0,NA
2007000400163,39,1,58837.48208
2007000400163,40,1,2292.07176
2007000400163,5,0,-15279.71438
2007000401399,85,2,12713.35803
2007000401399,83,2,4889.753088
2007000402021,49,1,46605.45912
2007000402540,45,1,84195.43598
2007000402540,37,1,19100.598
2007000402540,5,0,-15279.71438
2007000402540,2,0,-15279.71438
2007000404096,76,2,40416.86537
2007000405021,35,1,22156.69368
2007000405021,33,2,0
2007000405021,10,0,NA
2007000405021,3,0,-15279.71438
2007000408857,67,2,6264.996144
2007000409998,71,2,29949.73766
2007000412109,49,1,4278.533952
2007000412109,27,1,10619.93249
2007000415516,82,2,52717.65048
2007000415516,61,2,0
2007000416260,37,1,7487.434416
2007000416275,63,2,6264.996144
2007000417332,67,1,55850.14855
2007000417332,60,2,0
2007000417332,40,1,18565.78126
2007000422110,53,2,0
2007000422110,46,1,22920.7176
2007000422110,20,1,9168.28704
2007000426321,52,1,1298.840664
2007000426321,52,2,4813.350696
2007000426321,28,1,7334.629632
2007000426321,12,0,NA
2007000426321,8,0,-15279.71438
2007000426321,5,0,-15279.71438
2007000426471,43,1,37055.16012
2007000426471,42,1,38201.196
2007000426471,7,0,-15279.71438
2007000426471,6,0,-15279.71438
2007000429112,45,1,42021.3156
2007000429112,43,1,22920.7176
2007000429112,18,1,382.01196
2007000429112,18,1,2307.352238
2007000436296,47,1,24754.37501
2007000438539,62,1,40546.74943
2007000439191,45,1,8175.055944
2007000443763,74,1,35527.11228
2007000450036,46,1,22156.69368
2007000450036,19,1,160.4450232
2007000450036,48,1,110783.4684
2007000450718,53,1,19100.598
2007000452077,54,1,13767.71104
2007000452077,41,1,13760.0708
2007000457117,30,1,68762.1528
2007000457117,29,1,14440.05209
2007000460215,35,1,45841.4352
2007000460215,32,1,26740.8372
2007000460215,2,0,-15279.71438
2007000463723,25,1,6952.617672
2007000463723,26,2,0
2007000463723,5,0,-15279.71438
2007000463723,3,0,-15279.71438
2007000463723,27,1,17572.55016
2007000463723,24,1,15127.67362
2007000468100,50,1,45841.4352
2007000468100,54,1,16044.50232
2007000469112,23,1,12988.40664
2007000471639,34,1,29338.51853
2007000471639,33,1,57301.794
2007000471639,1,0,NA
2007000472134,33,1,30560.9568
2007000473023,77,2,149366.6764
2007000473023,77,2,4049.326776
2007000476119,61,1,40111.2558
2007000477087,60,2,6723.410496
2007000477087,19,1,993.231096
2007000479259,55,1,36673.14816
2007000479259,57,1,45841.4352
2007000479965,19,1,1528.04784
2007000480083,73,2,13981.63774
2007000480083,70,1,44618.99693
2007000480083,43,1,31477.7855
2007000481828,61,2,7105.422456
2007000481828,56,1,151658.7481
2007000483651,49,2,5500.972224
2007000484278,57,1,21392.66976
2007000484278,44,1,42785.33952
2007000484278,12,0,NA
2007000485166,58,1,19100.598
2007000485166,62,1,4584.14352
2007000485916,49,1,21010.6578
2007000486572,53,1,59593.86576
2007000487936,47,1,22958.9188
2007000487936,49,2,3820.1196
2007000489008,42,1,27199.25155
2007000489008,43,2,0
2007000489229,56,1,31324.98072
2007000489229,47,1,11460.3588
2007000496200,39,1,30560.9568
2007000496200,16,2,0
2007000496200,42,1,75065.35014
2007000496998,64,1,86716.71492
2007000497283,56,1,47102.07467
2007000499853,21,1,22920.7176
2007000499853,24,1,22156.69368
2007000499966,38,1,67234.10496
2007000499966,35,1,46605.45912
2007000499966,5,0,-15279.71438
2007000499966,3,0,-15279.71438
2007000500192,27,1,29032.90896
2007000500192,34,1,39729.24384
2007000500192,6,0,-15279.71438
2007000500192,2,0,-15279.71438
2007000502006,49,1,16811.58234
2007000508565,79,2,5730.1794
2007000522285,85,2,19559.01235
2007000527769,23,1,9932.31096
2007000527769,23,1,19100.598
2007000533563,34,1,21392.66976
2007000534200,30,1,3438.10764
2007000534200,34,1,38201.196
2007000535015,36,1,16884.92863
2007000537247,71,1,30560.9568
2007000540119,24,1,34381.0764
2007000540119,23,1,1910.0598
2007000540119,19,1,9932.31096
2007000540389,51,1,34381.0764
2007000540389,50,1,38965.21992
2007000540389,18,1,1451.645448
2007000541127,21,1,4966.15548
2007000541654,33,1,55009.72224
2007000544303,32,1,1146.03588
2007000544303,34,1,21392.66976
2007000546238,48,1,35832.72185
2007000546238,20,1,3820.1196
2007000546238,16,2,0
2007000546238,65,1,11001.94445
2007000546405,27,1,25976.81328
2007000546405,27,1,22920.7176
2007000549310,68,2,4584.14352
2007000549310,71,2,4966.15548
2007000549310,49,1,3056.09568
2007000549310,24,2,0
2007000550568,25,1,19100.598
2007000551041,59,1,10543.5301
2007000551041,23,1,14669.25926
2007000559139,75,2,11842.37076
2007000563278,62,1,11842.37076
2007000563700,74,2,14516.45448
2007000563700,80,1,27734.0683
2007000564503,71,2,17037.73342
2007000564503,40,1,12224.38272
2007000566157,31,1,2406.675348
2007000566157,31,1,99705.12156
2007000567207,82,2,39958.45102
2007000567791,47,2,4584.14352
2007000567791,44,1,7793.043984
2007000567791,9,0,-15279.71438
2007000567791,7,0,-15279.71438
2007000570313,38,2,16502.91667
2007000571129,79,2,30790.16398
2007000582509,33,1,10925.54206
2007000582509,14,0,NA
2007000582509,12,0,NA
2007000582509,12,0,NA
2007000583622,74,2,44313.38736
2007000584787,48,1,21392.66976
2007000584787,43,2,0
2007000584787,18,2,0
2007000584787,8,0,-15279.71438
2007000584787,8,0,-15279.71438
2007000594034,25,1,15280.4784
2007000594034,26,2,0
2007000594034,22,1,3820.1196
2007000597152,49,1,29032.90896
2007000597152,52,1,42785.33952
2007000597152,22,1,3361.705248
2007000597152,21,1,10696.33488
2007000601005,20,1,3056.09568
2007000604646,56,2,5516.252702
2007000604646,56,2,10008.71335
2007000605779,45,2,7945.848768
2007000606276,29,1,16655.72146
2007000606340,29,1,38201.196
2007000609961,34,1,44313.38736
2007000609961,29,1,23684.74152
2007000615220,36,1,16808.52624
2007000615220,31,1,15280.4784
2007000617286,47,1,46605.45912
2007000617286,46,1,30637.35919
2007000617286,9,0,-15279.71438
2007000617286,4,0,-15279.71438
2007000617479,77,2,14134.44252
2007000618957,58,2,687.621528
2007000618957,85,2,9473.896608
2007000618957,21,1,21392.66976
2007000620229,50,1,25976.81328
2007000620862,60,2,46147.04477
2007000620862,53,2,3743.717208
2007000621723,46,1,27963.27547
2007000621723,49,1,27963.27547
2007000621723,16,2,229.207176
2007000621723,11,0,NA
2007000622129,83,1,37513.57447
2007000622129,81,2,7029.020064
2007000622129,50,1,1146.03588
2007000622129,40,2,0
2007000626847,60,1,15295.75888
2007000627656,93,2,3438.10764
2007000632220,37,1,45902.55711
2007000632220,32,2,916.828704
2007000632220,2,0,-15279.71438
2007000632220,0,0,NA
2007000634236,29,2,21621.87694
2007000634236,9,0,-15279.71438
2007000639590,50,1,26740.8372
2007000640599,58,1,23684.74152
2007000641053,36,1,1528.04784
2007000641053,2,0,-15279.71438
2007000641053,41,1,-818.2696183
2007000641053,32,1,22003.8889
2007000643366,29,1,45841.4352
2007000643366,33,1,15280.4784
2007000655468,66,2,10314.32292
2007000658418,80,2,3056.09568
2007000659490,32,1,38201.196
2007000662273,35,1,19482.60996
2007000662273,45,1,26740.8372
2007000663430,37,1,41257.29168
2007000663430,43,1,53481.6744
2007000663430,15,0,0
2007000663430,14,0,NA
2007000663430,6,0,-15279.71438
2007000669738,28,2,2062.864584
2007000669738,4,0,-15279.71438
2007000669738,42,1,1260.639468
2007000671999,31,1,48133.50696
2007000672877,43,2,0
2007000672877,43,1,84042.6312
2007000672877,7,0,-15279.71438
2007000672877,5,0,-15279.71438
2007000677609,51,2,0
2007000677919,44,1,34381.0764
2007000677919,49,1,32089.00464
2007000680379,93,2,22997.11999
2007000683132,59,1,52717.65048
2007000683936,86,2,18565.78126
2007000685801,39,1,1146.03588
2007000685801,0,0,NA
2007000685801,26,1,764.02392
2007000687236,63,2,2444.876544
2007000692565,28,1,6112.19136
2007000692565,23,1,11001.94445
2007000692668,56,1,3438.10764
2007000692668,50,2,0
2007000693835,40,1,40493.26776
2007000693835,43,2,0
2007000693835,9,0,-15279.71438
2007000697795,53,1,15280.4784
2007000697795,79,2,6876.21528
2007000698013,29,1,15280.4784
2007000700103,89,2,47369.48304
2007000701396,45,1,41303.13312
2007000704120,50,2,3667.314816
2007000704120,59,1,16044.50232
2007000708569,43,1,25289.19175
2007000708851,60,1,29032.90896
2007000708851,59,1,30560.9568
2007000713354,40,1,23379.13195
2007000713354,17,2,0
2007000713354,8,0,-15279.71438
2007000713354,5,0,-15279.71438
2007000715413,42,1,45841.4352
2007000715413,55,1,67234.10496
2007000715798,30,1,22156.69368
2007000717959,47,1,6715.770257
2007000721120,44,1,57301.794
2007000721120,42,1,75638.36808
2007000721296,45,1,45841.4352
2007000721296,38,1,45841.4352
2007000725598,52,1,33999.06444
2007000727102,46,1,237611.4391
2007000727102,58,1,34381.0764
2007000727628,77,2,17648.95255
2007000727628,74,2,19864.62192
2007000728537,52,1,32089.00464
2007000728537,50,1,5271.765048
2007000728695,33,1,22920.7176
2007000728695,37,1,22920.7176
2007000734439,67,2,11001.94445
2007000734439,65,2,41868.51082
2007000734868,56,1,26740.8372
2007000734868,48,1,7640.2392
2007000734868,24,1,22920.7176
2007000734925,54,1,29796.93288
2007000734925,18,2,8251.458336
2007000734925,56,2,5500.972224
2007000735652,61,2,5424.569832
2007000742775,25,1,19100.598
2007000742775,9,0,-15279.71438
2007000742775,7,0,-15279.71438
2007000742775,3,0,-15279.71438
2007000742775,0,0,NA
2007000744608,53,1,84806.65512
2007000744608,55,1,61121.9136
2007000744608,14,0,NA
2007000746605,27,1,16044.50232
2007000746605,24,1,13752.43056
2007000754594,33,1,35909.12424
2007000756059,44,1,6876.21528
2007000757493,35,1,38201.196
2007000757493,52,1,31324.98072
2007000757493,1,0,NA
2007000760091,49,1,13217.61382
2007000760297,48,1,6112.19136
2007000760297,10,0,NA
2007000761885,53,1,32089.00464
2007000761885,47,1,19100.598
2007000765219,47,1,16808.52624
2007000766574,80,2,20093.8291
2007000767662,58,1,18336.57408
2007000769866,20,1,1528.04784
2007000776142,46,1,29949.73766
2007000776142,47,1,39729.24384
2007000776142,14,0,NA
2007000779474,29,1,14669.25926
2007000779474,27,1,9473.896608
2007000779582,34,1,32853.02856
2007000779582,31,1,32853.02856
2007000779582,7,0,-15279.71438
2007000779582,3,0,-15279.71438
2007000779582,2,0,-15279.71438
2007000779582,77,2,4278.533952
2007000779582,62,2,9168.28704
2007000779582,14,0,NA
2007000779582,13,0,NA
2007000781569,59,1,6112.19136
2007000784353,53,1,53405.27201
2007000784416,23,1,12224.38272
2007000784416,23,1,15280.4784
2007000784764,55,1,1000.871335
2007000784764,60,2,3292.943095
2007000785668,93,2,120257.365
2007000788824,33,1,16044.50232
2007000788824,32,1,4049.326776
2007000788824,37,1,14516.45448
2007000788824,69,2,3820.1196
2007000788824,40,1,3056.09568
2007000791070,31,1,49814.35958
2007000796064,34,1,916.828704
2007000796064,46,1,7029.020064
2007000796064,14,0,NA
2007000797198,40,2,0
2007000797198,7,0,-15279.71438
2007000797198,14,0,NA
2007000797198,39,1,19100.598
2007000803131,47,1,15280.4784
2007000803131,47,1,69526.17672
2007000803131,10,0,NA
2007000803131,6,0,-15279.71438
2007000814282,39,1,1604.450232
2007000814282,37,1,55773.74616
2007000814506,18,1,1146.03588
2007000815786,60,1,27504.86112
2007000815786,64,1,9168.28704
2007000817177,87,2,13981.63774
2007000817177,86,2,3208.900464
2007000819739,54,1,32853.02856
2007000820877,46,1,35909.12424
2007000820877,16,1,534.816744
2007000820877,16,1,1146.03588
2007000822865,26,1,32853.02856
2007000822865,27,1,39729.24384
2007000824774,79,2,19559.01235
2007000824774,72,2,3667.314816
2007000824862,31,1,19864.62192
2007000824862,26,1,12988.40664
2007000827104,47,1,57531.00118
2007000827104,60,2,0
2007000830247,37,2,119187.7315
2007000830247,33,1,25976.81328
2007000830274,32,1,32089.00464
2007000830274,31,1,19406.20757
2007000830274,1,0,NA
2007000834368,31,1,4584.14352
2007000834368,35,1,19100.598
2007000834438,44,1,47675.09261
2007000834438,48,1,38201.196
2007000841409,50,1,106.9633488
2007000841409,41,2,0
2007000841409,8,0,-15279.71438
2007000841409,6,0,-15279.71438
2007000841409,3,0,-15279.71438
2007000847172,48,2,9550.299
2007000847172,36,2,2903.290896
2007000848782,63,2,11383.95641
2007000848782,59,2,7181.824848
2007000848782,45,2,7181.824848
2007000848782,37,2,9626.701392
2007000848782,36,2,7334.629632
2007000848782,71,2,8862.677472
2007000850960,33,1,34381.0764
2007000850960,34,1,9932.31096
2007000851866,48,1,43549.36344
2007000851866,45,1,34381.0764
2007000853765,24,1,25594.80132
2007000853765,25,1,29032.90896
2007000854591,84,2,8060.452356
2007000854805,84,2,9168.28704
2007000855942,34,1,41257.29168
2007000855942,1,0,NA
2007000859037,37,1,30560.9568
2007000859037,31,1,61121.9136
2007000859225,37,1,17572.55016
2007000863361,38,1,22920.7176
2007000863361,38,2,0
2007000864294,28,1,14898.46644
2007000864294,8,0,-15279.71438
2007000864294,5,0,-15279.71438
2007000864294,4,0,-15279.71438
2007000864524,42,1,38201.196
2007000865435,41,1,30560.9568
2007000865435,36,1,3972.924384
2007000865435,10,0,NA
2007000865435,9,0,-15279.71438
2007000867959,31,1,21392.66976
2007000867959,32,1,32853.02856
2007000868469,44,1,24448.76544
2007000868629,84,2,25289.19175
2007000868918,45,1,21621.87694
2007000868918,56,2,11001.94445
2007000868918,18,2,0
2007000869386,24,1,9779.506176
2007000869386,25,1,19482.60996
2007000871565,71,2,35679.91706
2007000871883,28,1,24448.76544
2007000873821,42,1,49661.5548
2007000873821,42,1,15280.4784
2007000873821,11,0,NA
2007000873821,7,0,-15279.71438
2007000879554,93,2,10008.71335
2007000882792,48,2,19100.598
2007000882792,43,1,22920.7176
2007000882792,10,0,NA
2007000882792,6,0,-15279.71438
2007000883398,38,2,0
2007000883398,38,1,27504.86112
2007000883398,1,0,NA
2007000888039,42,1,25976.81328
2007000888039,16,1,764.02392
2007000888039,7,0,-15279.71438
2007000888039,28,1,30560.9568
2007000889882,47,1,59746.67054
2007000889882,46,2,534.816744
2007000889882,18,1,305.609568
2007000889882,14,0,NA
2007000892545,53,1,7640.2392
2007000892545,52,1,22920.7176
2007000896300,51,1,21087.06019
2007000896300,52,1,21087.06019
2007000898166,60,1,7793.043984
2007000898166,53,1,19100.598
2007000899375,47,2,0
2007000899375,46,1,53481.6744
2007000899375,14,0,NA
2007000900675,70,2,6264.996144
2007000903220,56,1,41257.29168
2007000903534,23,1,2292.07176
2007000905267,49,1,14974.86883
2007000905267,44,1,11842.37076
2007000905267,22,1,17419.74538
2007000905267,19,1,718.1824848
2007000905267,19,2,0
2007000917717,41,2,0
2007000917717,40,1,22233.09607
2007000917717,6,0,-15279.71438
2007000918120,58,1,49661.5548
2007000920161,30,1,4820.990935
2007000920161,29,1,19867.67802
2007000924075,38,2,0
2007000924075,17,2,0
2007000924075,13,0,NA
2007000924075,12,0,NA
2007000924075,9,0,-15279.71438
2007000924075,3,0,-15279.71438
2007000924075,1,0,NA
2007000924075,0,0,NA
2007000924075,28,1,23149.92478
2007000925415,76,2,7640.2392
2007000925415,69,2,4736.948304
2007000927106,67,2,27886.87308
2007000927278,53,1,21087.06019
2007000927278,60,1,15135.31386
2007000927278,31,1,25365.59414
2007000927278,27,2,5653.777008
2007000932666,44,1,11460.3588
2007000932666,43,1,4584.14352
2007000932666,77,2,7334.629632
2007000937351,26,1,30560.9568
2007000937351,25,1,15280.4784
2007000938231,25,2,2979.693288
2007000939679,50,1,32853.02856
2007000939679,49,2,0
2007000939679,16,1,1604.450232
2007000939679,13,0,NA
2007000939679,8,0,-15279.71438
2007000941692,33,1,9168.28704
2007000945364,39,1,20170.23149
2007000945364,17,1,916.828704
2007000945364,15,0,0
2007000945364,13,0,NA
2007000947718,70,1,58371.42749
2007000947718,69,1,9855.908568
2007000948219,35,1,30560.9568
2007000948219,32,1,16808.52624
2007000948219,8,0,-15279.71438
2007000948219,6,0,-15279.71438
2007000951188,69,2,12759.19946
2007000951188,69,2,5806.581792
2007000958946,31,1,1375.243056
2007000958946,32,1,30560.9568
2007000959226,42,1,30560.9568
2007000959226,40,2,0
2007000959226,8,0,-15279.71438
2007000959226,2,0,-15279.71438
2007000961887,93,2,8709.872688
2007000966136,46,1,13645.46721
2007000966136,20,2,5730.1794
2007000966136,16,1,122.2438272
2007000970115,51,1,11154.74923
2007000970561,80,1,54245.69832
2007000970561,84,2,133704.186
2007000971610,48,1,27504.86112
2007000971610,43,1,17496.14777
2007000971610,19,1,3285.302856
2007000971610,13,0,NA
2007000978824,60,1,57301.794
2007000981804,33,1,42021.3156
2007000984642,84,2,12835.60186
2007000988256,67,2,87557.14123
2007000988256,61,2,101920.7909
2007000991738,35,1,28192.48265
2007000991738,42,1,12453.5899
2007000993696,48,1,39729.24384
2007000993696,50,1,72582.2724
2007000996145,65,2,9626.701392
2007000996145,41,1,34457.47879
2007000996145,40,2,0
2007000997942,66,1,25441.99654
2007000998866,56,1,38201.196
2007001001353,50,1,27504.86112
2007001002353,61,2,15127.67362
2007001002353,64,2,17419.74538
2007001005330,48,1,8419.543598
2007001006521,52,1,53484.7305
2007001006521,10,0,NA
2007001006521,7,0,-15279.71438
2007001006536,35,1,14287.2473
2007001006536,32,2,6112.19136
2007001007228,57,1,13676.02817
2007001007228,52,1,8136.854748
2007001011308,36,1,55773.74616
2007001011308,38,1,1680.852624
2007001013707,71,2,10849.13966
2007001015044,35,1,42785.33952
2007001015044,35,1,45841.4352
2007001015044,2,0,-15279.71438
2007001016646,52,1,74988.94775
2007001017897,33,1,22156.69368
2007001017897,34,1,21392.66976
2007001017897,7,0,-15279.71438
2007001017897,1,0,NA
2007001017897,50,1,24448.76544
2007001018494,32,1,26740.8372
2007001018494,31,1,26511.63002
2007001018767,86,2,22997.11999
2007001020926,32,2,0
2007001020926,30,1,15280.4784
2007001022235,58,1,30560.9568
2007001022235,59,1,5348.16744
2007001022235,17,2,0
2007001022735,37,1,18336.57408
2007001022735,34,2,0
2007001022735,6,0,-15279.71438
2007001026505,56,1,63490.38775
2007001028612,71,2,20170.23149
2007001032408,37,1,21698.27933
2007001033270,73,2,6570.605712
2007001046889,49,2,0
2007001046889,50,1,34381.0764
2007001046889,27,1,45841.4352
2007001046889,25,1,19100.598
2007001046889,23,1,17572.55016
2007001046889,1,0,NA
2007001046889,25,1,24448.76544
2007001047161,32,1,31324.98072
2007001047423,47,1,22920.7176
2007001050960,35,1,84348.24077
2007001050960,37,2,0
2007001050960,7,0,-15279.71438
2007001050960,5,0,-15279.71438
2007001050960,3,0,-15279.71438
2007001052902,61,1,30560.9568
2007001053532,80,1,31936.19986
2007001053532,41,1,18726.22628
2007001055833,80,2,11918.77315
2007001058247,19,1,916.828704
2007001061315,62,1,356799.1706
2007001061584,52,1,9168.28704
2007001061584,49,1,57301.794
2007001061738,22,2,0
2007001065064,47,1,42021.3156
2007001065064,46,1,35145.10032
2007001065064,23,2,3056.09568
2007001065064,21,1,11460.3588
2007001065064,19,2,0
2007001065064,3,0,-15279.71438
2007001065064,2,0,-15279.71438
2007001067499,42,1,34381.0764
2007001073638,69,1,6524.764277
2007001073638,56,1,3285.302856
2007001075285,39,1,43396.55866
2007001075285,9,0,-15279.71438
2007001075285,44,1,3056.09568
2007001076997,62,2,16632.80074
2007001076997,65,2,16044.50232
2007001076997,42,2,916.828704
2007001076997,35,1,10543.5301
2007001084640,56,1,22615.10803
2007001084640,54,1,25671.20371
2007001084640,30,1,17114.13581
2007001084640,27,1,10696.33488
2007001086581,32,1,21392.66976
2007001086822,51,1,30560.9568
2007001086822,27,1,229.207176
2007001087283,36,1,51953.62656
2007001087283,35,1,18336.57408
2007001087283,2,0,-15279.71438
2007001089080,53,1,19100.598
2007001089080,63,1,47369.48304
2007001100051,29,1,26740.8372
2007001101007,35,1,12224.38272
2007001101007,29,1,19482.60996
2007001102271,44,1,43854.97301
2007001102271,44,1,45383.02085
2007001102271,15,0,382.01196
2007001108581,36,1,15280.4784
2007001108581,35,1,34381.0764
2007001108581,3,0,-15279.71438
2007001110260,47,1,26740.8372
2007001110290,59,1,68762.1528
2007001110290,61,1,85188.66708
2007001110668,45,1,6975.53839
2007001112827,33,1,78694.46376
2007001112827,33,1,41257.29168
2007001112827,3,0,-15279.71438
2007001116897,53,1,68762.1528
2007001116897,26,1,7334.629632
2007001119385,53,1,41715.70603
2007001121936,63,1,22920.7176
2007001121936,59,1,26740.8372
2007001125013,93,2,25212.78936
2007001129343,57,1,53481.6744
2007001133037,43,1,78847.26854
2007001133037,43,1,15433.28318
2007001133037,7,0,-15279.71438
2007001133037,5,0,-15279.71438
2007001133037,1,0,NA
2007001135565,52,1,48515.51892
2007001140859,44,2,1528.04784
2007001141188,79,2,0
2007001141188,51,1,38965.21992
2007001144255,43,1,3285.302856
2007001144255,56,1,4584.14352
2007001147646,79,2,10696.33488
2007001149762,74,2,11154.74923
2007001151132,37,1,30560.9568
2007001151132,40,1,78388.85419
2007001151132,7,0,-15279.71438
2007001151557,53,1,13752.43056
2007001151557,49,1,7640.2392
2007001155683,28,1,4584.14352
2007001159603,93,2,28116.08026
2007001159603,67,1,97795.06176
2007001160233,57,1,19100.598
2007001160233,55,1,26740.8372
2007001160233,19,1,8404.26312
2007001161402,56,1,41318.41359
2007001162170,69,2,9932.31096
2007001162781,34,1,15280.4784
2007001162781,12,0,NA
2007001164533,37,1,1910.0598
2007001164533,39,1,68762.1528
2007001164533,5,0,-15279.71438
2007001164533,0,0,NA
2007001164596,29,1,40493.26776
2007001164596,29,1,7640.2392
2007001164596,1,0,NA
2007001165706,53,1,38659.61035
2007001165746,32,1,30560.9568
2007001167810,39,1,4584.14352
2007001167810,43,1,114603.588
2007001171261,37,2,0
2007001171261,38,1,13752.43056
2007001171261,5,0,-15279.71438
2007001172354,81,2,6341.398536
2007001174534,28,1,36673.14816
2007001174534,28,1,22920.7176
2007001176406,29,1,49661.5548
2007001176406,30,2,0
2007001176406,2,0,-15279.71438
2007001176406,0,0,NA
2007001178249,53,1,22920.7176
2007001178249,51,1,16808.52624
2007001185122,58,2,16273.7095
2007001185122,76,2,35297.9051
2007001186058,40,1,83813.42402
2007001186058,41,2,0
2007001186058,3,0,-15279.71438
2007001186058,1,0,NA
2007001190153,40,1,19864.62192
2007001205079,43,1,30560.9568
2007001205079,43,2,0
2007001205079,18,1,1833.657408
2007001205079,16,2,0
2007001205079,15,0,229.207176
2007001205079,14,0,NA
2007001205079,12,0,NA
2007001205970,48,1,56652.37367
2007001205970,14,0,NA
2007001205970,9,0,-15279.71438
2007001209444,32,1,12377.1875
2007001209444,38,2,0
2007001211438,45,1,12912.00425
2007001211438,17,2,0
2007001211438,15,0,0
2007001214360,39,2,2368.474152
2007001214360,10,0,NA
2007001214360,7,0,-15279.71438
2007001214402,23,1,11460.3588
2007001214402,27,1,16846.72744
2007001214911,32,1,24601.57022
2007001214911,32,1,79458.48768
2007001217165,89,2,14134.44252
2007001217703,27,1,27504.86112
2007001217703,28,1,24830.7774
2007001219989,37,1,46223.44716
2007001220196,54,1,17801.75734
2007001224101,32,1,22920.7176
2007001224159,48,1,50425.57872
2007001226002,36,1,2292.07176
2007001226002,36,1,26740.8372
2007001226002,5,0,-15279.71438
2007001226677,40,1,38201.196
2007001227877,26,1,20185.51197
2007001227877,29,1,22920.7176
2007001229993,45,1,49661.5548
2007001230433,54,1,30606.79824
2007001235167,38,2,0
2007001235407,60,2,20628.64584
2007001235407,61,2,8786.27508
2007001238382,23,1,11918.77315
2007001238382,25,2,0
2007001238382,24,1,129.8840664
2007001241045,58,1,42785.33952
2007001241045,52,2,0
2007001242740,74,2,40416.86537
2007001243286,35,1,30560.9568
2007001243286,24,1,76402.392
2007001245047,52,1,61888.99362
2007001245160,93,2,1833.657408
2007001245685,87,2,23379.13195
2007001245685,93,2,23226.32717
2007001247016,60,1,64942.0332
2007001247016,59,1,764.02392
2007001247016,14,0,NA
2007001250632,60,2,25671.20371
2007001258572,59,2,0
2007001258572,59,1,61121.9136
2007001260052,44,1,1375.243056
2007001264128,63,2,12682.79707
2007001264928,63,2,0
2007001264928,64,2,26588.03242
2007001266779,54,1,27504.86112
2007001267807,33,1,30560.9568
2007001269605,50,1,5348.16744
2007001274463,51,1,34381.0764
2007001283092,43,1,28345.28743
2007001283092,44,1,35145.10032
2007001283092,15,0,0
2007001283092,13,0,NA
2007001284552,39,1,21392.66976
2007001286784,36,1,21087.06019
2007001286784,52,1,16808.52624
2007001287502,52,1,79458.48768
2007001288841,29,1,22920.7176
2007001291381,65,1,26740.8372
2007001291381,53,1,8251.458336
2007001292607,44,1,19100.598
2007001294997,29,1,29720.53049
2007001297677,93,2,16961.33102
2007001297677,84,2,3056.09568
2007001300877,58,1,44313.38736
2007001300877,22,1,3514.510032
2007001302941,21,1,18336.57408
2007001305647,33,1,27596.54399
2007001305647,34,1,32089.00464
2007001307624,67,2,3361.705248
2007001308908,55,1,77930.43984
2007001308908,47,1,6112.19136
2007001308908,18,1,1528.04784
2007001308908,15,0,0
2007001311437,66,2,16502.91667
2007001315601,17,1,458.414352
2007001315876,63,1,26893.64198
2007001315876,60,1,-2635.882524
2007001316759,32,1,24448.76544
2007001316759,31,1,15280.4784
2007001318041,30,1,28268.88504
2007001318041,19,1,8251.458336
2007001318041,27,1,9932.31096
2007001323741,68,2,16579.31906
2007001325090,27,1,3820.1196
2007001325090,26,1,28574.49461
2007001326993,78,2,8327.860728
2007001326993,52,1,30560.9568
2007001328829,40,1,35145.10032
2007001328829,29,1,36673.14816
2007001329160,57,1,46070.64238
2007001329160,34,1,7716.641592
2007001329160,11,0,NA
2007001329160,10,0,NA
2007001329160,8,0,-15279.71438
2007001330077,69,2,28727.29939
2007001331296,42,1,119187.7315
2007001331296,39,1,64178.00928
2007001331296,9,0,-15279.71438
2007001331296,7,0,-15279.71438
2007001334052,75,2,50501.98111
2007001334052,48,2,0
2007001335915,29,1,13752.43056
2007001335915,37,1,29032.90896
2007001336203,61,1,27657.6659
2007001336236,38,2,0
2007001336236,18,1,427.8533952
2007001336236,17,2,0
2007001336236,11,0,NA
2007001336236,7,0,-15279.71438
2007001336236,0,0,NA
2007001336236,35,1,12224.38272
2007001337291,31,1,27504.86112
2007001337291,30,1,22920.7176
2007001344234,57,1,12224.38272
2007001348039,44,1,37437.17208
2007001348039,33,1,31019.37115
2007001348039,5,0,-15279.71438
2007001348039,3,0,-15279.71438
2007001348039,53,2,1146.03588
2007001348301,48,1,27504.86112
2007001353467,60,1,53405.27201
2007001353467,61,1,26664.43481
2007001354019,78,2,30331.74962
2007001354019,74,2,15968.09993
2007001356643,46,1,25212.78936
2007001356643,41,1,35909.12424
2007001356643,15,0,0
2007001358347,48,1,26740.8372
2007001361756,55,2,9473.896608
2007001362696,46,1,45841.4352
2007001362696,39,1,30.5609568
2007001362696,9,0,-15279.71438
2007001362696,6,0,-15279.71438
2007001363119,44,1,21392.66976
2007001363119,11,0,NA
2007001363119,7,0,-15279.71438
2007001368000,55,1,42021.3156
2007001368000,54,1,7640.2392
2007001371684,54,1,84042.6312
2007001371684,51,1,91682.8704
2007001371684,3,0,-15279.71438
2007001372020,74,2,23684.74152
2008000001918,53,1,36673.14816
2008000001918,50,1,17572.55016
2008000001918,28,1,7411.032024
2008000001918,25,1,11460.3588
2008000001918,60,2,19100.598
2008000002937,50,1,38965.21992
2008000002937,49,2,9932.31096
2008000003341,56,2,1680.852624
2008000003341,15,0,0
2008000005117,64,2,8862.677472
2008000005117,66,2,4354.936344
2008000008234,34,1,58065.81792
2008000008234,32,1,7587.52155
2008000008546,29,1,4740.0044
2008000008546,36,1,33005.83334
2008000008699,35,1,9168.28704
2008000008699,29,1,11460.3588
2008000008699,1,0,NA
2008000011790,47,1,129349.2497
2008000013666,42,1,104136.4603
2008000014324,73,2,21530.19407
2008000014324,72,2,4431.338736
2008000016657,75,2,11231.15162
2008000016657,74,2,3514.510032
2008000022160,30,1,33693.45487
2008000022160,31,1,11460.3588
2008000022160,0,0,NA
2008000023842,28,1,29032.90896
2008000023842,28,1,29032.90896
2008000028762,36,1,48133.50696
2008000034709,58,1,76402.392
2008000034709,61,1,7640.2392
2008000035672,47,1,22920.7176
2008000039552,51,1,13981.63774
2008000039552,71,2,5500.972224
2008000047826,36,1,12988.40664
2008000047826,35,2,0
2008000047826,13,0,NA
2008000047826,8,0,-15279.71438
2008000047826,8,0,-15279.71438
2008000048902,82,2,12300.78511
2008000053487,76,2,91071.65126
2008000053487,76,2,36978.75773
2008000053514,58,1,38965.21992
2008000057489,34,1,16502.91667
2008000057567,64,1,16044.50232
2008000057567,26,1,28268.88504
2008000057567,18,2,0
2008000057567,1,0,NA
2008000057567,0,0,NA
2008000057567,22,2,0
2008000060485,34,1,11460.3588
2008000060485,35,1,40493.26776
2008000060485,13,0,NA
2008000060485,8,0,-15279.71438
2008000060485,0,0,NA
2008000063291,27,1,30560.9568
2008000063291,4,0,-15279.71438
2008000063291,2,0,-15279.71438
2008000063291,0,0,NA
2008000063291,29,1,36673.14816
2008000063993,65,2,89314.39625
2008000063993,56,2,26206.02046
2008000065348,66,1,11177.66995
2008000065348,68,1,5646.136769
2008000066171,51,1,6876.21528
2008000066171,48,1,7411.032024
2008000066171,23,1,2444.876544
2008000066171,13,0,NA
2008000066724,44,1,3820.1196
2008000066724,33,1,29796.93288
2008000066724,13,0,NA
2008000066724,4,0,-15279.71438
2008000071838,72,2,14440.05209
2008000072155,47,1,25212.78936
2008000074673,45,1,274131.7825
2008000074673,43,1,7181.824848
2008000074673,11,0,NA
2008000074673,8,0,-15279.71438
2008000074812,69,2,3667.314816
2008000075373,35,1,103907.2531
2008000075373,33,1,21392.66976
2008000078507,24,1,25212.78936
2008000078507,22,1,15280.4784
2008000082502,70,1,37666.37926
2008000082502,70,1,17419.74538
2008000085079,62,2,22003.8889
2008000085079,64,2,37207.9649
2008000086396,42,1,42021.3156
2008000086396,42,1,26740.8372
2008000086396,13,0,NA
2008000086396,10,0,NA
2008000086396,9,0,-15279.71438
2008000086505,57,1,45077.41128
2008000086505,34,1,15280.4784
2008000086964,47,2,0
2008000086964,53,1,37895.58643
2008000086964,15,0,0
2008000086964,18,1,2979.693288
2008000088073,51,1,22156.69368
2008000088274,41,1,49661.5548
2008000090913,48,1,32853.02856
2008000090913,52,1,24677.97262
2008000091565,45,1,23073.52238
2008000091565,48,1,26740.8372
2008000094279,48,1,24448.76544
2008000094279,21,1,17572.55016
2008000094815,44,1,33617.05248
2008000094815,44,1,22217.81559
2008000094815,53,1,1451.645448
2008000096696,65,2,47827.89739
2008000096696,65,2,14669.25926
2008000100756,49,1,9550.299
2008000100756,21,1,5348.16744
2008000100756,13,0,NA
2008000100756,11,0,NA
2008000104651,44,1,71054.22456
2008000104651,49,1,611.219136
2008000104651,21,2,0
2008000106036,42,2,0
2008000106036,40,1,184129.7647
2008000106036,4,0,-15279.71438
2008000106951,31,1,7334.629632
2008000106951,24,2,0
2008000106951,2,0,-15279.71438
2008000106951,1,0,NA
2008000112112,23,1,10696.33488
2008000112112,26,1,15891.69754
2008000116778,43,1,32394.61421
2008000116778,36,1,30560.9568
2008000120042,78,2,10467.1277
2008000120366,44,1,27504.86112
2008000122265,34,1,20628.64584
2008000122265,30,1,2139.266976
2008000122265,10,0,NA
2008000122265,7,0,-15279.71438
2008000123042,48,1,6876.21528
2008000123042,44,1,59593.86576
2008000123042,8,0,-15279.71438
2008000123042,8,0,-15279.71438
2008000123539,26,1,15280.4784
2008000123539,24,1,16808.52624
2008000123578,52,1,43549.36344
2008000123578,52,1,68762.1528
2008000124657,35,1,22920.7176
2008000128129,23,1,10696.33488
2008000130380,57,1,26740.8372
2008000130380,49,1,33769.85726
2008000134357,57,1,56002.95334
2008000135698,37,1,61274.71838
2008000135698,37,1,38354.00078
2008000135698,4,0,-15279.71438
2008000136081,39,1,3361.705248
2008000136081,34,1,2826.888504
2008000136081,51,1,9168.28704
2008000140211,48,1,30564.0129
2008000140211,59,1,23837.5463
2008000141586,43,1,22920.7176
2008000141586,39,1,11460.3588
2008000141586,47,1,16808.52624
2008000143759,72,2,8939.079864
2008000143759,65,2,23990.35109
2008000144334,49,1,39041.62231
2008000144334,52,1,11460.3588
2008000144334,23,1,15280.4784
2008000148408,54,1,53061.46124
2008000148653,43,1,30560.9568
2008000148653,41,1,30560.9568
2008000148653,15,0,0
2008000148653,13,0,NA
2008000148653,5,0,-15279.71438
2008000148653,73,2,3972.924384
2008000154272,66,2,17343.34298
2008000154722,68,1,9168.28704
2008000154722,58,1,18336.57408
2008000154722,89,2,6043.429207
2008000155454,66,2,9168.28704
2008000156829,44,1,27504.86112
2008000156829,35,1,14134.44252
2008000156829,21,1,6647.008104
2008000156829,19,1,320.8900464
2008000156829,17,2,0
2008000156829,13,0,NA
2008000156829,76,2,6112.19136
2008000156930,33,2,764.02392
2008000156930,32,1,249071.7979
2008000156930,7,0,-15279.71438
2008000156930,0,0,NA
2008000156942,23,1,22920.7176
2008000156942,30,1,22538.70564
2008000156942,32,1,14516.45448
2008000156942,24,1,4599.423998
2008000157929,65,2,5882.984184
2008000158911,38,2,-3667.314816
2008000158911,40,1,30560.9568
2008000159846,62,2,6112.19136
2008000163181,33,1,24372.36305
2008000167430,54,2,77930.43984
2008000167430,54,2,0
2008000167544,28,1,18336.57408
2008000168267,42,1,53481.6744
2008000168267,42,1,42021.3156
2008000169758,28,1,18336.57408
2008000169758,24,1,26358.82524
2008000170681,27,1,22920.7176
2008000170681,8,0,-15279.71438
2008000171182,94,2,19100.598
2008000172623,51,1,23684.74152
2008000172623,51,1,45956.03879
2008000173678,30,1,52603.04689
2008000173678,3,0,-15279.71438
2008000180863,45,1,27657.6659
2008000184366,25,1,12224.38272
2008000184366,26,1,18336.57408
2008000184366,26,1,18336.57408
2008000184366,25,1,11460.3588
2008000184495,57,1,44771.80171
2008000184495,17,1,1298.840664
2008000186474,66,2,11001.94445
2008000190050,53,1,764.02392
2008000190050,53,1,25212.78936
2008000191001,47,1,36673.14816
2008000191001,4,0,-15279.71438
2008000191001,2,0,-15279.71438
2008000191001,23,1,26282.42285
2008000191110,59,1,87022.32449
2008000191110,60,2,21621.87694
2008000191377,88,2,31554.1879
2008000192336,50,1,38201.196
2008000192336,44,1,9932.31096
2008000192336,16,2,0
2008000192336,10,0,NA
2008000192898,58,1,76402.392
2008000192898,61,1,80222.5116
2008000193018,66,2,12988.40664
2008000193018,63,1,22874.87616
2008000193235,82,2,13523.22338
2008000200526,21,1,3056.09568
2008000200526,18,1,12759.19946
2008000200526,21,1,3056.09568
2008000201266,67,1,33082.23574
2008000201266,62,2,27963.27547
2008000202420,54,1,38201.196
2008000202420,43,1,26740.8372
2008000203117,44,2,7181.824848
2008000204343,25,1,19100.598
2008000204343,26,1,30560.9568
2008000204643,58,1,35145.10032
2008000204643,52,1,12988.40664
2008000204929,26,1,7640.2392
2008000208459,66,2,3797.198882
2008000208459,71,2,6417.800928
2008000209436,56,1,7640.2392
2008000210724,35,1,122243.8272
2008000210724,36,1,35297.9051
2008000210724,0,0,NA
2008000210826,54,1,26817.23959
2008000210826,65,2,13752.43056
2008000212183,82,2,20170.23149
2008000214954,63,1,8404.26312
2008000215333,42,1,44313.38736
2008000215333,45,1,53481.6744
2008000215744,30,1,57301.794
2008000215744,30,1,30560.9568
2008000215744,1,0,NA
2008000218975,78,2,16808.52624
2008000224800,53,1,38506.80557
2008000224800,10,0,NA
2008000224800,46,1,21851.08411
2008000225257,45,1,15280.4784
2008000225257,54,1,17572.55016
2008000225257,23,1,1222.438272
2008000226186,52,2,7334.629632
2008000226508,19,1,687.621528
2008000231223,36,1,45994.23998
2008000231223,33,1,26740.8372
2008000231223,2,0,-15279.71438
2008000232086,51,1,22920.7176
2008000232086,65,2,8862.677472
2008000234046,23,1,18183.7693
2008000234046,39,1,15356.88079
2008000236799,22,1,5959.386576
2008000236799,23,1,13064.80903
2008000238601,37,1,82514.58336
2008000238601,33,1,21392.66976
2008000239602,32,1,25365.59414
2008000239602,26,1,916.828704
2008000241675,26,2,0
2008000241675,39,1,8175.055944
2008000241675,7,0,-15279.71438
2008000241675,3,0,-15279.71438
2008000243319,53,1,17878.15973
2008000243319,21,1,16426.51428
2008000247029,50,1,29032.90896
2008000248671,56,2,4736.948304
2008000249000,29,1,382.01196
2008000250975,37,2,2674.08372
2008000250975,51,1,15051.27122
2008000250975,18,1,7563.836808
2008000252557,30,1,44336.30808
2008000253608,31,1,11460.3588
2008000269829,53,1,85035.8623
2008000270928,84,2,11154.74923
2008000273390,60,1,55162.52702
2008000273390,54,2,0
2008000273390,20,1,3820.1196
2008000273390,21,1,611.219136
2008000273390,54,2,0
2008000274941,57,1,5348.16744
2008000277165,58,2,5806.581792
2008000277165,56,1,11460.3588
2008000278374,42,2,305.609568
2008000278374,44,1,134086.198
2008000278374,13,0,NA
2008000278374,8,0,-15279.71438
2008000278374,4,0,-15279.71438
2008000280795,32,1,21392.66976
2008000280795,31,1,45841.4352
2008000280795,0,0,NA
2008000291407,60,2,26282.42285
2008000291435,43,1,47369.48304
2008000291435,32,1,22920.7176
2008000291435,1,0,NA
2008000291505,26,1,7716.641592
2008000291505,23,1,1222.438272
2008000296553,36,1,19100.598
2008000296553,34,1,3361.705248
2008000297686,34,1,14822.06405
2008000297686,32,1,8404.26312
2008000297686,2,0,-15279.71438
2008000297974,79,2,14669.25926
2008000297974,71,2,22233.09607
2008000298195,44,1,41257.29168
2008000298195,48,1,44313.38736
2008000298533,56,1,72582.2724
2008000299920,33,1,35909.12424
2008000299920,25,1,6035.788968
2008000300224,74,2,9932.31096
2008000300788,55,1,53481.6744
2008000300788,53,1,15280.4784
2008000300788,22,1,2292.07176
2008000301083,68,2,21392.66976
2008000303187,52,1,41257.29168
2008000303187,48,1,19100.598
2008000304091,47,1,71054.22456
2008000304091,48,1,2062.864584
2008000304091,19,1,244.4876544
2008000304091,19,2,0
2008000307420,30,1,38231.75696
2008000307420,34,1,14287.2473
2008000311131,55,2,5500.972224
2008000311612,24,1,53481.6744
2008000311612,30,1,53481.6744
2008000312426,47,1,10390.72531
2008000312426,50,1,48133.50696
2008000312426,16,2,0
2008000312426,11,0,NA
2008000312890,39,1,23990.35109
2008000312890,36,2,0
2008000312890,2,0,-15279.71438
2008000319941,66,2,33846.25966
2008000320121,58,1,18336.57408
2008000320121,15,0,4202.13156
2008000321628,33,1,10696.33488
2008000321628,8,0,-15279.71438
2008000321628,0,0,NA
2008000321628,32,1,9550.299
2008000321934,82,2,34686.68597
2008000321934,78,2,5882.984184
2008000322907,57,2,0
2008000322907,57,1,133704.186
2008000323908,37,1,25441.99654
2008000323908,35,1,42021.3156
2008000325109,35,1,48133.50696
2008000325109,33,1,47369.48304
2008000327991,60,1,45841.4352
2008000327991,61,1,22920.7176
2008000329922,76,2,3667.314816
2008000330900,51,1,36673.14816
2008000330900,45,2,1528.04784
2008000330900,11,0,NA
2008000332681,87,2,19100.598
2008000332681,88,2,6570.605712
2008000333827,49,1,28650.897
2008000333827,37,1,15280.4784
2008000333827,19,1,534.816744
2008000333827,17,2,0
2008000333827,14,0,NA
2008000333827,64,1,29796.93288
2008000340629,44,2,0
2008000340629,11,0,NA
2008000340629,7,0,-15279.71438
2008000341191,58,1,65262.92325
2008000346389,66,2,25976.81328
2008000348262,63,2,18336.57408
2008000348286,61,1,17496.14777
2008000349280,81,2,15127.67362
2008000353717,77,2,6417.800928
2008000353717,63,1,3438.10764
2008000355585,61,2,3056.09568
2008000355585,68,2,7372.830828
2008000356053,52,1,49715.03647
2008000356053,44,1,53481.6744
2008000356053,6,0,-15279.71438
2008000356584,59,1,53634.47918
2008000356584,65,2,0
2008000356584,29,2,0
2008000356584,22,1,3820.1196
2008000363603,28,1,13599.62578
2008000363603,25,1,17954.56212
2008000363603,3,0,-15279.71438
2008000363603,1,0,NA
2008000366299,51,2,2292.07176
2008000366446,67,2,19711.81714
2008000366446,67,2,15280.4784
2008000370242,35,1,38201.196
2008000370242,38,1,38201.196
2008000370393,34,1,13767.71104
2008000370393,33,1,39729.24384
2008000370393,13,0,NA
2008000370393,12,0,NA
2008000370393,10,0,NA
2008000370393,7,0,-15279.71438
2008000370393,6,0,-15279.71438
2008000370393,4,0,-15279.71438
2008000372778,45,1,42785.33952
2008000372778,51,1,13752.43056
2008000372778,19,1,15280.4784
2008000373808,26,1,7640.2392
2008000373808,33,2,198.6462192
2008000373808,26,1,19100.598
2008000378244,43,1,57301.794
2008000378244,34,1,26740.8372
2008000379018,67,2,7640.2392
2008000382987,40,1,9168.28704
2008000382987,1,0,NA
2008000382987,33,1,19024.19561
2008000383771,40,1,76402.392
2008000383771,40,1,24448.76544
2008000383771,7,0,-15279.71438
2008000383771,6,0,-15279.71438
2008000386570,56,2,0
2008000386570,57,1,30560.9568
2008000388346,86,2,10696.33488
2008000389659,68,2,5271.765048
2008000389659,73,2,10428.92651
2008000389659,47,1,6417.800928
2008000389659,26,1,17266.94059
2008000394617,31,1,15280.4784
2008000394796,27,1,3820.1196
2008000394796,28,2,0
2008000394796,27,2,0
2008000399828,77,2,38965.21992
2008000399828,70,2,3514.510032
2008000403299,36,1,16808.52624
2008000403299,37,1,38201.196
2008000403425,49,1,39729.24384
2008000403425,56,2,0
2008000403730,86,2,26404.66668
2008000404193,25,1,9168.28704
2008000404442,46,1,35909.12424
2008000404442,45,1,20628.64584
2008000404442,23,1,8175.055944
2008000410984,20,2,0
2008000413197,29,1,6341.398536
2008000413197,11,0,NA
2008000413197,8,0,-15279.71438
2008000414233,27,1,9397.494216
2008000414233,26,1,40722.47494
2008000417022,29,1,25212.78936
2008000417022,30,1,35145.10032
2008000423140,27,1,11460.3588
2008000423140,3,0,-15279.71438
2008000423140,2,0,-15279.71438
2008000423140,27,2,4584.14352
2008000423140,4,0,-15279.71438
2008000423140,3,0,-15279.71438
2008000423444,29,1,42785.33952
2008000423444,34,1,9168.28704
2008000425387,76,2,21010.6578
2008000425387,61,1,11460.3588
2008000425387,26,1,29147.51255
2008000425387,2,0,-15279.71438
2008000430280,51,1,14440.05209
2008000430280,52,1,27504.86112
2008000433709,27,1,3667.314816
2008000434639,33,1,19100.598
2008000434639,14,0,NA
2008000434639,10,0,NA
2008000436566,29,1,35145.10032
2008000439359,77,2,3667.314816
2008000439359,78,2,9244.689432
2008000439359,50,1,11307.55402
2008000439359,10,0,NA
2008000439446,35,1,26740.8372
2008000439446,34,2,6876.21528
2008000445163,29,1,29743.45121
2008000445163,29,1,59907.11557
2008000445163,3,0,-15279.71438
2008000445163,0,0,NA
2008000447679,63,1,53252.46722
2008000447679,58,1,458.414352
2008000447679,47,1,5730.1794
2008000447679,47,1,6876.21528
2008000447679,34,2,5806.581792
2008000448274,48,1,24448.76544
2008000450995,32,1,27504.86112
2008000450995,10,0,NA
2008000451172,71,2,27046.44677
2008000453741,49,1,27504.86112
2008000454576,51,1,51189.60264
2008000454576,7,0,-15279.71438
2008000456122,28,1,7640.2392
2008000456122,21,1,9168.28704
2008000457645,60,1,34381.0764
2008000462160,60,1,72582.2724
2008000462160,53,1,87862.7508
2008000463584,81,2,5500.972224
2008000466066,74,1,23226.32717
2008000466066,70,2,9168.28704
2008000469989,59,1,3820.1196
2008000469989,52,2,10619.93249
2008000477893,27,1,20628.64584
2008000477893,34,1,19100.598
2008000477893,29,1,19100.598
2008000479075,36,1,29796.93288
2008000479673,37,1,36673.14816
2008000479673,38,2,0
2008000479673,3,0,-15279.71438
2008000479673,1,0,NA
2008000480085,25,1,27504.86112
2008000480085,31,1,19100.598
2008000483473,27,1,35190.94176
2008000497357,20,1,5348.16744
2008000498319,20,1,1146.03588
2008000500276,75,2,14974.86883
2008000500276,65,2,4431.338736
2008000501830,70,2,5577.374616
2008000502911,69,2,6876.21528
2008000502911,52,1,11231.15162
2008000509137,34,1,17496.14777
2008000509137,25,1,26740.8372
2008000512431,72,2,54245.69832
2008000512431,69,2,12682.79707
2008000513633,35,1,4584.14352
2008000513633,29,1,9168.28704
2008000514722,76,2,35450.70989
2008000514722,76,2,9397.494216
2008000521303,24,2,0
2008000521303,35,1,9168.28704
2008000521303,6,0,-15279.71438
2008000521303,4,0,-15279.71438
2008000521303,3,0,-15279.71438
2008000522011,35,2,4584.14352
2008000522011,16,2,0
2008000522011,10,0,NA
2008000522011,37,2,0
2008000522827,50,1,38201.196
2008000524702,30,1,5118.960264
2008000524702,39,1,38965.21992
2008000525887,86,2,4660.545912
2008000526096,49,1,36673.14816
2008000526096,20,1,3056.09568
2008000528025,35,1,20552.24345
2008000528025,16,2,0
2008000530274,63,2,13752.43056
2008000536175,75,1,55009.72224
2008000536175,75,2,2674.08372
2008000536447,35,1,45841.4352
2008000536447,25,1,19864.62192
2008000536447,25,1,15280.4784
2008000537353,38,1,84042.6312
2008000537353,42,1,61121.9136
2008000538280,75,2,13676.02817
2008000538280,46,1,17954.56212
2008000539172,26,1,25976.81328
2008000539172,23,1,2292.07176
2008000541652,47,1,38965.21992
2008000541652,46,1,24448.76544
2008000546677,40,1,1986.462192
2008000546677,31,1,94738.96608
2008000546821,37,1,64942.0332
2008000546821,39,1,64942.0332
2008000546821,6,0,-15279.71438
2008000546821,6,0,-15279.71438
2008000547823,27,1,8404.26312
2008000551469,26,1,22920.7176
2008000551469,30,1,45841.4352
2008000552152,65,1,30866.56637
2008000552152,53,1,2750.486112
2008000552152,29,1,10085.11574
2008000552152,18,2,0
2008000552152,8,0,-15279.71438
2008000552656,20,1,10696.33488
2008000552656,1,0,NA
2008000552656,24,2,0
2008000555509,65,1,18030.96451
2008000555509,59,1,30560.9568
2008000561611,41,1,11460.3588
2008000561611,39,1,24448.76544
2008000561611,22,1,15280.4784
2008000561611,15,0,0
2008000562109,61,1,22920.7176
2008000562109,52,1,6112.19136
2008000562109,22,1,3820.1196
2008000562109,87,2,5806.581792
2008000564548,59,1,76402.392
2008000565147,43,2,0
2008000565453,30,1,43549.36344
2008000565453,30,1,33617.05248
2008000565722,27,1,15280.4784
2008000565722,31,1,687.621528
2008000565722,21,1,9932.31096
2008000566977,57,1,15509.68558
2008000567044,50,1,26740.8372
2008000569842,59,2,77930.43984
2008000573783,43,1,17572.55016
2008000573783,43,1,36061.92902
2008000573783,17,2,0
2008000573783,5,0,-15279.71438
2008000576956,24,1,16655.72146
2008000576956,6,0,-15279.71438
2008000576956,2,0,-15279.71438
2008000577835,45,1,73460.89991
2008000577835,50,1,16808.52624
2008000577835,14,0,NA
2008000577835,12,0,NA
2008000579113,28,1,53481.6744
2008000579113,27,1,24448.76544
2008000579978,44,1,6417.800928
2008000579978,50,1,20017.4267
2008000579978,15,0,0
2008000579978,8,0,-15279.71438
2008000579978,0,0,NA
2008000579978,2,0,-15279.71438
2008000579978,27,1,11689.56598
2008000579978,57,2,6723.410496
2008000579978,28,1,687.621528
2008000579978,27,1,19100.598
2008000579978,47,2,6112.19136
2008000581159,54,1,19100.598
2008000581159,39,1,13752.43056
2008000581159,19,1,6112.19136
2008000581159,16,2,0
2008000581159,4,0,-15279.71438
2008000581240,55,1,41333.69407
2008000581240,53,1,5730.1794
2008000581240,23,1,12224.38272
2008000581240,18,1,3208.900464
2008000581240,16,2,0
2008000581240,12,0,NA
2008000581240,82,2,15051.27122
2008000585354,76,2,4889.753088
2008000585354,75,2,8939.079864
2008000586407,39,1,39728.47982
2008000586407,39,1,54245.69832
2008000587829,35,1,35145.10032
2008000589187,83,2,13370.4186
2008000589755,34,1,99567.59725
2008000589755,33,2,0
2008000589755,6,0,-15279.71438
2008000589755,1,0,NA
2008000591303,80,2,77166.41592
2008000591303,72,2,11001.94445
2008000591997,66,1,22309.49846
2008000591997,58,1,75638.36808
2008000592167,33,1,82896.59532
2008000597631,18,1,3208.900464
2008000598566,51,1,33617.05248
2008000600879,16,1,3132.498072
2008000601488,45,1,8404.26312
2008000601982,25,1,11613.16358
2008000601982,22,1,20093.8291
2008000605342,61,2,18642.18365
2008000605342,65,2,78297.17132
2008000606595,81,2,10085.11574
2008000607361,22,1,4584.14352
2008000607361,23,1,6112.19136
2008000607361,22,1,1146.03588
2008000607361,21,1,2292.07176
2008000609645,53,2,0
2008000609645,54,1,13446.82099
2008000609645,21,1,19864.62192
2008000610479,30,1,22920.7176
2008000610479,32,1,32089.00464
2008000610479,1,0,NA
2008000610710,30,1,28910.66513
2008000614242,37,1,53481.6744
2008000614242,35,1,23684.74152
2008000614554,34,1,7640.2392
2008000614554,34,2,0
2008000614554,4,0,-15279.71438
2008000614554,1,0,NA
2008000616645,52,2,5959.386576
2008000619469,27,2,11460.3588
2008000619469,10,0,NA
2008000619469,8,0,-15279.71438
2008000619469,5,0,-15279.71438
2008000619469,3,0,-15279.71438
2008000619469,50,1,5959.386576
2008000621378,33,1,38201.196
2008000621378,34,1,33617.05248
2008000622678,64,2,83660.61924
2008000622678,58,2,0
2008000622890,27,1,34381.0764
2008000622890,24,1,22920.7176
2008000622967,55,1,43618.12559
2008000622967,7,0,-15279.71438
2008000622967,35,1,29796.93288
2008000623006,26,1,54245.69832
2008000623006,24,1,39729.24384
2008000625487,18,1,7640.2392
2008000626888,38,1,16808.52624
2008000626888,16,1,611.219136
2008000626888,43,1,29032.90896
2008000627153,80,2,38659.61035
2008000627153,71,2,1375.243056
2008000627153,45,1,2062.864584
2008000633324,43,1,34381.0764
2008000633324,44,1,19100.598
2008000633324,15,0,0
2008000633324,13,0,NA
2008000633493,87,2,25212.78936
2008000634477,40,1,12224.38272
2008000634486,44,1,34396.35688
2008000634486,12,0,NA
2008000635602,62,2,6112.19136
2008000635602,59,1,2674.08372
2008000636989,82,2,26129.61806
2008000636989,58,1,32700.22378
2008000640272,26,1,15280.4784
2008000640272,27,2,0
2008000640272,1,0,NA
2008000640272,20,2,0
2008000640969,51,1,21087.06019
2008000640969,44,1,17572.55016
2008000640969,23,2,0
2008000640969,21,1,3208.900464
2008000640969,15,0,0
2008000640969,13,0,NA
2008000642391,45,2,0
2008000642391,43,1,246779.7262
2008000642391,2,0,-15279.71438
2008000642391,6,0,-15279.71438
2008000642531,38,1,30560.9568
2008000642926,94,2,5730.1794
2008000643147,37,1,35909.12424
2008000643147,38,1,25212.78936
2008000644465,46,1,33846.25966
2008000644465,43,1,22920.7176
2008000644465,3,0,-15279.71438
2008000648260,48,2,24601.57022
2008000649619,81,2,36138.33142
2008000649798,36,1,28268.88504
2008000652161,43,1,22920.7176
2008000653599,37,1,28268.88504
2008000653599,33,1,9168.28704
2008000653599,13,0,NA
2008000656114,38,1,30560.9568
2008000656114,39,1,69526.17672
2008000657427,36,1,15280.4784
2008000657427,32,2,0
2008000657427,12,0,NA
2008000657427,9,0,-15279.71438
2008000657427,2,0,-15279.71438
2008000661713,47,1,26740.8372
2008000661713,46,1,91736.35207
2008000661713,13,0,NA
2008000661713,10,0,NA
2008000663300,71,2,10925.54206
2008000663552,24,1,30560.9568
2008000663552,22,1,7334.629632
2008000663552,24,1,9932.31096
2008000663566,68,1,75867.57526
2008000663566,24,1,15280.4784
2008000666787,34,1,40034.85341
2008000668841,39,2,3820.1196
2008000669510,59,1,12224.38272
2008000669510,54,1,9932.31096
2008000669516,74,2,13523.22338
2008000670300,68,1,18947.79322
2008000671973,38,1,16732.12385
2008000671973,26,1,18244.89121
2008000674198,29,1,9168.28704
2008000674198,28,2,12377.1875
2008000675409,22,1,15280.4784
2008000675409,24,1,4966.15548
2008000680491,72,2,12453.5899
2008000681649,30,1,32853.02856
2008000681649,0,0,NA
2008000681649,25,1,38201.196
2008000683709,26,1,10161.51814
2008000683991,44,1,31370.82216
2008000683991,57,1,29842.77432
2008000686013,30,1,30560.9568
2008000686013,30,1,29796.93288
2008000687647,34,1,25212.78936
2008000687647,34,1,57301.794
2008000687647,2,0,-15279.71438
2008000693417,59,2,11536.76119
2008000693417,37,1,21163.46258
2008000693724,27,1,38201.196
2008000693724,26,1,32089.00464
2008000694821,47,2,0
2008000695286,54,1,46758.2639
2008000699289,18,1,764.02392
2008000700788,40,1,40493.26776
2008000700788,46,1,49661.5548
2008000700788,1,0,NA
2008000701577,41,1,22920.7176
2008000701577,40,1,10696.33488
2008000704090,54,1,15280.4784
2008000707172,26,1,1528.04784
2008000707172,25,1,32853.02856
2008000708924,27,1,11460.3588
2008000708924,28,1,26740.8372
2008000709316,53,1,46529.05673
2008000709316,48,1,42021.3156
2008000709316,20,1,2674.08372
2008000709316,16,2,0
2008000709388,39,1,39729.24384
2008000709388,38,1,26129.61806
2008000709388,18,1,1146.03588
2008000709388,15,0,0
2008000717462,60,1,27504.86112
2008000717489,46,1,18336.57408
2008000717489,48,1,25976.81328
2008000724600,29,1,45841.4352
2008000724600,26,1,6876.21528
2008000724924,39,1,32853.02856
2008000724924,47,1,32853.02856
2008000727897,37,1,21407.95024
2008000728201,60,2,764.02392
2008000729344,20,1,3972.924384
2008000731786,26,1,38201.196
2008000731786,25,1,38201.196
2008000731958,29,1,7487.434416
2008000731958,27,1,9473.896608
2008000732122,50,1,18336.57408
2008000732122,47,1,61121.9136
2008000737265,38,1,75638.36808
2008000739928,65,1,48943.37232
2008000739928,71,2,49355.94523
2008000743581,37,1,36673.14816
2008000743581,37,1,19100.598
2008000743581,8,0,-15279.71438
2008000743581,2,0,-15279.71438
2008000746806,23,1,534.816744
2008000746806,30,1,30942.96876
2008000751055,50,1,28345.28743
2008000751055,56,1,18260.17169
2008000751055,18,2,0
2008000751055,35,1,16808.52624
2008000751055,18,1,1680.852624
2008000755200,48,1,26664.43481
2008000755200,47,2,0
2008000755200,14,0,NA
2008000755200,12,0,NA
2008000757198,24,1,19100.598
2008000757198,23,1,26740.8372
2008000757198,0,0,NA
2008000757814,89,2,6417.800928
2008000759671,50,1,44336.30808
2008000759671,41,1,10237.92053
2008000760028,25,1,4202.13156
2008000761779,55,1,99361.3108
2008000761779,53,1,16808.52624
2008000761779,24,2,0
2008000764330,63,1,22920.7176
2008000764330,62,1,14516.45448
2008000766230,29,1,29032.90896
2008000766230,33,1,1986.462192
2008000766230,4,0,-15279.71438
2008000769975,40,1,129884.0664
2008000769975,38,1,91682.8704
2008000771972,52,1,12606.39468
2008000771972,20,2,0
2008000774996,50,1,48133.50696
2008000774996,24,1,21545.47454
2008000775178,61,2,23761.14391
2008000775547,24,1,19100.598
2008000775547,2,0,-15279.71438
2008000775547,0,0,NA
2008000775547,19,2,0
2008000776317,35,1,9168.28704
2008000776317,14,0,NA
2008000776984,61,1,23363.85147
2008000780528,34,1,56002.95334
2008000780528,34,1,75638.36808
2008000781545,39,1,45856.71568
2008000781545,36,1,23379.13195
2008000781545,13,0,NA
2008000787415,49,1,58829.84184
2008000787415,55,1,21392.66976
2008000787415,18,1,5424.569832
2008000790423,65,1,35527.11228
2008000790423,40,2,7334.629632
2008000790423,38,1,1604.450232
2008000790423,3,0,-15279.71438
2008000790849,37,2,7334.629632
2008000790849,18,2,0
2008000790849,14,0,NA
2008000790849,11,0,NA
2008000790849,4,0,-15279.71438
2008000790849,0,0,NA
2008000793556,55,1,32089.00464
2008000793556,55,1,9168.28704
2008000793556,35,2,0
2008000793556,32,1,19329.80518
2008000793556,31,1,28268.88504
2008000793740,48,1,73117.08914
2008000793740,18,2,0
2008000793740,56,1,31477.7855
2008000798154,33,1,68074.53127
2008000801399,27,1,34381.0764
2008000801399,28,1,-7639.475176
2008000801399,0,0,NA
2008000804917,83,2,15586.08797
2008000805511,68,2,11001.94445
2008000806536,51,1,29567.7257
2008000807997,35,1,20475.84106
2008000807997,36,1,9091.884648
2008000809196,25,1,19482.60996
2008000811016,18,2,3.05609568
2008000811585,35,1,22920.7176
2008000811585,35,1,31324.98072
2008000811585,6,0,-15279.71438
2008000811585,1,0,NA
2008000812638,54,1,32089.00464
2008000812638,41,1,42785.33952
2008000812638,11,0,NA
2008000812638,10,0,NA
2008000812638,9,0,-15279.71438
2008000815510,50,2,5882.984184
2008000815510,58,2,11460.3588
2008000816867,56,1,107880.1775
2008000816867,55,2,0
2008000817679,28,1,22920.7176
2008000821664,74,2,12147.98033
2008000821664,69,2,10849.13966
2008000821664,8,0,-15279.71438
2008000822320,61,2,0
2008000822320,28,2,0
2008000822320,23,1,19100.598
2008000825099,20,2,175.7255016
2008000825099,2,0,-15279.71438
2008000825099,23,1,7640.2392
2008000825297,44,1,70343.68231
2008000826209,44,1,27504.86112
2008000826209,68,1,31783.39507
2008000826593,36,1,33617.05248
2008000826593,38,1,4584.14352
2008000826593,1,0,NA
2008000832488,36,1,15662.49036
2008000832488,30,1,7181.824848
2008000832488,11,0,NA
2008000832488,8,0,-15279.71438
2008000832488,5,0,-15279.71438
2008000832805,84,2,840.426312
2008000837244,75,2,11001.94445
2008000837933,64,1,16273.7095
2008000837933,66,1,30560.9568
2008000839882,29,1,14096.24132
2008000839882,33,1,26740.8372
2008000839882,33,1,26053.21567
2008000839882,29,2,0
2008000844906,34,2,141344.4252
2008000845854,31,1,12354.26679
2008000845854,29,1,25059.98458
2008000845854,1,0,NA
2008000845872,85,2,916.828704
2008000845872,84,2,4584.14352
2008000848463,58,2,15815.29514
2008000849773,31,1,30484.55441
2008000849773,28,1,5348.16744
2008000852624,24,1,27504.86112
2008000852735,59,1,66470.08104
2008000855173,29,1,33235.04052
2008000855173,25,1,45841.4352
2008000857476,54,1,37437.17208
2008000857476,21,1,19864.62192
2008000857858,56,1,25976.81328
2008000862506,23,1,1528.04784
2008000862506,25,1,267.408372
2008000862506,23,1,4584.14352
2008000862506,22,1,5348.16744
2008000862506,21,1,458.414352
2008000862987,41,2,8557.067904
2008000862999,54,2,0
2008000862999,54,1,49661.5548
2008000862999,24,2,5500.972224
2008000862999,15,0,0
2008000862999,11,0,NA
2008000865088,58,2,45841.4352
2008000865088,61,2,343.810764
2008000867073,56,1,30560.9568
2008000867073,56,1,30560.9568
2008000867640,72,2,3590.912424
2008000867640,61,1,16044.50232
2008000867640,28,1,17572.55016
2008000867640,13,0,NA
2008000868661,32,1,27268.0137
2008000869566,65,1,66852.093
2008000869566,63,1,41410.09646
2008000876648,44,2,6264.996144
2008000879609,44,1,84042.6312
2008000879609,45,1,25976.81328
2008000879609,15,0,0
2008000879609,15,0,0
2008000879921,50,2,3208.900464
2008000885692,29,1,45841.4352
2008000885692,30,1,11460.3588
2008000885692,0,0,NA
2008000886285,53,1,45841.4352
2008000888381,38,1,2750.486112
2008000889239,26,1,51808.46202
2008000889239,26,1,21774.68172
2008000889734,56,1,30178.94484
2008000889734,54,1,15280.4784
2008000893335,59,1,22615.10803
2008000894465,34,1,23302.72956
2008000894465,34,1,35909.12424
2008000894465,6,0,-15279.71438
2008000894465,3,0,-15279.71438
2008000899754,82,2,16426.51428
2008000899754,82,2,5348.16744
2008000900015,36,1,35527.11228
2008000900015,30,1,34381.0764
2008000901651,51,2,0
2008000901651,54,1,53512.23536
2008000902226,62,1,44313.38736
2008000902226,62,1,36673.14816
2008000902667,45,1,6035.788968
2008000904188,25,1,17190.5382
2008000904188,26,1,11460.3588
2008000904395,40,1,37819.18404
2008000904395,14,0,NA
2008000904395,13,0,NA
2008000909812,60,1,35145.10032
2008000916555,26,2,0
2008000916555,24,1,4202.13156
2008000916555,20,1,4660.545912
2008000917471,36,1,49661.5548
2008000917471,31,1,30560.9568
2008000917498,90,2,45612.22802
2008000917498,88,2,41486.49886
2008000920073,65,1,31332.62096
2008000922645,28,1,76440.5932
2008000922645,30,1,72582.2724
2008000923048,37,2,0
2008000923120,55,1,45856.71568
2008000923120,53,2,0
2008000923879,86,2,17496.14777
2008000925276,25,1,3056.09568
2008000927385,56,1,17190.5382
2008000931042,79,2,7793.043984
2008000931042,49,2,7640.2392
2008000934980,46,1,4889.753088
2008000941527,58,1,21392.66976
2008000944044,46,2,0
2008000944044,44,1,246779.7262
2008000944044,15,0,0
2008000947165,90,2,21316.26737
2008000947430,61,1,14669.25926
2008000947430,45,1,38201.196
2008000950872,59,1,19100.598
2008000950872,43,1,26740.8372
2008000951891,52,1,15433.28318
2008000953855,42,1,38201.196
2008000953855,64,2,4966.15548
2008000953855,50,1,22920.7176
2008000953952,62,2,5821.86227
2008000953952,32,1,32853.02856
2008000954062,20,1,4966.15548
2008000954062,21,1,27352.05634
2008000954062,20,1,1528.04784
2008000954062,20,1,1528.04784
2008000954974,51,1,71054.22456
2008000956231,66,1,50119.96915
2008000956231,54,2,0
2008000959860,78,2,13782.99152
2008000960129,51,1,19024.19561
2008000962379,71,2,33464.2477
2008000962379,71,2,5577.374616
2008000964955,35,1,35909.12424
2008000964955,7,0,-15279.71438
2008000965420,62,2,5821.86227
2008000965420,39,2,8480.665512
2008000965448,31,1,15280.4784
2008000965448,54,1,2101.06578
2008000965470,49,1,29414.92092
2008000965470,19,1,3820.1196
2008000965470,17,1,1375.243056
2008000967543,30,1,11154.74923
2008000967543,9,0,-15279.71438
2008000967543,5,0,-15279.71438
2008000971478,51,1,53481.6744
2008000971971,38,1,4049.326776
2008000971971,17,2,0
2008000973944,49,1,41639.30364
2008000973944,12,0,NA
2008000975888,38,2,14210.84491
2008000975888,32,1,11460.3588
2008000975888,7,0,-15279.71438
2008000975888,1,0,NA
2008000975888,60,2,0
2008000977974,28,1,35145.10032
2008000977974,28,1,36673.14816
2008000983494,38,1,30560.9568
2008000983494,39,1,15280.4784
2008000983494,2,0,-15279.71438
2008000987291,27,1,16808.52624
2008000987291,28,1,17572.55016
2008000989986,30,2,0
2008000989986,26,1,24448.76544
2008000994063,40,1,22920.7176
2008000994063,39,1,3438.10764
2008000994063,7,0,-15279.71438
2008000994063,5,0,-15279.71438
2008000994791,29,1,84042.6312
2008000994791,2,0,-15279.71438
2008000994791,31,1,14287.2473
2008000996207,57,1,59593.86576
2008000996207,56,1,20628.64584
2008000998648,30,1,12377.1875
2008000999107,70,2,6417.800928
2008001001006,29,1,23371.49171
2008001001006,32,1,51197.24288
2008001004194,34,1,33387.8453
2008001004194,33,1,15815.29514
2008001006163,52,2,13614.90625
2008001007920,33,1,16502.91667
2008001007920,14,0,NA
2008001007920,10,0,NA
2008001007920,9,0,-15279.71438
2008001008248,34,2,0
2008001008248,34,1,30560.9568
2008001008248,4,0,-15279.71438
2008001008369,79,2,7334.629632
2008001012922,36,1,45917.83759
2008001014930,71,2,11215.87115
2008001015031,28,1,9168.28704
2008001015031,23,1,30560.9568
2008001015031,6,0,-15279.71438
2008001015031,0,0,NA
2008001016546,44,1,53634.47918
2008001016546,40,1,18107.3669
2008001024537,55,1,44313.38736
2008001024537,55,2,0
2008001024537,23,1,1298.840664
2008001025572,48,1,5348.16744
2008001025572,53,1,19864.62192
2008001025572,11,0,NA
2008001025572,8,0,-15279.71438
2008001026442,35,1,36673.14816
2008001026442,38,1,56232.16051
2008001026442,1,0,NA
2008001027303,66,2,11460.3588
2008001027303,65,2,4584.14352
2008001027303,43,1,45841.4352
2008001027303,20,1,6876.21528
2008001027303,20,2,0
2008001027303,18,1,3056.09568
2008001028645,33,1,44313.38736
2008001034139,39,1,1910.0598
2008001034139,43,1,28268.88504
2008001034818,43,1,80222.5116
2008001034818,6,0,-15279.71438
2008001034818,41,1,54322.10071
2008001035788,68,2,47522.28782
2008001036869,51,1,9168.28704
2008001036869,47,1,6112.19136
2008001045637,75,2,0
2008001045637,74,2,28116.08026
2008001046998,24,1,18336.57408
2008001046998,2,0,-15279.71438
2008001046998,24,2,840.426312
2008001054901,53,1,29185.71374
2008001056065,55,2,0
2008001056065,56,1,68532.94562
2008001061496,54,1,45841.4352
2008001061762,27,1,16350.11189
2008001061762,25,1,13981.63774
2008001061762,1,0,NA
2008001062221,51,1,11460.3588
2008001062221,14,0,NA
2008001062221,44,1,7258.22724
2008001062279,55,1,15616.64892
2008001062279,52,2,4049.326776
2008001063721,38,1,53756.72301
2008001063721,37,2,0
2008001063721,8,0,-15279.71438
2008001063721,4,0,-15279.71438
2008001063721,1,0,NA
2008001063779,44,1,85570.67904
2008001063779,44,1,53481.6744
2008001065295,57,1,28268.88504
2008001065295,59,1,19100.598
2008001065295,45,1,64942.0332
2008001065413,42,2,0
2008001065413,42,1,116131.6358
2008001065413,9,0,-15279.71438
2008001065787,59,1,70060.99346
2008001067814,85,2,12682.79707
2008001068350,50,1,8175.055944
2008001068350,59,2,0
2008001068350,29,1,458.414352
2008001068350,10,0,NA
2008001068350,7,0,-15279.71438
2008001068350,3,0,-15279.71438
2008001068350,35,1,4316.735148
2008001068852,62,1,137524.3056
2008001069067,52,1,22156.69368
2008001069067,51,1,45841.4352
2008001069067,53,1,47369.48304
2008001071968,29,1,44313.38736
2008001080372,40,1,41180.88929
2008001080372,5,0,-15279.71438
2008001080914,56,1,36673.14816
2008001081019,36,1,45841.4352
2008001082306,63,1,56537.77008
2008001082459,51,1,62344.35187
2008001083307,51,1,16350.11189
2008001083307,49,1,14516.45448
2008001084798,42,1,10925.54206
2008001084798,37,1,13828.83295
2008001084961,52,1,22920.7176
2008001091290,20,1,6876.21528
2008001093438,39,1,32089.00464
2008001093438,14,0,NA
2008001093438,12,0,NA
2008001093438,6,0,-15279.71438
2008001093663,24,1,23837.5463
2008001094651,83,2,6035.788968
2008001094939,33,1,38201.196
2008001094939,27,1,23684.74152
2008001099944,34,1,38965.21992
2008001100281,18,2,343.810764
2008001103059,51,1,49661.5548
2008001104777,82,2,7334.629632
2008001104972,52,1,6112.19136
2008001111942,37,1,21614.2367
2008001111942,68,2,0
2008001111942,62,2,22.9207176
2008001112682,44,1,22920.7176
2008001112682,51,1,18947.79322
2008001114197,80,2,6876.21528
2008001117579,73,2,16426.51428
2008001117579,75,2,8557.067904
2008001117697,29,1,11460.3588
2008001117697,28,1,9168.28704
2008001120338,38,2,9366.933259
2008001121443,53,1,38201.196
2008001121443,52,1,42021.3156
2008001121443,16,2,0
2008001121443,13,0,NA
2008001121598,73,1,31477.7855
2008001121598,40,1,14363.6497
2008001123526,83,2,27504.86112
2008001123526,78,2,11460.3588
2008001126029,74,2,33235.04052
2008001128924,54,1,382.01196
2008001128924,59,1,51953.62656
2008001129071,68,2,37055.16012
2008001130096,50,2,0
2008001130904,44,1,79305.6829
2008001130904,36,1,61121.9136
2008001130904,8,0,-15279.71438
2008001131318,24,2,0
2008001131318,0,0,NA
2008001131318,35,1,13370.4186
2008001134844,40,1,53481.6744
2008001134844,39,1,9168.28704
2008001138363,29,1,2292.07176
2008001138363,29,1,15280.4784
2008001138363,24,1,21392.66976
2008001141123,80,1,33541.41411
2008001142227,37,1,273520.5634
2008001142227,38,2,0
2008001142227,4,0,-15279.71438
2008001142227,2,0,-15279.71438
2008001150493,47,1,57324.71472
2008001152904,36,1,-15278.95035
2008001152904,40,2,0
2008001152904,4,0,-15279.71438
2008001152904,0,0,NA
2008001152904,34,1,22920.7176
2008001157632,36,1,38201.196
2008001157632,31,1,34381.0764
2008001159733,53,1,43289.59531
2008001165156,53,1,15280.4784
2008001167570,50,1,31706.99268
2008001167570,55,1,30560.9568
2008001169227,52,1,13752.43056
2008001169904,38,2,0
2008001169904,33,1,71856.44968
2008001174294,53,1,36825.95294
2008001174294,20,1,17878.15973
2008001174294,28,1,25212.78936
2008001175438,30,1,36673.14816
2008001175438,30,2,0
2008001175438,13,0,NA
2008001175438,7,0,-15279.71438
2008001175441,43,1,32089.00464
2008001175441,38,1,30560.9568
2008001175441,41,1,30560.9568
2008001179760,36,1,19123.51872
2008001179760,42,1,12988.40664
2008001179760,10,0,NA
2008001179760,4,0,-15279.71438
2008001180016,57,1,14249.04611
2008001180106,30,1,18336.57408
2008001180106,32,2,0
2008001180106,0,0,NA
2008001182177,57,2,17266.94059
2008001189385,43,1,30049.06077
2008001189385,37,1,20628.64584
2008001194491,45,1,3193.619986
2008001194491,37,1,18336.57408
2008001195383,25,1,11689.56598
2008001195383,25,1,21010.6578
2008001199782,58,1,2292.07176
2008001199782,53,1,38124.79361
2008001201199,77,2,5730.1794
2008001203216,77,2,29858.05479
2008001203216,77,2,1986.462192
2008001208703,70,2,0
2008001208703,69,1,23837.5463
2008001215577,48,1,32089.00464
2008001215577,41,2,0
2008001215577,13,0,NA
2008001215577,7,0,-15279.71438
2008001218118,74,1,28971.78705
2008001218118,70,2,6341.398536
2008001220616,55,1,15280.4784
2008001220616,19,1,5730.1794
2008001226842,60,1,45444.14276
2008001226842,59,2,0
2008001230455,43,1,152040.7601
2008001230455,11,0,NA
2008001230455,9,0,-15279.71438
2008001230455,42,1,22538.70564
2008001230455,10,0,NA
2008001230455,7,0,-15279.71438
2008001232120,43,1,5562.094138
2008001234029,59,1,5500.972224
2008001234029,55,1,45230.21606
2008001236004,71,2,8022.25116
2008001236004,55,2,14058.04013
2008001236004,54,2,0
2008001237850,60,2,27504.86112
2008001237850,52,1,31859.79746
2008001241251,57,1,19864.62192
2008001241251,60,2,0
2008001243799,29,1,42059.5168
2008001243799,29,1,37131.56251
2008001244900,31,1,38506.80557
2008001244900,31,1,53481.6744
2008001246533,55,1,21392.66976
2008001246533,49,1,42021.3156
2008001246533,16,2,0
2008001246533,14,0,NA
2008001253428,53,1,19100.598
2008001253428,56,1,19100.598
2008001253428,17,2,0
2008001256420,33,1,48133.50696
2008001256420,33,1,43549.36344
2008001258960,31,1,36673.14816
2008001258960,34,1,24448.76544
2008001261077,84,2,7793.043984
2008001263350,26,1,9168.28704
2008001266542,38,1,78694.46376
2008001267555,29,1,3056.09568
2008001267555,36,1,20628.64584
2008001267555,34,1,1528.04784
2008001267555,28,1,14516.45448
2008001267555,21,1,19895.18288
2008001272003,67,2,9168.28704
2008001272594,64,2,29032.90896
2008001272594,61,2,22691.51042
2008001277565,42,1,57301.794
2008001277565,50,1,6112.19136
2008001277565,11,0,NA
2008001277565,6,0,-15279.71438
2008001288055,69,2,24830.7774
2008001288055,54,1,5500.972224
2008001289222,56,1,35985.52663
2008001289222,57,2,0
2008001291655,47,1,76402.392
2008001291655,47,1,15280.4784
2008001291655,17,2,0
2008001291655,16,2,0
2008001291655,15,0,0
2008001293222,49,1,45077.41128
2008001293222,50,1,7640.2392
2008001294214,65,1,76402.392
2008001299093,54,1,18107.3669
2008001299093,25,2,0
2008001299114,64,1,50807.59068
2008001302284,36,1,18489.37886
2008001302284,36,1,36673.14816
2008001302284,14,0,NA
2008001302284,11,0,NA
2008001302284,10,0,NA
2008001302284,6,0,-15279.71438
2008001304345,94,2,16502.91667
2008001304488,33,1,15280.4784
2008001304488,6,0,-15279.71438
2008001315020,49,1,31324.98072
2008001315020,49,1,40493.26776
2008001315020,22,1,2903.290896
2008001319511,69,2,9168.28704
2008001319511,27,1,16120.90471
2008001323847,49,1,18336.57408
2008001324259,19,2,0
2008001325267,78,2,29796.93288
2008001329130,39,1,38201.196
2008001329130,45,1,6723.410496
2008001329130,5,0,-15279.71438
2008001329130,2,0,-15279.71438
2008001329282,50,1,36673.14816
2008001329282,53,1,27504.86112
2008001329586,37,1,11460.3588
2008001329586,30,1,2292.07176
2008001329586,4,0,-15279.71438
2008001329586,2,0,-15279.71438
2008001335349,74,2,16808.52624
2008001335349,65,2,6417.800928
2008001335991,19,1,2444.876544
2008001338993,32,1,30178.94484
2008001338993,27,1,21774.68172
2008001339678,85,2,7945.848768
2008001345277,57,2,16502.91667
2008001346707,60,2,5500.972224
2008001349361,39,1,47369.48304
2008001349361,14,0,NA
2008001364299,61,2,35221.50271
2008001364299,57,1,3056.09568
2008001368978,44,1,36978.75773
2008001371595,53,1,26740.8372
2008001371595,51,1,16044.50232
2008001371595,20,1,3056.09568
2008001372323,73,2,6570.605712
2008001375352,94,2,23379.13195
2008001375352,60,2,23837.5463
2008001377627,24,1,18718.58604
2008001377627,25,1,19482.60996
2008001377627,23,1,19100.598
2008001378996,24,1,22920.7176
2008001378996,24,1,22538.70564
2008001378996,24,1,12988.40664
2008001378996,20,1,22920.7176
2008001379239,64,1,17266.94059
2008001379239,45,1,18336.57408
2008001384376,47,1,7640.2392
2008001384376,18,1,5348.16744
2008001384376,17,2,0
2008001384376,14,0,NA
2008001384376,66,2,14210.84491
2008001384448,33,1,108491.3966
2008001384448,27,1,3590.912424
2008001387493,43,1,34763.08836
2009000001326,23,1,26740.8372
2009000001326,23,1,19864.62192
2009000002836,69,2,14898.46644
2009000003437,46,1,24448.76544
2009000004149,39,1,241125.9492
2009000004149,29,1,9091.884648
2009000004149,0,0,NA
2009000004566,38,2,4125.729168
2009000004566,13,0,NA
2009000006524,46,2,6188.593752
2009000006524,42,1,34533.88118
2009000006524,5,0,-15279.71438
2009000006524,28,1,15280.4784
2009000006524,11,0,NA
2009000007911,34,1,14516.45448
2009000011175,35,1,100851.1574
2009000011175,32,1,45077.41128
2009000011175,2,0,-15279.71438
2009000012423,35,1,16808.52624
2009000013670,83,2,20705.04823
2009000013670,80,2,5271.765048
2009000019520,62,1,18336.57408
2009000019520,61,1,24448.76544
2009000020518,23,1,1176.596837
2009000020518,24,1,4584.14352
2009000022832,57,2,4813.350696
2009000024211,58,1,81292.14509
2009000025373,31,1,53481.6744
2009000025619,33,1,19100.598
2009000025619,4,0,-15279.71438
2009000025619,45,1,42021.3156
2009000025619,15,0,0
2009000025619,4,0,-15279.71438
2009000025619,1,0,NA
2009000025751,63,2,32471.0166
2009000025751,61,1,12010.45602
2009000025789,33,1,75638.36808
2009000025789,33,1,45077.41128
2009000034996,42,1,23684.74152
2009000034996,54,1,23531.93674
2009000037086,59,1,13752.43056
2009000037086,62,2,0
2009000037426,50,1,5118.960264
2009000037426,59,1,5118.960264
2009000037426,8,0,-15279.71438
2009000039894,69,2,8939.079864
2009000041197,28,1,29185.71374
2009000044323,30,1,53481.6744
2009000044323,30,1,21392.66976
2009000044323,1,0,NA
2009000044820,41,1,11154.74923
2009000045683,42,1,72597.55288
2009000045683,52,1,1833.657408
2009000046718,76,2,4813.350696
2009000048552,90,2,33235.04052
2009000049034,85,2,28116.08026
2009000052802,88,2,10467.1277
2009000054849,62,2,18794.98843
2009000058546,39,1,34381.0764
2009000058546,40,1,56537.77008
2009000058546,11,0,NA
2009000063666,30,1,15891.69754
2009000066076,56,1,-6799.812888
2009000066076,54,1,6952.617672
2009000066932,53,1,26740.8372
2009000066932,24,2,0
2009000072807,56,1,34381.0764
2009000072807,61,1,12300.78511
2009000072807,38,2,11001.94445
2009000074496,34,1,21392.66976
2009000074496,10,0,NA
2009000074496,8,0,-15279.71438
2009000074496,21,1,4584.14352
2009000075563,66,1,50425.57872
2009000075563,58,2,6647.008104
2009000076090,50,1,27504.86112
2009000076090,48,1,13523.22338
2009000076090,20,1,14516.45448
2009000077272,29,1,19864.62192
2009000077272,26,1,29796.93288
2009000080096,42,1,36673.14816
2009000082336,57,2,45.8414352
2009000082336,55,1,33999.06444
2009000082396,46,1,56537.77008
2009000082396,49,1,31401.38311
2009000082396,15,0,0
2009000082396,12,0,NA
2009000083355,66,2,13599.62578
2009000084075,32,1,764.02392
2009000084075,37,1,6112.19136
2009000084075,34,1,30560.9568
2009000085136,55,2,9023.122495
2009000089635,57,1,76402.392
2009000092031,33,2,0
2009000092031,33,1,29796.93288
2009000092031,1,0,NA
2009000092031,1,0,NA
2009000093508,82,2,3820.1196
2009000099152,29,1,13217.61382
2009000099152,9,0,-15279.71438
2009000099152,1,0,NA
2009000099152,24,1,13217.61382
2009000099152,28,2,0
2009000108137,40,1,34381.0764
2009000108137,41,1,42021.3156
2009000108242,24,1,16426.51428
2009000108362,47,1,30560.9568
2009000108362,44,1,32868.30904
2009000113205,69,1,7869.446376
2009000115137,54,1,17266.94059
2009000115414,53,2,7945.848768
2009000115677,41,1,148984.6644
2009000115677,37,1,71054.22456
2009000115677,69,2,0
2009000118837,20,2,4889.753088
2009000118837,23,1,11689.56598
2009000121024,22,1,1069.633488
2009000121819,87,2,45841.4352
2009000121819,83,2,4584.14352
2009000122105,42,1,21774.68172
2009000122105,18,2,0
2009000122105,46,1,511.8960264
2009000124578,56,2,45841.4352
2009000124578,55,1,45879.6364
2009000124947,43,1,19864.62192
2009000126483,43,1,26740.8372
2009000126483,43,1,764.02392
2009000126483,19,1,7640.2392
2009000126483,18,1,764.02392
2009000126483,14,0,NA
2009000132369,46,1,15280.4784
2009000132369,40,1,18336.57408
2009000132369,17,2,0
2009000132369,13,0,NA
2009000136112,80,2,31324.98072
2009000136821,42,1,46834.6663
2009000136821,35,1,78923.67094
2009000136821,3,0,-15279.71438
2009000136821,0,0,NA
2009000137570,68,2,12529.99229
2009000141131,83,2,17954.56212
2009000143592,82,2,54551.30789
2009000143592,78,2,41868.51082
2009000146522,33,1,59593.86576
2009000146522,36,1,1528.04784
2009000147173,57,1,34381.0764
2009000147173,57,1,26740.8372
2009000151240,93,2,11231.15162
2009000153180,22,1,9932.31096
2009000153180,26,1,8404.26312
2009000160180,46,1,27886.87308
2009000160180,50,1,85570.67904
2009000162453,30,1,13271.09549
2009000163899,44,1,19864.62192
2009000163899,49,1,26740.8372
2009000163899,13,0,NA
2009000163899,26,1,76.402392
2009000164318,26,1,7487.434416
2009000167284,31,1,68762.1528
2009000167284,30,2,0
2009000167522,21,1,13752.43056
2009000167522,22,1,2368.474152
2009000169047,26,1,21163.46258
2009000169047,28,1,18718.58604
2009000171826,36,1,24448.76544
2009000171826,33,1,22920.7176
2009000172103,29,1,2826.888504
2009000172103,29,1,34839.49075
2009000172336,54,2,21239.86498
2009000172336,47,1,12606.39468
2009000172336,25,2,0
2009000172336,23,2,0
2009000172614,58,1,45841.4352
2009000174748,29,1,25594.80132
2009000179750,57,1,60205.0849
2009000179750,59,1,23684.74152
2009000179750,56,2,1451.645448
2009000188108,48,1,38201.196
2009000188108,21,1,7640.2392
2009000188108,38,1,15280.4784
2009000188129,72,2,12224.38272
2009000188129,66,2,5271.765048
2009000189069,56,1,35909.12424
2009000189069,49,2,12224.38272
2009000189069,22,1,5653.777008
2009000189799,37,1,52488.4433
2009000189799,38,1,61121.9136
2009000190908,36,1,61885.93752
2009000190908,35,1,31401.38311
2009000191364,49,1,6494.20332
2009000191364,49,1,65247.64277
2009000191364,13,0,NA
2009000194591,27,2,0
2009000194591,37,1,18336.57408
2009000194591,9,0,-15279.71438
2009000194591,6,0,-15279.71438
2009000194591,2,0,-15279.71438
2009000194591,1,0,NA
2009000194591,27,2,0
2009000195446,58,2,9703.103784
2009000197708,26,1,74110.32024
2009000197708,26,1,21392.66976
2009000200278,30,1,5348.16744
2009000201842,48,1,45.8414352
2009000202095,24,1,7640.2392
2009000202095,4,0,-15279.71438
2009000202095,2,0,-15279.71438
2009000202095,21,1,6876.21528
2009000202649,46,1,27504.86112
2009000202649,50,1,58829.84184
2009000202649,22,1,9168.28704
2009000202960,33,1,12835.60186
2009000202960,33,1,22920.7176
2009000205193,65,2,9855.908568
2009000205193,69,2,43167.35148
2009000205354,53,1,32089.00464
2009000208265,30,1,45841.4352
2009000208265,24,1,34381.0764
2009000208984,38,1,99323.1096
2009000208984,39,1,12300.78511
2009000208984,1,0,NA
2009000209318,43,1,38216.47648
2009000210775,58,1,26740.8372
2009000210775,48,1,29796.93288
2009000210775,84,2,4125.729168
2009000210775,16,1,679.9812888
2009000210775,12,0,NA
2009000213610,38,1,63413.98536
2009000213610,38,1,34381.0764
2009000213610,11,0,NA
2009000213610,10,0,NA
2009000217298,43,1,27125.90526
2009000217397,38,1,33620.10858
2009000220905,56,1,31324.98072
2009000220905,70,1,29873.33527
2009000221214,66,1,2444.876544
2009000221214,64,1,11170.02971
2009000221385,39,1,63337.58297
2009000221385,35,1,38201.196
2009000222960,30,1,10696.33488
2009000222960,67,2,0
2009000222960,67,2,0
2009000231554,31,1,25212.78936
2009000231554,31,1,26740.8372
2009000232845,59,1,4507.741128
2009000241768,37,1,9168.28704
2009000241768,45,2,0
2009000241768,21,1,36673.14816
2009000242351,62,1,8251.458336
2009000246458,42,1,30560.9568
2009000246458,12,0,NA
2009000246458,10,0,NA
2009000246458,6,0,-15279.71438
2009000249331,28,1,32944.71143
2009000250038,83,2,17878.15973
2009000250038,58,1,28650.897
2009000251861,36,1,10696.33488
2009000251861,36,1,24448.76544
2009000251861,0,0,NA
2009000251861,0,0,NA
2009000253470,30,1,22920.7176
2009000253470,28,1,18336.57408
2009000253470,27,1,12224.38272
2009000257938,55,1,34763.08836
2009000257938,40,1,10696.33488
2009000258782,41,1,49126.73806
2009000259355,52,1,32967.63215
2009000260404,24,2,7334.629632
2009000260404,25,1,8939.079864
2009000263602,42,1,11460.3588
2009000263602,45,1,19864.62192
2009000266779,33,1,49661.5548
2009000266779,26,1,1298.840664
2009000268432,29,1,9550.299
2009000268432,31,1,23684.74152
2009000271543,31,1,22920.7176
2009000271543,29,1,29796.93288
2009000271543,30,1,26740.8372
2009000271543,34,1,15280.4784
2009000273630,79,2,12071.57794
2009000276272,25,1,25136.38697
2009000276272,30,1,26740.8372
2009000277916,25,1,5500.972224
2009000277916,19,2,0
2009000277916,42,2,6112.19136
2009000277916,29,1,14745.66166
2009000279676,54,2,1252.999229
2009000279676,59,1,19108.23824
2009000279676,39,1,12224.38272
2009000280815,38,1,15280.4784
2009000282562,51,1,76784.40396
2009000282562,55,2,382.01196
2009000286947,48,2,7334.629632
2009000292196,36,1,68762.1528
2009000292196,28,1,764.02392
2009000292334,32,1,33617.05248
2009000292334,37,1,10696.33488
2009000296581,42,1,71818.24848
2009000296581,43,2,18336.57408
2009000296581,14,0,NA
2009000297226,25,1,13755.48666
2009000297226,25,1,25976.81328
2009000299397,81,2,74874.34416
2009000299397,78,2,4584.14352
2009000302547,56,1,39729.24384
2009000302547,51,1,38201.196
2009000303206,51,2,14669.25926
2009000303206,30,1,16655.72146
2009000308597,71,2,15891.69754
2009000313885,39,1,53558.07679
2009000313885,9,0,-15279.71438
2009000313885,4,0,-15279.71438
2009000313885,38,1,18336.57408
2009000316620,36,1,66470.08104
2009000316620,36,1,13752.43056
2009000318233,34,2,0
2009000318233,43,1,69144.16476
2009000318233,3,0,-15279.71438
2009000318233,0,0,NA
2009000325449,33,1,30560.9568
2009000325449,31,1,9168.28704
2009000325449,2,0,-15279.71438
2009000326899,65,1,32089.00464
2009000326899,63,2,0
2009000330816,54,1,54360.30191
2009000331607,35,1,14516.45448
2009000331607,25,1,9932.31096
2009000331654,57,2,44313.38736
2009000332243,37,2,5577.374616
2009000333897,56,1,14516.45448
2009000336057,55,1,33617.05248
2009000338586,59,1,16502.91667
2009000338586,59,1,22080.29129
2009000338586,26,2,11536.76119
2009000338586,21,1,6112.19136
2009000338586,18,2,0
2009000338586,28,1,28650.897
2009000338586,9,0,-15279.71438
2009000338586,39,1,8022.25116
2009000340899,35,2,0
2009000340899,42,1,76402.392
2009000340899,10,0,NA
2009000340899,6,0,-15279.71438
2009000341457,41,2,0
2009000341457,47,1,103143.2292
2009000341457,16,2,0
2009000341457,14,0,NA
2009000341457,11,0,NA
2009000344186,47,1,126063.9468
2009000344186,45,1,16808.52624
2009000344186,13,0,NA
2009000344186,64,1,22997.11999
2009000347076,65,2,14822.06405
2009000347076,83,2,4125.729168
2009000347076,58,2,5959.386576
2009000347157,28,1,128356.0186
2009000347157,28,2,0
2009000347157,0,0,NA
2009000349213,52,1,16808.52624
2009000349213,14,0,NA
2009000349213,50,1,13752.43056
2009000352310,39,1,44313.38736
2009000352310,40,1,36673.14816
2009000352642,62,2,2314.992478
2009000352642,62,1,59593.86576
2009000353341,76,2,24143.15587
2009000353464,26,1,15051.27122
2009000354605,59,1,11460.3588
2009000354605,52,1,41410.09646
2009000357010,44,1,39729.24384
2009000357311,37,1,129884.0664
2009000357311,37,1,32089.00464
2009000357311,5,0,-15279.71438
2009000357311,0,0,NA
2009000364308,45,2,0
2009000364308,49,1,37207.9649
2009000365357,52,1,61274.71838
2009000365357,50,1,30560.9568
2009000366254,26,1,13217.61382
2009000366254,31,1,12224.38272
2009000383355,40,2,0
2009000383355,44,2,0
2009000383355,40,1,30560.9568
2009000383355,34,1,17190.5382
2009000386566,27,2,0
2009000386566,30,1,30178.94484
2009000387770,32,2,11918.77315
2009000387770,6,0,-15279.71438
2009000387770,3,0,-15279.71438
2009000388403,64,2,12606.39468
2009000388403,66,2,5500.972224
2009000388463,41,1,44389.78975
2009000388463,41,1,34381.0764
2009000388463,9,0,-15279.71438
2009000388463,7,0,-15279.71438
2009000388463,6,0,-15279.71438
2009000391357,93,2,7334.629632
2009000391929,66,1,85417.87426
2009000391929,52,1,57301.794
2009000395314,45,2,6112.19136
2009000395314,38,1,26740.8372
2009000396450,36,1,38965.21992
2009000396450,43,1,22920.7176
2009000399522,36,2,0
2009000399522,38,1,68762.1528
2009000399522,9,0,-15279.71438
2009000399522,7,0,-15279.71438
2009000399522,2,0,-15279.71438
2009000400487,54,1,32089.00464
2009000400487,61,2,9168.28704
2009000408040,28,1,20628.64584
2009000408040,30,1,6188.593752
2009000408040,26,1,8557.067904
2009000408040,25,1,9168.28704
2009000408313,40,1,45841.4352
2009000408313,28,1,22920.7176
2009000408906,75,2,9909.390242
2009000408906,60,2,0
2009000410361,43,1,30560.9568
2009000410361,50,1,25212.78936
2009000411343,43,1,87862.7508
2009000411343,42,1,74110.32024
2009000417177,44,1,40508.54824
2009000417177,10,0,NA
2009000419903,71,2,47445.88543
2009000419903,65,2,6952.617672
2009000421149,79,2,25903.46698
2009000422312,29,1,2062.864584
2009000422312,32,1,30560.9568
2009000422312,9,0,-15279.71438
2009000422312,6,0,-15279.71438
2009000422312,1,0,NA
2009000423228,61,1,55009.72224
2009000423228,59,2,0
2009000423228,36,2,0
2009000423625,60,1,86334.70296
2009000423625,16,2,0
2009000423625,13,0,NA
2009000423625,52,1,236083.3913
2009000424051,35,1,28268.88504
2009000424051,27,1,427.8533952
2009000424051,3,0,-15279.71438
2009000424051,1,0,NA
2009000424051,1,0,NA
2009000424051,31,2,0
2009000424051,27,1,42021.3156
2009000428299,53,1,6723.410496
2009000428299,47,1,8251.458336
2009000428299,18,2,2750.486112
2009000428299,16,2,2750.486112
2009000430348,35,1,236083.3913
2009000430348,33,2,229.207176
2009000430348,5,0,-15279.71438
2009000430348,1,0,NA
2009000430348,14,0,NA
2009000431114,41,1,55773.74616
2009000431114,11,0,NA
2009000432256,62,2,31706.99268
2009000432305,58,1,39347.23188
2009000432305,56,2,0
2009000432305,12,0,NA
2009000432305,11,0,NA
2009000432305,8,0,-15279.71438
2009000433213,56,1,55086.12463
2009000433213,53,1,20628.64584
2009000433695,27,1,27046.44677
2009000436068,22,1,1146.03588
2009000436068,4,0,-15279.71438
2009000439788,45,1,42051.87656
2009000440156,67,2,11689.56598
2009000442764,48,1,35909.12424
2009000442764,47,1,4584.14352
2009000443612,47,1,3361.705248
2009000443612,21,1,6876.21528
2009000443612,57,1,104518.4723
2009000444742,54,1,33769.85726
2009000444742,28,1,34381.0764
2009000445093,32,1,25212.78936
2009000445093,33,1,3820.1196
2009000445093,9,0,-15279.71438
2009000445093,7,0,-15279.71438
2009000445093,5,0,-15279.71438
2009000445093,3,0,-15279.71438
2009000445093,1,0,NA
2009000447315,89,2,3590.912424
2009000448104,35,1,45841.4352
2009000448104,6,0,-15279.71438
2009000448104,28,1,24448.76544
2009000448104,6,0,-15279.71438
2009000448134,38,1,33617.05248
2009000448134,36,1,27504.86112
2009000448134,9,0,-15279.71438
2009000448134,7,0,-15279.71438
2009000448770,32,1,20934.25541
2009000448770,11,0,NA
2009000448770,7,0,-15279.71438
2009000448770,4,0,-15279.71438
2009000448770,27,1,15280.4784
2009000451100,39,1,84042.6312
2009000452074,61,1,90918.84648
2009000452074,57,1,38201.196
2009000453023,56,1,18092.08643
2009000453023,62,2,11536.76119
2009000453023,22,1,10772.73727
2009000456372,34,1,22920.7176
2009000456372,4,0,-15279.71438
2009000456969,56,1,16311.91069
2009000456969,41,1,16273.7095
2009000456969,10,0,NA
2009000457552,64,2,57378.19639
2009000458654,22,1,18336.57408
2009000458654,24,1,14470.61304
2009000463220,37,1,13217.61382
2009000463655,29,1,6112.19136
2009000463655,29,1,15280.4784
2009000464239,32,1,24830.7774
2009000464239,30,1,17496.14777
2009000464239,33,1,24448.76544
2009000467218,20,1,9168.28704
2009000467613,48,1,37437.17208
2009000467613,42,1,22767.91282
2009000467613,6,0,-15279.71438
2009000468444,34,1,6876.21528
2009000472570,70,1,29109.31135
2009000472570,43,2,0
2009000474910,26,1,26206.02046
2009000474910,28,2,0
2009000474910,25,1,21392.66976
2009000476728,29,1,8480.665512
2009000476728,31,1,8098.653552
2009000478858,61,2,5959.386576
2009000485162,44,1,7640.2392
2009000485162,23,1,8862.677472
2009000486647,76,2,8709.872688
2009000498750,55,1,25671.20371
2009000498750,52,1,36673.14816
2009000498750,21,1,1528.04784
2009000498750,17,2,0
2009000499539,66,2,137600.708
2009000500148,81,2,140580.4013
2009000501443,62,1,26740.8372
2009000501443,58,1,53481.6744
2009000501934,42,1,68762.1528
2009000501934,41,1,22920.7176
2009000501934,12,0,NA
2009000501934,10,0,NA
2009000504099,46,1,45841.4352
2009000507054,48,1,15280.4784
2009000507054,52,2,0
2009000507347,34,1,99323.1096
2009000507347,30,1,9321.091824
2009000507658,40,1,65706.05712
2009000507658,37,1,6807.453127
2009000507658,1,0,NA
2009000509677,43,1,12224.38272
2009000511750,42,1,6112.19136
2009000513050,31,1,36673.14816
2009000513050,25,2,0
2009000513050,2,0,-15279.71438
2009000516291,52,1,19864.62192
2009000516291,51,1,15280.4784
2009000516291,17,2,0
2009000516291,15,0,0
2009000521694,39,1,12491.79109
2009000521694,14,0,NA
2009000522553,58,1,32089.00464
2009000522553,57,1,15204.07601
2009000522553,19,2,0
2009000522553,78,2,11842.37076
2009000523032,50,1,45841.4352
2009000531089,78,2,9168.28704
2009000531089,81,2,3056.09568
2009000531912,44,2,45.8414352
2009000531912,41,1,87939.15319
2009000533210,54,1,84042.6312
2009000533210,51,1,90154.82256
2009000533210,23,1,21392.66976
2009000533210,18,1,764.02392
2009000533931,62,2,8251.458336
2009000535583,51,2,3667.314816
2009000535583,23,2,15.2804784
2009000535583,13,0,NA
2009000537286,54,1,23073.52238
2009000537286,53,2,0
2009000537286,33,1,191.00598
2009000537286,36,1,1528.04784
2009000537432,72,2,4966.15548
2009000542794,60,1,45841.4352
2009000542794,54,2,0
2009000542794,24,1,21392.66976
2009000542794,29,1,38201.196
2009000543722,41,1,10696.33488
2009000543722,45,1,64178.00928
2009000543722,14,0,NA
2009000543722,44,1,39729.24384
2009000545221,39,1,43549.36344
2009000545500,63,2,14516.45448
2009000545500,69,2,7411.032024
2009000545512,47,1,62649.96144
2009000545512,41,1,35909.12424
2009000545512,9,0,-15279.71438
2009000545512,6,0,-15279.71438
2009000545764,40,1,9168.28704
2009000545764,45,1,10696.33488
2009000545764,15,0,0
2009000545764,4,0,-15279.71438
2009000546967,62,2,10008.71335
2009000546967,56,2,12109.77913
2009000548302,54,1,84042.6312
2009000550824,67,1,53099.66244
2009000551894,64,1,13752.43056
2009000551894,58,1,51953.62656
2009000553255,43,1,58829.84184
2009000553255,42,1,19864.62192
2009000554270,56,1,17572.55016
2009000554270,56,1,19100.598
2009000554270,20,1,6112.19136
2009000556235,38,1,3208.900464
2009000556235,39,1,1528.04784
2009000556235,9,0,-15279.71438
2009000556235,7,0,-15279.71438
2009000556235,5,0,-15279.71438
2009000556235,18,1,3896.521992
2009000556235,16,2,0
2009000556235,14,0,NA
2009000559736,71,2,13752.43056
2009000559736,72,2,37589.97686
2009000561917,62,1,26740.8372
2009000561917,60,1,9168.28704
2009000563639,31,1,25212.78936
2009000563639,30,1,24448.76544
2009000567446,34,1,32089.00464
2009000567446,36,1,6494.20332
2009000580691,34,1,10390.72531
2009000580691,32,1,36825.95294
2009000580691,0,0,NA
2009000586430,30,2,0
2009000586430,5,0,-15279.71438
2009000586430,2,0,-15279.71438
2009000586430,29,1,6341.398536
2009000586430,37,1,39347.23188
2009000586886,29,1,15356.88079
2009000588639,54,1,9664.902588
2009000588639,48,1,1680.852624
2009000589973,66,2,17037.73342
2009000589973,65,1,55009.72224
2009000591384,88,2,10237.92053
2009000591384,81,1,37742.78165
2009000591793,46,2,7716.641592
2009000591793,14,0,NA
2009000594790,70,2,72658.67479
2009000594790,72,2,10696.33488
2009000596250,90,2,11307.55402
2009000597562,82,2,6417.800928
2009000598212,31,1,37742.78165
2009000598212,7,0,-15279.71438
2009000598212,6,0,-15279.71438
2009000602787,49,1,18336.57408
2009000602787,23,1,11460.3588
2009000603051,34,1,53481.6744
2009000603051,26,1,11460.3588
2009000603478,66,1,22156.69368
2009000603867,33,1,40646.07254
2009000603867,33,1,11460.3588
2009000604675,56,1,3820.1196
2009000604675,54,1,11460.3588
2009000606120,59,1,61274.71838
2009000606120,60,1,61885.93752
2009000606120,25,1,9168.28704
2009000610905,23,1,18336.57408
2009000610905,24,1,24295.96066
2009000615165,57,1,96267.01392
2009000615165,58,1,22920.7176
2009000616853,54,1,20980.09684
2009000616853,10,0,NA
2009000618522,38,1,61121.9136
2009000622410,55,1,35145.10032
2009000622410,21,1,488.9753088
2009000622539,87,2,38812.41514
2009000622539,82,2,3667.314816
2009000624442,28,1,38201.196
2009000625974,27,1,26740.8372
2009000626865,58,1,49661.5548
2009000626865,29,1,1910.0598
2009000627244,56,1,5118.960264
2009000627244,53,1,29032.90896
2009000628871,58,1,32089.00464
2009000628871,56,1,29185.71374
2009000632032,32,1,24601.57022
2009000632032,26,1,22920.7176
2009000634046,37,1,30560.9568
2009000634046,37,1,30560.9568
2009000635011,78,2,10237.92053
2009000635011,61,1,21851.08411
2009000636193,27,1,24448.76544
2009000636193,30,1,24448.76544
2009000636650,42,1,34992.29554
2009000636650,53,1,15280.4784
2009000636650,20,2,0
2009000636650,16,2,0
2009000640873,37,1,27199.25155
2009000640873,39,2,458.414352
2009000641749,39,1,41410.09646
2009000641749,39,1,21392.66976
2009000641749,9,0,-15279.71438
2009000641749,7,0,-15279.71438
2009000641749,4,0,-15279.71438
2009000642228,60,1,22920.7176
2009000642228,60,1,44313.38736
2009000642285,34,1,68762.1528
2009000642285,34,1,1375.243056
2009000642285,5,0,-15279.71438
2009000642285,3,0,-15279.71438
2009000643235,49,1,38201.196
2009000643235,50,1,5882.984184
2009000645131,65,2,19864.62192
2009000645131,51,1,20628.64584
2009000645131,12,0,NA
2009000645487,51,1,36856.5139
2009000645487,9,0,-15279.71438
2009000646265,50,2,5806.581792
2009000646265,42,1,15280.4784
2009000646265,31,1,1528.04784
2009000646265,27,1,3361.705248
2009000646265,27,1,12377.1875
2009000646265,35,1,13752.43056
2009000646265,26,1,1528.04784
2009000650213,22,1,10696.33488
2009000650213,33,1,10696.33488
2009000650929,47,1,42021.3156
2009000656514,93,2,9168.28704
2009000659822,57,1,45841.4352
2009000659822,57,2,0
2009000659822,10,0,NA
2009000659822,87,1,13294.01621
2009000662899,32,1,52717.65048
2009000662899,28,1,37437.17208
2009000670942,41,1,56996.18443
2009000675796,66,2,13523.22338
2009000675796,16,2,0
2009000675796,15,0,0
2009000675796,12,0,NA
2009000677914,57,1,76402.392
2009000677914,50,2,0
2009000677914,15,0,0
2009000680052,30,1,39729.24384
2009000680052,34,1,41257.29168
2009000691135,25,1,9932.31096
2009000691759,83,2,14516.45448
2009000691759,54,1,9168.28704
2009000691759,51,2,9244.689432
2009000691759,49,2,6952.617672
2009000691759,43,1,11154.74923
2009000691759,54,1,14516.45448
2009000692726,80,2,57301.794
2009000692923,77,2,7181.824848
2009000692923,78,2,6264.996144
2009000701727,75,1,37666.37926
2009000701990,22,1,12224.38272
2009000701990,0,0,NA
2009000702300,79,2,27153.41012
2009000702300,51,1,17954.56212
2009000702391,52,1,6883.855519
2009000702391,47,1,30568.59704
2009000702391,14,0,NA
2009000702572,39,1,35909.12424
2009000702572,8,0,-15279.71438
2009000706079,38,1,123771.875
2009000706079,39,2,3056.09568
2009000706079,4,0,-15279.71438
2009000706079,0,0,NA
2009000708929,37,2,0
2009000710757,32,1,34763.08836
2009000710757,36,1,32089.00464
2009000711029,59,1,2674.08372
2009000711029,52,1,101615.1814
2009000711029,14,0,NA
2009000711029,12,0,NA
2009000711654,58,1,27688.22686
2009000712066,56,1,3972.924384
2009000712066,83,2,20399.43866
2009000712833,41,1,93363.72302
2009000712833,44,2,0
2009000712833,16,2,0
2009000712833,8,0,-15279.71438
2009000712833,5,0,-15279.71438
2009000715366,84,2,9932.31096
2009000717599,56,1,22003.8889
2009000717599,48,1,20552.24345
2009000718854,42,1,5348.16744
2009000718854,29,1,11460.3588
2009000719465,57,1,27504.86112
2009000719465,58,1,7258.22724
2009000722313,81,2,11307.55402
2009000726680,89,2,11383.95641
2009000727631,61,2,11689.56598
2009000729058,46,1,243723.6305
2009000729058,43,1,14516.45448
2009000729058,4,0,-15279.71438
2009000734615,33,1,25976.81328
2009000734615,29,1,32089.00464
2009000734615,28,1,67845.3241
2009000735036,27,1,13523.22338
2009000737989,23,1,3820.1196
2009000739396,34,2,5886.04028
2009000739593,34,1,22923.7737
2009000739593,34,1,29799.98898
2009000739593,6,0,-15279.71438
2009000739593,10,0,NA
2009000740016,47,1,44313.38736
2009000740016,15,0,0
2009000740016,43,1,38888.81753
2009000741205,48,1,61121.9136
2009000741205,17,1,3820.1196
2009000742216,73,2,141726.4372
2009000745250,28,1,29032.90896
2009000745250,25,1,19100.598
2009000745250,1,0,NA
2009000746212,68,2,25747.6061
2009000746212,70,2,6799.812888
2009000746987,56,2,23149.92478
2009000747106,55,1,27504.86112
2009000747404,22,1,23684.74152
2009000747404,3,0,-15279.71438
2009000747404,23,2,0
2009000748984,69,2,9168.28704
2009000748984,77,2,37437.17208
2009000749934,89,2,17114.13581
2009000750105,65,1,25365.59414
2009000750105,67,2,19864.62192
2009000751029,85,2,11918.77315
2009000752512,24,1,34381.0764
2009000757467,37,1,38201.196
2009000757467,36,1,26740.8372
2009000757467,6,0,-15279.71438
2009000757467,3,0,-15279.71438
2009000765566,50,2,6264.996144
2009000765566,3,0,-15279.71438
2009000776449,27,1,9932.31096
2009000776449,34,1,9015.482256
2009000776449,25,1,7640.2392
2009000776735,31,1,45841.4352
2009000776735,33,1,382.01196
2009000776735,6,0,-15279.71438
2009000783335,54,2,5195.362656
2009000783335,56,1,26740.8372
2009000783907,52,1,54245.69832
2009000783907,59,1,56919.78204
2009000785001,37,2,0
2009000786572,55,2,0
2009000786572,50,1,36673.14816
2009000786572,22,1,534.816744
2009000786572,19,2,0
2009000787890,32,1,74110.32024
2009000787890,32,1,15280.4784
2009000787890,1,0,NA
2009000790664,53,1,35145.10032
2009000790664,54,1,5730.1794
2009000790694,47,1,69526.17672
2009000794894,53,1,50807.59068
2009000799292,56,2,6112.19136
2009000806533,53,1,28883.16027
2009000809191,24,2,0
2009000809191,22,1,49661.5548
2009000809191,4,0,-15279.71438
2009000812713,41,1,45077.41128
2009000812713,39,1,33999.06444
2009000812713,6,0,-15279.71438
2009000812713,3,0,-15279.71438
2009000816194,54,1,22156.69368
2009000816194,64,1,15280.4784
2009000819700,58,1,30560.9568
2009000819700,58,2,0
2009000820067,45,1,32700.22378
2009000820067,47,1,26740.8372
2009000820067,23,1,3056.09568
2009000820067,20,1,2292.07176
2009000820067,18,1,1146.03588
2009000820067,2,0,-15279.71438
2009000822291,67,1,21010.6578
2009000822291,67,1,17572.55016
2009000827666,19,1,5348.16744
2009000829065,34,1,38201.196
2009000832807,69,1,20246.63388
2009000832807,49,1,16808.52624
2009000833315,36,1,39729.24384
2009000837624,80,2,38583.20796
2009000838332,40,1,13370.4186
2009000838332,35,1,14516.45448
2009000838332,10,0,NA
2009000838332,6,0,-15279.71438
2009000838332,4,0,-15279.71438
2009000843609,41,1,42785.33952
2009000843609,47,2,0
2009000848126,52,2,6112.19136
2009000855059,29,1,45864.35592
2009000855059,28,1,31340.2612
2009000856649,29,1,26740.8372
2009000856649,50,1,12224.38272
2009000856649,50,1,10696.33488
2009000857000,24,2,0
2009000857000,21,1,4584.14352
2009000857000,54,1,9168.28704
2009000858575,35,1,18336.57408
2009000858575,11,0,NA
2009000859192,44,1,38201.196
2009000859192,42,1,8557.067904
2009000859192,6,0,-15279.71438
2009000859192,5,0,-15279.71438
2009000859192,3,0,-15279.71438
2009000859344,34,1,59593.86576
2009000859344,35,1,51953.62656
2009000859344,4,0,-15279.71438
2009000859344,0,0,NA
2009000860057,53,1,22156.69368
2009000860057,46,1,66470.08104
2009000860143,28,1,17572.55016
2009000860143,25,1,39003.42112
2009000861155,42,1,36673.14816
2009000863601,58,1,26931.84318
2009000863601,56,1,24639.77142
2009000868495,60,1,2597.681328
2009000868495,65,2,0
2009000868782,64,1,21392.66976
2009000868782,59,1,12988.40664
2009000868782,34,1,29032.90896
2009000871953,50,1,9932.31096
2009000871953,51,1,46605.45912
2009000873279,55,1,12606.39468
2009000873279,22,1,3789.558643
2009000873815,46,1,6876.21528
2009000877865,63,1,55773.74616
2009000877865,58,1,22538.70564
2009000879015,39,1,27543.06232
2009000879661,68,2,6417.800928
2009000880424,36,1,68762.1528
2009000880424,38,1,30560.9568
2009000880424,11,0,NA
2009000880424,9,0,-15279.71438
2009000886958,61,1,39729.24384
2009000890085,65,2,25212.78936
2009000890085,43,1,68762.1528
2009000890575,81,2,78923.67094
2009000893512,47,1,19100.598
2009000895859,84,2,11613.16358
2009000895859,34,2,9626.701392
2009000896870,23,1,30560.9568
2009000896870,22,1,22920.7176
2009000901829,49,1,40493.26776
2009000901829,49,1,34381.0764
2009000901829,15,0,0
2009000902625,53,1,9168.28704
2009000905479,93,2,4584.14352
2009000905840,32,2,0
2009000906438,36,1,38201.196
2009000906438,33,1,16961.33102
2009000907507,41,2,6112.19136
2009000907507,48,1,85570.67904
2009000907507,10,0,NA
2009000907507,2,0,-15279.71438
2009000909095,32,1,33999.06444
2009000909095,43,1,15509.68558
2009000909095,8,0,-15279.71438
2009000909095,14,0,NA
2009000910509,62,1,19559.01235
2009000910509,65,2,8786.27508
2009000910509,30,2,0
2009000910560,28,1,8404.26312
2009000910560,31,1,11001.94445
2009000912367,39,1,16808.52624
2009000912367,1,0,NA
2009000912367,34,1,26740.8372
2009000912543,82,2,34381.0764
2009000912543,77,2,25059.98458
2009000912543,54,1,30874.20661
2009000913732,36,1,32089.00464
2009000915023,31,1,76.402392
2009000915023,39,1,22156.69368
2009000915023,9,0,-15279.71438
2009000915023,5,0,-15279.71438
2009000916166,33,1,17572.55016
2009000916166,43,2,8175.055944
2009000916166,13,0,NA
2009000916166,11,0,NA
2009000916166,8,0,-15279.71438
2009000916166,5,0,-15279.71438
2009000916166,2,0,-15279.71438
2009000917070,30,1,11689.56598
2009000917070,4,0,-15279.71438
2009000919091,51,1,37437.17208
2009000919459,31,2,0
2009000922166,55,1,38812.41514
2009000923469,80,2,8251.458336
2009000924287,39,1,42021.3156
2009000934984,43,1,77166.41592
2009000934984,44,1,13752.43056
2009000934984,12,0,NA
2009000934984,10,0,NA
2009000938410,19,1,2750.486112
2009000952600,57,1,19131.15896
2009000952600,18,2,0
2009000952600,16,2,0
2009000954782,57,1,2139.266976
2009000957158,47,2,0
2009000957158,51,1,245022.4711
2009000957158,17,2,0
2009000957158,14,0,NA
2009000957158,12,0,NA
2009000959477,44,2,0
2009000959477,40,1,32089.00464
2009000959617,28,1,59593.86576
2009000959617,32,2,0
2009000959617,9,0,-15279.71438
2009000959617,1,0,NA
2009000960987,47,1,34381.0764
2009000960987,21,1,3820.1196
2009000960987,21,1,2292.07176
2009000964546,41,1,95502.99
2009000964546,3,0,-15279.71438
2009000964546,1,0,NA
2009000964546,35,2,5348.16744
2009000965073,37,1,22920.7176
2009000966747,52,1,38201.196
2009000967038,63,1,41196.16977
2009000968928,93,2,9473.896608
2009000970941,59,1,16579.31906
2009000972197,53,1,72582.2724
2009000972197,54,2,16579.31906
2009000972197,12,0,NA
2009000974051,56,1,27275.65394
2009000974051,52,1,17572.55016
2009000974051,29,1,17190.5382
2009000974051,13,0,NA
2009000975423,26,1,6112.19136
2009000975423,29,1,35145.10032
2009000979403,44,1,49355.94523
2009000980968,38,1,93210.91824
2009000980968,51,1,74874.34416
2009000981071,23,2,0
2009000983639,56,1,111547.4923
2009000983639,56,2,0
2009000984414,48,1,29567.7257
2009000984414,9,0,-15279.71438
2009000987768,63,2,45841.4352
2009000991050,31,1,40493.26776
2009000991050,30,1,51953.62656
2009000991050,3,0,-15279.71438
2009000991050,0,0,NA
2009000991065,67,1,79099.39644
2009000992360,31,1,25976.81328
2009000992360,35,1,27504.86112
2009001000901,27,1,25212.78936
2009001000901,28,1,15280.4784
2009001001375,51,1,21545.47454
2009001001375,29,1,3438.10764
2009001001375,21,1,10085.11574
2009001001375,9,0,-15279.71438
2009001001375,7,0,-15279.71438
2009001001375,27,1,1528.04784
2009001001375,21,2,6188.593752
2009001001534,59,1,49661.5548
2009001001534,56,1,19100.598
2009001005342,83,2,26206.02046
2009001005342,82,2,14363.6497
2009001008061,41,1,23684.74152
2009001008061,14,0,NA
2009001009806,59,1,133719.4665
2009001010763,60,1,32089.00464
2009001012008,81,2,11383.95641
2009001012651,40,1,71054.22456
2009001012651,40,1,32623.82138
2009001012651,4,0,-15279.71438
2009001015898,46,2,0
2009001015898,46,1,20399.43866
2009001015962,25,1,7640.2392
2009001015962,29,1,108491.3966
2009001015962,24,1,7640.2392
2009001015962,23,1,12988.40664
2009001016767,60,2,11918.77315
2009001019209,27,2,0
2009001019209,8,0,-15279.71438
2009001019209,4,0,-15279.71438
2009001019209,28,1,9168.28704
2009001019251,33,1,34381.0764
2009001019251,33,1,49279.54284
2009001020527,48,1,68762.1528
2009001020527,45,1,25976.81328
2009001020527,20,1,27504.86112
2009001020527,15,0,0
2009001023128,50,1,71971.05326
2009001023128,38,1,34763.08836
2009001023128,12,0,NA
2009001023128,8,0,-15279.71438
2009001023128,60,2,6952.617672
2009001023352,42,1,114603.588
2009001023352,43,1,49661.5548
2009001023352,14,0,NA
2009001023352,10,0,NA
2009001023352,10,0,NA
2009001024841,57,2,45841.4352
2009001024841,58,1,53099.66244
2009001024968,47,1,23761.14391
2009001024968,46,1,61121.9136
2009001024968,18,1,3056.09568
2009001024968,16,2,0
2009001025676,82,2,14241.40587
2009001025986,62,2,22462.30325
2009001025986,60,2,0
2009001025986,21,1,11536.76119
2009001027624,35,1,27581.26351
2009001027624,37,1,15280.4784
2009001027624,15,0,0
2009001027624,13,0,NA
2009001027624,5,0,-15279.71438
2009001027624,4,0,-15279.71438
2009001029684,29,2,15280.4784
2009001030305,38,1,12224.38272
2009001030305,40,1,1222.438272
2009001030305,2,0,-15279.71438
2009001033451,88,2,11842.37076
2009001034453,58,1,61121.9136
2009001034453,54,1,24448.76544
2009001035029,53,1,35145.10032
2009001035029,52,2,23394.41243
2009001035169,41,1,74110.32024
2009001035169,47,1,10696.33488
2009001035169,6,0,-15279.71438
2009001036144,60,1,4897.393327
2009001036144,43,1,11872.93172
2009001036913,77,2,10925.54206
2009001037981,88,1,34457.47879
2009001037981,50,1,30560.9568
2009001038191,43,1,144400.5209
2009001038191,8,0,-15279.71438
2009001043617,35,1,17954.56212
2009001047423,26,2,511.8960264
2009001048218,19,1,12988.40664
2009001049411,34,1,104686.5575
2009001049411,36,1,17801.75734
2009001049411,2,0,-15279.71438
2009001049411,0,0,NA
2009001050185,40,1,12377.1875
2009001050500,22,1,1528.04784
2009001053664,60,1,5195.362656
2009001053664,27,1,6112.19136
2009001053664,57,1,15280.4784
2009001053664,61,2,15.2804784
2009001053752,53,2,0
2009001053752,53,1,14287.2473
2009001053752,17,2,0
2009001055704,36,1,36673.14816
2009001055704,30,2,229.207176
2009001055704,5,0,-15279.71438
2009001055704,0,0,NA
2009001056081,40,2,0
2009001056081,44,1,68762.1528
2009001056081,10,0,NA
2009001056081,6,0,-15279.71438
2009001056800,28,1,34381.0764
2009001056800,33,1,32089.00464
2009001060151,46,1,29796.93288
2009001060151,38,2,7426.312502
2009001060151,5,0,-15279.71438
2009001060685,30,1,35909.12424
2009001060685,29,1,41257.29168
2009001061163,86,2,12071.57794
2009001065156,86,2,26206.02046
2009001065156,81,2,4507.741128
2009001066936,58,1,37437.17208
2009001066936,58,2,0
2009001066936,25,1,11460.3588
2009001068336,42,1,27504.86112
2009001071647,82,2,10925.54206
2009001073525,28,2,0
2009001075552,56,1,20628.64584
2009001075552,53,1,17572.55016
2009001075552,24,1,22920.7176
2009001075552,20,2,916.828704
2009001075552,18,2,0
2009001075552,16,2,0
2009001078711,49,1,236083.3913
2009001078711,23,1,12071.57794
2009001078711,19,1,1910.0598
2009001084964,54,2,7640.2392
2009001084976,58,1,38965.21992
2009001084976,53,2,0
2009001088370,61,1,49661.5548
2009001089071,85,2,0
2009001090620,73,2,1069.633488
2009001090620,33,1,12224.38272
2009001090620,22,1,19100.598
2009001091495,62,1,93592.9302
2009001091814,39,1,73346.29632
2009001091814,39,1,13217.61382
2009001091814,7,0,-15279.71438
2009001105155,64,2,2062.864584
2009001108642,28,1,53481.6744
2009001108642,28,1,22920.7176
2009001108642,22,2,0
2009001110427,62,1,19100.598
2009001110572,51,1,50425.57872
2009001110572,54,1,54245.69832
2009001111215,61,2,1680.852624
2009001111313,67,1,10520.60938
2009001111313,59,2,0
2009001113087,36,1,55773.74616
2009001113087,31,1,36673.14816
2009001116835,36,1,32127.20584
2009001116835,34,1,24448.76544
2009001119858,52,1,71818.24848
2009001122035,39,1,16350.11189
2009001122035,41,1,29644.1281
2009001122035,14,0,NA
2009001122035,6,0,-15279.71438
2009001123395,52,1,12568.19348
2009001123395,55,1,22538.70564
2009001125073,75,2,48821.12849
2009001127664,51,1,79458.48768
2009001131092,57,1,84806.65512
2009001134681,55,1,35909.12424
2009001134681,50,2,0
2009001134681,14,0,NA
2009001134681,11,0,NA
2009001137642,31,1,29796.93288
2009001138842,57,2,19100.598
2009001138969,24,1,28268.88504
2009001138969,27,1,18336.57408
2009001140377,79,2,26282.42285
2009001140571,60,2,0
2009001140571,56,1,16044.50232
2009001140571,27,1,17572.55016
2009001140571,26,1,16808.52624
2009001140571,20,2,0
2009001144944,63,1,43717.4487
2009001144944,80,2,6799.812888
2009001146882,59,2,6035.788968
2009001146882,68,2,6570.605712
2009001150822,78,1,51418.80982
2009001150822,25,1,12652.23612
2009001152218,73,2,9473.896608
2009001152218,68,2,4049.326776
2009001155658,48,1,21392.66976
2009001155658,22,1,6188.593752
2009001161582,40,1,8404.26312
2009001161582,41,1,28268.88504
2009001161582,9,0,-15279.71438
2009001161582,7,0,-15279.71438
2009001164358,34,1,45298.97822
2009001164358,34,1,40019.57293
2009001168274,30,1,60357.88968
2009001168274,27,2,0
2009001170776,56,2,5348.16744
2009001170776,56,2,5348.16744
2009001170844,43,1,84042.6312
2009001170844,39,2,0
2009001170844,2,0,-15279.71438
2009001173457,29,1,17167.61748
2009001173772,51,2,10467.1277
2009001174070,60,1,45841.4352
2009001176266,39,1,9168.28704
2009001176266,5,0,-15279.71438
2009001176266,27,1,58065.81792
2009001176266,32,1,6341.398536
2009001178113,57,1,38201.196
2009001178113,17,2,0
2009001178330,23,1,12835.60186
2009001178330,27,1,39729.24384
2009001178656,87,2,73499.1011
2009001178656,84,2,1757.255016
2009001180828,23,1,18642.18365
2009001180828,27,1,1146.03588
2009001181784,49,1,17419.74538
2009001181784,17,1,382.01196
2009001181784,14,0,NA
2009001181784,13,0,NA
2009001181784,10,0,NA
2009001181784,28,2,9168.28704
2009001182691,30,1,35909.12424
2009001182691,37,1,34381.0764
2009001184041,87,2,27428.45873
2009001184041,87,2,6112.19136
2009001184349,47,1,91682.8704
2009001184349,44,2,0
2009001184349,11,0,NA
2009001184349,5,0,-15279.71438
2009001184406,76,2,23226.32717
2009001191529,33,1,44313.38736
2009001191529,33,1,50425.57872
2009001191731,41,1,34381.0764
2009001191731,44,1,53481.6744
2009001191731,2,0,-15279.71438
2009001191773,33,1,39729.24384
2009001191773,30,1,26931.84318
2009001191773,3,0,-15279.71438
2009001193797,46,1,68227.33606
2009001193797,45,1,34381.0764
2009001193797,18,2,0
2009001198316,42,1,45841.4352
2009001198316,42,1,12988.40664
2009001198316,6,0,-15279.71438
2009001205157,55,1,60357.88968
2009001205157,53,1,29032.90896
2009001205157,23,1,2292.07176
2009001205157,20,1,1910.0598
2009001205157,15,0,0
2009001209218,28,1,10696.33488
2009001209218,35,2,0
2009001209218,29,1,30560.9568
2009001209783,26,1,10314.32292
2009001211350,68,2,32165.40703
2009001211350,42,1,9168.28704
2009001216064,55,2,13905.23534
2009001219637,20,1,4966.15548
2009001221442,71,2,17343.34298
2009001221442,71,2,36138.33142
2009001227388,27,1,12682.79707
2009001229628,80,2,2215.669368
2009001232659,44,1,6112.19136
2009001238408,58,1,42785.33952
2009001238408,48,2,0
2009001238408,16,2,0
2009001238465,57,1,19100.598
2009001238465,26,2,0
2009001238522,35,1,19941.02431
2009001238522,14,0,NA
2009001238522,13,0,NA
2009001238522,11,0,NA
2009001240327,60,1,32547.41899
2009001240327,33,1,26358.82524
2009001240327,11,0,NA
2009001240327,8,0,-15279.71438
2009001243286,81,2,1451.645448
2009001243286,85,2,80986.53552
2009001249625,38,1,25220.4296
2009001249625,38,1,9550.299
2009001249625,0,0,NA
2009001252761,34,1,49661.5548
2009001254878,56,1,69526.17672
2009001254878,54,2,4584.14352
2009001254878,13,0,NA
2009001255136,30,1,17725.35494
2009001255136,35,1,16350.11189
2009001260985,61,1,41257.29168
2009001267978,68,2,14134.44252
2009001267978,68,2,15127.67362
2009001268867,66,2,6417.800928
2009001268867,63,1,61121.9136
2009001270150,45,1,15356.88079
2009001270150,49,1,29032.90896
2009001273411,24,1,19100.598
2009001273411,21,1,9168.28704
2009001274440,26,1,16808.52624
2009001274440,10,0,NA
2009001274440,30,2,4584.14352
2009001277807,24,1,33617.05248
2009001277807,26,1,32967.63215
2009001280727,48,1,42021.3156
2009001280727,49,1,10314.32292
2009001280727,24,1,29644.1281
2009001280727,21,2,0
2009001283796,36,1,30408.15202
2009001283796,0,0,NA
2009001283796,42,1,27504.86112
2009001284229,49,1,59899.47533
2009001284229,14,0,NA
2009001284229,12,0,NA
2009001284229,47,1,27504.86112
2009001290796,71,1,60510.69446
2009001305137,74,2,13599.62578
2009001305137,73,2,17496.14777
2009001307201,58,1,49661.5548
2009001308757,38,2,0
2009001308757,42,1,83125.8025
2009001308757,2,0,-15279.71438
2009001317254,86,2,14210.84491
2009001318056,30,1,45077.41128
2009001319146,37,1,69144.16476
2009001319146,0,0,NA
2009001319146,27,1,11765.96837
2009001322535,47,1,15280.4784
2009001322535,11,0,NA
2009001322535,9,0,-15279.71438
2009001322594,51,1,29414.92092
2009001322594,45,1,21392.66976
2009001322594,19,2,2292.07176
2009001326338,65,1,24295.96066
2009001326356,48,1,45841.4352
2009001326356,49,1,24448.76544
2009001326356,23,1,11460.3588
2009001326356,21,1,1146.03588
2009001326356,18,2,0
2009001327416,45,1,74148.52144
2009001327416,47,2,7.6402392
2009001327416,11,0,NA
2009001327416,8,0,-15279.71438
2009001334839,61,1,24448.76544
2009001334839,38,1,23684.74152
2009001335645,43,1,57301.794
2009001335645,39,1,51953.62656
2009001338232,28,1,28268.88504
2009001341203,35,1,42021.3156
2009001341203,31,1,25976.81328
2009001341203,2,0,-15279.71438
2009001342035,56,1,19100.598
2009001342035,49,1,13752.43056
2009001342035,27,1,19100.598
2009001343330,67,2,27504.86112
2009001344945,62,2,28498.09222
2009001344945,60,2,0
2009001346114,38,1,19100.598
2009001346114,34,1,8404.26312
2009001346114,2,0,-15279.71438
2009001346114,12,0,NA
2009001346114,89,2,6112.19136
2009001346691,60,1,77227.53783
2009001346691,25,1,11460.3588
2009001347361,34,1,27504.86112
2009001347361,30,1,29032.90896
2009001347361,1,0,NA
2009001348271,30,1,2292.07176
2009001348271,34,1,22920.7176
2009001349521,61,2,22920.7176
2009001352580,28,2,0
2009001352580,69,2,9344.012542
2009001352580,64,2,38758.93346
2009001354869,47,1,42021.3156
2009001354869,50,1,27504.86112
2009001357136,30,1,30560.9568
2009001357136,35,1,30560.9568
2009001357136,1,0,NA
2009001361381,32,1,16961.33102
2009001361381,36,1,21392.66976
2009001361381,35,2,2750.486112
2009001361381,30,1,18565.78126
2009001361381,26,1,3667.314816
2009001362081,31,1,13752.43056
2009001370183,23,1,7029.020064
2009001370183,26,1,6876.21528
2009001370183,23,1,29323.23805
2009001370183,23,1,29032.90896
2009001374507,93,2,9168.28704
2009001377165,75,2,48133.50696
2009001379915,60,1,46605.45912
2009001381808,28,1,30560.9568
2009001385362,49,1,61121.9136
2009001385362,53,1,14516.45448
2009001385362,15,0,0
2009001388230,76,2,9328.732063
2009001390384,54,1,39049.26255
2009001391238,57,1,76402.392
2009001391238,27,1,15280.4784
2009001391345,58,1,18718.58604
2009001391345,53,1,42403.32756
2009001391345,23,1,4584.14352
2009001391967,56,1,8404.26312
2009001395847,34,1,11918.77315
2009001395847,5,0,-15279.71438
2009001395884,30,1,26358.82524
2009001395884,14,0,NA
2010000006320,37,1,33617.05248
2010000006320,35,1,22156.69368
2010000006320,0,0,NA
2010000010361,19,1,15280.4784
2010000011243,79,2,7716.641592
2010000011857,26,1,6876.21528
2010000011857,30,1,30408.15202
2010000014837,24,1,13760.0708
2010000014837,28,2,0
2010000014837,3,0,-15279.71438
2010000017615,32,1,19864.62192
2010000018198,37,1,80298.91399
2010000018198,41,1,45841.4352
2010000018198,7,0,-15279.71438
2010000018198,4,0,-15279.71438
2010000021359,38,1,44084.18018
2010000021359,37,1,43549.36344
2010000024097,36,1,29032.90896
2010000029647,62,1,39729.24384
2010000030826,24,1,13752.43056
2010000030826,29,1,11460.3588
2010000030826,27,1,4584.14352
2010000030826,25,1,15280.4784
2010000030991,27,1,34381.0764
2010000030991,26,1,19864.62192
2010000033146,45,1,76402.392
2010000033146,69,1,14592.85687
2010000035023,48,1,30079.62173
2010000035023,21,1,2674.08372
2010000035023,15,0,145.1645448
2010000035023,71,2,38506.80557
2010000035023,48,1,38965.21992
2010000037476,38,1,13217.61382
2010000039944,39,1,61198.31599
2010000041106,54,1,61121.9136
2010000041106,43,1,61121.9136
2010000041370,49,1,23684.74152
2010000041370,43,1,16808.52624
2010000041370,9,0,-15279.71438
2010000041370,8,0,-15279.71438
2010000042639,52,2,15.2804784
2010000044472,30,1,10543.5301
2010000044472,32,1,49661.5548
2010000045181,38,2,19864.62192
2010000045181,37,1,45841.4352
2010000045181,11,0,NA
2010000045181,10,0,NA
2010000046967,33,1,16197.3071
2010000046967,41,1,43549.36344
2010000046967,5,0,-15279.71438
2010000052663,18,1,611.219136
2010000055421,72,1,40187.65819
2010000055421,69,2,7105.422456
2010000061671,88,2,31098.82964
2010000061671,85,2,8098.653552
2010000066534,47,1,19024.19561
2010000067905,67,2,33769.85726
2010000067905,65,1,35450.70989
2010000068839,28,1,29796.93288
2010000068839,26,1,9168.28704
2010000068839,32,1,12224.38272
2010000074278,29,1,35909.12424
2010000074278,30,1,40493.26776
2010000075162,29,1,39347.23188
2010000075162,29,1,45077.41128
2010000078529,31,1,22920.7176
2010000078529,33,1,22920.7176
2010000078529,31,1,21392.66976
2010000082232,94,2,17725.35494
2010000082308,29,1,152.804784
2010000082308,10,0,NA
2010000082308,7,0,-15279.71438
2010000082308,5,0,-15279.71438
2010000084983,60,2,13523.22338
2010000085876,33,1,39729.24384
2010000087350,38,2,14898.46644
2010000087350,19,2,7487.434416
2010000092803,78,1,38965.21992
2010000092803,62,1,1451.645448
2010000093000,39,2,0
2010000093657,41,1,25059.98458
2010000093657,40,1,62649.96144
2010000096914,44,1,42021.3156
2010000096914,55,2,0
2010000096914,22,1,1428.72473
2010000097071,76,2,11383.95641
2010000103132,51,1,4660.545912
2010000103661,25,1,11078.34684
2010000103661,24,1,13446.82099
2010000106945,68,1,36978.75773
2010000107760,41,1,78465.25658
2010000107760,12,0,NA
2010000107760,45,2,0
2010000108481,58,1,18336.57408
2010000114407,86,2,15280.4784
2010000114725,36,1,16044.50232
2010000114725,25,2,0
2010000114725,6,0,-15279.71438
2010000114725,3,0,-15279.71438
2010000114725,0,0,NA
2010000115088,49,1,17572.55016
2010000115088,50,1,53481.6744
2010000115681,19,1,13141.21142
2010000116536,19,1,43090.94909
2010000118083,48,1,87862.7508
2010000118083,47,1,45841.4352
2010000118083,20,1,6876.21528
2010000118083,16,2,0
2010000118083,14,0,NA
2010000118191,63,1,11460.3588
2010000118191,54,1,17572.55016
2010000118191,33,1,42021.3156
2010000118191,33,2,0
2010000118191,60,2,0
2010000118461,29,1,11460.3588
2010000118461,32,1,11460.3588
2010000118461,66,2,0
2010000119089,28,1,11460.3588
2010000119248,64,1,11383.95641
2010000121492,63,1,4584.14352
2010000121492,55,1,72651.03455
2010000122019,56,2,305.609568
2010000122019,56,1,90307.62734
2010000122019,23,1,4354.936344
2010000122304,51,1,64942.0332
2010000124295,45,1,61274.71838
2010000124295,47,2,11460.3588
2010000132648,50,1,47369.48304
2010000134039,77,2,29185.71374
2010000134039,68,2,22003.8889
2010000139438,45,1,29185.71374
2010000139438,49,1,35145.10032
2010000139438,12,0,NA
2010000139438,9,0,-15279.71438
2010000140623,74,2,6188.593752
2010000140623,76,2,31477.7855
2010000146940,87,2,18336.57408
2010000146997,41,1,24907.17979
2010000146997,37,1,33617.05248
2010000155891,70,2,51418.80982
2010000156736,59,2,15662.49036
2010000156736,36,2,0
2010000160476,46,2,0
2010000160476,54,1,36673.14816
2010000160476,26,1,26740.8372
2010000160476,23,1,7640.2392
2010000160476,21,1,26740.8372
2010000160476,17,1,6112.19136
2010000160476,13,0,NA
2010000160476,4,0,-15279.71438
2010000160476,0,0,NA
2010000160476,29,1,25976.81328
2010000161994,19,1,8098.653552
2010000162313,42,2,2444.876544
2010000162313,20,1,5730.1794
2010000162313,7,0,-15279.71438
2010000163128,27,1,41257.29168
2010000167433,55,1,48133.50696
2010000167445,48,1,61121.9136
2010000167445,39,1,61121.9136
2010000171022,31,1,27504.86112
2010000175339,37,1,34381.0764
2010000175339,40,1,61121.9136
2010000175339,8,0,-15279.71438
2010000175339,6,0,-15279.71438
2010000176703,70,1,171446.9676
2010000176703,61,2,0
2010000177627,62,1,32776.62617
2010000185022,35,2,3667.314816
2010000185022,13,0,NA
2010000185628,64,1,55414.65492
2010000188068,84,2,10237.92053
2010000188619,40,1,12835.60186
2010000188619,40,1,-2292.07176
2010000188891,60,1,13752.43056
2010000188891,60,1,18336.57408
2010000188891,24,1,16044.50232
2010000188891,22,1,4660.545912
2010000188891,22,1,7411.032024
2010000194046,62,2,5730.1794
2010000196051,65,2,7640.2392
2010000196051,48,2,0
2010000196051,42,2,4584.14352
2010000196051,3,0,-15279.71438
2010000196051,1,0,NA
2010000196051,14,0,NA
2010000197145,32,1,34381.0764
2010000197145,30,1,10696.33488
2010000199956,38,1,16808.52624
2010000199956,50,2,0
2010000199956,13,0,NA
2010000199956,12,0,NA
2010000201612,43,1,61121.9136
2010000201612,36,1,1451.645448
2010000201612,15,0,0
2010000201612,14,0,NA
2010000203310,74,2,16808.52624
2010000203310,75,2,13676.02817
2010000203425,28,1,5959.386576
2010000203425,30,1,22920.7176
2010000203425,24,1,5348.16744
2010000206778,63,2,26358.82524
2010000206778,59,2,57378.19639
2010000212026,64,2,21239.86498
2010000212026,73,2,20781.45062
2010000212026,70,2,15204.07601
2010000213223,49,1,70290.20064
2010000213223,15,0,0
2010000213223,11,0,NA
2010000214990,36,1,34381.0764
2010000214990,3,0,-15279.71438
2010000214990,39,1,30560.9568
2010000215973,60,1,83278.60728
2010000215973,47,1,40493.26776
2010000215973,22,1,3820.1196
2010000215973,17,2,0
2010000216314,64,1,24448.76544
2010000216314,65,1,19100.598
2010000218327,20,2,0
2010000218327,20,2,0
2010000220490,26,1,22920.7176
2010000220490,26,1,9932.31096
2010000223600,67,1,72582.2724
2010000223600,66,2,4889.753088
2010000226556,52,1,51953.62656
2010000226556,52,1,35030.49673
2010000227160,27,1,26740.8372
2010000227160,38,1,15280.4784
2010000227160,1,0,NA
2010000228074,19,1,17580.1904
2010000228174,61,1,140580.4013
2010000230510,59,1,12988.40664
2010000230510,26,2,10696.33488
2010000236580,77,2,9626.701392
2010000240938,56,1,106963.3488
2010000240938,43,1,1528.04784
2010000243393,52,2,7181.824848
2010000246474,58,1,43625.76583
2010000246898,46,1,38506.80557
2010000246898,47,1,1146.03588
2010000246898,11,0,NA
2010000247147,56,1,29032.90896
2010000247147,62,1,30560.9568
2010000252383,44,1,11842.37076
2010000252383,44,1,58065.81792
2010000252383,17,2,0
2010000252383,9,0,-15279.71438
2010000253106,40,2,22.9207176
2010000253106,40,1,104694.1978
2010000253106,8,0,-15279.71438
2010000253106,6,0,-15279.71438
2010000253106,3,0,-15279.71438
2010000254374,49,1,76.402392
2010000254374,14,0,NA
2010000256639,84,2,12682.79707
2010000260910,24,1,7640.2392
2010000261167,90,2,12835.60186
2010000262740,51,1,30560.9568
2010000262740,51,1,31324.98072
2010000262740,28,1,993.231096
2010000264902,54,1,48133.50696
2010000266185,35,1,42021.3156
2010000266185,33,1,137524.3056
2010000272695,85,2,6112.19136
2010000274248,62,2,39423.63427
2010000274248,59,1,51953.62656
2010000274663,24,1,6570.605712
2010000274663,25,1,5348.16744
2010000282169,36,1,15968.09993
2010000282169,30,1,12232.02296
2010000282169,29,1,5348.16744
2010000282169,29,1,9168.28704
2010000282262,35,1,61121.9136
2010000283337,65,1,22003.8889
2010000283337,62,2,8327.860728
2010000283337,35,2,0
2010000283343,79,2,16426.51428
2010000283343,47,2,0
2010000285265,54,1,48362.71414
2010000285265,48,2,0
2010000285265,61,1,11918.77315
2010000286558,42,1,44313.38736
2010000286558,4,0,-15279.71438
2010000286558,2,0,-15279.71438
2010000286558,39,1,3056.09568
2010000287865,60,1,13752.43056
2010000287865,62,1,18336.57408
2010000288198,47,1,44611.35669
2010000288198,52,1,10619.93249
2010000288198,11,0,NA
2010000288198,8,0,-15279.71438
2010000289477,47,1,16044.50232
2010000289477,52,1,14287.2473
2010000289477,27,1,12147.98033
2010000289477,24,2,7945.848768
2010000289477,20,1,8327.860728
2010000289477,18,2,0
2010000289477,15,0,0
2010000293927,62,1,61121.9136
2010000293927,64,2,496.615548
2010000294779,54,1,79687.69486
2010000294779,56,2,0
2010000294779,16,2,229.207176
2010000297157,73,2,4584.14352
2010000297157,50,2,0
2010000301513,27,1,36673.14816
2010000301513,22,1,26740.8372
2010000302390,39,1,24066.75348
2010000305795,43,1,90299.9871
2010000305795,6,0,-15279.71438
2010000305795,5,0,-15279.71438
2010000305795,49,1,63520.94871
2010000305858,32,1,13217.61382
2010000306504,24,1,20628.64584
2010000306603,52,1,39729.24384
2010000306603,27,2,0
2010000306603,5,0,-15279.71438
2010000311168,25,1,15280.4784
2010000311168,23,1,7640.2392
2010000312348,49,1,59593.86576
2010000312348,51,1,51953.62656
2010000312348,15,0,0
2010000312348,12,0,NA
2010000313870,31,1,63413.98536
2010000313870,38,1,19635.41474
2010000313870,31,1,36214.73381
2010000315961,40,1,53481.6744
2010000315961,39,1,23837.5463
2010000315961,4,0,-15279.71438
2010000315961,0,0,NA
2010000318267,31,2,13714.22936
2010000318267,31,1,68991.35998
2010000318267,1,0,NA
2010000320909,69,2,33158.63813
2010000320909,54,1,14898.46644
2010000320909,31,2,0
2010000320909,28,2,0
2010000320909,6,0,-15279.71438
2010000328208,66,2,43167.35148
2010000328208,64,2,6723.410496
2010000334783,81,2,34763.08836
2010000336781,54,2,0
2010000339398,41,1,34151.86922
2010000339398,40,1,15280.4784
2010000339398,8,0,-15279.71438
2010000340407,50,1,35909.12424
2010000340750,86,2,16197.3071
2010000344044,42,1,22003.8889
2010000344044,44,2,4125.729168
2010000344044,14,0,NA
2010000344044,14,0,NA
2010000344047,48,1,154332.8318
2010000344047,45,1,145928.5687
2010000346005,48,1,11001.94445
2010000346005,42,1,6952.617672
2010000346005,19,2,0
2010000346005,12,0,NA
2010000348919,55,1,21469.07215
2010000348919,17,2,0
2010000348919,52,2,0
2010000352244,65,1,12682.79707
2010000352244,63,1,6341.398536
2010000352244,37,1,9168.28704
2010000352244,5,0,-15279.71438
2010000352244,2,0,-15279.71438
2010000352244,34,1,11918.77315
2010000352742,34,1,4202.13156
2010000352742,30,1,9168.28704
2010000358613,62,2,55162.52702
2010000360525,61,1,17419.74538
2010000360525,55,1,17190.5382
2010000360774,41,1,17419.74538
2010000360774,41,1,19100.598
2010000362871,43,1,6112.19136
2010000362871,41,1,19864.62192
2010000362871,17,2,0
2010000362871,8,0,-15279.71438
2010000362871,6,0,-15279.71438
2010000364983,44,1,18336.57408
2010000365409,61,2,11460.3588
2010000369562,35,1,32853.02856
2010000369562,34,1,42785.33952
2010000373648,55,1,66088.06908
2010000373648,54,1,603.5788968
2010000375983,25,1,45077.41128
2010000379592,57,2,0
2010000379592,59,1,23837.5463
2010000379592,35,1,11918.77315
2010000379592,20,2,5806.581792
2010000383159,89,2,9168.28704
2010000387287,76,2,22309.49846
2010000387287,76,2,22309.49846
2010000389196,52,1,30560.9568
2010000389196,43,2,11001.94445
2010000394094,34,1,42785.33952
2010000394094,34,1,4584.14352
2010000394094,9,0,-15279.71438
2010000394094,7,0,-15279.71438
2010000396141,29,1,24448.76544
2010000396141,27,1,30560.9568
2010000400207,40,1,53481.6744
2010000400207,35,2,18336.57408
2010000400207,0,0,NA
2010000403363,64,2,8404.26312
2010000407328,82,2,11383.95641
2010000407550,59,1,18336.57408
2010000407550,27,1,16808.52624
2010000407550,2,0,-15279.71438
2010000410168,55,1,119951.7554
2010000410168,35,1,21698.27933
2010000410168,16,2,0
2010000410168,11,0,NA
2010000410168,33,1,18336.57408
2010000410369,84,2,0
2010000412224,76,2,6417.800928
2010000412224,72,1,30866.56637
2010000412753,41,2,0
2010000412753,43,1,30560.9568
2010000412753,14,0,NA
2010000412753,12,0,NA
2010000412753,10,0,NA
2010000412753,6,0,-15279.71438
2010000412753,2,0,-15279.71438
2010000415152,32,1,38965.21992
2010000418690,38,2,3820.1196
2010000418690,16,2,0
2010000418690,11,0,NA
2010000418690,5,0,-15279.71438
2010000418690,2,0,-15279.71438
2010000419663,67,2,13943.43654
2010000419663,61,1,27504.86112
2010000420529,22,1,17572.55016
2010000421383,61,2,0
2010000421383,63,1,12300.78511
2010000421383,28,1,15280.4784
2010000421476,48,1,50425.57872
2010000424469,38,1,22920.7176
2010000424469,29,1,38201.196
2010000424469,17,2,6723.410496
2010000424469,10,0,NA
2010000425435,45,1,41260.34778
2010000434291,19,1,1146.03588
2010000438274,26,1,22920.7176
2010000438495,89,2,9703.103784
2010000438495,83,2,10696.33488
2010000441473,44,1,91988.47997
2010000441473,33,1,7640.2392
2010000442283,39,2,0
2010000443710,73,2,9015.482256
2010000445276,46,2,42785.33952
2010000445276,58,1,10085.11574
2010000445897,85,2,47369.48304
2010000445897,57,1,595.9386576
2010000448616,24,1,26740.8372
2010000454607,27,1,7640.2392
2010000455333,68,2,13828.83295
2010000455443,56,1,24448.76544
2010000455443,70,2,8175.055944
2010000455766,85,2,9168.28704
2010000455875,40,1,57301.794
2010000455875,8,0,-15279.71438
2010000455875,14,0,NA
2010000455875,11,0,NA
2010000455875,30,1,3820.1196
2010000459021,54,2,5348.16744
2010000462091,58,1,80222.5116
2010000462636,66,1,77930.43984
2010000462975,47,2,0
2010000462975,42,1,24299.01675
2010000468429,43,1,51189.60264
2010000468429,43,1,133704.186
2010000468429,9,0,-15279.71438
2010000468681,72,2,10696.33488
2010000468681,68,2,7716.641592
2010000468681,47,1,17572.55016
2010000468681,45,1,37589.97686
2010000468787,45,1,46108.84357
2010000468787,32,2,0
2010000469251,38,1,45841.4352
2010000469251,6,0,-15279.71438
2010000470663,53,2,23279.80884
2010000471232,41,2,0
2010000473718,37,1,36673.14816
2010000474732,40,1,62649.96144
2010000474732,38,2,0
2010000474732,9,0,-15279.71438
2010000474732,3,0,-15279.71438
2010000477554,60,2,35527.11228
2010000477554,55,1,29032.90896
2010000479167,26,2,4125.729168
2010000479167,2,0,-15279.71438
2010000479974,40,1,19100.598
2010000479974,37,2,0
2010000479974,14,0,NA
2010000479974,5,0,-15279.71438
2010000479974,3,0,-15279.71438
2010000479974,63,2,9168.28704
2010000479974,21,1,6112.19136
2010000480558,41,1,12224.38272
2010000480558,46,1,5348.16744
2010000480558,2,0,-15279.71438
2010000481046,43,1,26824.87983
2010000481046,39,1,15280.4784
2010000481046,0,0,NA
2010000481952,62,2,19100.598
2010000481952,66,2,26740.8372
2010000484502,49,1,72780.91862
2010000484502,56,1,24601.57022
2010000485906,21,1,5348.16744
2010000485906,21,1,6112.19136
2010000486448,28,1,45841.4352
2010000486448,34,1,17037.73342
2010000486448,5,0,-15279.71438
2010000486448,2,0,-15279.71438
2010000488734,75,2,9932.31096
2010000489749,45,1,19864.62192
2010000494213,61,1,13828.83295
2010000494213,47,1,26740.8372
2010000495756,36,1,51953.62656
2010000498252,54,1,1940.620757
2010000498252,52,1,14898.46644
2010000500404,21,1,10696.33488
2010000500404,25,1,61121.9136
2010000500404,24,1,6417.800928
2010000501047,87,2,11276.99306
2010000504266,18,1,3820.1196
2010000511950,36,1,38201.196
2010000511950,36,1,38201.196
2010000511950,1,0,NA
2010000511950,0,0,NA
2010000513018,82,2,11689.56598
2010000513018,77,2,4354.936344
2010000513335,30,1,65026.07583
2010000514884,38,1,61121.9136
2010000514884,9,0,-15279.71438
2010000514884,5,0,-15279.71438
2010000514884,30,1,27474.30016
2010000515665,46,1,27504.86112
2010000515665,40,1,12988.40664
2010000515665,9,0,-15279.71438
2010000515665,6,0,-15279.71438
2010000515896,83,2,53252.46722
2010000519045,42,1,19100.598
2010000519045,40,2,6876.21528
2010000521058,25,1,45841.4352
2010000521058,27,1,13752.43056
2010000521896,29,1,53481.6744
2010000521896,38,1,30560.9568
2010000521896,31,1,26435.22763
2010000530083,34,1,30560.9568
2010000530083,33,2,0
2010000530083,6,0,-15279.71438
2010000530083,4,0,-15279.71438
2010000532789,64,2,51036.79786
2010000533928,88,2,30942.96876
2010000534660,41,1,36673.14816
2010000534761,37,1,36673.14816
2010000534761,35,1,103173.7902
2010000534761,4,0,-15279.71438
2010000534761,2,0,-15279.71438
2010000536819,51,1,25212.78936
2010000536819,58,1,49676.83528
2010000538409,29,1,13446.82099
2010000539017,55,2,11613.16358
2010000540311,39,1,45841.4352
2010000540311,47,2,0
2010000540311,5,0,-15279.71438
2010000543069,67,2,5730.1794
2010000548797,50,1,37437.17208
2010000548797,51,1,35145.10032
2010000551201,27,1,22156.69368
2010000551201,22,1,18336.57408
2010000554503,82,2,21774.68172
2010000554503,56,1,54245.69832
2010000556376,52,2,0
2010000556376,30,1,7640.2392
2010000557137,85,2,10849.13966
2010000567232,42,1,137524.3056
2010000567232,39,1,58065.81792
2010000573665,57,1,44313.38736
2010000573665,47,1,-6723.410496
2010000577483,44,1,13752.43056
2010000577483,11,0,NA
2010000578351,64,2,11078.34684
2010000579646,56,1,13828.83295
2010000579646,55,2,0
2010000589800,58,1,21698.27933
2010000589800,62,1,7793.043984
2010000590648,38,1,27046.44677
2010000593725,42,1,229971.1999
2010000593725,10,0,NA
2010000593725,45,1,30790.16398
2010000596990,83,2,14669.25926
2010000596990,31,1,840.426312
2010000596990,26,1,229.207176
2010000596990,7,0,-15279.71438
2010000598557,45,1,34686.68597
2010000598557,28,2,0
2010000598557,22,1,7640.2392
2010000598557,19,2,0
2010000598557,18,2,0
2010000599938,43,1,5577.374616
2010000599938,30,2,0
2010000604514,48,1,1604.450232
2010000604514,23,1,458.414352
2010000604514,21,1,8480.665512
2010000604514,94,2,6417.800928
2010000604514,80,2,6723.410496
2010000604514,76,2,9626.701392
2010000604514,54,2,0
2010000605337,56,2,8862.677472
2010000606197,18,2,0
2010000606197,19,1,382.01196
2010000607120,54,1,35909.12424
2010000607120,57,2,22233.09607
2010000607120,17,1,3056.09568
2010000607531,49,2,8251.458336
2010000608309,68,1,24983.58218
2010000608309,66,2,21316.26737
2010000609417,67,2,19941.02431
2010000612310,75,2,5500.972224
2010000618386,32,1,51189.60264
2010000618386,35,1,14898.46644
2010000618386,3,0,-15279.71438
2010000618386,1,0,NA
2010000618386,14,0,NA
2010000618386,12,0,NA
2010000618386,51,2,1451.645448
2010000619201,46,1,76593.39798
2010000619244,25,1,14516.45448
2010000619244,25,1,15280.4784
2010000619902,84,2,132787.3573
2010000619902,82,2,38277.59839
2010000625284,27,1,40493.26776
2010000628999,58,2,18565.78126
2010000629123,34,1,10849.13966
2010000629123,31,1,9168.28704
2010000629465,35,1,95502.99
2010000629465,25,1,23684.74152
2010000631390,41,1,42800.62
2010000631390,31,2,0
2010000631390,1,0,NA
2010000635130,35,1,8557.067904
2010000635130,31,1,4660.545912
2010000637707,30,1,40493.26776
2010000637707,33,1,116131.6358
2010000637707,0,0,NA
2010000640086,69,1,12300.78511
2010000640086,39,2,5959.386576
2010000644144,27,1,45841.4352
2010000644144,25,1,12988.40664
2010000645631,33,1,4584.14352
2010000645631,36,1,4584.14352
2010000646674,24,1,4584.14352
2010000646674,2,0,-15279.71438
2010000646813,46,1,22920.7176
2010000654880,74,2,6341.398536
2010000654880,18,2,6417.800928
2010000656002,58,1,51953.62656
2010000657060,29,2,0
2010000657060,2,0,-15279.71438
2010000657069,42,1,25594.80132
2010000657069,44,2,0
2010000657069,19,2,0
2010000657069,19,2,0
2010000660176,69,1,13981.63774
2010000663613,52,1,52412.04091
2010000663613,53,1,39729.24384
2010000663613,22,1,1146.03588
2010000663613,19,2,0
2010000663613,19,2,0
2010000663883,69,2,10994.30421
2010000667465,44,1,9932.31096
2010000667465,33,1,229971.1999
2010000667465,16,2,0
2010000667465,13,0,NA
2010000667465,0,0,NA
2010000667465,0,0,NA
2010000673191,64,2,8404.26312
2010000673191,59,1,41257.29168
2010000674571,31,1,25212.78936
2010000674571,27,1,16044.50232
2010000676275,47,1,8480.665512
2010000676293,41,1,84042.6312
2010000676293,41,1,41257.29168
2010000678251,68,1,175343.4896
2010000683512,33,1,11613.16358
2010000683512,9,0,-15279.71438
2010000684248,60,1,45879.6364
2010000684248,58,1,12873.80305
2010000684248,80,2,24143.15587
2010000691488,73,2,8557.067904
2010000691488,39,2,9344.012542
2010000697079,46,1,18642.18365
2010000697079,32,1,32165.40703
2010000701010,49,1,54398.5031
2010000701010,14,0,NA
2010000705298,73,2,45306.61846
2010000705298,37,2,0
2010000707147,32,1,11460.3588
2010000707147,13,0,NA
2010000707147,4,0,-15279.71438
2010000707147,2,0,-15279.71438
2010000707282,26,1,16044.50232
2010000707282,4,0,-15279.71438
2010000707282,31,1,14516.45448
2010000708355,69,2,17343.34298
2010000708355,52,2,3667.314816
2010000709044,46,1,41257.29168
2010000709044,45,1,35068.69793
2010000709044,14,0,NA
2010000709252,59,1,34151.86922
2010000709252,51,1,13523.22338
2010000709777,67,2,7181.824848
2010000709777,69,2,26129.61806
2010000718534,28,1,15280.4784
2010000718534,24,1,11536.76119
2010000718534,24,1,3820.1196
2010000721222,37,1,32929.43095
2010000721222,43,1,61121.9136
2010000724061,52,1,125299.9229
2010000730233,43,1,15280.4784
2010000730233,43,2,10008.71335
2010000730753,38,1,3820.1196
2010000730753,31,1,14516.45448
2010000731965,87,2,22233.09607
2010000732286,37,1,33769.85726
2010000732286,38,2,0
2010000732286,8,0,-15279.71438
2010000732286,5,0,-15279.71438
2010000733094,57,1,58065.81792
2010000733094,57,2,0
2010000735151,27,1,18336.57408
2010000735151,29,2,0
2010000735151,5,0,-15279.71438
2010000735151,3,0,-15279.71438
2010000735151,0,0,NA
2010000744000,36,1,22920.7176
2010000744000,31,2,0
2010000744000,6,0,-15279.71438
2010000744000,3,0,-15279.71438
2010000744549,85,2,2750.486112
2010000744820,30,2,12377.1875
2010000744820,31,2,4584.14352
2010000744820,7,0,-15279.71438
2010000744820,6,0,-15279.71438
2010000745261,40,1,31324.98072
2010000745261,39,1,55773.74616
2010000746259,61,1,5806.581792
2010000746695,28,1,22829.03473
2010000748484,33,2,6876.21528
2010000748484,14,0,NA
2010000748484,13,0,NA
2010000748484,10,0,NA
2010000748484,9,0,-15279.71438
2010000749228,27,1,16808.52624
2010000749228,10,0,NA
2010000749228,7,0,-15279.71438
2010000749566,77,2,31248.57833
2010000749566,27,1,26588.03242
2010000749566,26,1,15204.07601
2010000756698,31,1,22156.69368
2010000758589,69,2,9550.299
2010000758589,57,2,4240.332756
2010000758589,23,1,22920.7176
2010000762987,42,1,34381.0764
2010000762987,19,1,2292.07176
2010000762987,17,2,0
2010000763989,75,2,17419.74538
2010000764114,28,1,26129.61806
2010000764114,27,1,41639.30364
2010000765048,33,2,0
2010000765048,31,1,97031.03784
2010000765048,1,0,NA
2010000766078,42,1,19100.598
2010000768601,22,1,21087.06019
2010000769261,32,2,611.219136
2010000769261,38,1,25976.81328
2010000769261,5,0,-15279.71438
2010000769261,3,0,-15279.71438
2010000770861,40,1,16044.50232
2010000770861,40,1,1528.04784
2010000770861,5,0,-15279.71438
2010000770861,2,0,-15279.71438
2010000771577,56,2,4889.753088
2010000771577,59,1,80375.31638
2010000772273,94,2,27504.86112
2010000772836,82,2,12835.60186
2010000776821,39,1,21087.06019
2010000776821,16,2,0
2010000776821,16,2,0
2010000777243,54,1,51953.62656
2010000777243,16,2,0
2010000777806,51,1,43549.36344
2010000777969,27,1,8404.26312
2010000777969,27,1,9321.091824
2010000778096,42,1,68914.95758
2010000778096,41,1,7640.2392
2010000778096,10,0,NA
2010000778096,8,0,-15279.71438
2010000782441,49,2,0
2010000782441,27,2,0
2010000783303,25,2,0
2010000784868,43,2,0
2010000785563,41,1,45383.02085
2010000785563,39,1,26664.43481
2010000785563,13,0,NA
2010000785563,11,0,NA
2010000785857,27,1,17572.55016
2010000785857,24,1,22156.69368
2010000785857,52,1,20628.64584
2010000790463,41,1,18336.57408
2010000790463,43,1,21087.06019
2010000790463,17,1,1604.450232
2010000790463,13,0,NA
2010000790463,10,0,NA
2010000790463,8,0,-15279.71438
2010000793057,55,1,50425.57872
2010000793057,54,2,0
2010000793057,26,2,0
2010000794304,46,1,18336.57408
2010000794304,23,1,9932.31096
2010000794304,18,2,0
2010000794737,21,1,17419.74538
2010000796506,43,1,48515.51892
2010000796506,41,1,30560.9568
2010000796506,10,0,NA
2010000812178,55,1,7640.2392
2010000812178,51,1,38201.196
2010000822823,55,1,52717.65048
2010000822823,27,1,1222.438272
2010000824206,56,1,52717.65048
2010000826142,35,1,44313.38736
2010000831925,62,2,7487.434416
2010000832979,94,2,9603.780674
2010000836244,47,2,9932.31096
2010000836244,49,1,36673.14816
2010000836244,14,0,NA
2010000839782,71,2,13905.23534
2010000839782,65,1,14822.06405
2010000839782,34,1,17954.56212
2010000839860,22,1,18336.57408
2010000839860,24,2,5424.569832
2010000839860,6,0,-15279.71438
2010000839860,2,0,-15279.71438
2010000839860,0,0,NA
2010000840595,35,1,4049.326776
2010000840595,45,1,86334.70296
2010000840595,4,0,-15279.71438
2010000840595,2,0,-15279.71438
2010000840595,15,0,764.02392
2010000840595,63,2,20170.23149
2010000840595,60,2,0
2010000840701,47,2,6188.593752
2010000840701,43,2,8251.458336
2010000842177,46,1,45841.4352
2010000842177,21,1,14974.86883
2010000842177,43,1,20475.84106
2010000844382,40,1,32853.02856
2010000844382,37,2,0
2010000844382,6,0,-15279.71438
2010000844382,4,0,-15279.71438
2010000844382,3,0,-15279.71438
2010000844382,22,1,6112.19136
2010000845274,89,2,7640.2392
2010000848071,31,2,8404.26312
2010000850037,39,1,42021.3156
2010000850037,40,2,0
2010000850037,0,0,NA
2010000851073,62,1,18871.39082
2010000851073,37,1,168.0852624
2010000854887,30,1,20246.63388
2010000854887,1,0,NA
2010000854887,38,1,14516.45448
2010000862492,43,1,9932.31096
2010000862492,40,1,3056.09568
2010000864382,57,1,15280.4784
2010000868703,62,1,9764.225698
2010000868703,60,1,9168.28704
2010000868703,60,1,73346.29632
2010000868703,49,1,16808.52624
2010000868703,22,1,6112.19136
2010000869351,36,1,26893.64198
2010000869351,42,1,22920.7176
2010000870024,81,2,15586.08797
2010000874764,59,1,32853.02856
2010000876727,21,1,45841.4352
2010000877262,86,2,11001.94445
2010000877262,62,2,18336.57408
2010000877554,39,1,61121.9136
2010000877554,10,0,NA
2010000877554,6,0,-15279.71438
2010000880144,43,1,22920.7176
2010000880914,73,2,9397.494216
2010000881108,78,2,12927.28473
2010000881783,70,2,15738.89275
2010000881783,37,2,19100.598
2010000885235,35,1,22920.7176
2010000885235,45,1,229971.1999
2010000885235,3,0,-15279.71438
2010000885235,1,0,NA
2010000886772,58,1,54245.69832
2010000889524,36,1,45841.4352
2010000892256,39,1,64942.0332
2010000892256,36,1,32096.64488
2010000892256,3,0,-15279.71438
2010000892256,0,0,NA
2010000892562,77,2,29491.32331
2010000892562,73,1,34763.08836
2010000892992,54,1,53481.6744
2010000892992,53,1,51189.60264
2010000893052,77,2,17190.5382
2010000893635,60,1,38201.196
2010000893635,59,1,1528.04784
2010000893635,83,2,5500.972224
2010000895376,38,1,10696.33488
2010000895376,7,0,-15279.71438
2010000895376,78,2,0
2010000896103,40,1,106963.3488
2010000896103,48,1,34381.0764
2010000896103,0,0,NA
2010000896608,54,1,41280.2124
2010000896608,48,1,48897.53088
2010000897215,29,2,0
2010000897215,36,1,55773.74616
2010000897215,2,0,-15279.71438
2010000897215,1,0,NA
2010000897366,41,1,41257.29168
2010000897366,39,1,12988.40664
2010000897466,74,2,7158.90413
2010000898708,61,1,65706.05712
2010000898708,59,2,0
2010000900378,34,1,229.207176
2010000900378,30,1,2674.08372
2010000900378,0,0,NA
2010000900606,28,2,7640.2392
2010000900606,29,1,39270.82949
2010000902860,48,1,38988.14064
2010000905404,27,1,25365.59414
2010000905404,25,2,1528.04784
2010000905661,41,1,6876.21528
2010000905661,49,1,34384.1325
2010000907092,40,1,6876.21528
2010000907092,5,0,-15279.71438
2010000907092,40,1,20628.64584
2010000907092,17,2,0
2010000910271,42,1,4584.14352
2010000910271,55,1,23837.5463
2010000910271,15,0,0
2010000910271,15,0,0
2010000910811,41,1,61885.93752
2010000910811,40,1,38201.196
2010000910811,6,0,-15279.71438
2010000915452,60,1,55773.74616
2010000915452,19,1,1528.04784
2010000922881,67,2,23684.74152
2010000922881,20,1,4431.338736
2010000925489,30,1,27504.86112
2010000925534,41,1,53481.6744
2010000925534,17,2,0
2010000925534,14,0,NA
2010000925534,12,0,NA
2010000930816,57,1,30560.9568
2010000934163,52,1,26519.27026
2010000934163,52,1,42024.3717
2010000935977,72,1,41142.68809
2010000937370,60,1,80986.53552
2010000937370,57,2,0
2010000937370,16,2,0
2010000937370,16,1,534.816744
2010000937643,47,2,0
2010000941161,41,2,18336.57408
2010000941968,59,1,62573.55905
2010000942802,40,2,649.420332
2010000942802,34,1,22385.90086
2010000942802,11,0,NA
2010000942802,10,0,NA
2010000942802,9,0,-15279.71438
2010000942802,8,0,-15279.71438
2010000942802,13,0,NA
2010000942802,11,0,NA
2010000947175,33,1,45841.4352
2010000947175,34,1,34381.0764
2010000947175,9,0,-15279.71438
2010000947175,4,0,-15279.71438
2010000947175,0,0,NA
2010000947395,28,1,14516.45448
2010000947927,30,1,38965.21992
2010000947927,31,1,15280.4784
2010000947927,1,0,NA
2010000948134,22,1,6112.19136
2010000948191,48,2,6616.447147
2010000948191,46,1,2796.327547
2010000948191,21,1,11200.59067
2010000948191,0,0,NA
2010000948191,18,2,1222.438272
2010000948360,27,1,33617.05248
2010000952415,87,2,6112.19136
2010000954371,29,1,3820.1196
2010000954371,35,1,4584.14352
2010000954371,20,1,8251.458336
2010000954674,52,2,11460.3588
2010000954674,44,1,8251.458336
2010000957124,21,1,1528.04784
2010000961293,26,2,0
2010000961293,23,1,19100.598
2010000961933,35,1,27504.86112
2010000961933,1,0,NA
2010000961933,35,1,17037.73342
2010000961979,29,1,26740.8372
2010000961979,32,2,0
2010000961979,6,0,-15279.71438
2010000961979,2,0,-15279.71438
2010000973052,70,2,4660.545912
2010000973052,68,2,4660.545912
2010000973925,40,1,57301.794
2010000973925,34,1,19100.598
2010000973925,2,0,-15279.71438
2010000973925,80,2,0
2010000973925,77,2,1069.633488
2010000979358,59,1,114603.588
2010000979358,46,2,0
2010000981350,43,1,39729.24384
2010000981350,46,1,131106.5047
2010000981350,1,0,NA
2010000981350,31,1,7487.434416
2010000981350,30,1,9932.31096
2010000981350,7,0,-15279.71438
2010000987947,67,1,19864.62192
2010000989931,80,2,7487.434416
2010000990044,67,1,106275.7273
2010000990525,39,1,13981.63774
2010000995556,94,2,15204.07601
2010000996350,24,1,30560.9568
2010000996350,27,1,12835.60186
2010000996350,25,1,22156.69368
2010000997629,61,1,28001.47667
2010001001914,90,2,22920.7176
2010001001935,29,1,48897.53088
2010001001994,51,1,22920.7176
2010001006700,63,1,19100.598
2010001006700,86,2,14516.45448
2010001007463,33,1,34381.0764
2010001010094,68,2,38201.196
2010001010094,35,1,24295.96066
2010001011660,59,1,38965.21992
2010001011782,56,2,11689.56598
2010001011782,54,1,12835.60186
2010001013613,62,2,229.207176
2010001014369,44,1,90918.84648
2010001014487,34,2,3972.924384
2010001014487,36,1,15280.4784
2010001018130,62,2,43854.97301
2010001018130,55,2,0
2010001018804,86,2,10696.33488
2010001019625,50,1,13752.43056
2010001022316,58,2,23302.72956
2010001028093,41,2,5500.972224
2010001035122,79,2,7105.422456
2010001035122,59,2,5500.972224
2010001035122,73,2,7334.629632
2010001038984,30,1,44313.38736
2010001038984,32,1,68762.1528
2010001040985,67,1,50196.37154
2010001040985,66,2,12300.78511
2010001042265,94,2,30331.74962
2010001042265,50,2,13676.02817
2010001042265,47,1,55009.72224
2010001042265,37,1,39729.24384
2010001042776,34,1,53481.6744
2010001042776,38,1,151276.7362
2010001042776,0,0,NA
2010001042776,61,1,34381.0764
2010001042776,52,1,61121.9136
2010001044224,49,1,33464.2477
2010001045526,77,2,13217.61382
2010001050470,39,1,33617.05248
2010001050470,38,2,0
2010001050470,15,0,0
2010001050470,11,0,NA
2010001050470,10,0,NA
2010001052668,89,2,5806.581792
2010001052886,63,2,5806.581792
2010001052886,56,1,13752.43056
2010001052886,28,1,7640.2392
2010001052886,25,2,0
2010001052886,53,1,19100.598
2010001058053,48,1,7640.2392
2010001058053,46,1,151276.7362
2010001058053,12,0,NA
2010001058053,8,0,-15279.71438
2010001058053,4,0,-15279.71438
2010001064629,48,1,30560.9568
2010001064629,45,1,30560.9568
2010001064629,23,1,7640.2392
2010001064629,20,1,4584.14352
2010001064629,19,1,1910.0598
2010001064886,36,1,72582.2724
2010001064886,32,1,48821.12849
2010001068203,44,1,30560.9568
2010001068203,37,1,30560.9568
2010001068203,44,1,38201.196
2010001068914,46,1,725.822724
2010001070689,85,2,16884.92863
2010001071756,94,2,15891.69754
2010001071960,45,1,6876.21528
2010001073554,38,1,40493.26776
2010001073554,40,1,45841.4352
2010001074049,72,2,0
2010001087214,35,2,0
2010001087214,17,2,0
2010001087214,17,2,0
2010001087797,68,1,20017.4267
2010001087797,66,1,19941.02431
2010001089811,57,2,24448.76544
2010001092070,43,1,25518.39893
2010001092915,66,2,36673.14816
2010001092915,69,2,5118.960264
2010001094734,82,2,6990.818868
2010001095303,36,1,57301.794
2010001095303,39,1,2597.681328
2010001096808,50,2,6188.593752
2010001097200,37,1,75638.36808
2010001097200,35,2,0
2010001097200,2,0,-15279.71438
2010001098466,18,2,12224.38272
2010001100189,40,1,22920.7176
2010001100189,32,1,4584.14352
2010001103409,55,1,67998.12888
2010001103409,29,1,19788.21953
2010001104198,38,1,25059.98458
2010001104198,34,1,4584.14352
2010001104198,4,0,-15279.71438
2010001104198,0,0,NA
2010001104953,63,1,27810.47069
2010001104953,40,2,2674.08372
2010001104953,22,1,9168.28704
2010001104953,17,2,0
2010001104953,14,0,NA
2010001104953,13,0,NA
2010001104953,1,0,NA
2010001105473,33,1,45841.4352
2010001105473,32,1,27504.86112
2010001105473,11,0,NA
2010001105473,7,0,-15279.71438
2010001116412,38,1,25212.78936
2010001116412,37,1,34381.0764
2010001116412,12,0,NA
2010001116412,12,0,NA
2010001117320,31,1,30560.9568
2010001117320,41,1,30560.9568
2010001117530,45,1,45841.4352
2010001117530,46,2,12224.38272
2010001117670,68,2,14440.05209
2010001117863,50,1,22920.7176
2010001119109,46,1,4584.14352
2010001119257,65,1,82972.99771
2010001119257,64,2,30026.14006
2010001119847,37,1,12224.38272
2010001119847,6,0,-15279.71438
2010001119847,4,0,-15279.71438
2010001128170,59,1,68762.1528
2010001128170,65,1,7716.641592
2010001131790,54,1,31095.77354
2010001131790,49,2,0
2010001131790,23,1,6112.19136
2010001131790,18,2,0
2010001131905,33,1,18336.57408
2010001131905,32,1,13599.62578
2010001134523,47,1,75027.14894
2010001134523,47,1,-411.8088929
2010001134523,19,2,3.05609568
2010001135631,27,1,27275.65394
2010001135631,23,2,382.01196
2010001137702,62,1,14210.84491
2010001137702,21,1,9168.28704
2010001138548,63,1,39064.54303
2010001141008,20,2,7640.2392
2010001144673,24,1,10085.11574
2010001144673,49,1,10772.73727
2010001144673,26,1,1680.852624
2010001146685,30,1,34381.0764
2010001146685,6,0,-15279.71438
2010001146685,5,0,-15279.71438
2010001148825,33,1,32089.00464
2010001148825,31,1,41257.29168
2010001152338,61,1,58142.22031
2010001153284,53,1,81139.3403
2010001153284,52,1,93974.94216
2010001153284,19,1,122.2438272
2010001153284,16,1,229.207176
2010001154433,29,1,32853.02856
2010001154433,34,1,114603.588
2010001155317,80,2,11613.16358
2010001155317,54,1,37589.97686
2010001155317,52,1,59135.45141
2010001157923,29,1,18336.57408
2010001157923,29,1,3820.1196
2010001165804,29,1,9168.28704
2010001165977,60,1,53481.6744
2010001165977,51,2,11460.3588
2010001165977,30,2,0
2010001165977,23,1,12224.38272
2010001166962,75,2,13676.02817
2010001170500,51,1,38201.196
2010001172264,22,1,5959.386576
2010001173907,40,1,26740.8372
2010001173907,7,0,-15279.71438
2010001173907,14,0,NA
2010001173907,11,0,NA
2010001173907,40,1,30560.9568
2010001177815,85,2,17190.5382
2010001177815,82,2,11307.55402
2010001178969,31,1,16044.50232
2010001178969,9,0,-15279.71438
2010001178969,3,0,-15279.71438
2010001178969,1,0,NA
2010001179093,52,1,50425.57872
2010001179600,57,1,42021.3156
2010001180082,67,2,6494.20332
2010001180082,66,1,62649.96144
2010001180082,38,1,26740.8372
2010001180082,1,0,NA
2010001180758,24,2,0
2010001180758,23,1,40493.26776
2010001182904,39,1,19635.41474
2010001182904,33,1,16808.52624
2010001189378,30,1,47369.48304
2010001189378,30,2,0
2010001191396,57,2,15891.69754
2010001191429,45,2,13569.06482
2010001191429,8,0,-15279.71438
2010001191502,49,2,13446.82099
2010001192526,24,2,4813.350696
2010001192526,1,0,NA
2010001192526,59,1,17572.55016
2010001192526,29,2,404.9326776
2010001192641,53,1,5730.1794
2010001192641,37,2,18336.57408
2010001192641,36,1,17343.34298
2010001195430,29,1,25671.20371
2010001195430,9,0,-15279.71438
2010001195430,52,2,6188.593752
2010001195430,53,2,6188.593752
2010001195430,19,1,1146.03588
2010001196450,34,1,30560.9568
2010001196450,24,1,45077.41128
2010001197678,29,1,34381.0764
2010001198612,56,1,16808.52624
2010001198612,39,2,0
2010001198612,29,1,1986.462192
2010001199665,90,2,13752.43056
2010001200257,26,1,9626.701392
2010001203057,27,1,13446.82099
2010001206679,57,2,6188.593752
2010001207791,69,2,7640.2392
2010001210436,29,1,53481.6744
2010001210436,31,1,993.231096
2010001210436,1,0,NA
2010001210685,41,1,76478.79439
2010001210685,42,2,0
2010001211174,36,1,49661.5548
2010001211174,35,1,53481.6744
2010001211174,2,0,-15279.71438
2010001213004,49,1,52717.65048
2010001221299,37,1,12988.40664
2010001221299,39,1,18336.57408
2010001221898,61,1,42785.33952
2010001224254,54,1,27122.84916
2010001226795,41,1,25976.81328
2010001226795,29,1,19100.598
2010001226795,28,1,19864.62192
2010001226795,32,1,18336.57408
2010001227014,30,1,22920.7176
2010001227014,27,1,26740.8372
2010001233545,58,1,11769.02446
2010001233648,47,2,5730.1794
2010001241501,57,1,16502.91667
2010001241501,56,1,9779.506176
2010001244974,58,1,19864.62192
2010001244974,55,1,9168.28704
2010001245443,42,1,30560.9568
2010001247433,45,2,0
2010001248246,74,2,11001.94445
2010001248246,18,1,4966.15548
2010001248246,15,0,7793.043984
2010001253653,74,2,17488.50753
2010001253653,43,1,15058.91146
2010001257580,51,1,42785.33952
2010001257580,51,1,50425.57872
2010001257580,10,0,NA
2010001259945,28,1,48897.53088
2010001259945,29,1,13905.23534
2010001265889,61,1,30560.9568
2010001265889,41,2,0
2010001266479,71,2,6188.593752
2010001266479,69,2,6188.593752
2010001266479,65,2,10772.73727
2010001267493,32,1,9244.689432
2010001267493,13,0,NA
2010001267493,10,0,NA
2010001267493,8,0,-15279.71438
2010001269028,54,1,5730.1794
2010001271896,45,1,42021.3156
2010001271896,47,1,36673.14816
2010001271896,16,2,0
2010001271896,13,0,NA
2010001271896,11,0,NA
2010001272374,53,1,28574.49461
2010001272374,47,1,40493.26776
2010001280418,72,2,23913.9487
2010001281023,53,2,0
2010001281023,48,2,0
2010001283895,32,1,5348.16744
2010001283895,39,1,7640.2392
2010001283895,9,0,-15279.71438
2010001283895,3,0,-15279.71438
2010001287730,43,1,11460.3588
2010001287730,9,0,-15279.71438
2010001287730,6,0,-15279.71438
2010001287730,44,1,24448.76544
2010001291267,51,1,11460.3588
2010001291757,45,2,6112.19136
2010001291757,16,2,0
2010001293151,60,1,19253.40278
2010001295596,89,2,12086.85841
2010001300896,40,2,0
2010001300896,41,1,81750.55944
2010001300896,5,0,-15279.71438
2010001308573,37,1,34381.0764
2010001308573,29,1,45077.41128
2010001313064,58,1,24830.7774
2010001319038,44,2,0
2010001319038,45,1,108491.3966
2010001319038,18,2,0
2010001319038,16,2,0
2010001319038,14,0,NA
2010001319038,13,0,NA
2010001319486,19,1,382.01196
2010001320296,30,1,20246.63388
2010001320296,37,1,42021.3156
2010001320296,0,0,NA
2010001322235,31,1,67234.10496
2010001322235,27,1,4278.533952
2010001323615,28,1,73346.29632
2010001323615,26,2,0
2010001329329,56,1,26740.8372
2010001330746,33,1,34381.0764
2010001332181,64,2,26206.02046
2010001332181,63,2,21621.87694
2010001334904,55,2,4889.753088
2010001334904,53,1,52106.43134
2010001334904,14,0,NA
2010001334904,87,2,7869.446376
2010001338720,21,1,19100.598
2010001338720,22,1,9168.28704
2010001342035,62,1,22156.69368
2010001342035,33,1,9168.28704
2010001342035,94,2,65400.44755
2010001342241,59,1,22920.7176
2010001344600,42,1,34388.71664
2010001346453,24,1,9168.28704
2010001346453,23,2,0
2010001346453,5,0,-15279.71438
2010001346453,2,0,-15279.71438
2010001346453,1,0,NA
2010001346641,58,1,30484.55441
2010001346641,58,2,11613.16358
2010001347002,46,1,97031.03784
2010001347002,58,1,99323.1096
2010001347087,76,2,11536.76119
2010001347087,66,2,15051.27122
2010001348057,63,2,24372.36305
2010001348057,64,1,49661.5548
2010001348057,31,1,10619.93249
2010001348057,8,0,-15279.71438
2010001348870,29,1,14669.25926
2010001348938,26,2,0
2010001348938,27,1,39270.82949
2010001348938,3,0,-15279.71438
2010001348938,1,0,NA
2010001352181,63,1,6150.392556
2010001352181,61,1,23684.74152
2010001353946,20,2,1986.462192
2010001354373,26,1,3820.1196
2010001354373,28,1,14134.44252
2010001355439,24,2,0
2010001356579,83,2,15127.67362
2010001356579,90,2,11383.95641
2010001363570,30,1,15280.4784
2010001365768,28,1,30560.9568
2010001365768,28,2,0
2010001365768,1,0,NA
2010001365768,27,1,67234.10496
2010001365768,25,1,30560.9568
2010001365768,19,2,0
2010001365768,52,1,57301.794
2010001365768,50,2,0
2010001366433,24,1,19100.598
2010001369997,60,1,49692.11576
2010001369997,58,1,49661.5548
2010001373182,41,1,68762.1528
2010001373182,18,1,2292.07176
2010001374275,40,1,40493.26776
2010001384987,30,2,6647.008104
2010001386072,50,1,233027.2956
2010001386072,55,1,233027.2956
2010001389303,66,1,11460.3588
2010001389303,54,2,1833.657408
2010001389303,32,2,0
2010001389303,29,1,1375.243056
2010001393293,49,1,31477.7855
2010001393293,50,1,34839.49075
2010001393293,21,1,11078.34684
2010001393796,46,1,40493.26776
2010001393796,40,1,2062.864584
2010001393796,0,0,NA
2010001400730,31,1,34381.0764
2010001401550,60,1,25976.81328
2010001401550,64,1,25976.81328
2010001401550,28,1,30560.9568
2010001403848,57,1,29414.92092
2010001404032,50,1,45841.4352
2010001404032,50,1,26740.8372
2010001405143,37,1,61121.9136
2010001406466,63,2,30484.55441
2010001412580,44,2,5882.984184
2010001412580,37,1,11689.56598
2010001412580,15,0,0
2006000001572,21,1,7640.2392
2006000001572,18,1,1680.852624
2006000001572,14,0,NA
2006000001572,44,1,42021.3156
2006000001572,42,1,22920.7176
2006000009986,65,2,5577.374616
2006000009986,85,2,16426.51428
2006000010543,25,1,9932.31096
2006000010543,3,0,-15279.71438
2006000012215,72,2,28727.29939
2006000014484,62,2,0
2006000014484,58,1,9626.701392
2006000014589,47,2,7793.043984
2006000014589,17,2,0
2006000015364,90,2,25212.78936
2006000015364,85,2,6264.996144
2006000017591,19,1,1680.852624
2006000017591,19,1,3285.302856
2006000017591,19,1,382.01196
2006000026458,41,1,11460.3588
2006000026458,34,1,7640.2392
2006000026458,16,2,0
2006000026458,12,0,NA
2006000026458,3,0,-15279.71438
2006000026458,63,2,0
2006000026458,37,1,21469.07215
2006000026458,29,1,12377.1875
2006000026458,34,1,30560.9568
2006000026458,39,1,6112.19136
2006000026458,28,1,16502.91667
2006000033351,68,1,23761.14391
2006000034397,49,1,74912.54536
2006000036495,44,1,30713.76158
2006000039908,17,1,534.816744
2006000044450,54,1,21392.66976
2006000044450,34,1,16808.52624
2006000047049,57,1,16808.52624
2006000047049,33,1,16808.52624
2006000047049,27,1,5882.984184
2006000047126,51,1,35909.12424
2006000047126,49,1,27504.86112
2006000048986,20,2,0
2006000058148,39,1,41257.29168
2006000058148,33,1,15280.4784
2006000063656,36,1,10696.33488
2006000063656,28,1,21392.66976
2006000063656,28,2,0
2006000064628,43,1,23684.74152
2006000065856,57,1,21392.66976
2006000065856,55,1,9932.31096
2006000070767,73,2,8939.079864
2006000072783,27,1,16808.52624
2006000072783,33,1,15356.88079
2006000072783,25,1,17572.55016
2006000072783,24,1,11995.17554
2006000072783,23,1,3438.10764
2006000073067,55,1,15135.31386
2006000076611,34,1,11001.94445
2006000076611,23,1,12224.38272
2006000077684,28,1,15654.85012
2006000079561,32,1,61121.9136
2006000079561,28,1,38201.196
2006000081113,49,1,56537.77008
2006000081149,76,2,8251.458336
2006000081149,77,2,4507.741128
2006000081463,29,1,42021.3156
2006000081463,31,1,11460.3588
2006000081463,25,1,18336.57408
2006000081463,23,1,26740.8372
2006000081599,21,1,5653.777008
2006000081599,22,1,6799.812888
2006000082958,69,2,4049.326776
2006000082958,65,2,4049.326776
2006000083954,28,1,9550.299
2006000083954,35,1,2299.711999
2006000084522,42,1,13752.43056
2006000084522,42,1,23684.74152
2006000084522,5,0,-15279.71438
2006000084522,3,0,-15279.71438
2006000084556,35,1,3820.1196
2006000084556,42,1,221566.9368
2006000084556,2,0,-15279.71438
2006000084556,0,0,NA
2006000085774,69,2,36673.14816
2006000085774,57,1,29720.53049
2006000086958,27,1,22920.7176
2006000086958,28,1,18336.57408
2006000088908,22,1,6876.21528
2006000090705,38,1,11460.3588
2006000090705,39,1,22156.69368
2006000090705,11,0,NA
2006000090705,5,0,-15279.71438
2006000096123,41,1,51953.62656
2006000096513,72,2,28650.897
2006000098574,41,1,12988.40664
2006000098574,25,1,18336.57408
2006000098574,2,0,-15279.71438
2006000098574,63,2,9015.482256
2006000099034,59,1,15280.4784
2006000102677,28,1,32089.00464
2006000104838,33,1,7716.641592
2006000109773,35,1,7640.2392
2006000109944,52,1,45841.4352
2006000109944,52,1,11460.3588
2006000109944,21,2,0
2006000109944,16,2,0
2006000110044,72,2,13599.62578
2006000112613,55,1,2903.290896
2006000112613,54,1,50425.57872
2006000112613,40,2,0
2006000112613,18,2,0
2006000114680,51,1,69526.17672
2006000114680,48,1,69526.17672
2006000114819,39,1,22156.69368
2006000114819,31,1,7411.032024
2006000119063,61,1,19864.62192
2006000120383,43,1,28421.68982
2006000120383,51,1,15280.4784
2006000121879,69,1,55773.74616
2006000121879,69,1,8404.26312
2006000122018,61,1,4584.14352
2006000122051,62,2,5699.618443
2006000122394,45,1,11001.94445
2006000122394,48,1,18336.57408
2006000122394,10,0,NA
2006000122394,6,0,-15279.71438
2006000122394,81,2,4278.533952
2006000122394,73,2,4278.533952
2006000122394,76,2,5118.960264
2006000122394,24,1,2750.486112
2006000126682,65,2,15586.08797
2006000127859,43,1,12224.38272
2006000133786,30,1,24448.76544
2006000133786,23,1,11383.95641
2006000138449,27,1,87862.7508
2006000138449,22,1,764.02392
2006000140263,85,2,26817.23959
2006000141676,29,1,20934.25541
2006000144195,54,1,64942.0332
2006000144195,35,1,13752.43056
2006000144762,41,1,70290.20064
2006000144762,41,1,32089.00464
2006000147225,56,1,44527.31406
2006000147225,53,1,56537.77008
2006000147734,77,2,10597.01177
2006000149279,27,1,28498.09222
2006000153896,75,2,22003.8889
2006000157958,29,1,21392.66976
2006000157958,31,1,21392.66976
2006000159640,31,1,18917.23226
2006000160847,49,1,50501.98111
2006000160847,38,1,19902.82312
2006000165393,40,1,38201.196
2006000165393,40,1,19100.598
2006000167826,22,1,11460.3588
2006000167826,24,1,10696.33488
2006000168427,28,1,21851.08411
2006000175137,51,1,122625.8392
2006000175137,38,1,137906.3176
2006000175137,21,1,3438.10764
2006000175137,2,0,-15279.71438
2006000179540,42,1,24448.76544
2006000179540,12,0,NA
2006000181010,31,1,26740.8372
2006000182853,73,1,17282.22107
2006000182853,66,2,2521.278936
2006000183156,36,1,32089.00464
2006000183156,34,1,30660.27991
2006000183156,2,0,-15279.71438
2006000183511,39,1,16502.91667
2006000183511,10,0,NA
2006000184819,47,1,25212.78936
2006000184819,47,1,18336.57408
2006000184819,22,1,9168.28704
2006000184819,17,2,0
2006000185126,39,1,42021.3156
2006000185126,1,0,NA
2006000185126,33,1,22920.7176
2006000187463,27,1,25594.80132
2006000187463,28,1,26740.8372
2006000187463,1,0,NA
2006000189447,54,2,7869.446376
2006000189749,52,1,-7639.475176
2006000189749,48,1,23684.74152
2006000189749,20,1,15891.69754
2006000190200,54,2,0
2006000194966,84,2,24372.36305
2006000197319,57,1,22921.48162
2006000197319,29,1,14440.05209
2006000197319,17,1,534.816744
2006000198286,35,2,0
2006000198286,16,2,0
2006000198286,14,0,NA
2006000202103,21,1,11460.3588
2006000202103,28,1,3514.510032
2006000202103,0,0,NA
2006000202103,24,1,8939.079864
2006000204325,72,2,4775.1495
2006000204325,81,2,7945.848768
2006000212076,34,1,11460.3588
2006000212076,37,1,76.402392
2006000212076,10,0,NA
2006000212076,8,0,-15279.71438
2006000212076,6,0,-15279.71438
2006000212076,55,2,10467.1277
2006000215232,40,1,34381.0764
2006000215477,53,2,12606.39468
2006000215477,55,1,38354.00078
2006000217001,49,1,20628.64584
2006000217001,56,2,5424.569832
2006000217672,81,2,8098.653552
2006000217790,24,1,19482.60996
2006000217790,29,1,22156.69368
2006000217790,29,1,11460.3588
2006000217790,26,1,22920.7176
2006000217790,31,1,19864.62192
2006000219543,74,2,19482.60996
2006000220995,66,1,3476.308836
2006000221848,77,2,14745.66166
2006000223079,37,1,29796.93288
2006000223079,32,1,916.828704
2006000228712,32,1,61121.9136
2006000228712,30,1,2292.07176
2006000228712,0,0,NA
2006000230771,47,1,27504.86112
2006000231725,67,2,28475.1715
2006000231725,70,2,4889.753088
2006000236068,46,1,15280.4784
2006000236565,18,1,3208.900464
2006000236944,34,1,30560.9568
2006000236944,33,1,15280.4784
2006000236944,3,0,-15279.71438
2006000238265,79,2,8633.470296
2006000239674,66,2,14058.04013
2006000239674,44,1,191.00598
2006000241165,34,2,0
2006000243078,38,1,39729.24384
2006000243078,38,1,68762.1528
2006000243078,2,0,-15279.71438
2006000243154,45,2,427.8533952
2006000244088,42,1,17878.15973
2006000244088,39,1,34381.0764
2006000246444,28,1,15280.4784
2006000246444,28,2,3820.1196
2006000246444,6,0,-15279.71438
2006000246444,0,0,NA
2006000251732,28,1,14516.45448
2006000251732,10,0,NA
2006000251732,2,0,-15279.71438
2006000251732,25,1,106963.3488
2006000253212,32,1,96267.01392
2006000253212,28,1,11460.3588
2006000253212,63,1,11460.3588
2006000253212,62,1,45841.4352
2006000256794,61,2,21896.92555
2006000256794,59,1,16044.50232
2006000258941,39,1,27504.86112
2006000258941,34,1,11460.3588
2006000258941,11,0,NA
2006000258941,8,0,-15279.71438
2006000259177,55,1,14134.44252
2006000260520,46,1,16808.52624
2006000262068,33,1,22385.90086
2006000262068,12,0,NA
2006000262068,10,0,NA
2006000262068,10,0,NA
2006000262068,3,0,-15279.71438
2006000262068,37,1,1528.04784
2006000262418,69,2,20399.43866
2006000267191,25,1,22920.7176
2006000267191,24,1,4584.14352
2006000267884,49,1,34434.55807
2006000267884,30,1,28139.00097
2006000270206,36,1,16808.52624
2006000270206,31,1,28650.897
2006000275891,45,2,0
2006000277930,75,2,9168.28704
2006000277942,36,1,84042.6312
2006000277942,36,1,916.828704
2006000277942,4,0,-15279.71438
2006000278493,64,2,22920.7176
2006000279287,65,2,20399.43866
2006000279287,70,2,16380.67284
2006000280166,28,1,39729.24384
2006000280166,26,2,0
2006000280166,3,0,-15279.71438
2006000280166,1,0,NA
2006000283671,83,2,13828.83295
2006000286240,49,1,25976.81328
2006000286240,57,2,0
2006000286240,6,0,-15279.71438
2006000286240,4,0,-15279.71438
2006000286240,1,0,NA
2006000286240,0,0,NA
2006000288008,59,1,42021.3156
2006000288008,71,2,9168.28704
2006000289075,67,1,22615.10803
2006000290722,88,2,11154.74923
2006000291250,71,2,11918.77315
2006000292185,36,1,26740.8372
2006000292321,36,2,0
2006000292321,35,1,38201.196
2006000292321,5,0,-15279.71438
2006000292321,1,0,NA
2006000294583,86,2,18183.7693
2006000294583,56,2,24265.3997
2006000296454,57,1,8557.067904
2006000296454,62,1,45841.4352
2006000296454,16,2,0
2006000297204,54,1,30560.9568
2006000302849,46,1,22920.7176
2006000302849,53,1,57301.794
2006000302849,13,0,NA
2006000302849,11,0,NA
2006000303890,37,1,45841.4352
2006000303890,37,1,38201.196
2006000305355,25,1,19100.598
2006000305355,24,1,18336.57408
2006000307260,54,1,56537.77008
2006000307260,52,1,38201.196
2006000307918,88,2,20934.25541
2006000308862,54,1,4507.741128
2006000308862,56,1,23684.74152
2006000308862,21,1,764.02392
2006000311748,72,2,1986.462192
2006000311748,40,1,3132.498072
2006000314289,44,1,28956.50657
2006000314289,43,1,29269.75638
2006000314289,19,1,2674.08372
2006000314289,9,0,-15279.71438
2006000314289,5,0,-15279.71438
2006000314289,76,2,13752.43056
2006000317391,31,1,21392.66976
2006000317391,28,1,22920.7176
2006000317877,51,1,15127.67362
2006000320741,52,1,22462.30325
2006000320741,62,1,20475.84106
2006000321969,47,1,18030.96451
2006000324133,43,1,34381.0764
2006000324133,8,0,-15279.71438
2006000324133,45,1,35145.10032
2006000327130,32,1,45841.4352
2006000327130,25,1,12988.40664
2006000327130,1,0,NA
2006000327130,30,1,30560.9568
2006000327365,31,1,30560.9568
2006000327608,86,2,10214.99981
2006000328894,52,1,53481.6744
2006000328894,51,1,3056.09568
2006000329095,41,1,71436.23652
2006000331420,40,1,1528.04784
2006000331420,36,1,38201.196
2006000331420,2,0,-15279.71438
2006000331466,20,1,9168.28704
2006000333699,53,1,36061.92902
2006000333699,46,1,32089.00464
2006000338329,22,1,6112.19136
2006000338329,23,1,7334.629632
2006000340167,54,1,34381.0764
2006000342010,52,1,11001.94445
2006000342010,48,2,0
2006000342010,18,2,0
2006000342010,16,2,0
2006000342010,14,0,NA
2006000342010,13,0,NA
2006000342010,10,0,NA
2006000342134,31,1,30560.9568
2006000342134,15,0,0
2006000342134,7,0,-15279.71438
2006000342134,31,1,9550.299
2006000343092,34,1,76402.392
2006000343092,29,1,48897.53088
2006000344409,27,2,0
2006000347537,30,1,3056.09568
2006000347537,6,0,-15279.71438
2006000347537,3,0,-15279.71438
2006000347537,2,0,-15279.71438
2006000347537,1,0,NA
2006000348687,21,1,12988.40664
2006000348687,23,1,9932.31096
2006000349603,70,1,14210.84491
2006000349662,34,1,57301.794
2006000351311,27,1,1528.04784
2006000352223,45,1,35909.12424
2006000352223,41,1,29032.90896
2006000353488,44,1,30560.9568
2006000353488,47,1,30560.9568
2006000353488,20,2,0
2006000354681,28,1,22920.7176
2006000356265,48,2,0
2006000358180,63,2,15280.4784
2006000358180,63,2,15280.4784
2006000359296,94,2,73346.29632
2006000359296,71,2,9244.689432
2006000359296,55,2,0
2006000367384,82,2,6998.459107
2006000368522,35,1,228443.1521
2006000368522,34,1,4584.14352
2006000368522,6,0,-15279.71438
2006000368522,6,0,-15279.71438
2006000368775,60,1,26817.23959
2006000371258,45,1,45841.4352
2006000371258,48,1,34381.0764
2006000373879,73,2,13576.70506
2006000373879,73,2,6570.605712
2006000375729,42,1,64942.0332
2006000375729,32,2,0
2006000378167,52,1,42792.97976
2006000379519,43,1,25212.78936
2006000383325,61,1,5577.374616
2006000383325,52,2,0
2006000386814,82,2,7716.641592
2006000388435,79,2,8954.360342
2006000389565,80,2,13828.83295
2006000392772,59,1,48897.53088
2006000392772,59,1,38201.196
2006000394691,87,2,8251.458336
2006000396086,55,1,35909.12424
2006000396086,52,1,74110.32024
2006000396944,57,1,58829.84184
2006000400662,89,2,12300.78511
2006000402227,88,2,7334.629632
2006000404318,58,2,0
2006000404318,65,1,41562.90125
2006000404318,23,2,0
2006000405352,33,1,22920.7176
2006000405352,37,1,26740.8372
2006000405352,8,0,-15279.71438
2006000405352,0,0,NA
2006000407288,29,1,38201.196
2006000407288,38,1,34381.0764
2006000411272,59,1,37368.40993
2006000411272,11,0,NA
2006000411272,47,1,9168.28704
2006000411272,7,0,-15279.71438
2006000414024,75,2,15433.28318
2006000414929,35,1,15738.89275
2006000414929,3,0,-15279.71438
2006000417403,36,1,29720.53049
2006000417403,18,1,2444.876544
2006000417403,15,0,0
2006000424554,38,1,24295.96066
2006000424554,34,1,259.7681328
2006000424554,16,2,0
2006000424554,13,0,NA
2006000426668,60,1,113610.3569
2006000426747,83,2,4202.13156
2006000428792,35,1,2292.07176
2006000432489,58,1,8251.458336
2006000432489,48,1,15891.69754
2006000432489,26,1,10543.5301
2006000432489,24,1,19100.598
2006000432489,25,1,993.231096
2006000434824,29,1,21392.66976
2006000434824,33,1,15280.4784
2006000434824,0,0,NA
2006000434884,50,1,18871.39082
2006000435208,84,2,19253.40278
2006000438407,27,1,24448.76544
2006000438407,5,0,-15279.71438
2006000438407,42,1,10696.33488
2006000446153,30,1,32853.02856
2006000446153,31,1,22156.69368
2006000450366,38,1,34381.0764
2006000450366,11,0,NA
2006000450366,4,0,-15279.71438
2006000451305,37,1,13141.21142
2006000451305,35,1,8939.079864
2006000451305,13,0,NA
2006000451305,11,0,NA
2006000451860,30,1,11765.96837
2006000453574,33,1,19100.598
2006000453574,32,1,30560.9568
2006000455964,31,1,34381.0764
2006000455964,31,1,38201.196
2006000458446,39,1,32853.02856
2006000472301,28,1,22538.70564
2006000472301,34,1,50456.13968
2006000477181,73,2,23073.52238
2006000483773,49,2,12147.98033
2006000483773,26,1,19100.598
2006000483773,0,0,NA
2006000483773,2,0,-15279.71438
2006000483773,27,1,22920.7176
2006000485665,59,1,38965.21992
2006000485665,61,1,4584.14352
2006000486444,61,1,15280.4784
2006000486444,52,1,26740.8372
2006000486444,20,1,1375.243056
2006000490728,38,1,49661.5548
2006000492250,51,1,29033.67298
2006000492250,49,1,11460.3588
2006000492250,25,1,3820.1196
2006000492250,21,1,5348.16744
2006000492250,15,0,0
2006000493437,41,1,42021.3156
2006000494952,41,1,28268.88504
2006000495691,71,2,29147.51255
2006000495691,77,2,18947.79322
2006000495766,55,1,221566.9368
2006000497134,33,1,12224.38272
2006000497969,68,2,43243.75387
2006000497969,73,2,5646.136769
2006000501914,94,2,14669.25926
2006000501914,55,1,137.5243056
2006000502443,31,1,13905.23534
2006000505294,59,1,26358.82524
2006000505294,57,1,14806.78357
2006000505294,38,1,15815.29514
2006000507039,28,1,19100.598
2006000507039,31,1,11460.3588
2006000513803,57,1,21163.46258
2006000513803,57,1,25365.59414
2006000513803,20,1,8022.25116
2006000516696,80,2,9168.28704
2006000516696,34,1,588.2984184
2006000516868,53,1,44542.59454
2006000517616,45,1,9932.31096
2006000517616,52,1,33235.04052
2006000517616,15,0,0
2006000517616,9,0,-15279.71438
2006000523384,32,1,45841.4352
2006000523384,31,1,31324.98072
2006000523452,84,2,19100.598
2006000528840,30,2,0
2006000531884,46,1,11842.37076
2006000532167,55,1,47369.48304
2006000532167,53,1,61121.9136
2006000532167,15,0,0
2006000534066,36,1,23990.35109
2006000534066,14,0,NA
2006000541357,25,2,0
2006000541357,29,1,32089.00464
2006000541357,7,0,-15279.71438
2006000541357,3,0,-15279.71438
2006000544687,73,2,20170.23149
2006000548090,64,1,14554.65568
2006000548090,58,1,45841.4352
2006000550058,29,2,0
2006000550058,36,1,37437.17208
2006000550058,10,0,NA
2006000550058,6,0,-15279.71438
2006000550058,5,0,-15279.71438
2006000550058,2,0,-15279.71438
2006000555061,38,1,29032.90896
2006000555061,35,1,3438.10764
2006000555603,82,2,8557.067904
2006000567615,50,1,32853.02856
2006000567652,30,1,13752.43056
2006000567652,26,1,3056.09568
2006000568970,19,1,140.5804013
2006000569103,42,1,13141.21142
2006000569103,44,1,41257.29168
2006000569103,12,0,NA
2006000569103,7,0,-15279.71438
2006000569103,2,0,-15279.71438
2006000569714,46,1,25212.78936
2006000572593,37,1,53481.6744
2006000575039,46,1,19864.62192
2006000577934,38,1,31324.98072
2006000577934,4,0,-15279.71438
2006000577934,37,1,17190.5382
2006000578773,58,1,57301.794
2006000578773,28,1,9168.28704
2006000578773,22,1,11918.77315
2006000579052,40,1,34381.0764
2006000579395,32,1,26743.8933
2006000579974,44,1,42021.3156
2006000579974,41,1,41257.29168
2006000579974,6,0,-15279.71438
2006000579974,4,0,-15279.71438
2006000580019,81,2,11536.76119
2006000580019,85,1,24448.76544
2006000581082,52,1,41257.29168
2006000583295,23,1,39118.0247
2006000584318,54,1,48897.53088
2006000584318,56,1,62038.7423
2006000585679,61,1,15280.4784
2006000585679,62,1,5500.972224
2006000586821,59,1,15280.4784
2006000587960,37,1,25976.81328
2006000587960,32,2,0
2006000587960,4,0,-15279.71438
2006000587960,71,2,0
2006000587960,70,2,0
2006000588074,40,1,20628.64584
2006000590503,85,2,11689.56598
2006000595763,84,2,15662.49036
2006000595763,74,2,27252.73323
2006000599025,51,2,5416.929593
2006000599025,21,1,7411.032024
2006000602607,69,2,18221.97049
2006000602695,42,1,36673.14816
2006000602695,11,0,NA
2006000602695,9,0,-15279.71438
2006000602695,41,1,53481.6744
2006000604265,41,1,32089.00464
2006000604265,40,1,42961.06502
2006000604265,14,0,NA
2006000604265,12,0,NA
2006000608712,18,1,382.01196
2006000608826,80,2,13294.01621
2006000611672,43,1,4584.14352
2006000611672,45,1,9168.28704
2006000615412,34,1,35832.72185
2006000615412,10,0,NA
2006000617239,45,1,23111.72358
2006000617239,46,1,68189.13486
2006000617239,15,0,38.201196
2006000617239,9,0,-15279.71438
2006000623676,46,2,0
2006000629946,48,1,68762.1528
2006000634562,33,2,0
2006000634562,35,1,57301.794
2006000634562,8,0,-15279.71438
2006000634562,5,0,-15279.71438
2006000635693,27,1,21392.66976
2006000636323,65,2,3667.314816
2006000636329,33,1,22920.7176
2006000636329,35,1,32089.00464
2006000636359,34,1,53481.6744
2006000636359,28,2,0
2006000636832,37,1,32089.00464
2006000636832,37,1,34381.0764
2006000636832,7,0,-15279.71438
2006000636832,7,0,-15279.71438
2006000638684,29,1,47369.48304
2006000638684,29,1,17419.74538
2006000639989,40,1,61198.31599
2006000639989,44,1,36673.14816
2006000639989,10,0,NA
2006000639989,7,0,-15279.71438
2006000640440,32,1,9932.31096
2006000640440,34,1,86716.71492
2006000642654,27,1,28268.88504
2006000642654,28,1,21453.79167
2006000642654,28,1,4278.533952
2006000644444,82,2,6012.86825
2006000644578,27,1,34075.46683
2006000644578,27,1,95732.19718
2006000648440,36,2,114.603588
2006000648708,46,1,99323.1096
2006000648708,48,1,34381.0764
2006000651711,50,1,45841.4352
2006000655816,60,1,14287.2473
2006000655816,53,2,0
2006000657424,53,1,68762.1528
2006000657424,15,0,0
2006000664294,40,1,20781.45062
2006000664294,27,1,21812.88292
2006000667903,19,1,1222.438272
2006000676824,66,2,11001.94445
2006000678320,19,1,6112.19136
2006000678827,58,1,31324.98072
2006000679482,65,2,14974.86883
2006000679813,34,1,13752.43056
2006000679813,28,1,9932.31096
2006000681075,49,1,64942.0332
2006000681075,50,1,2826.888504
2006000681264,34,1,22233.09607
2006000683082,62,1,7640.2392
2006000683730,71,2,10849.13966
2006000684747,38,1,68762.1528
2006000684747,37,1,61121.9136
2006000684747,2,0,-15279.71438
2006000684747,0,0,NA
2006000686239,41,1,27504.86112
2006000686239,45,1,32089.00464
2006000686239,15,0,0
2006000688928,35,1,40493.26776
2006000688928,33,1,27504.86112
2006000690523,78,2,18336.57408
2006000690523,20,2,0
2006000690550,53,1,51418.80982
2006000690550,52,1,15280.4784
2006000690550,22,1,1910.0598
2006000691639,80,2,15586.08797
2006000696787,38,1,34381.0764
2006000696787,39,1,3820.1196
2006000696787,3,0,-15279.71438
2006000696787,1,0,NA
2006000697105,56,1,14669.25926
2006000697105,58,1,13752.43056
2006000697105,21,1,840.426312
2006000700886,69,2,28268.88504
2006000702922,94,2,6264.996144
2006000703368,70,2,11460.3588
2006000703368,83,2,15433.28318
2006000704174,94,2,32394.61421
2006000704208,27,1,18336.57408
2006000704208,23,1,13752.43056
2006000707839,67,1,19788.21953
2006000707839,72,1,25365.59414
2006000707851,63,1,98406.2809
2006000707851,65,1,16808.52624
2006000707887,84,2,23073.52238
2006000711995,52,1,12224.38272
2006000711995,33,1,3438.10764
2006000712750,41,1,38201.196
2006000720279,43,1,25976.81328
2006000721461,71,2,4125.729168
2006000721461,68,2,2062.864584
2006000724855,66,2,33540.65009
2006000724855,62,2,2674.08372
2006000725256,25,1,9932.31096
2006000730473,79,2,11001.94445
2006000730473,80,2,2750.486112
2006000733598,22,1,10696.33488
2006000739091,29,1,7793.043984
2006000741931,45,1,15280.4784
2006000741931,43,2,0
2006000741931,19,1,15891.69754
2006000741931,13,0,NA
2006000742691,57,1,29032.90896
2006000742691,52,1,2292.07176
2006000746505,56,1,75638.36808
2006000746505,26,1,34381.0764
2006000748059,48,1,12988.40664
2006000748059,26,1,12988.40664
2006000748059,19,1,11460.3588
2006000748059,15,0,0
2006000748059,52,2,0
2006000750825,31,1,32700.22378
2006000750825,29,2,7.6402392
2006000750825,8,0,-15279.71438
2006000750825,7,0,-15279.71438
2006000750825,5,0,-15279.71438
2006000750825,3,0,-15279.71438
2006000752045,32,1,36902.35534
2006000752045,31,1,5348.16744
2006000752177,74,2,24983.58218
2006000752177,73,2,9473.896608
2006000754916,63,1,31630.59029
2006000761287,45,1,35909.12424
2006000761287,46,2,0
2006000765938,62,2,12835.60186
2006000765938,52,1,38216.47648
2006000769532,55,1,29185.71374
2006000771481,50,2,18871.39082
2006000771481,21,1,2826.888504
2006000773881,83,2,26588.03242
2006000773881,83,2,4278.533952
2006000779762,38,1,171141.3581
2006000779762,38,1,55773.74616
2006000783682,52,1,9932.31096
2006000783682,18,1,2292.07176
2006000784599,37,1,64178.00928
2006000784599,38,1,53481.6744
2006000784599,15,0,0
2006000788018,34,1,38201.196
2006000788018,35,1,15280.4784
2006000791856,43,1,59593.86576
2006000791856,16,2,0
2006000791856,39,1,34381.0764
2006000793582,56,1,7793.043984
2006000793582,52,1,53588.63775
2006000795011,66,1,11452.71856
2006000795011,70,2,11001.94445
2006000798492,18,1,3820.1196
2006000798913,89,2,70825.01738
2006000799839,75,2,30255.34723
2006000799839,72,2,3896.521992
2006000799839,18,1,6647.008104
2006000800092,45,1,39729.24384
2006000800092,44,1,11613.16358
2006000801603,53,2,2292.07176
2006000804375,50,1,42021.3156
2006000804375,46,2,0
2006000805599,53,1,25594.80132
2006000805599,62,1,33082.23574
2006000805671,61,1,30560.9568
2006000806726,50,1,43167.35148
2006000808127,69,2,14210.84491
2006000809613,38,1,30408.15202
2006000809613,15,0,0
2006000815938,44,1,24471.68616
2006000815938,39,1,4584.14352
2006000815938,11,0,NA
2006000816158,49,1,68762.91682
2006000816158,50,1,3056.09568
2006000816158,15,0,0
2006000818636,42,1,36520.34338
2006000818636,44,1,38430.40318
2006000818636,6,0,-15279.71438
2006000818636,6,0,-15279.71438
2006000820722,57,1,35909.12424
2006000820722,61,1,5676.697726
2006000822886,34,1,33617.05248
2006000822886,30,1,24448.76544
2006000826254,60,1,21392.66976
2006000826254,60,1,23379.13195
2006000829921,36,1,23837.5463
2006000829921,24,1,11460.3588
2006000829921,23,1,11460.3588
2006000831994,40,1,28291.80576
2006000831994,36,1,18336.57408
2006000833296,75,2,10772.73727
2006000833296,76,2,3972.924384
2006000838074,22,1,9932.31096
2006000838074,1,0,NA
2006000839569,59,1,38277.59839
2006000839569,59,1,687.621528
2006000840444,61,1,23684.74152
2006000843861,84,2,11918.77315
2006000845612,88,2,8939.079864
2006000851214,45,1,8404.26312
2006000851214,60,1,16808.52624
2006000855048,46,1,90918.84648
2006000855048,45,1,10543.5301
2006000855048,19,2,0
2006000855048,17,1,1528.04784
2006000855390,25,1,21392.66976
2006000855390,26,1,25518.39893
2006000860170,23,1,5592.655094
2006000860170,30,2,3331.144291
2006000863874,45,1,56537.77008
2006000863874,50,1,35909.12424
2006000863895,61,1,48133.50696
2006000866267,90,2,9473.896608
2006000869592,20,1,1146.03588
2006000873336,53,2,6.11219136
2006000874733,24,1,12988.40664
2006000874733,26,1,10696.33488
2006000882609,28,1,22920.7176
2006000882609,24,1,12988.40664
2006000882918,56,1,24448.76544
2006000882918,53,2,0
2006000882918,29,2,4736.948304
2006000882918,24,1,10161.51814
2006000882918,21,1,23684.74152
2006000883198,66,1,35145.10032
2006000883198,61,2,10390.72531
2006000883243,55,1,16044.50232
2006000883243,53,1,8098.653552
2006000885163,33,1,22920.7176
2006000885163,31,1,27504.86112
2006000885315,40,1,19100.598
2006000885315,43,1,1910.0598
2006000886288,72,1,65629.65473
2006000886288,67,2,3056.09568
2006000893779,34,1,22920.7176
2006000893779,43,2,0
2006000893779,13,0,NA
2006000893779,9,0,-15279.71438
2006000894324,33,1,5730.1794
2006000894324,46,2,5730.1794
2006000896308,57,1,52389.12019
2006000896308,54,1,41280.2124
2006000896365,75,2,0
2006000897050,40,1,6952.617672
2006000897252,52,1,33693.45487
2006000897252,52,1,24525.16783
2006000898463,52,1,33846.25966
2006000898463,50,1,38201.196
2006000898532,61,1,45459.42324
2006000898532,58,1,77701.23266
2006000899489,19,2,2292.07176
2006000900042,41,1,78885.46974
2006000900042,39,1,99934.32874
2006000900042,0,0,NA
2006000901709,85,2,18947.79322
2006000903721,76,2,3208.900464
2006000903721,65,2,0
2006000903721,37,2,458.414352
2006000910583,55,1,38201.196
2006000910583,47,1,38201.196
2006000911121,61,1,8152.135226
2006000917266,38,1,117888.8909
2006000917266,44,2,0
2006000917266,9,0,-15279.71438
2006000917266,7,0,-15279.71438
2006000920381,46,1,6608.806908
2006000920381,43,1,227679.1282
2006000920381,12,0,NA
2006000920381,7,0,-15279.71438
2006000921670,67,2,16044.50232
2006000921670,71,2,6112.19136
2006000922349,40,1,21087.06019
2006000922349,35,1,14516.45448
2006000922349,16,2,0
2006000922349,12,0,NA
2006000923225,31,1,9168.28704
2006000923225,37,1,15280.4784
2006000923428,42,1,62649.96144
2006000923428,31,1,34381.0764
2006000923428,0,0,NA
2006000924792,47,1,8175.055944
2006000924792,49,1,49661.5548
2006000924792,18,1,1222.438272
2006000924792,16,2,1910.0598
2006000924792,13,0,NA
2006000925248,53,1,57301.794
2006000925248,46,1,51953.62656
2006000935132,22,1,1910.0598
2006000935132,23,1,3820.1196
2006000940143,23,1,14363.6497
2006000940143,26,1,4354.936344
2006000946438,62,1,25992.09376
2006000950339,56,1,126063.9468
2006000950727,58,1,44924.6065
2006000950727,55,1,47369.48304
2006000951466,35,1,18336.57408
2006000951466,35,1,15280.4784
2006000952201,18,2,0
2006000958037,46,1,42785.33952
2006000958037,45,1,55773.74616
2006000960093,37,1,37284.3673
2006000960093,11,0,NA
2006000960093,6,0,-15279.71438
2006000964839,59,1,72582.2724
2006000968652,55,1,38201.196
2006000968652,56,1,133704.186
2006000968688,79,1,30637.35919
2006000970559,81,2,42021.3156
2006000970559,74,2,27352.05634
2006000970845,40,1,38201.196
2006000970845,14,0,NA
2006000970845,13,0,NA
2006000971078,35,1,10008.71335
2006000977980,69,2,7334.629632
2006000977980,64,2,0
2006000978426,60,1,49661.5548
2006000978959,48,1,9015.482256
2006000978959,49,1,18336.57408
2006000979694,52,1,38201.196
2006000980443,43,1,21392.66976
2006000980647,54,2,53710.88158
2006000980647,9,0,-15279.71438
2006000982383,74,2,132940.1621
2006000988094,42,1,53749.08277
2006000988094,36,1,50692.98709
2006000988094,6,0,-15279.71438
2006000988094,4,0,-15279.71438
2006000989262,49,1,34381.0764
2006000989262,46,2,0
2006000992586,58,1,26740.8372
2006000992586,35,1,22920.7176
2006000992586,27,1,15280.4784
2006000992586,12,0,NA
2006000992586,6,0,-15279.71438
2006000992906,38,1,7640.2392
2006000999144,43,1,32853.02856
2006000999144,19,1,9168.28704
2006001007190,42,1,30560.9568
2006001007190,16,2,0
2006001007190,14,0,NA
2006001007190,3,0,-15279.71438
2006001007190,3,0,-15279.71438
2006001008781,49,2,114.603588
2006001009156,39,1,30560.9568
2006001009156,39,1,11460.3588
2006001010528,53,1,80986.53552
2006001010528,57,1,4660.545912
2006001010528,19,1,8404.26312
2006001014940,67,1,12147.98033
2006001016643,57,1,30560.9568
2006001016643,59,1,18336.57408
2006001020248,81,2,6417.800928
2006001026744,55,1,22920.7176
2006001026744,56,1,16808.52624
2006001026744,29,1,24448.76544
2006001032268,39,1,42021.3156
2006001032268,37,1,43549.36344
2006001033085,61,2,19895.18288
2006001035379,25,1,1528.04784
2006001042206,32,1,39729.24384
2006001043522,63,1,19253.40278
2006001043522,39,2,0
2006001044602,46,1,23264.52836
2006001044910,28,1,3056.09568
2006001044910,29,1,28268.88504
2006001045399,49,1,916.828704
2006001045399,52,2,6035.788968
2006001045939,29,1,34457.47879
2006001045939,26,2,0
2006001045939,2,0,-15279.71438
2006001045939,0,0,NA
2006001046186,70,2,7411.032024
2006001046186,57,2,0
2006001046186,16,2,4507.741128
2006001052821,56,1,74874.34416
2006001053135,62,2,5500.972224
2006001054588,50,1,222483.7655
2006001054588,46,1,12224.38272
2006001057294,89,2,10085.11574
2006001059269,49,2,119187.7315
2006001059269,40,1,22920.7176
2006001081749,25,1,6417.800928
2006001083425,71,2,8633.470296
2006001083425,15,0,5500.972224
2006001083425,53,2,0
2006001085424,20,1,4584.14352
2006001086881,69,1,28650.897
2006001087382,47,1,19100.598
2006001087382,46,2,10314.32292
2006001091220,79,2,46605.45912
2006001091220,83,2,19368.00637
2006001092193,35,1,15280.4784
2006001092193,13,0,NA
2006001092193,10,0,NA
2006001092193,34,1,18336.57408
2006001101265,73,2,12835.60186
2006001101265,47,1,19024.19561
2006001103818,36,1,5348.16744
2006001104420,29,1,12224.38272
2006001104420,28,2,0
2006001107781,26,1,12377.1875
2006001107781,25,1,10696.33488
2006001107781,23,1,12759.19946
2006001109369,60,1,42174.12038
2006001112787,40,1,64942.0332
2006001117221,68,2,12965.48592
2006001117221,45,1,18497.0191
2006001117221,19,2,0
2006001119922,61,1,45.8414352
2006001120061,21,1,3820.1196
2006001126626,52,1,28574.49461
2006001126626,53,1,21927.4865
2006001126626,18,1,3132.498072
2006001126626,16,2,0
2006001127590,40,2,6417.800928
2006001127590,11,0,NA
2006001128443,50,1,9168.28704
2006001128443,28,2,0
2006001128443,10,0,NA
2006001130820,47,1,171615.0529
2006001130820,44,2,0
2006001130820,8,0,-15279.71438
2006001130820,5,0,-15279.71438
2006001140921,60,1,30560.9568
2006001140921,49,1,3820.1196
2006001140921,18,1,3667.314816
2006001142673,66,1,20475.84106
2006001142691,32,1,28268.88504
2006001142691,58,1,2292.07176
2006001142691,50,1,18336.57408
2006001143385,53,1,71436.23652
2006001143385,50,1,42021.3156
2006001143629,52,1,72964.28436
2006001143629,20,1,4431.338736
2006001143629,41,1,8404.26312
2006001143629,30,1,7640.2392
2006001143629,26,1,11460.3588
2006001143629,24,2,7105.422456
2006001145809,66,1,41028.0845
2006001145858,38,1,6876.21528
2006001147002,25,1,15891.69754
2006001152204,34,1,12912.00425
2006001152204,30,2,0
2006001152204,10,0,NA
2006001152204,3,0,-15279.71438
2006001152204,38,1,12835.60186
2006001152204,35,1,12835.60186
2006001155531,41,2,0
2006001155531,38,1,221872.5464
2006001155531,9,0,-15279.71438
2006001155531,5,0,-15279.71438
2006001158538,39,1,45978.95951
2006001158538,35,1,6112.19136
2006001158538,6,0,-15279.71438
2006001158538,2,0,-15279.71438
2006001158565,52,1,57301.794
2006001162077,45,1,3438.10764
2006001164371,25,1,1146.03588
2006001166761,64,1,21392.66976
2006001167637,46,1,34381.0764
2006001167637,40,1,24448.76544
2006001168593,89,2,2597.681328
2006001170798,37,1,26740.8372
2006001171182,70,2,171141.3581
2006001171182,70,2,119187.7315
2006001172723,51,1,25365.59414
2006001172723,47,1,12988.40664
2006001172723,13,0,NA
2006001172723,12,0,NA
2006001172810,89,2,10314.32292
2006001172810,82,1,8404.26312
2006001175762,30,1,34381.0764
2006001175762,32,1,35068.69793
2006001176656,53,1,25976.81328
2006001176656,54,2,0
2006001177975,31,1,15769.45371
2006001177975,9,0,-15279.71438
2006001178204,85,2,28727.29939
2006001178204,80,2,2674.08372
2006001178764,57,1,22156.69368
2006001180247,58,1,11383.95641
2006001181759,69,1,22156.69368
2006001187479,51,1,34381.0764
2006001187924,60,1,10161.51814
2006001187924,71,2,5416.929593
2006001189795,40,1,22920.7176
2006001193289,57,1,68762.1528
2006001195864,68,2,8939.079864
2006001200270,28,1,38124.79361
2006001200911,43,1,4011.12558
2006001200911,42,1,32089.00464
2006001200911,9,0,-15279.71438
2006001200911,6,0,-15279.71438
2006001204206,52,1,39729.24384
2006001204206,54,1,80986.53552
2006001211301,58,1,33617.05248
2006001211916,73,2,9741.30498
2006001211916,72,2,4736.948304
2006001217164,34,1,55009.72224
2006001217164,31,1,30560.9568
2006001223818,35,1,19100.598
2006001223818,38,1,68762.1528
2006001223818,2,0,-15279.71438
2006001224548,19,1,175.7255016
2006001224548,2,0,-15279.71438
2006001227254,33,1,221566.9368
2006001227254,32,2,0
2006001227254,5,0,-15279.71438
2006001227254,2,0,-15279.71438
2006001227723,60,2,34381.0764
2006001228079,59,1,80222.5116
2006001228079,42,1,9168.28704
2006001230800,71,2,8251.458336
2006001231926,53,2,8175.055944
2006001233217,35,1,54337.38119
2006001233217,33,1,49661.5548
2006001233217,3,0,-15279.71438
2006001236356,43,1,71512.63891
2006001236356,9,0,-15279.71438
2006001236356,39,1,3438.10764
2006001237728,58,2,14745.66166
2006001238219,38,1,27504.86112
2006001238219,11,0,NA
2006001238219,18,1,11918.77315
2006001239887,19,2,6112.19136
2006001239887,23,1,4584.14352
2006001241192,88,2,21239.86498
2006001241490,42,1,17572.55016
2006001242363,73,2,14134.44252
2006001242863,44,1,1474.566166
2006001242863,2,0,-15279.71438
2006001245522,85,2,9550.299
2006001247665,59,1,16808.52624
2006001248854,18,1,4354.936344
2006001255131,34,1,61503.92556
2006001255131,38,1,33617.05248
2006001255131,2,0,-15279.71438
2006001255131,0,0,NA
2006001255485,41,1,30637.35919
2006001255485,27,1,15280.4784
2006001256380,33,1,38201.196
2006001257035,36,1,37437.17208
2006001257035,37,1,16426.51428
2006001257035,18,1,2062.864584
2006001257035,14,0,NA
2006001257035,12,0,NA
2006001260411,72,2,29965.01814
2006001260411,71,2,18810.26891
2006001266006,82,2,47369.48304
2006001268967,39,1,45894.91687
2006001269604,82,2,24601.57022
2006001271315,57,1,46911.06869
2006001272492,56,2,672.3410496
2006001273752,49,1,19864.62192
2006001277256,82,2,4584.14352
2006001282603,54,1,9168.28704
2006001283174,87,2,17648.95255
2006001284082,31,1,12224.38272
2006001287956,60,2,0
2006001287956,62,1,17496.14777
2006001287956,88,2,17190.5382
2006001288086,46,1,17037.73342
2006001289296,79,2,33693.45487
2006001290387,49,1,57301.794
2006001290850,64,2,0
2006001290850,71,1,70290.20064
2006001292100,34,1,22920.7176
2006001292100,39,1,22920.7176
2006001295702,60,1,10161.51814
2006001297159,94,2,9015.482256
2006001301070,35,1,16044.50232
2006001306519,36,1,35909.12424
2006001306519,36,1,9168.28704
2006001306519,3,0,-15279.71438
2006001306519,2,0,-15279.71438
2006001306519,65,2,4584.14352
2006001306890,79,2,12606.39468
2006001307960,74,2,38277.59839
2006001307960,51,1,16808.52624
2006001307960,45,2,0
2006001308849,40,1,30560.9568
2006001308849,21,1,11078.34684
2006001308849,16,2,0
2006001308849,14,0,NA
2006001308849,40,1,29032.90896
2006001311891,39,1,42021.3156
2006001311891,44,1,42021.3156
2006001311891,13,0,NA
2006001311891,8,0,-15279.71438
2006001313964,44,1,16808.52624
2006001313964,44,1,6876.21528
2006001313964,16,2,0
2006001313964,14,0,NA
2006001313964,7,0,-15279.71438
2006001318315,51,1,46605.45912
2006001319655,19,1,3056.09568
2006001325783,54,1,42250.52278
2006001325783,28,1,6876.21528
2006001325783,56,2,0
2006001326689,58,2,19100.598
2006001332067,46,1,11460.3588
2006001333178,87,2,6264.996144
2006001333178,55,1,14363.6497
2006001335144,48,1,30560.9568
2006001335144,35,1,15280.4784
2006001335144,11,0,NA
2006001335144,8,0,-15279.71438
2006001338162,54,1,23684.74152
2006001338162,50,1,24448.76544
2006001339826,33,1,56155.75812
2006001339826,4,0,-15279.71438
2006001341065,34,1,19100.598
2006001341065,37,2,4584.14352
2006001341065,67,2,27504.86112
2006001341065,64,1,14516.45448
2006001344528,38,1,30560.9568
2006001344528,38,1,33693.45487
2006001344528,3,0,-15279.71438
2006001344528,1,0,NA
2006001345011,26,1,30560.9568
2006001345011,30,1,30560.9568
2006001350744,40,1,7487.434416
2006001350744,13,0,NA
2006001351082,21,1,20628.64584
2006001351082,50,2,0
2006001351082,2,0,-15279.71438
2006001352308,36,1,32089.00464
2006001352308,45,1,8327.860728
2006001352308,19,1,1910.0598
2006001353382,42,2,1833.657408
2006001353382,18,1,5516.252702
2006001353382,16,1,840.426312
2007000000767,49,1,8557.067904
2007000000767,37,1,45841.4352
2007000001660,40,1,35145.10032
2007000005192,75,2,0
2007000005333,70,2,11383.95641
2007000005333,65,2,6799.812888
2007000009088,32,1,18947.79322
2007000009088,30,1,26740.8372
2007000009088,4,0,-15279.71438
2007000009088,1,0,NA
2007000014772,58,1,33922.66205
2007000014870,50,1,45841.4352
2007000014870,15,0,0
2007000015250,33,1,22920.7176
2007000015250,28,1,17572.55016
2007000015250,26,1,14134.44252
2007000015256,43,1,36673.14816
2007000015256,43,1,1528.04784
2007000015256,18,2,0
2007000015256,17,2,0
2007000015256,13,0,NA
2007000021197,55,1,26664.43481
2007000021315,56,1,76402.392
2007000021315,55,2,0
2007000028384,76,2,40034.85341
2007000028384,75,2,16884.92863
2007000032447,34,1,19864.62192
2007000032447,30,1,17572.55016
2007000032447,6,0,-15279.71438
2007000032447,0,0,NA
2007000032887,67,1,17725.35494
2007000032887,70,2,12835.60186
2007000032887,43,2,7945.848768
2007000032887,39,1,18794.98843
2007000037301,36,1,55773.74616
2007000037301,16,2,0
2007000037301,11,0,NA
2007000037301,28,2,0
2007000041882,52,1,32089.00464
2007000041882,46,1,27046.44677
2007000041882,20,1,3590.912424
2007000041882,17,1,6341.398536
2007000041882,15,0,0
2007000043717,73,2,65018.43559
2007000047153,43,1,49661.5548
2007000047153,21,1,3972.924384
2007000048509,39,1,25212.78936
2007000048509,33,1,7640.2392
2007000048509,0,0,NA
2007000049416,26,1,6876.21528
2007000049416,26,1,30560.9568
2007000050406,85,2,7716.641592
2007000051151,35,1,38201.196
2007000052117,20,1,5959.386576
2007000052117,0,0,NA
2007000053701,29,1,16044.50232
2007000059662,24,1,22767.91282
2007000060287,58,1,18336.57408
2007000065900,53,1,21927.4865
2007000065900,53,1,11765.96837
2007000068231,59,1,28268.88504
2007000068231,70,2,4125.729168
2007000072054,19,1,3056.09568
2007000073221,56,1,19100.598
2007000079336,47,1,29032.90896
2007000079336,38,1,30866.56637
2007000079336,12,0,NA
2007000079336,9,0,-15279.71438
2007000082705,30,1,2292.07176
2007000082705,38,1,34381.0764
2007000082705,2,0,-15279.71438
2007000084678,68,2,24219.55826
2007000084678,63,2,15815.29514
2007000084978,68,1,37437.17208
2007000084978,47,1,22920.7176
2007000085048,83,2,5959.386576
2007000085936,84,2,4278.533952
2007000085936,74,2,9244.689432
2007000085936,42,1,64942.0332
2007000085936,0,0,NA
2007000085936,32,2,0
2007000086673,54,1,64178.00928
2007000086673,51,1,15280.4784
2007000094496,31,1,22920.7176
2007000096631,40,1,27504.86112
2007000096631,12,0,NA
2007000096631,4,0,-15279.71438
2007000096631,32,1,10696.33488
2007000097575,31,1,44313.38736
2007000097575,28,1,4584.14352
2007000099435,57,2,37880.30595
2007000103288,36,1,26664.43481
2007000103288,35,1,56232.16051
2007000103288,6,0,-15279.71438
2007000103288,2,0,-15279.71438
2007000105303,48,1,13752.43056
2007000105303,16,1,496.615548
2007000105729,84,2,9703.103784
2007000105729,56,1,11613.16358
2007000105729,38,1,2750.486112
2007000107964,38,2,0
2007000107964,44,1,121250.5961
2007000107964,9,0,-15279.71438
2007000107964,7,0,-15279.71438
2007000108135,38,1,32089.00464
2007000108135,17,2,0
2007000108135,10,0,NA
2007000108135,8,0,-15279.71438
2007000108135,38,1,28268.88504
2007000112618,58,1,33617.05248
2007000115407,33,1,55926.55094
2007000116075,85,2,16197.3071
2007000116322,89,2,12988.40664
2007000116534,42,2,0
2007000116534,47,1,26053.21567
2007000117132,56,1,12912.00425
2007000117132,50,1,30560.9568
2007000118171,53,1,45841.4352
2007000118171,58,2,6876.21528
2007000118318,28,1,1910.0598
2007000118318,25,1,20628.64584
2007000119214,60,1,12224.38272
2007000119214,62,1,16808.52624
2007000122431,80,2,21239.86498
2007000122630,28,1,13064.80903
2007000129393,48,1,40493.26776
2007000129393,40,2,0
2007000129393,8,0,-15279.71438
2007000129393,7,0,-15279.71438
2007000129393,5,0,-15279.71438
2007000129393,78,2,8893.238429
2007000129393,75,1,28116.08026
2007000131361,40,1,62649.96144
2007000132590,47,1,34075.46683
2007000136110,56,1,61121.9136
2007000136511,52,2,9244.689432
2007000137263,58,1,71589.0413
2007000137263,46,1,43625.76583
2007000138311,38,1,9168.28704
2007000138311,30,2,0
2007000138311,10,0,NA
2007000138311,9,0,-15279.71438
2007000138524,87,2,15280.4784
2007000140246,30,1,30560.9568
2007000140246,33,1,19100.598
2007000140251,70,2,18336.57408
2007000142079,40,1,23684.74152
2007000142079,38,1,24448.76544
2007000142499,39,1,22923.7737
2007000142499,28,1,32089.00464
2007000143308,54,1,17114.13581
2007000143308,56,1,148984.6644
2007000143308,23,1,18336.57408
2007000150673,54,1,29338.51853
2007000160371,64,1,11903.49267
2007000160371,71,1,12323.70583
2007000163267,61,1,36978.75773
2007000163267,60,1,22920.7176
2007000163267,34,1,30560.9568
2007000163267,23,1,8557.067904
2007000163428,49,1,68762.1528
2007000163428,48,1,22920.7176
2007000163428,13,0,NA
2007000163428,9,0,-15279.71438
2007000166080,32,1,45841.4352
2007000167656,68,2,7334.629632
2007000170209,19,1,764.02392
2007000170595,42,1,66714.56869
2007000170595,43,1,33357.28435
2007000173216,71,1,9932.31096
2007000173216,81,2,15968.09993
2007000176329,37,1,123007.8511
2007000176329,38,1,366.7314816
2007000177005,19,1,6112.19136
2007000183318,28,1,6417.800928
2007000183318,36,1,9932.31096
2007000183318,8,0,-15279.71438
2007000183318,6,0,-15279.71438
2007000186748,55,1,22920.7176
2007000193225,54,1,60357.88968
2007000193225,57,1,48897.53088
2007000196040,35,1,46605.45912
2007000200936,58,1,52052.94967
2007000210130,26,2,0
2007000210130,25,1,38201.196
2007000210130,1,0,NA
2007000211658,46,1,20246.63388
2007000211658,36,1,18718.58604
2007000211658,16,2,0
2007000215893,21,1,1910.0598
2007000222230,32,1,611.219136
2007000222230,35,1,80222.5116
2007000222230,4,0,-15279.71438
2007000222900,59,1,34002.12054
2007000223347,26,1,1833.657408
2007000223347,40,1,29796.93288
2007000225819,30,1,45841.4352
2007000225819,29,1,55009.72224
2007000226811,45,1,29796.93288
2007000226811,36,1,29032.90896
2007000226811,17,2,0
2007000226811,14,0,NA
2007000226811,11,0,NA
2007000227052,80,2,9932.31096
2007000230803,62,1,3697.875773
2007000230803,63,1,25289.19175
2007000230953,25,2,-7639.475176
2007000230953,25,1,1764.895255
2007000231985,54,1,26740.8372
2007000231985,51,2,0
2007000234752,23,1,15280.4784
2007000234752,30,1,24448.76544
2007000236412,48,1,73575.5035
2007000237939,48,1,43549.36344
2007000237939,9,0,-15279.71438
2007000239849,22,1,6112.19136
2007000245333,53,1,18336.57408
2007000245949,30,1,32089.00464
2007000245949,29,1,26740.8372
2007000249025,37,1,45841.4352
2007000249478,52,2,46605.45912
2007000249556,33,1,14516.45448
2007000249556,38,1,11918.77315
2007000250552,57,1,30713.76158
2007000250564,31,1,128432.421
2007000250564,30,1,30560.9568
2007000253786,64,2,26664.43481
2007000264855,44,1,7296.428436
2007000264855,37,1,4431.338736
2007000268251,54,2,16502.91667
2007000268251,31,1,129.8840664
2007000268251,9,0,-15279.71438
2007000268251,36,1,36673.14816
2007000271638,28,1,24448.76544
2007000271638,29,1,25976.81328
2007000274294,75,2,19024.19561
2007000275434,40,1,245251.6783
2007000275434,36,2,0
2007000275434,8,0,-15279.71438
2007000275434,6,0,-15279.71438
2007000275849,57,1,25212.78936
2007000277867,33,1,9091.884648
2007000277867,32,1,42021.3156
2007000277867,8,0,-15279.71438
2007000277867,3,0,-15279.71438
2007000279349,81,2,94738.96608
2007000279349,87,2,26893.64198
2007000280971,57,1,36673.14816
2007000281366,63,2,4584.14352
2007000281366,39,1,19100.598
2007000282387,45,1,33617.05248
2007000282387,31,1,3132.498072
2007000282387,7,0,-15279.71438
2007000282387,3,0,-15279.71438
2007000282387,0,0,NA
2007000282639,49,2,7105.422456
2007000286061,43,1,38201.196
2007000286061,52,1,58065.81792
2007000286061,14,0,NA
2007000286061,11,0,NA
2007000287418,35,1,44313.38736
2007000287418,41,1,32089.00464
2007000287418,11,0,NA
2007000287526,67,2,28574.49461
2007000290086,31,1,22920.7176
2007000290086,31,1,19100.598
2007000290086,8,0,-15279.71438
2007000291778,71,2,19482.60996
2007000291778,78,2,30255.34723
2007000295919,63,2,32318.21182
2007000295919,57,1,96267.01392
2007000300857,41,1,87862.7508
2007000300857,39,1,61121.9136
2007000305696,46,1,11651.36478
2007000306041,21,1,19100.598
2007000306041,25,1,21392.66976
2007000306041,3,0,-15279.71438
2007000306041,1,0,NA
2007000312818,53,1,32898.87
2007000312818,44,1,18412.97647
2007000313466,40,2,0
2007000317693,44,1,22920.7176
2007000317693,38,1,32853.02856
2007000317693,15,0,0
2007000319285,47,1,45841.4352
2007000321641,81,2,9244.689432
2007000322592,36,1,40875.27972
2007000322592,30,1,6876.21528
2007000322592,30,1,6112.19136
2007000322909,56,1,53481.6744
2007000322909,57,1,30560.9568
2007000323147,86,2,16808.52624
2007000325513,81,2,17419.74538
2007000326668,50,1,77930.43984
2007000326668,52,1,40493.26776
2007000327461,39,1,40493.26776
2007000340947,27,1,9168.28704
2007000342407,16,1,9168.28704
2007000342954,50,1,9168.28704
2007000345459,62,1,64101.60689
2007000345459,63,2,3132.498072
2007000345459,32,1,19100.598
2007000350409,65,2,7716.641592
2007000350409,68,2,9015.482256
2007000351205,56,1,764.02392
2007000353096,77,1,7181.824848
2007000353397,36,1,25671.20371
2007000353810,46,2,6341.398536
2007000355193,47,1,38201.196
2007000355193,36,1,31324.98072
2007000357588,49,2,6876.21528
2007000357588,48,1,7258.22724
2007000357588,10,0,NA
2007000357588,9,0,-15279.71438
2007000357663,35,1,55070.84415
2007000357663,24,1,7640.2392
2007000357816,68,2,37513.57447
2007000357816,65,2,5882.984184
2007000358954,24,1,18336.57408
2007000358954,22,2,916.828704
2007000366553,43,1,19100.598
2007000367897,37,1,84042.6312
2007000368921,54,1,1222.438272
2007000368921,51,1,78694.46376
2007000368921,26,1,9168.28704
2007000368921,7,0,-15279.71438
2007000368921,0,0,NA
2007000370742,36,1,36673.14816
2007000371769,54,2,8862.677472
2007000373820,42,1,57301.794
2007000374087,26,1,10696.33488
2007000374087,27,2,0
2007000374087,25,2,0
2007000374087,20,1,9168.28704
2007000374232,16,2,0
2007000374522,69,1,6112.19136
2007000374522,79,2,9321.091824
2007000374522,74,2,3820.1196
2007000375127,53,1,36673.14816
2007000375127,17,2,0
2007000377062,62,1,37666.37926
2007000383353,44,1,191770.0039
2007000383353,44,1,15280.4784
2007000383353,16,2,764.02392
2007000383353,14,0,NA
2007000383377,36,1,15509.68558
2007000383377,35,1,91682.8704
2007000383377,4,0,-15279.71438
2007000383377,0,0,NA
2007000383466,59,1,42785.33952
2007000385290,35,1,52106.43134
2007000388785,45,2,0
2007000389580,63,1,22920.7176
2007000390279,25,1,45917.83759
2007000392666,66,2,6295.557101
2007000394114,52,1,71818.24848
2007000394114,51,1,9168.28704
2007000394114,23,1,4966.15548
2007000395383,64,1,55888.34975
2007000396866,44,1,36291.1362
2007000396866,43,2,0
2007000396866,20,1,2674.08372
2007000396866,17,1,764.02392
2007000412012,71,2,19253.40278
2007000412012,38,1,13752.43056
2007000413619,37,1,36673.14816
2007000413619,39,1,75684.20952
2007000413619,3,0,-15279.71438
2007000413619,0,0,NA
2007000414805,38,1,41257.29168
2007000422759,56,1,38201.196
2007000422759,40,1,1528.04784
2007000423702,66,1,7265.867479
2007000424026,43,1,30560.9568
2007000424026,44,1,5730.1794
2007000425397,57,1,32089.00464
2007000425397,59,1,40187.65819
2007000428824,27,1,9557.939239
2007000428824,27,1,6112.19136
2007000429093,51,1,32020.24249
2007000429093,49,1,40798.87733
2007000429093,21,1,3056.09568
2007000429656,81,2,20323.03627
2007000431539,35,1,76402.392
2007000431539,25,2,0
2007000431539,1,0,NA
2007000435633,40,2,0
2007000435633,47,2,0
2007000436862,56,1,17878.15973
2007000437939,66,2,48591.92131
2007000441648,28,1,23684.74152
2007000441648,26,1,20628.64584
2007000444250,44,1,30560.9568
2007000444250,40,1,14516.45448
2007000444250,8,0,-15279.71438
2007000444250,86,2,9779.506176
2007000446996,38,1,91682.8704
2007000446996,36,1,49661.5548
2007000449662,79,2,53481.6744
2007000449662,77,2,3667.314816
2007000449788,81,2,4584.14352
2007000449788,85,2,15968.09993
2007000451825,60,1,24723.81405
2007000452163,23,1,23226.32717
2007000458038,28,1,26236.58141
2007000458038,35,1,4584.14352
2007000459692,67,2,2872.729939
2007000460496,44,1,55086.12463
2007000461402,34,1,21782.32196
2007000461402,33,1,26740.8372
2007000461558,16,1,2215.669368
2007000462111,38,1,24448.76544
2007000462111,3,0,-15279.71438
2007000462111,1,0,NA
2007000463118,57,1,10696.33488
2007000463118,64,1,26740.8372
2007000468384,44,1,2674.08372
2007000468384,49,1,26740.8372
2007000473570,55,1,1451.645448
2007000473570,43,1,32547.41899
2007000473570,14,0,NA
2007000473570,10,0,NA
2007000473570,9,0,-15279.71438
2007000477647,81,2,9550.299
2007000477647,74,2,4507.741128
2007000477763,73,2,15356.88079
2007000479312,42,1,9855.908568
2007000479312,9,0,-15279.71438
2007000481049,81,1,26015.01448
2007000481657,30,1,95502.99
2007000486863,52,1,60357.88968
2007000488383,21,2,0
2007000488383,3,0,-15279.71438
2007000488383,1,0,NA
2007000488383,0,0,NA
2007000488383,19,1,687.621528
2007000490657,60,1,32853.02856
2007000491907,23,1,1069.633488
2007000491907,26,1,7640.2392
2007000491907,22,1,22920.7176
2007000493967,46,1,53481.6744
2007000493967,38,1,4889.753088
2007000497827,50,2,9168.28704
2007000500315,43,1,53481.6744
2007000500315,9,0,-15279.71438
2007000500315,5,0,-15279.71438
2007000500324,30,1,13752.43056
2007000504801,44,1,15280.4784
2007000504801,52,1,30026.14006
2007000504963,70,2,7945.848768
2007000504963,74,2,13676.02817
2007000505486,40,1,12224.38272
2007000505486,13,0,NA
2007000507286,75,2,26282.42285
2007000507286,71,2,24295.96066
2007000510172,44,1,34381.0764
2007000510563,59,1,17190.5382
2007000513317,71,2,24601.57022
2007000513317,66,1,39729.24384
2007000515862,47,1,6303.19734
2007000517095,54,2,9168.28704
2007000517134,64,1,123007.8511
2007000517134,17,2,0
2007000517134,14,0,NA
2007000517134,17,2,0
2007000517134,15,0,0
2007000517134,52,1,72582.2724
2007000518291,50,1,18336.57408
2007000518291,56,1,59593.86576
2007000523982,61,1,44542.59454
2007000525347,30,1,45841.4352
2007000525347,28,1,30560.9568
2007000526488,84,2,66515.92248
2007000528129,77,2,25900.41089
2007000536684,42,1,44618.99693
2007000536684,46,1,56079.35573
2007000539644,48,1,11001.94445
2007000539644,16,1,366.7314816
2007000539938,45,1,16808.52624
2007000539938,45,1,18336.57408
2007000539938,24,1,14516.45448
2007000539938,22,1,9168.28704
2007000540651,78,2,31783.39507
2007000544915,59,1,32776.62617
2007000544915,50,1,27352.05634
2007000547518,56,1,27504.86112
2007000547518,51,1,36138.33142
2007000547518,21,1,4966.15548
2007000547518,80,2,12377.1875
2007000547518,16,1,3056.09568
2007000550932,29,1,22920.7176
2007000550932,30,1,45841.4352
2007000552650,41,1,55773.74616
2007000552650,35,2,38.201196
2007000552650,1,0,NA
2007000555237,66,1,8939.079864
2007000555237,22,1,13446.82099
2007000555968,27,1,30560.9568
2007000555968,6,0,-15279.71438
2007000555968,59,1,50425.57872
2007000557737,67,2,20017.4267
2007000557737,55,1,10008.71335
2007000557737,13,0,NA
2007000557737,9,0,-15279.71438
2007000558942,31,1,17037.73342
2007000558942,30,1,8618.189818
2007000561228,35,1,26970.04438
2007000561228,47,1,14669.25926
2007000562659,60,1,9550.299
2007000564667,83,2,17457.94657
2007000565843,55,1,55009.72224
2007000567298,51,1,58295.0251
2007000567298,49,2,0
2007000567298,19,1,9168.28704
2007000567298,17,2,0
2007000567298,7,0,-15279.71438
2007000568035,32,2,0
2007000568035,35,1,114603.588
2007000568035,2,0,-15279.71438
2007000568804,44,1,16044.50232
2007000573444,38,1,237611.4391
2007000573444,38,2,0
2007000573444,6,0,-15279.71438
2007000573444,4,0,-15279.71438
2007000574718,42,1,330211.1382
2007000574718,46,1,241431.5587
2007000575382,38,1,36673.14816
2007000579032,58,1,14516.45448
2007000579032,58,1,48897.53088
2007000583228,31,1,29032.90896
2007000583228,22,2,0
2007000583711,32,1,35145.10032
2007000583711,0,0,NA
2007000583711,34,1,12988.40664
2007000585034,54,1,33021.11382
2007000586498,74,2,5806.581792
2007000586498,34,1,7487.434416
2007000588658,45,1,29032.90896
2007000588658,43,1,26740.8372
2007000590798,31,1,53481.6744
2007000594484,39,1,19100.598
2007000594671,15,0,0
2007000594671,1,0,NA
2007000594671,0,0,NA
2007000594671,0,0,NA
2007000594852,30,1,50043.56676
2007000594852,25,2,0
2007000596135,89,2,24295.96066
2007000597380,67,2,6799.812888
2007000600570,70,2,42785.33952
2007000602551,48,2,31783.39507
2007000604255,64,2,54704.11267
2007000609435,56,1,48989.21375
2007000611991,93,2,16426.51428
2007000612272,64,2,84271.83838
2007000612272,60,2,0
2007000614136,20,1,4202.13156
2007000616133,28,1,18336.57408
2007000623664,59,1,7334.629632
2007000623664,32,1,38201.196
2007000623664,22,1,7640.2392
2007000623664,22,1,1222.438272
2007000625681,41,2,0
2007000625681,1,0,NA
2007000625681,3,0,-15279.71438
2007000626979,79,2,18642.18365
2007000626979,60,2,5523.892942
2007000629613,46,1,41257.29168
2007000629613,23,2,0
2007000629613,54,1,15280.4784
2007000631221,61,2,9932.31096
2007000631221,34,1,11001.94445
2007000633069,72,2,22997.11999
2007000634662,46,1,94738.96608
2007000637317,46,1,24448.76544
2007000637317,43,2,0
2007000637317,23,1,19100.598
2007000637317,21,1,6876.21528
2007000637317,19,1,7640.2392
2007000637317,10,0,NA
2007000645413,56,1,25976.81328
2007000646308,66,2,41257.29168
2007000646624,52,1,17572.55016
2007000646624,48,1,12682.79707
2007000646624,24,1,3056.09568
2007000647190,85,2,20964.81636
2007000647190,85,2,14134.44252
2007000660121,86,2,21163.46258
2007000664641,61,2,12682.79707
2007000669576,48,2,0
2007000669624,86,2,8633.470296
2007000669624,45,1,32089.00464
2007000669624,62,1,4217.412038
2007000672484,35,1,3514.510032
2007000672484,31,1,38201.196
2007000672484,1,0,NA
2007000675103,54,1,22920.7176
2007000675103,51,1,36673.14816
2007000675103,17,1,1528.04784
2007000677608,78,2,3896.521992
2007000677608,77,2,3820.1196
2007000677682,59,1,8404.26312
2007000677682,67,2,10772.73727
2007000678696,54,1,42028.95584
2007000678696,14,0,NA
2007000678699,30,1,14898.46644
2007000679808,46,1,17037.73342
2007000679808,17,2,0
2007000681052,76,2,9168.28704
2007000682372,37,1,38201.196
2007000685076,64,2,3285.302856
2007000685076,12,0,NA
2007000685076,10,0,NA
2007000685076,40,2,7334.629632
2007000688634,64,2,9626.701392
2007000693049,87,2,12682.79707
2007000694717,87,2,46758.2639
2007000694717,87,2,0
2007000694729,63,1,13905.23534
2007000695755,73,1,9932.31096
2007000695755,71,2,4049.326776
2007000700917,51,1,20628.64584
2007000700917,52,1,42785.33952
2007000700917,24,1,16808.52624
2007000701098,85,2,5118.960264
2007000701376,93,2,32853.02856
2007000706503,40,2,7640.2392
2007000707813,93,2,8709.872688
2007000709253,53,1,37437.17208
2007000709253,51,1,36673.14816
2007000709478,37,1,20093.8291
2007000712488,55,1,4927.954284
2007000712488,56,1,49661.5548
2007000713262,39,1,42021.3156
2007000713262,41,1,49661.5548
2007000718969,19,1,6112.19136
2007000720311,19,1,4202.13156
2007000723556,41,1,13752.43056
2007000723556,40,1,17572.55016
2007000723556,13,0,NA
2007000723556,6,0,-15279.71438
2007000723556,30,1,9168.28704
2007000726882,27,1,534.816744
2007000726882,28,1,68762.1528
2007000732020,73,2,101615.1814
2007000733257,51,1,19100.598
2007000733257,55,1,17266.94059
2007000733257,15,0,0
2007000733257,13,0,NA
2007000733324,56,1,76402.392
2007000733762,51,1,15280.4784
2007000733762,49,1,129884.0664
2007000733762,25,1,3667.314816
2007000733762,16,2,0
2007000736613,74,2,17419.74538
2007000736613,43,1,26740.8372
2007000744591,85,1,37742.78165
2007000745716,40,1,30560.9568
2007000745716,6,0,-15279.71438
2007000758021,24,1,11460.3588
2007000758021,23,1,18336.57408
2007000758021,23,1,13523.22338
2007000761845,89,2,2215.669368
2007000761845,46,2,7334.629632
2007000761845,46,2,5577.374616
2007000763845,93,2,19100.598
2007000763845,68,2,28421.68982
2007000767454,66,1,20697.40799
2007000767454,38,1,2345.553434
2007000767914,58,1,59899.47533
2007000767914,59,1,48133.50696
2007000774642,70,2,7640.2392
2007000774642,58,1,16044.50232
2007000774642,29,1,2292.07176
2007000774642,39,1,19559.01235
2007000779245,29,1,22920.7176
2007000779245,28,2,0
2007000779245,24,1,30.5609568
2007000779245,22,1,8557.067904
2007000779824,23,1,32853.02856
2007000779824,24,2,0
2007000779824,17,2,0
2007000779824,45,1,5348.16744
2007000779824,26,1,13905.23534
2007000779824,3,0,-15279.71438
2007000780951,46,1,45077.41128
2007000781137,56,1,41257.29168
2007000781137,58,2,4354.936344
2007000781420,69,1,12147.98033
2007000781652,49,2,21851.08411
2007000782257,33,1,38201.196
2007000782257,35,1,7640.2392
2007000782317,55,1,35145.10032
2007000782317,52,1,17572.55016
2007000788727,30,1,9855.908568
2007000788727,12,0,NA
2007000788727,9,0,-15279.71438
2007000788727,49,1,18642.18365
2007000788727,30,1,5118.960264
2007000791566,23,1,23684.74152
2007000793523,51,1,72582.2724
2007000793523,49,2,0
2007000793523,12,0,NA
2007000794777,41,1,25976.81328
2007000794777,38,2,0
2007000794777,18,2,0
2007000794777,16,2,0
2007000794777,9,0,-15279.71438
2007000794777,8,0,-15279.71438
2007000795060,43,1,19100.598
2007000795060,15,0,0
2007000795060,12,0,NA
2007000795060,9,0,-15279.71438
2007000795206,49,2,5806.581792
2007000795699,30,2,13294.01621
2007000795699,28,1,11001.94445
2007000798407,37,1,61121.9136
2007000798407,40,1,45841.4352
2007000803636,45,1,57301.794
2007000803636,44,1,19100.598
2007000803636,22,1,22920.7176
2007000803636,16,1,1757.255016
2007000804733,33,1,29338.51853
2007000804733,17,1,1375.243056
2007000808695,30,1,382.01196
2007000809762,15,0,5959.386576
2007000813704,45,1,30560.9568
2007000814935,60,1,7029.020064
2007000814935,57,1,22622.74827
2007000815214,25,1,1528.04784
2007000815214,47,1,23913.9487
2007000815924,54,1,6876.21528
2007000815924,57,2,22003.8889
2007000815924,55,2,9932.31096
2007000815924,48,2,916.828704
2007000822626,87,2,11613.16358
2007000822670,57,1,15280.4784
2007000822670,55,1,22920.7176
2007000822670,13,0,NA
2007000822670,11,0,NA
2007000825827,31,1,12224.38272
2007000825827,24,2,0
2007000825827,0,0,NA
2007000826193,54,1,57317.07448
2007000826193,54,1,5355.807679
2007000826193,21,1,3823.175696
2007000828491,56,1,29796.93288
2007000829494,31,1,12224.38272
2007000837980,52,1,42021.3156
2007000841603,60,1,39729.24384
2007000841603,61,1,9168.28704
2007000845653,93,2,133704.186
2007000846775,50,1,63413.98536
2007000850454,54,2,45841.4352
2007000851232,64,1,76937.20874
2007000851232,59,2,458.414352
2007000852637,51,1,69220.56715
2007000852637,50,1,27504.86112
2007000852637,12,0,NA
2007000856186,77,2,5730.1794
2007000856247,23,2,840.426312
2007000856247,26,1,22920.7176
2007000856247,6,0,-15279.71438
2007000857047,23,1,13752.43056
2007000857047,28,1,11460.3588
2007000859830,41,1,19100.598
2007000860103,35,1,30560.9568
2007000860103,35,1,65324.04516
2007000860103,1,0,NA
2007000864871,36,1,21392.66976
2007000866429,56,1,95502.99
2007000866429,53,1,27504.86112
2007000869877,66,2,993.231096
2007000869877,64,2,5959.386576
2007000870243,73,2,15586.08797
2007000870243,71,2,16655.72146
2007000877214,85,2,22844.31521
2007000877256,37,1,16808.52624
2007000877256,25,1,10696.33488
2007000877256,24,1,1833.657408
2007000877466,19,1,2292.07176
2007000882117,49,1,25212.78936
2007000882117,44,1,29032.90896
2007000882117,13,0,NA
2007000882117,7,0,-15279.71438
2007000882715,57,1,11383.95641
2007000882715,53,1,31554.1879
2007000882715,16,1,3667.314816
2007000882721,37,1,49669.19504
2007000884433,38,2,0
2007000884433,42,1,237611.4391
2007000884433,3,0,-15279.71438
2007000884433,2,0,-15279.71438
2007000892029,31,1,30560.9568
2007000892029,28,1,19100.598
2007000892029,27,2,0
2007000892999,66,1,27504.86112
2007000892999,62,1,73919.31426
2007000893966,49,1,4660.545912
2007000893966,38,2,0
2007000893966,31,2,2597.681328
2007000893966,27,1,16808.52624
2007000897275,48,1,16808.52624
2007000897683,80,2,21087.06019
2007000903267,52,1,61121.9136
2007000903267,49,1,993.231096
2007000903267,24,1,23531.93674
2007000903267,22,1,10467.1277
2007000904433,35,1,34381.0764
2007000904433,35,1,70290.20064
2007000904433,4,0,-15279.71438
2007000905610,38,1,42021.3156
2007000906705,58,1,30560.9568
2007000906705,60,1,458.414352
2007000906871,36,1,32089.00464
2007000906871,10,0,NA
2007000906871,8,0,-15279.71438
2007000906871,64,1,15280.4784
2007000906871,53,1,15280.4784
2007000907631,52,1,32241.80942
2007000907631,56,1,38201.196
2007000911539,49,1,10696.33488
2007000911539,37,1,18336.57408
2007000911539,8,0,-15279.71438
2007000914803,53,1,45841.4352
2007000914803,55,2,0
2007000917631,60,1,5882.984184
2007000917631,62,1,32089.00464
2007000922190,29,1,19864.62192
2007000927135,48,1,49585.15241
2007000927135,12,0,NA
2007000927135,10,0,NA
2007000928694,24,1,22920.7176
2007000928694,31,1,16808.52624
2007000929868,29,1,36673.14816
2007000932794,65,2,16197.3071
2007000932794,42,1,5348.16744
2007000932867,37,1,44313.38736
2007000932867,37,1,27963.27547
2007000932867,6,0,-15279.71438
2007000932867,0,0,NA
2007000935698,54,1,35145.10032
2007000935698,54,1,3820.1196
2007000935698,6,0,-15279.71438
2007000935698,6,0,-15279.71438
2007000939628,31,1,22920.7176
2007000939628,32,1,38201.196
2007000940606,30,1,25212.78936
2007000940606,30,1,18336.57408
2007000943476,47,1,68777.43328
2007000943476,46,1,34381.0764
2007000943933,48,1,30560.9568
2007000943933,44,1,9168.28704
2007000945206,34,1,40493.26776
2007000945206,33,1,8404.26312
2007000945206,0,0,NA
2007000951526,53,1,22156.69368
2007000951526,56,1,11460.3588
2007000951526,78,2,5730.1794
2007000960483,27,1,19100.598
2007000968902,34,1,18336.57408
2007000968902,37,1,34381.0764
2007000968902,7,0,-15279.71438
2007000970788,24,1,4889.753088
2007000970971,28,1,23684.74152
2007000971887,31,1,15624.28916
2007000971887,27,1,15051.27122
2007000975079,47,1,1833.657408
2007000975079,43,2,0
2007000975079,25,2,0
2007000976408,51,2,6188.593752
2007000976408,25,2,5730.1794
2007000978578,32,1,57301.794
2007000983206,30,1,38204.2521
2007000983206,28,1,27504.86112
2007000990511,43,1,19100.598
2007000991236,36,1,27122.84916
2007000991547,38,1,18336.57408
2007000991547,26,1,15280.4784
2007000996000,33,1,29032.90896
2007000996000,45,2,0
2007000996740,47,1,1757.255016
2007000996740,23,1,11460.3588
2007000998121,25,1,30560.9568
2007000998121,25,1,764.02392
2007000998865,56,1,25976.81328
2007001001582,54,1,10085.11574
2007001004012,25,1,21392.66976
2007001005966,25,1,14516.45448
2007001005966,26,1,12988.40664
2007001013427,57,1,194772.6179
2007001013957,86,2,1512.767362
2007001018493,56,1,24884.25907
2007001018493,42,1,45841.4352
2007001018493,5,0,-15279.71438
2007001020657,63,1,25976.81328
2007001022408,33,1,26068.49615
2007001022408,34,1,24540.44831
2007001022408,2,0,-15279.71438
2007001022408,59,2,0
2007001023099,56,1,20628.64584
2007001024978,69,2,6723.410496
2007001024978,71,2,29796.93288
2007001024978,43,1,18336.57408
2007001025911,39,1,45841.4352
2007001025911,39,2,0
2007001025911,2,0,-15279.71438
2007001025992,49,1,27428.45873
2007001026652,63,1,6570.605712
2007001028467,42,1,64942.0332
2007001028467,44,1,30560.9568
2007001028467,20,1,9168.28704
2007001028467,18,2,0
2007001028467,11,0,NA
2007001028467,10,0,NA
2007001029083,54,1,36673.14816
2007001029083,55,2,8327.860728
2007001031333,46,1,18336.57408
2007001031333,12,0,NA
2007001031333,11,0,NA
2007001034271,37,1,28238.32408
2007001034271,30,1,20628.64584
2007001034271,5,0,-15279.71438
2007001035279,62,2,77785.2753
2007001035279,49,1,45841.4352
2007001035460,43,2,0
2007001035693,22,1,19100.598
2007001035693,3,0,-15279.71438
2007001035693,24,1,764.02392
2007001038925,45,1,21392.66976
2007001038925,47,1,52030.02895
2007001038925,7,0,-15279.71438
2007001038925,7,0,-15279.71438
2007001038931,36,1,7640.2392
2007001038931,42,1,48897.53088
2007001038931,5,0,-15279.71438
2007001038931,0,0,NA
2007001039256,55,1,35641.71587
2007001039318,33,1,6112.19136
2007001039318,33,1,21392.66976
2007001039318,3,0,-15279.71438
2007001039916,72,2,6570.605712
2007001041430,39,1,61121.9136
2007001045511,48,1,34381.0764
2007001045511,46,1,30560.9568
2007001045511,8,0,-15279.71438
2007001045511,5,0,-15279.71438
2007001047632,54,1,31324.98072
2007001047632,53,1,31324.98072
2007001049991,34,1,22309.49846
2007001049991,33,1,57301.794
2007001051703,79,2,43854.97301
2007001055880,56,1,28345.28743
2007001055880,57,1,-1528.04784
2007001055880,22,1,5653.777008
2007001061121,70,2,10008.71335
2007001064382,36,1,29720.53049
2007001064382,33,1,22997.11999
2007001067026,50,2,9626.701392
2007001067026,48,1,16808.52624
2007001067026,15,0,0
2007001068747,30,1,8633.470296
2007001068747,29,1,10543.5301
2007001068747,0,0,NA
2007001070249,33,2,4125.729168
2007001070249,12,0,NA
2007001070249,5,0,-15279.71438
2007001070249,1,0,NA
2007001071217,83,2,3972.924384
2007001071217,74,2,4507.741128
2007001072752,55,1,93058.11346
2007001072752,47,2,0
2007001074979,84,2,9244.689432
2007001074979,83,2,4125.729168
2007001077210,93,2,7487.434416
2007001080651,44,1,22920.7176
2007001080651,23,1,14287.2473
2007001082186,37,1,53481.6744
2007001082186,38,1,32471.0166
2007001082186,5,0,-15279.71438
2007001082186,2,0,-15279.71438
2007001084438,54,1,23608.33913
2007001084438,53,1,764.02392
2007001084438,52,2,5577.374616
2007001084594,57,1,43549.36344
2007001084594,57,1,30560.9568
2007001084594,25,1,9168.28704
2007001085386,48,2,0
2007001085386,48,1,51953.62656
2007001085386,18,1,4584.14352
2007001085386,16,2,0
2007001086304,33,1,47369.48304
2007001087240,52,1,71245.23054
2007001087240,53,1,23111.72358
2007001087240,24,2,0
2007001087240,20,1,2292.07176
2007001088282,39,2,0
2007001089115,34,1,25976.81328
2007001089115,6,0,-15279.71438
2007001089115,3,0,-15279.71438
2007001089906,25,2,10696.33488
2007001089942,46,1,39805.64623
2007001089942,7,0,-15279.71438
2007001089942,37,1,38201.196
2007001091118,32,1,38201.196
2007001091118,36,1,32089.00464
2007001091118,32,2,0
2007001092098,26,2,0
2007001092098,3,0,-15279.71438
2007001096464,26,1,45077.41128
2007001096464,29,1,7640.2392
2007001096954,67,2,64865.63081
2007001096954,44,1,3690.235534
2007001096954,18,1,3621.473381
2007001096954,15,0,3338.78453
2007001096954,8,0,-15279.71438
2007001097222,75,2,9168.28704
2007001097314,62,1,64942.0332
2007001097314,61,2,0
2007001102571,24,1,12224.38272
2007001102571,22,1,9168.28704
2007001102643,18,2,15.2804784
2007001103058,57,2,11918.77315
2007001111793,34,1,13981.63774
2007001111793,36,2,0
2007001111793,18,1,6952.617672
2007001111793,15,0,0
2007001111793,12,0,NA
2007001111793,5,0,-15279.71438
2007001114008,23,1,10543.5301
2007001114008,23,1,13676.02817
2007001114008,22,1,4889.753088
2007001114331,84,2,14058.04013
2007001117927,49,1,20261.91436
2007001117927,44,1,12224.38272
2007001120252,55,1,15280.4784
2007001120252,8,0,-15279.71438
2007001120252,7,0,-15279.71438
2007001120252,16,2,5730.1794
2007001120252,12,0,NA
2007001120252,6,0,-15279.71438
2007001121077,44,1,32089.00464
2007001121077,44,1,35145.10032
2007001121775,82,1,26817.23959
2007001125158,51,1,26053.21567
2007001125158,47,1,6876.21528
2007001125158,14,0,NA
2007001133730,29,1,27122.84916
2007001133730,33,1,34763.08836
2007001135230,55,1,50425.57872
2007001135230,50,1,8404.26312
2007001135230,23,1,6112.19136
2007001135230,20,1,1528.04784
2007001135230,19,1,534.816744
2007001136431,35,1,42785.33952
2007001136991,47,1,57248.31233
2007001136991,43,1,84042.6312
2007001143102,86,2,41944.91321
2007001147062,61,1,9168.28704
2007001147062,60,1,20628.64584
2007001147062,52,1,15586.08797
2007001147530,32,1,32853.02856
2007001147530,34,1,48133.50696
2007001148631,22,1,26740.8372
2007001150835,21,1,10696.33488
2007001150835,17,2,0
2007001150835,46,1,12988.40664
2007001152619,69,2,5195.362656
2007001154591,22,1,26740.8372
2007001154591,33,1,20628.64584
2007001154591,22,1,37437.17208
2007001155796,28,2,0
2007001155796,29,1,63436.90608
2007001155796,1,0,NA
2007001158060,57,2,5806.581792
2007001159898,56,1,26740.8372
2007001159898,58,1,19482.60996
2007001160330,74,2,14669.25926
2007001160330,70,2,23256.88812
2007001165821,28,1,42785.33952
2007001165821,27,1,15891.69754
2007001167641,58,1,38965.21992
2007001167641,31,1,30560.9568
2007001173323,18,1,3820.1196
2007001173323,20,1,1528.04784
2007001177563,56,1,21239.86498
2007001177563,23,1,11460.3588
2007001178405,61,1,18336.57408
2007001178405,32,1,16961.33102
2007001178748,42,1,17572.55016
2007001179070,30,1,30560.9568
2007001179070,27,1,30560.9568
2007001179227,45,1,22920.7176
2007001184726,33,1,3667.314816
2007001184834,31,1,6876.21528
2007001184834,15,0,0
2007001184834,13,0,NA
2007001184834,10,0,NA
2007001184834,9,0,-15279.71438
2007001186521,45,2,916.828704
2007001186805,19,1,2292.07176
2007001186983,44,1,29804.57312
2007001187386,53,1,42044.23632
2007001187386,52,1,11154.74923
2007001187386,21,1,6494.20332
2007001189474,79,2,23149.92478
2007001189474,41,1,20552.24345
2007001189583,57,1,12186.18152
2007001193321,23,1,15280.4784
2007001193321,26,1,16808.52624
2007001193321,34,1,15280.4784
2007001193321,29,1,57301.794
2007001194056,42,1,25976.81328
2007001194441,31,1,19864.62192
2007001194441,27,1,21392.66976
2007001197747,75,2,15922.25849
2007001201511,43,1,30560.9568
2007001201511,57,2,5730.1794
2007001201511,27,1,3820.1196
2007001201511,67,1,10696.33488
2007001201995,32,1,45841.4352
2007001201995,36,1,55009.72224
2007001201995,19,1,5348.16744
2007001202127,72,2,8404.26312
2007001204664,62,2,0
2007001204664,55,1,242195.5826
2007001207636,37,2,0
2007001207974,65,1,10543.5301
2007001207974,64,2,2750.486112
2007001207998,42,1,39729.24384
2007001212282,48,1,45841.4352
2007001212282,45,1,15280.4784
2007001212282,21,1,2292.07176
2007001212282,17,2,0
2007001212282,15,0,0
2007001212282,14,0,NA
2007001212712,58,1,114985.6
2007001212712,61,1,1910.0598
2007001212712,17,2,0
2007001213823,54,1,30560.9568
2007001216061,29,1,16197.3071
2007001216061,33,1,7487.434416
2007001217968,27,1,20628.64584
2007001228077,50,1,61121.9136
2007001228077,17,2,0
2007001228077,16,2,0
2007001228077,15,0,0
2007001229566,40,1,45841.4352
2007001229566,41,1,57301.794
2007001229566,13,0,NA
2007001229566,6,0,-15279.71438
2007001230331,24,1,2368.474152
2007001230331,25,1,6112.19136
2007001230331,56,2,0
2007001233112,24,1,22156.69368
2007001233112,1,0,NA
2007001233112,23,1,1528.04784
2007001233112,4,0,-15279.71438
2007001239395,72,2,37666.37926
2007001239395,75,2,12988.40664
2007001240028,82,2,11918.77315
2007001240894,37,2,1298.840664
2007001240894,8,0,-15279.71438
2007001240894,7,0,-15279.71438
2007001241571,32,1,16884.92863
2007001243252,83,2,14669.25926
2007001245288,74,2,22309.49846
2007001246497,47,1,22920.7176
2007001248252,31,1,22920.7176
2007001248252,31,1,26740.8372
2007001249214,39,1,20514.04225
2007001249214,14,0,NA
2007001249214,9,0,-15279.71438
2007001252892,25,1,9168.28704
2007001252892,24,1,9168.28704
2007001254122,25,1,38201.196
2007001254595,25,1,15280.4784
2007001254595,33,1,19100.598
2007001255388,52,1,57301.794
2007001256485,42,1,45841.4352
2007001256485,40,1,26740.8372
2007001258804,67,2,6952.617672
2007001258804,72,1,13981.63774
2007001260435,93,2,18794.98843
2007001263189,49,1,14516.45448
2007001263189,18,1,764.02392
2007001266754,44,1,38201.196
2007001266754,8,0,-15279.71438
2007001266754,6,0,-15279.71438
2007001271940,40,2,3667.314816
2007001271940,11,0,NA
2007001271940,6,0,-15279.71438
2007001271940,31,2,5806.581792
2007001273072,68,2,10008.71335
2007001279718,87,2,7334.629632
2007001279718,88,2,3667.314816
2007001283997,40,1,68762.1528
2007001290383,53,1,45841.4352
2007001290891,64,2,26893.64198
2007001291087,15,0,0
2007001293276,53,2,4584.14352
2007001293276,51,1,24448.76544
2007001294645,72,2,21621.87694
2007001295792,35,1,35145.10032
2007001295792,34,2,0
2007001295792,8,0,-15279.71438
2007001295792,2,0,-15279.71438
2007001296897,38,1,12071.57794
2007001296897,24,1,22920.7176
2007001296897,10,0,NA
2007001296897,8,0,-15279.71438
2007001296897,0,0,NA
2007001299618,28,1,19100.598
2007001305252,31,1,32853.02856
2007001305252,30,1,47369.48304
2007001306139,35,1,62649.96144
2007001306139,34,2,0
2007001306139,0,0,NA
2007001306139,42,1,11001.94445
2007001306139,62,2,2062.864584
2007001306178,36,1,28268.88504
2007001306178,30,1,22920.7176
2007001310315,42,1,30560.9568
2007001314063,39,1,76402.392
2007001315748,53,1,8404.26312
2007001318979,38,1,237642.0001
2007001319353,69,2,17496.14777
2007001328391,64,2,12377.1875
2007001328391,63,2,10925.54206
2007001330130,26,2,0
2007001330130,26,1,45841.4352
2007001330695,59,1,38965.21992
2007001330695,17,1,320.8900464
2007001330789,38,1,55009.72224
2007001330789,40,1,36673.14816
2007001331302,25,2,0
2007001333008,56,1,18565.78126
2007001333437,58,1,15280.4784
2007001333437,47,1,15280.4784
2007001333437,20,1,19100.598
2007001333437,18,2,0
2007001335639,40,1,37437.17208
2007001336004,21,1,7640.2392
2007001336004,26,1,26740.8372
2007001336004,0,0,NA
2007001336004,26,1,49661.5548
2007001336220,50,1,128050.409
2007001336220,20,2,0
2007001336220,15,0,382.01196
2007001337176,28,1,28116.08026
2007001338605,37,1,13752.43056
2007001338605,40,1,26129.61806
2007001338605,11,0,NA
2007001343706,38,1,23837.5463
2007001343706,29,2,0
2007001343706,9,0,-15279.71438
2007001343706,6,0,-15279.71438
2007001343706,4,0,-15279.71438
2007001343706,1,0,NA
2007001346179,56,2,0
2007001346287,32,1,24448.76544
2007001346287,10,0,NA
2007001350001,38,1,64942.0332
2007001350001,43,1,44084.18018
2007001350001,6,0,-15279.71438
2007001350001,1,0,NA
2007001352169,51,2,3743.717208
2007001353179,25,1,2674.08372
2007001357545,21,1,2292.07176
2007001359664,36,1,2215.669368
2007001361016,50,1,22156.69368
2007001361016,53,2,1375.243056
2007001366416,75,1,26129.61806
2007001366416,51,2,0
2007001368333,87,2,12453.5899
2007001372563,48,1,19100.598
2007001372998,58,1,15280.4784
2008000005380,42,1,29644.1281
2008000005380,42,2,672.3410496
2008000005380,6,0,-15279.71438
2008000005380,3,0,-15279.71438
2008000005380,2,0,-15279.71438
2008000005380,1,0,NA
2008000005380,46,1,10696.33488
2008000016725,51,2,0
2008000016725,48,1,42021.3156
2008000016725,12,0,NA
2008000016850,68,2,25671.20371
2008000016850,69,1,17190.5382
2008000020056,39,1,53558.07679
2008000028201,52,1,122243.8272
2008000029697,39,1,42785.33952
2008000033153,34,1,35145.10032
2008000033230,47,1,39729.24384
2008000034793,29,1,27504.86112
2008000034793,31,1,38201.196
2008000035051,63,1,32318.21182
2008000035069,36,1,47369.48304
2008000035069,43,1,18336.57408
2008000035069,5,0,-15279.71438
2008000035069,1,0,NA
2008000039494,31,1,44313.38736
2008000039494,37,1,33617.05248
2008000039494,16,2,0
2008000041131,32,1,19100.598
2008000041131,34,1,19100.598
2008000041419,59,1,32853.02856
2008000041419,34,1,34381.0764
2008000041419,6,0,-15279.71438
2008000046461,36,1,95541.1912
2008000046461,34,1,7640.2392
2008000047462,58,1,64942.0332
2008000048198,37,1,22920.7176
2008000048367,32,1,49126.73806
2008000048367,35,1,91682.8704
2008000050441,59,1,39347.23188
2008000050441,63,1,19482.60996
2008000055460,22,1,9168.28704
2008000055460,23,1,19100.598
2008000055460,26,1,15280.4784
2008000056117,33,1,48897.53088
2008000058090,56,1,38201.196
2008000058127,22,2,0
2008000058127,25,1,17572.55016
2008000058127,2,0,-15279.71438
2008000058127,0,0,NA
2008000058836,41,1,6876.21528
2008000058836,48,2,18718.58604
2008000058836,20,1,9168.28704
2008000058836,17,1,3438.10764
2008000058836,10,0,NA
2008000059521,26,1,7640.2392
2008000059521,0,0,NA
2008000059521,23,2,0
2008000063099,52,1,61885.93752
2008000063099,50,1,12224.38272
2008000063099,9,0,-15279.71438
2008000063099,26,1,35909.12424
2008000063099,0,0,NA
2008000064041,22,2,0
2008000070158,94,2,13599.62578
2008000071689,66,2,137.5243056
2008000074880,48,1,64178.00928
2008000074880,48,1,19864.62192
2008000074880,20,1,10696.33488
2008000077583,56,1,25594.80132
2008000077779,70,2,21316.26737
2008000079937,47,1,7640.2392
2008000080997,63,1,40493.26776
2008000080997,64,1,45841.4352
2008000084642,35,1,30560.9568
2008000085709,39,1,11460.3588
2008000085709,10,0,NA
2008000085709,8,0,-15279.71438
2008000085749,56,1,38201.196
2008000085749,53,1,2597.681328
2008000085749,25,1,21392.66976
2008000085749,18,2,0
2008000085804,24,1,34992.29554
2008000085804,4,0,-15279.71438
2008000089760,58,2,5042.557872
2008000089760,55,1,30560.9568
2008000090506,55,1,114603.588
2008000090506,44,1,26435.22763
2008000091432,42,1,22920.7176
2008000091432,48,1,74874.34416
2008000096108,50,1,49661.5548
2008000096108,50,1,15280.4784
2008000096108,24,1,22920.7176
2008000096108,17,1,1528.04784
2008000098697,45,1,25212.78936
2008000098697,47,1,22156.69368
2008000103651,34,1,22156.69368
2008000103651,35,1,26740.8372
2008000103651,0,0,NA
2008000104059,36,2,11460.3588
2008000104059,16,2,0
2008000104059,9,0,-15279.71438
2008000104059,6,0,-15279.71438
2008000104719,50,2,18336.57408
2008000104719,43,1,26282.42285
2008000116276,29,1,19864.62192
2008000116636,39,1,65706.05712
2008000122258,34,1,30560.9568
2008000122258,24,1,13752.43056
2008000123571,54,1,20857.85302
2008000126172,37,1,6112.19136
2008000128762,82,2,10237.92053
2008000128762,74,2,5577.374616
2008000131027,48,1,76402.392
2008000131027,46,1,2292.07176
2008000131027,5,0,-15279.71438
2008000134166,66,1,34228.27162
2008000134166,64,2,4584.14352
2008000134166,37,1,2750.486112
2008000134601,83,2,16961.33102
2008000134601,51,1,32394.61421
2008000136394,49,1,61121.9136
2008000136394,54,1,34381.0764
2008000136394,24,1,611.219136
2008000140577,23,1,11001.94445
2008000140577,24,1,27963.27547
2008000140652,26,1,19864.62192
2008000140652,27,1,16808.52624
2008000150456,64,1,38201.196
2008000150456,48,1,4584.14352
2008000156495,57,2,9878.829286
2008000159257,70,2,11689.56598
2008000160701,65,2,19788.21953
2008000164258,26,1,8404.26312
2008000164408,90,2,11918.77315
2008000164980,62,2,25526.03917
2008000165418,41,1,36749.55055
2008000165418,41,1,33617.05248
2008000165418,8,0,-15279.71438
2008000165418,6,0,-15279.71438
2008000168720,41,1,38201.196
2008000168720,39,1,38201.196
2008000168720,13,0,NA
2008000168720,7,0,-15279.71438
2008000168720,4,0,-15279.71438
2008000171383,29,1,24448.76544
2008000171383,29,1,18336.57408
2008000171505,44,1,15280.4784
2008000175967,40,1,53481.6744
2008000175967,41,2,0
2008000175967,12,0,NA
2008000175967,9,0,-15279.71438
2008000175967,6,0,-15279.71438
2008000177693,56,1,42021.3156
2008000177693,62,2,45459.42324
2008000178177,35,1,12453.5899
2008000178848,37,1,42021.3156
2008000181463,31,1,16426.51428
2008000181463,30,1,13752.43056
2008000181469,27,1,20093.8291
2008000181469,34,1,22920.7176
2008000181469,30,1,15280.4784
2008000181469,29,1,19100.598
2008000185138,52,1,19100.598
2008000185138,42,1,22920.7176
2008000185138,11,0,NA
2008000186220,29,1,3208.900464
2008000186220,43,1,19100.598
2008000189042,80,2,15891.69754
2008000189042,49,1,29796.93288
2008000189042,46,2,10925.54206
2008000194587,87,2,17137.05653
2008000195166,26,1,31324.98072
2008000195166,27,1,26740.8372
2008000195506,88,2,5500.972224
2008000199848,40,1,34381.0764
2008000199848,37,1,38201.196
2008000199848,3,0,-15279.71438
2008000199848,1,0,NA
2008000203137,81,2,19864.62192
2008000203893,56,1,31324.98072
2008000203893,59,1,8022.25116
2008000208270,55,1,34381.0764
2008000208270,53,1,76402.392
2008000210910,64,1,30942.96876
2008000210910,59,2,33769.85726
2008000212048,31,2,0
2008000212048,31,1,45841.4352
2008000212048,12,0,NA
2008000212048,0,0,NA
2008000212048,52,2,0
2008000212290,57,1,15891.69754
2008000212941,65,1,3743.717208
2008000212941,39,2,5806.581792
2008000213096,61,1,63795.99732
2008000213096,56,1,59975.87772
2008000217574,30,1,44313.38736
2008000217574,30,1,35145.10032
2008000217574,9,0,-15279.71438
2008000217574,7,0,-15279.71438
2008000222468,72,2,22233.09607
2008000222468,69,2,12453.5899
2008000223353,52,1,4584.14352
2008000226833,58,1,100854.2135
2008000226833,58,1,17648.95255
2008000226833,77,2,14669.25926
2008000226870,84,2,19941.02431
2008000227983,29,1,16044.50232
2008000227983,25,1,7869.446376
2008000232630,42,1,32089.00464
2008000232630,11,0,NA
2008000235928,35,1,1910.0598
2008000236066,67,2,40416.86537
2008000236066,64,2,5882.984184
2008000236066,45,1,5882.984184
2008000236066,42,1,7640.2392
2008000236929,39,1,13676.02817
2008000236929,15,0,0
2008000240461,55,1,72582.2724
2008000240464,49,1,37162.12347
2008000241546,71,2,8457.744794
2008000245517,38,1,58829.84184
2008000245517,41,1,38965.21992
2008000245517,3,0,-15279.71438
2008000248990,87,2,9855.908568
2008000249263,24,1,11460.3588
2008000249263,33,1,25212.78936
2008000251981,34,1,30560.9568
2008000251981,37,1,6494.20332
2008000251981,13,0,NA
2008000251981,7,0,-15279.71438
2008000255049,40,1,32608.54091
2008000255049,34,1,305.609568
2008000255049,1,0,NA
2008000255049,4,0,-15279.71438
2008000256344,54,1,250599.8458
2008000256344,53,1,15280.4784
2008000257052,36,2,7029.020064
2008000257052,14,0,NA
2008000257052,12,0,NA
2008000258880,25,1,15280.4784
2008000258880,23,1,18336.57408
2008000264706,25,1,-3819.355576
2008000266826,51,1,22156.69368
2008000270749,89,2,9932.31096
2008000271339,77,2,32700.22378
2008000271339,71,1,14440.05209
2008000273663,53,1,40493.26776
2008000273663,59,1,2750.486112
2008000273663,87,2,22385.90086
2008000275075,52,2,0
2008000275075,52,1,30790.16398
2008000275788,41,1,76402.392
2008000275788,41,2,0
2008000275788,6,0,-15279.71438
2008000275788,4,0,-15279.71438
2008000276118,61,2,7.6402392
2008000277767,36,1,34381.0764
2008000277767,42,2,5500.972224
2008000280206,48,1,34381.0764
2008000280206,53,1,64942.0332
2008000280206,16,2,0
2008000283321,62,1,71818.24848
2008000283321,52,1,15280.4784
2008000283321,30,1,22920.7176
2008000285366,38,1,11460.3588
2008000285766,80,2,5959.386576
2008000285766,30,2,0
2008000286704,35,1,27504.86112
2008000286704,35,1,13752.43056
2008000286704,2,0,-15279.71438
2008000294970,83,2,51342.40742
2008000294970,57,1,6115.247456
2008000294970,29,1,22920.7176
2008000294970,8,0,-15279.71438
2008000296582,23,1,15280.4784
2008000296582,25,1,38201.196
2008000298304,72,2,11460.3588
2008000300591,45,2,9168.28704
2008000302832,49,1,20093.8291
2008000306311,32,1,21774.68172
2008000306311,13,0,NA
2008000306311,7,0,-15279.71438
2008000306311,4,0,-15279.71438
2008000307917,73,1,8327.860728
2008000307917,82,2,30408.15202
2008000308258,53,1,26893.64198
2008000308461,38,1,32089.00464
2008000309001,32,1,77930.43984
2008000309001,36,1,38201.196
2008000309510,29,1,13752.43056
2008000309510,32,2,0
2008000309510,3,0,-15279.71438
2008000309510,2,0,-15279.71438
2008000310504,56,1,32089.00464
2008000310504,50,1,29032.90896
2008000310956,86,2,10467.1277
2008000314371,35,1,22920.7176
2008000314371,55,1,25212.78936
2008000314371,4,0,-15279.71438
2008000314960,28,2,6417.800928
2008000314960,30,1,14669.25926
2008000314960,27,1,17572.55016
2008000315576,51,1,57301.794
2008000315576,51,1,15280.4784
2008000315576,4,0,-15279.71438
2008000315576,0,0,NA
2008000315576,25,1,3056.09568
2008000315576,24,1,6112.19136
2008000316220,83,2,40111.2558
2008000316220,81,2,4354.936344
2008000316241,57,1,38201.196
2008000316241,57,1,14333.08874
2008000316241,17,1,76.402392
2008000317786,65,2,16808.52624
2008000324036,62,1,7181.824848
2008000324072,53,2,20246.63388
2008000324445,62,1,19864.62192
2008000326793,34,1,42785.33952
2008000326793,37,1,27504.86112
2008000330838,61,1,38415.1227
2008000330838,61,2,0
2008000331501,35,1,36673.14816
2008000331501,36,2,0
2008000331501,9,0,-15279.71438
2008000331501,7,0,-15279.71438
2008000331501,1,0,NA
2008000333154,60,1,26588.03242
2008000336673,60,1,28116.08026
2008000337481,27,1,61121.9136
2008000339580,47,1,55850.14855
2008000341196,33,1,51953.62656
2008000344719,32,1,29032.90896
2008000348762,37,1,50425.57872
2008000348762,36,1,4584.14352
2008000348762,9,0,-15279.71438
2008000348762,1,0,NA
2008000348762,59,2,4660.545912
2008000350523,66,1,44466.19214
2008000354831,81,2,8327.860728
2008000354837,38,1,34533.88118
2008000356951,63,1,45841.4352
2008000358256,86,2,18107.3669
2008000358256,86,2,11765.96837
2008000359589,25,1,22538.70564
2008000360204,44,1,57301.794
2008000360204,54,1,51953.62656
2008000362117,25,1,30560.9568
2008000363185,55,1,26740.8372
2008000367955,80,2,26435.22763
2008000367955,67,2,29796.93288
2008000367955,88,2,12224.38272
2008000368183,38,1,22156.69368
2008000368183,47,1,22156.69368
2008000368183,14,0,NA
2008000368183,7,0,-15279.71438
2008000370187,21,1,11460.3588
2008000370187,22,1,26740.8372
2008000371164,63,1,64178.00928
2008000371164,16,2,0
2008000371164,13,0,NA
2008000372431,82,2,0
2008000372431,83,2,8022.25116
2008000376432,24,1,12682.79707
2008000376432,65,2,993.231096
2008000376432,26,1,9168.28704
2008000376432,24,1,17572.55016
2008000377595,53,1,46544.33721
2008000377595,53,1,45856.71568
2008000377595,17,2,0
2008000377595,13,0,NA
2008000380311,55,2,0
2008000387216,48,1,53481.6744
2008000387216,49,1,63413.98536
2008000388679,59,1,47522.28782
2008000388679,59,1,22156.69368
2008000388861,48,1,34915.89314
2008000388861,36,2,0
2008000392448,44,1,34381.0764
2008000392448,48,1,49661.5548
2008000397751,51,1,45077.41128
2008000397751,10,0,NA
2008000400634,67,1,3285.302856
2008000400634,69,1,9397.494216
2008000401811,53,1,10772.73727
2008000402328,74,1,22156.69368
2008000402709,39,1,26740.8372
2008000408700,72,2,31095.77354
2008000408700,69,2,6035.788968
2008000411870,50,1,30560.9568
2008000411870,53,1,30560.9568
2008000412456,47,1,44466.19214
2008000412456,48,1,49814.35958
2008000413181,83,2,17190.5382
2008000413181,72,2,7411.032024
2008000413214,34,1,15280.4784
2008000414493,74,2,10696.33488
2008000417211,71,2,13370.4186
2008000417211,11,0,NA
2008000417211,6,0,-15279.71438
2008000417211,2,0,-15279.71438
2008000418438,77,2,21545.47454
2008000418438,49,1,49661.5548
2008000418713,56,2,12606.39468
2008000420467,54,1,26740.8372
2008000421394,27,1,3820.1196
2008000423992,27,1,9932.31096
2008000423992,23,1,6112.19136
2008000424493,56,1,50425.57872
2008000435212,82,2,40264.06058
2008000435212,53,1,6112.19136
2008000438036,26,1,15280.4784
2008000441934,72,2,12147.98033
2008000441934,73,2,2674.08372
2008000443040,53,1,36673.14816
2008000443040,17,2,0
2008000443243,39,1,45841.4352
2008000443243,6,0,-15279.71438
2008000443243,4,0,-15279.71438
2008000443657,44,1,25518.39893
2008000443657,44,1,26206.02046
2008000443657,14,0,NA
2008000446624,57,1,29032.90896
2008000446624,43,1,17037.73342
2008000448698,32,1,16044.50232
2008000448698,33,1,34381.0764
2008000454199,65,2,15815.29514
2008000454199,16,2,0
2008000454199,14,0,NA
2008000455074,42,1,20399.43866
2008000455074,31,1,19100.598
2008000455074,3,0,-15279.71438
2008000457007,59,1,76402.392
2008000457007,59,2,0
2008000457141,45,2,3667.314816
2008000457817,41,1,21392.66976
2008000457817,41,1,21392.66976
2008000457817,20,1,9168.28704
2008000459501,32,1,61121.9136
2008000459501,27,1,22920.7176
2008000459501,25,1,1528.04784
2008000459819,44,2,0
2008000462087,38,1,7640.2392
2008000471971,35,1,22492.8642
2008000471971,29,1,14058.04013
2008000474324,81,2,10467.1277
2008000476380,22,1,9932.31096
2008000476380,22,1,20628.64584
2008000476380,4,0,-15279.71438
2008000476380,1,0,NA
2008000476380,47,1,9168.28704
2008000476380,46,2,0
2008000476869,50,1,6876.21528
2008000476869,16,1,488.9753088
2008000484171,86,2,6647.008104
2008000484991,60,1,10696.33488
2008000484991,61,1,33617.05248
2008000484991,22,1,2292.07176
2008000485425,30,1,31783.39507
2008000485425,40,1,16808.52624
2008000485801,46,1,114603.588
2008000488143,57,1,25136.38697
2008000488461,43,1,41257.29168
2008000493570,27,1,24448.76544
2008000493570,31,1,20934.25541
2008000493570,28,1,24448.76544
2008000493570,24,1,15280.4784
2008000494756,64,1,45841.4352
2008000494756,25,1,58065.81792
2008000499916,53,1,23226.32717
2008000499916,19,1,6876.21528
2008000499916,16,1,152.804784
2008000499916,14,0,NA
2008000511339,43,2,29949.73766
2008000512656,43,1,79076.47572
2008000512853,72,1,7411.032024
2008000513707,48,1,68762.1528
2008000513707,37,1,38201.196
2008000515853,31,1,20628.64584
2008000515853,29,1,35145.10032
2008000521021,67,2,39423.63427
2008000521805,56,1,38201.196
2008000524630,49,1,25212.78936
2008000524630,12,0,NA
2008000524630,6,0,-15279.71438
2008000524630,53,1,8404.26312
2008000525057,22,1,15280.4784
2008000525063,85,2,12912.00425
2008000525698,55,1,24143.15587
2008000525698,64,1,10008.71335
2008000526913,43,1,78694.46376
2008000527655,34,1,40493.26776
2008000527655,39,1,38965.21992
2008000527655,1,0,NA
2008000528252,60,1,26740.8372
2008000528252,70,2,30255.34723
2008000528455,38,1,61121.9136
2008000528455,36,1,28268.88504
2008000528917,51,1,33128.07717
2008000528917,46,1,19864.62192
2008000531606,64,1,34381.0764
2008000534058,39,1,45917.83759
2008000534058,40,1,45841.4352
2008000534058,3,0,-15279.71438
2008000534437,41,1,59609.14624
2008000534437,39,2,2826.888504
2008000534437,11,0,NA
2008000534437,16,2,0
2008000534978,71,2,9932.31096
2008000536326,52,1,25594.80132
2008000536326,50,2,0
2008000537658,74,2,2903.290896
2008000537658,71,2,2903.290896
2008000538640,68,2,25747.6061
2008000538640,68,2,9473.896608
2008000538640,38,1,29491.32331
2008000547397,67,1,44771.80171
2008000548114,64,2,108109.3847
2008000548114,66,2,19177.00039
2008000548114,38,1,34381.0764
2008000549441,34,1,33999.06444
2008000549441,35,1,39729.24384
2008000549441,1,0,NA
2008000549670,43,1,1833.657408
2008000549670,50,1,57301.794
2008000550017,21,2,0
2008000550017,21,2,0
2008000550521,29,1,12835.60186
2008000551148,51,1,50807.59068
2008000551148,39,1,21392.66976
2008000552070,40,1,84042.6312
2008000552070,33,1,36291.1362
2008000552878,47,1,74484.69196
2008000552878,46,1,26740.8372
2008000552878,20,1,3820.1196
2008000552878,19,1,764.02392
2008000552878,17,1,3820.1196
2008000553232,66,1,15815.29514
2008000553232,65,1,43778.57062
2008000555355,27,1,45956.03879
2008000555355,23,1,6708.130018
2008000555482,48,1,89422.12362
2008000555482,50,1,14516.45448
2008000555482,26,1,36673.14816
2008000557993,39,1,17572.55016
2008000557993,10,0,NA
2008000558663,35,1,8939.079864
2008000558663,10,0,NA
2008000558663,10,0,NA
2008000558663,3,0,-15279.71438
2008000559037,57,1,27046.44677
2008000559037,55,1,17572.55016
2008000559678,57,1,18336.57408
2008000559678,59,2,0
2008000561205,20,1,3361.705248
2008000561205,20,1,6115.247456
2008000561205,19,1,3056.09568
2008000561322,62,2,22844.31521
2008000561322,63,1,24295.96066
2008000561673,55,1,12224.38272
2008000561673,57,1,4584.14352
2008000561673,24,1,9550.299
2008000561673,22,1,5577.374616
2008000561673,4,0,-15279.71438
2008000561673,3,0,-15279.71438
2008000565236,25,1,10696.33488
2008000566118,72,2,13981.63774
2008000567522,33,1,38201.196
2008000567522,29,1,18947.79322
2008000567522,1,0,NA
2008000567522,27,1,22920.7176
2008000569859,31,1,61121.9136
2008000569859,29,1,19100.598
2008000569859,4,0,-15279.71438
2008000569859,0,0,NA
2008000569859,21,1,7563.836808
2008000573776,55,1,84042.6312
2008000573776,33,1,32089.00464
2008000574820,39,1,45841.4352
2008000574820,37,1,66470.08104
2008000575881,23,1,35145.10032
2008000580168,79,2,19406.20757
2008000580168,76,2,4431.338736
2008000580168,51,1,26740.8372
2008000580625,45,1,24448.76544
2008000580625,16,2,0
2008000581934,40,1,32853.02856
2008000581934,35,2,0
2008000588518,42,1,68762.1528
2008000588817,55,1,11460.3588
2008000588817,47,1,13752.43056
2008000589006,31,1,18336.57408
2008000594070,51,1,20017.4267
2008000594070,51,1,35145.10032
2008000594519,32,1,15280.4784
2008000598007,56,1,26740.8372
2008000603255,44,2,4584.14352
2008000603255,42,1,38965.21992
2008000605296,40,2,0
2008000605296,41,1,28276.52528
2008000605296,11,0,NA
2008000605296,5,0,-15279.71438
2008000606987,38,1,49661.5548
2008000606987,34,1,14134.44252
2008000606987,3,0,-15279.71438
2008000607152,90,2,63795.99732
2008000607152,85,2,55009.72224
2008000607397,29,2,11689.56598
2008000607397,28,2,0
2008000607397,4,0,-15279.71438
2008000607397,1,0,NA
2008000611412,29,1,42021.3156
2008000611412,32,1,57301.794
2008000611556,65,2,6723.410496
2008000612326,33,1,32089.00464
2008000612326,42,1,43549.36344
2008000614026,39,1,55773.74616
2008000614026,4,0,-15279.71438
2008000614026,4,0,-15279.71438
2008000614026,15,0,0
2008000614026,13,0,NA
2008000614026,48,1,70290.20064
2008000614107,20,1,3820.1196
2008000621965,48,1,46651.30056
2008000621965,54,1,53481.6744
2008000621965,15,0,0
2008000621965,15,0,0
2008000622285,55,1,41104.4869
2008000622285,47,1,44924.6065
2008000630158,56,2,0
2008000630158,50,2,0
2008000630158,18,2,0
2008000631044,19,2,2597.681328
2008000631044,1,0,NA
2008000632872,52,2,9932.31096
2008000632982,56,1,10696.33488
2008000633467,79,2,10467.1277
2008000639630,59,2,8557.067904
2008000639630,52,1,8327.860728
2008000639964,46,2,916.828704
2008000640696,51,1,44055.9113
2008000640850,55,1,49661.5548
2008000641213,49,1,339226.6205
2008000641213,54,1,246779.7262
2008000641213,21,1,1833.657408
2008000641213,18,2,0
2008000641610,76,2,13294.01621
2008000641610,51,2,1451.645448
2008000641610,32,1,3056.09568
2008000646602,41,1,26740.8372
2008000648431,28,1,20857.85302
2008000648431,9,0,-15279.71438
2008000648431,4,0,-15279.71438
2008000652248,53,1,36673.14816
2008000653790,42,1,28268.88504
2008000657770,45,1,1146.03588
2008000657770,39,1,27122.84916
2008000657770,18,1,6112.19136
2008000659321,48,1,14898.46644
2008000659321,46,1,13752.43056
2008000659321,28,1,14516.45448
2008000659321,19,1,6112.19136
2008000659321,0,0,NA
2008000659330,85,2,6341.398536
2008000659330,54,1,5118.960264
2008000662914,39,1,15280.4784
2008000663010,80,2,14745.66166
2008000668001,63,1,46605.45912
2008000668001,67,1,24448.76544
2008000674634,43,2,0
2008000674634,51,1,55773.74616
2008000674634,14,0,NA
2008000676892,75,2,60357.88968
2008000678492,18,1,9168.28704
2008000679809,31,1,38201.196
2008000680380,69,2,8251.458336
2008000680424,40,1,29032.90896
2008000681551,33,1,19635.41474
2008000681551,31,1,5653.777008
2008000683798,49,1,53481.6744
2008000683798,46,2,0
2008000683798,16,2,0
2008000683798,12,0,NA
2008000688264,42,1,22920.7176
2008000689028,28,1,20628.64584
2008000689028,27,1,14516.45448
2008000689028,5,0,-15279.71438
2008000689028,3,0,-15279.71438
2008000692292,32,1,45841.4352
2008000692292,33,1,37437.17208
2008000698673,29,1,16350.11189
2008000698673,9,0,-15279.71438
2008000698673,8,0,-15279.71438
2008000698673,6,0,-15279.71438
2008000698673,33,1,993.231096
2008000698981,61,2,764.02392
2008000698981,63,1,49661.5548
2008000699945,54,1,38201.196
2008000706061,87,2,10467.1277
2008000708081,27,1,28192.48265
2008000708081,29,1,26740.8372
2008000709372,19,2,4278.533952
2008000709572,25,1,19100.598
2008000709572,5,0,-15279.71438
2008000709572,1,0,NA
2008000715557,67,2,18336.57408
2008000718785,63,1,33005.83334
2008000723061,38,1,47102.07467
2008000723061,37,1,44313.38736
2008000723061,3,0,-15279.71438
2008000729355,80,2,23684.74152
2008000729355,79,2,9550.299
2008000730245,73,1,42479.72995
2008000730245,70,2,12606.39468
2008000732614,50,1,15280.4784
2008000732614,51,1,14440.05209
2008000732614,2,0,-15279.71438
2008000732614,29,1,18183.7693
2008000732614,27,1,18718.58604
2008000732614,7,0,-15279.71438
2008000732614,7,0,-15279.71438
2008000735542,66,1,10314.32292
2008000735542,63,1,16044.50232
2008000736367,73,2,4354.936344
2008000736367,67,2,4354.936344
2008000739440,43,1,3056.09568
2008000739440,41,1,611.219136
2008000739440,4,0,-15279.71438
2008000739440,2,0,-15279.71438
2008000739440,74,2,3361.705248
2008000739440,69,2,4584.14352
2008000740758,28,1,16739.76409
2008000744140,35,1,25212.78936
2008000744140,36,1,32089.00464
2008000744140,3,0,-15279.71438
2008000744140,1,0,NA
2008000744527,56,2,141344.4252
2008000744527,66,2,0
2008000745325,37,1,15280.4784
2008000745325,23,1,14058.04013
2008000745325,19,1,11460.3588
2008000750558,72,2,17419.74538
2008000750558,71,2,4278.533952
2008000754088,58,2,48897.53088
2008000754088,58,2,0
2008000758042,87,2,38965.21992
2008000761496,22,1,9168.28704
2008000764199,62,1,57301.794
2008000764199,62,1,34381.0764
2008000765564,67,2,9473.896608
2008000768888,69,1,179087.2068
2008000768888,66,2,3781.918404
2008000769646,47,1,32089.00464
2008000770299,58,1,10696.33488
2008000770299,53,2,3667.314816
2008000770299,31,2,3438.10764
2008000774545,24,2,8022.25116
2008000776085,45,1,137906.3176
2008000776085,39,1,14592.85687
2008000776085,15,0,397.2924384
2008000776085,13,0,NA
2008000776085,10,0,NA
2008000778020,51,1,38201.196
2008000778020,51,1,19100.598
2008000779729,88,2,12071.57794
2008000779817,85,2,30102.54245
2008000780706,45,1,8404.26312
2008000780706,44,1,84042.6312
2008000780706,13,0,NA
2008000780706,9,0,-15279.71438
2008000781730,51,1,47369.48304
2008000781767,31,1,1528.04784
2008000781767,30,1,1528.04784
2008000786540,53,1,29032.90896
2008000786540,57,1,31324.98072
2008000787292,39,1,41257.29168
2008000787292,16,2,0
2008000787292,10,0,NA
2008000787292,5,0,-15279.71438
2008000787292,36,1,17572.55016
2008000787292,52,1,17572.55016
2008000787292,25,2,0
2008000787292,14,0,NA
2008000789341,75,2,27275.65394
2008000789341,78,2,13676.02817
2008000792698,25,1,16502.91667
2008000793298,68,2,6035.788968
2008000793298,71,2,840.426312
2008000794190,90,2,11536.76119
2008000794429,51,1,84806.65512
2008000794429,54,1,21392.66976
2008000794429,17,1,2292.07176
2008000800248,37,1,47598.69022
2008000800248,3,0,-15279.71438
2008000802289,54,1,11452.71856
2008000802289,14,0,NA
2008000802504,37,1,22920.7176
2008000804216,62,1,8404.26312
2008000804216,54,1,21774.68172
2008000806325,57,2,6035.788968
2008000806412,42,1,60360.94578
2008000806412,43,1,3208.900464
2008000806412,10,0,NA
2008000807009,29,1,38201.196
2008000807434,33,1,45841.4352
2008000807434,32,1,9168.28704
2008000808570,58,1,38965.21992
2008000811287,62,1,22920.7176
2008000811287,35,1,9168.28704
2008000811287,31,1,9168.28704
2008000811287,32,2,0
2008000811365,48,1,56766.97726
2008000812792,62,2,19711.81714
2008000812792,67,1,71971.05326
2008000812792,14,0,NA
2008000813380,36,1,36673.14816
2008000813380,35,1,53481.6744
2008000813380,6,0,-15279.71438
2008000813380,2,0,-15279.71438
2008000814230,45,1,55773.74616
2008000815182,52,1,24448.76544
2008000815182,53,1,38965.21992
2008000815182,25,2,305.609568
2008000815182,0,0,NA
2008000816191,36,1,43549.36344
2008000816191,39,1,44313.38736
2008000816191,0,0,NA
2008000816191,9,0,-15279.71438
2008000816688,28,1,54245.69832
2008000816688,26,1,1528.04784
2008000816688,26,1,22920.7176
2008000817554,53,1,64178.00928
2008000817554,49,1,53481.6744
2008000820459,28,1,53481.6744
2008000820459,29,1,687.621528
2008000820468,50,1,9168.28704
2008000821396,81,2,30408.15202
2008000821470,56,1,46681.86151
2008000821470,51,1,1528.04784
2008000823126,60,2,4584.14352
2008000823126,57,1,49661.5548
2008000828851,28,1,30560.9568
2008000828851,30,1,15280.4784
2008000828851,28,1,19864.62192
2008000828851,27,1,19864.62192
2008000828851,26,1,27504.86112
2008000828851,25,1,15280.4784
2008000830996,22,2,0
2008000830996,24,1,13752.43056
2008000830996,2,0,-15279.71438
2008000830996,1,0,NA
2008000833692,62,2,17878.15973
2008000833692,53,1,7869.446376
2008000835119,29,1,15280.4784
2008000836794,33,1,3056.09568
2008000836794,39,1,42021.3156
2008000836794,3,0,-15279.71438
2008000841740,46,1,35145.10032
2008000847343,76,2,8327.860728
2008000849121,47,1,26053.21567
2008000849121,51,1,31401.38311
2008000849121,78,2,4889.753088
2008000854711,44,1,37460.0928
2008000854711,47,2,3056.09568
2008000858624,82,2,9168.28704
2008000859199,54,1,49661.5548
2008000859199,62,1,53481.6744
2008000859726,32,1,38736.01274
2008000859726,12,0,NA
2008000859726,4,0,-15279.71438
2008000859726,2,0,-15279.71438
2008000862769,40,1,16044.50232
2008000862769,44,1,68762.1528
2008000862769,12,0,NA
2008000862769,6,0,-15279.71438
2008000864415,46,1,95502.99
2008000864415,43,1,45841.4352
2008000864415,13,0,NA
2008000864415,11,0,NA
2008000865164,40,1,30560.9568
2008000865164,39,1,2979.693288
2008000865164,14,0,NA
2008000865164,19,1,458.414352
2008000865164,16,2,0
2008000865164,17,2,0
2008000866400,43,1,32471.0166
2008000866400,9,0,-15279.71438
2008000866400,7,0,-15279.71438
2008000866400,43,1,48897.53088
2008000869650,22,1,382.01196
2008000869760,60,1,10696.33488
2008000870129,37,1,76402.392
2008000870804,66,1,24448.76544
2008000870804,45,1,1910.0598
2008000870804,7,0,-15279.71438
2008000873459,77,2,114985.6
2008000873459,67,2,45841.4352
2008000874766,53,1,32868.30904
2008000875705,37,1,21392.66976
2008000878892,67,2,24372.36305
2008000882391,46,1,18336.57408
2008000882391,29,1,15280.4784
2008000885293,66,1,21927.4865
2008000885561,43,1,6723.410496
2008000885561,23,2,0
2008000885897,60,1,41944.91321
2008000885897,24,1,19100.598
2008000888673,68,2,27199.25155
2008000891365,26,1,12224.38272
2008000891365,8,0,-15279.71438
2008000892245,21,2,764.02392
2008000892361,45,1,57301.794
2008000892361,46,1,44313.38736
2008000892361,8,0,-15279.71438
2008000893835,55,1,28574.49461
2008000893835,55,2,0
2008000893995,64,2,9168.28704
2008000900550,76,2,9168.28704
2008000901028,58,2,12606.39468
2008000901028,56,2,16044.50232
2008000901856,77,2,15051.27122
2008000903975,41,1,20628.64584
2008000903975,33,1,21774.68172
2008000907926,38,1,30560.9568
2008000907926,38,1,45841.4352
2008000910999,71,2,19711.81714
2008000915605,56,1,53481.6744
2008000915764,48,1,24448.76544
2008000916245,48,1,15280.4784
2008000916245,49,1,9168.28704
2008000916245,18,2,0
2008000916245,15,0,0
2008000916245,76,2,4278.533952
2008000917708,29,1,91682.8704
2008000917708,26,1,25441.99654
2008000917708,3,0,-15279.71438
2008000917708,1,0,NA
2008000919117,31,1,13752.43056
2008000919444,26,1,23302.72956
2008000919444,28,1,11613.16358
2008000921430,41,1,35909.12424
2008000921430,6,0,-15279.71438
2008000921430,31,2,0
2008000923378,50,1,73346.29632
2008000923614,46,1,46911.06869
2008000923614,43,1,38369.28126
2008000923851,64,1,5882.984184
2008000924136,33,1,179545.6212
2008000924947,42,1,29796.93288
2008000924947,40,1,57301.794
2008000925275,59,2,9168.28704
2008000925275,60,1,61198.31599
2008000927381,50,2,22233.09607
2008000927381,25,1,15280.4784
2008000928418,59,1,53787.28397
2008000929879,53,1,47751.495
2008000929879,30,1,16808.52624
2008000931860,28,1,43549.36344
2008000931860,31,1,45841.4352
2008000936056,30,1,6876.21528
2008000936056,11,0,NA
2008000936056,5,0,-15279.71438
2008000936056,3,0,-15279.71438
2008000942364,29,1,30178.94484
2008000942364,28,1,26740.8372
2008000942897,33,1,47751.495
2008000949284,54,1,40493.26776
2008000950895,76,1,34763.08836
2008000950895,45,2,3881.241514
2008000950895,22,1,9168.28704
2008000950895,17,1,366.7314816
2008000950895,15,0,0
2008000950895,56,2,10772.73727
2008000955461,43,1,24448.76544
2008000955461,6,0,-15279.71438
2008000955461,3,0,-15279.71438
2008000955461,43,1,53481.6744
2008000956149,49,1,246779.7262
2008000956149,48,1,18718.58604
2008000956149,16,2,0
2008000956149,12,0,NA
2008000960361,58,2,12071.57794
2008000960361,68,2,16120.90471
2008000968673,47,1,2750.486112
2008000968673,17,1,382.01196
2008000968673,10,0,NA
2008000971462,26,1,15280.4784
2008000971462,25,1,19100.598
2008000971462,23,1,9168.28704
2008000975481,24,1,21392.66976
2008000975481,25,1,19100.598
2008000979639,36,2,0
2008000979639,71,2,8939.079864
2008000982097,66,1,99246.70721
2008000982097,62,1,71741.84609
2008000982097,37,1,76403.15602
2008000982097,6,0,-15279.71438
2008000982097,28,1,13752.43056
2008000982097,51,2,0
2008000987027,94,2,47522.28782
2008000988962,57,1,37284.3673
2008000988962,52,1,38965.21992
2008000989747,21,1,6112.19136
2008000989747,22,1,26740.8372
2008000992725,42,1,28421.68982
2008000992725,19,1,9168.28704
2008000994423,32,1,18336.57408
2008000994423,31,1,19100.598
2008000997336,20,1,11460.3588
2008000997336,21,2,0
2008000997336,21,1,10696.33488
2008000998397,35,1,6555.325234
2008000998397,15,0,0
2008000998397,13,0,NA
2008000998397,10,0,NA
2008001002715,46,1,3820.1196
2008001008873,52,1,57301.794
2008001010170,36,1,24448.76544
2008001010170,6,0,-15279.71438
2008001010170,4,0,-15279.71438
2008001010170,32,1,25976.81328
2008001013318,41,2,2826.888504
2008001013318,18,1,764.02392
2008001013318,15,0,0
2008001014052,36,1,57301.794
2008001017366,37,1,34381.0764
2008001018502,87,2,41180.88929
2008001019807,38,1,58065.81792
2008001026746,94,2,34381.0764
2008001029966,56,1,22920.7176
2008001031466,40,1,74874.34416
2008001031466,50,1,30560.9568
2008001033628,43,1,98559.08568
2008001033628,43,1,28268.88504
2008001033628,7,0,-15279.71438
2008001036072,36,1,38965.21992
2008001036072,3,0,-15279.71438
2008001036647,46,1,31554.1879
2008001036647,8,0,-15279.71438
2008001036647,4,0,-15279.71438
2008001038476,48,1,23684.74152
2008001041545,64,1,30790.16398
2008001041545,19,2,0
2008001041545,19,2,0
2008001042167,33,1,7643.295296
2008001043266,68,2,8251.458336
2008001046744,86,2,9168.28704
2008001054403,28,1,43702.16822
2008001055073,58,1,52946.85766
2008001055073,62,1,40722.47494
2008001055148,33,1,27504.86112
2008001055148,29,1,13676.02817
2008001055148,1,0,NA
2008001061410,13,0,NA
2008001066481,50,1,43549.36344
2008001066481,7,0,-15279.71438
2008001075508,45,1,15280.4784
2008001075508,6,0,-15279.71438
2008001075508,29,2,0
2008001076694,85,2,25365.59414
2008001076694,85,2,993.231096
2008001078299,79,2,10085.11574
2008001078299,72,2,8327.860728
2008001081018,27,2,0
2008001086027,22,1,16502.91667
2008001086027,25,1,5730.1794
2008001092422,32,1,15181.15529
2008001092422,38,1,10543.5301
2008001094296,55,1,22920.7176
2008001099603,18,1,2295.127856
2008001099926,56,1,9932.31096
2008001101765,50,1,100851.1574
2008001101765,34,1,59593.86576
2008001101897,37,1,36673.14816
2008001103617,49,2,0
2008001104791,51,1,32089.00464
2008001104791,53,1,15280.4784
2008001104791,15,0,152.804784
2008001104791,21,1,8098.653552
2008001106064,61,1,27199.25155
2008001106064,56,1,74110.32024
2008001106353,81,2,13217.61382
2008001110694,48,1,53481.6744
2008001110694,46,1,4584.14352
2008001110694,26,1,12224.38272
2008001117514,50,2,5806.581792
2008001117514,61,1,42021.3156
2008001117638,56,1,7181.824848
2008001117638,57,1,14058.04013
2008001127685,38,1,48897.53088
2008001127685,34,1,14516.45448
2008001128737,35,1,91682.8704
2008001128737,34,1,30560.9568
2008001128737,8,0,-15279.71438
2008001128737,5,0,-15279.71438
2008001129285,59,1,34381.0764
2008001129285,61,2,9932.31096
2008001131400,52,1,92828.90628
2008001131400,49,2,0
2008001131400,13,0,NA
2008001138851,37,1,14898.46644
2008001138851,36,1,11460.3588
2008001138851,18,2,0
2008001138851,17,2,0
2008001138851,13,0,NA
2008001138851,2,0,-15279.71438
2008001138851,9,0,-15279.71438
2008001140455,44,1,76402.392
2008001141828,23,1,34648.48477
2008001146005,51,1,87251.53166
2008001146005,47,1,45841.4352
2008001146005,15,0,0
2008001146005,12,0,NA
2008001149849,42,1,23837.5463
2008001150096,35,1,55789.02664
2008001150096,33,1,90154.82256
2008001150096,1,0,NA
2008001153521,74,2,19100.598
2008001153754,87,2,26740.8372
2008001154584,39,2,114.603588
2008001154584,13,0,NA
2008001154584,11,0,NA
2008001154584,8,0,-15279.71438
2008001160102,83,2,15586.08797
2008001166572,45,1,45841.4352
2008001166572,42,1,88168.36037
2008001167370,51,1,35145.10032
2008001167370,49,1,30560.9568
2008001167370,16,2,0
2008001167833,30,1,38048.39122
2008001167833,11,0,NA
2008001167833,5,0,-15279.71438
2008001167950,61,2,28421.68982
2008001167950,23,2,0
2008001167950,43,1,53481.6744
2008001167950,32,1,12224.38272
2008001167950,31,1,15280.4784
2008001167950,20,1,17496.14777
2008001171213,36,1,27581.26351
2008001171213,39,1,1673.212385
2008001171213,0,0,NA
2008001173584,55,1,49814.35958
2008001173584,42,1,48905.17112
2008001175942,39,1,15311.03936
2008001181433,62,1,2284.431521
2008001181433,63,1,13232.89429
2008001183410,61,1,10849.13966
2008001183410,29,2,5424.569832
2008001186621,31,1,29032.90896
2008001188203,47,1,26817.23959
2008001188203,9,0,-15279.71438
2008001188203,51,1,83278.60728
2008001190959,39,1,57301.794
2008001190959,3,0,-15279.71438
2008001190959,26,1,25976.81328
2008001191208,68,1,19436.76852
2008001191568,75,2,8404.26312
2008001192159,64,1,21293.34665
2008001192159,63,1,27535.42208
2008001193950,62,1,16044.50232
2008001193950,33,2,0
2008001198178,55,1,38201.196
2008001199273,50,1,26740.8372
2008001199273,49,1,36673.14816
2008001200897,74,2,7334.629632
2008001207547,68,2,38201.196
2008001213903,36,2,0
2008001213991,56,1,27504.86112
2008001219730,61,1,15280.4784
2008001219730,46,1,22920.7176
2008001220738,31,1,34381.0764
2008001220738,33,1,30560.9568
2008001224457,63,1,11842.37076
2008001224457,43,1,6647.008104
2008001224624,58,1,25976.81328
2008001224624,24,1,24601.57022
2008001224885,50,1,30560.9568
2008001225168,67,1,11231.15162
2008001225168,59,1,31019.37115
2008001226587,31,1,27504.86112
2008001226587,34,1,28268.88504
2008001232614,81,2,6035.788968
2008001232614,69,1,22997.11999
2008001234776,55,1,85570.67904
2008001234776,56,1,40516.18848
2008001235556,43,1,57301.794
2008001235556,40,1,58829.84184
2008001238419,62,1,18519.93982
2008001238419,59,1,8404.26312
2008001238419,20,1,5348.16744
2008001238419,16,2,0
2008001240716,64,1,40034.85341
2008001240716,69,2,27046.44677
2008001247283,27,1,32089.00464
2008001247283,29,1,31324.98072
2008001249557,61,1,32089.00464
2008001249557,46,1,9168.28704
2008001249557,27,2,191.00598
2008001249557,18,1,5730.1794
2008001252449,30,1,32089.00464
2008001252449,30,1,15280.4784
2008001254761,57,1,64178.00928
2008001254761,56,1,16350.11189
2008001254761,17,2,0
2008001255969,88,2,8457.744794
2008001256633,87,2,11460.3588
2008001256920,32,1,22920.7176
2008001256920,28,1,7640.2392
2008001256920,9,0,-15279.71438
2008001256920,34,1,20628.64584
2008001256920,22,1,4584.14352
2008001256920,32,1,20628.64584
2008001260946,52,1,61885.93752
2008001263735,16,2,0
2008001263982,58,1,42021.3156
2008001263982,49,1,30560.9568
2008001263982,22,1,10696.33488
2008001265933,58,1,31019.37115
2008001265933,69,2,764.02392
2008001268194,29,1,9168.28704
2008001268194,28,1,8404.26312
2008001268810,44,1,22920.7176
2008001268810,37,1,19100.598
2008001271726,59,1,33999.06444
2008001271726,54,1,11536.76119
2008001274121,35,1,12988.40664
2008001274121,33,1,16655.72146
2008001274121,5,0,-15279.71438
2008001274121,9,0,-15279.71438
2008001274121,8,0,-15279.71438
2008001274121,41,2,10390.72531
2008001274121,27,1,7640.2392
2008001275823,49,2,3285.302856
2008001282559,61,1,23990.35109
2008001284445,70,2,9932.31096
2008001284445,38,1,229.207176
2008001293320,71,2,13676.02817
2008001293320,68,2,7411.032024
2008001293320,72,2,11918.77315
2008001296164,68,2,14669.25926
2008001296164,35,2,7334.629632
2008001296813,33,2,141344.4252
2008001296813,32,1,23684.74152
2008001299067,50,1,32853.02856
2008001299690,57,1,7067.22126
2008001302685,18,2,38.201196
2008001307263,81,2,29414.92092
2008001307263,56,2,30.5609568
2008001308551,56,1,26740.8372
2008001308551,57,1,95502.99
2008001311214,33,1,35145.10032
2008001311214,34,1,4584.14352
2008001311214,13,0,NA
2008001311214,11,0,NA
2008001313661,24,1,10696.33488
2008001313661,22,1,35068.69793
2008001318081,49,1,86487.50774
2008001318081,50,1,33769.85726
2008001318148,45,1,38201.196
2008001318574,72,2,30178.94484
2008001318574,39,1,53481.6744
2008001318574,19,1,9168.28704
2008001318574,43,1,53.4816744
2008001318574,51,1,36673.14816
2008001318574,42,1,18336.57408
2008001318646,28,1,17190.5382
2008001320948,50,1,81017.09648
2008001321909,47,1,52335.63852
2008001321909,59,1,17572.55016
2008001323915,33,1,22920.7176
2008001323915,33,1,53481.6744
2008001324484,51,1,27504.86112
2008001327496,80,2,12529.99229
2008001330748,30,1,40607.87135
2008001330748,27,1,19138.7992
2008001330823,45,1,35909.12424
2008001331015,89,2,7334.629632
2008001340310,39,1,38430.40318
2008001340310,49,1,25289.19175
2008001342551,48,1,106963.3488
2008001342551,40,2,0
2008001342551,3,0,-15279.71438
2008001348122,67,1,3491.589314
2008001348122,60,1,3820.1196
2008001349245,64,1,49661.5548
2008001349245,35,1,22920.7176
2008001350138,25,1,8404.26312
2008001350138,25,1,8404.26312
2008001352128,36,1,19100.598
2008001357939,81,2,12835.60186
2008001359537,35,1,21392.66976
2008001361121,26,1,22156.69368
2008001361121,25,1,7640.2392
2008001362137,33,1,11460.3588
2008001362137,25,1,2674.08372
2008001362194,55,1,13752.43056
2008001362194,31,2,0
2008001362194,28,1,7258.22724
2008001362221,57,1,36673.14816
2008001372890,34,1,45841.4352
2008001372890,8,0,-15279.71438
2008001372890,5,0,-15279.71438
2008001372890,2,0,-15279.71438
2008001374479,70,1,27428.45873
2008001374479,64,2,4889.753088
2008001374479,25,1,2597.681328
2008001382991,43,1,48897.53088
2008001382991,44,1,-152.804784
2008001382991,20,1,2750.486112
2008001382991,19,1,6876.21528
2008001385546,58,2,3743.717208
2008001385546,69,2,5806.581792
2009000003192,71,2,19788.21953
2009000005620,40,1,133322.174
2009000005620,35,1,148984.6644
2009000005620,2,0,-15279.71438
2009000007189,52,1,47369.48304
2009000007189,51,2,0
2009000007189,24,1,9168.28704
2009000007189,23,1,19100.598
2009000007189,20,1,1528.04784
2009000007189,18,1,5348.16744
2009000007189,17,1,6112.19136
2009000007189,14,0,NA
2009000007189,13,0,NA
2009000007189,12,0,NA
2009000007189,10,0,NA
2009000007189,15,0,0
2009000007407,57,1,31095.77354
2009000007407,60,1,15356.88079
2009000007493,61,2,1604.450232
2009000009033,27,1,29796.93288
2009000009033,24,2,0
2009000009033,2,0,-15279.71438
2009000011201,27,1,15440.92342
2009000011201,31,1,13752.43056
2009000011201,30,1,8404.26312
2009000018830,31,1,32891.22976
2009000025387,56,2,76.402392
2009000029805,47,1,71818.24848
2009000029805,37,1,30560.9568
2009000030388,23,1,13981.63774
2009000030856,34,1,76402.392
2009000030856,26,1,32853.02856
2009000031988,63,1,9473.896608
2009000033674,30,1,15280.4784
2009000033674,37,1,56537.77008
2009000033674,8,0,-15279.71438
2009000033674,3,0,-15279.71438
2009000036676,61,2,275.0486112
2009000038766,22,1,2292.07176
2009000041051,53,1,31324.98072
2009000041051,48,1,12224.38272
2009000041199,68,2,13867.03415
2009000041199,80,2,8404.26312
2009000048333,56,1,41257.29168
2009000048333,63,2,3208.900464
2009000050774,26,1,1528.04784
2009000050774,28,1,16120.90471
2009000050774,0,0,NA
2009000052099,42,1,236083.3913
2009000052099,43,2,0
2009000052099,15,0,0
2009000052099,11,0,NA
2009000053086,54,1,24509.88735
2009000053086,51,2,0
2009000053743,30,1,27963.27547
2009000053743,30,1,13752.43056
2009000053907,54,2,5348.16744
2009000056297,44,1,236083.3913
2009000056297,45,1,38201.196
2009000059942,56,2,6723.410496
2009000064754,62,1,168085.2624
2009000064754,62,1,69602.57911
2009000065221,32,1,35450.70989
2009000065221,28,1,42021.3156
2009000077021,21,1,16808.52624
2009000077485,25,1,34381.0764
2009000077485,24,1,7640.2392
2009000077676,60,1,49661.5548
2009000077676,61,2,0
2009000077676,28,1,19864.62192
2009000078946,58,1,51953.62656
2009000080697,46,1,50440.8592
2009000080697,43,1,9932.31096
2009000080697,18,1,3980.564623
2009000080697,68,2,21545.47454
2009000082106,26,1,27199.25155
2009000082215,45,1,79458.48768
2009000082215,18,2,0
2009000082215,52,1,74874.34416
2009000083345,63,1,90766.0417
2009000083345,63,1,33311.44291
2009000085807,30,1,18565.78126
2009000085807,45,2,0
2009000085807,17,2,0
2009000086650,27,1,8939.079864
2009000086650,28,1,511.8960264
2009000091290,76,2,74492.3322
2009000091290,68,2,4966.15548
2009000091290,39,1,6112.19136
2009000096838,56,1,19941.02431
2009000096838,53,1,18336.57408
2009000096838,30,1,2674.08372
2009000096838,27,2,3820.1196
2009000097649,26,1,15280.4784
2009000097649,26,1,7640.2392
2009000099762,27,1,25212.78936
2009000099762,24,1,6112.19136
2009000112035,78,2,23837.5463
2009000113453,49,1,30560.9568
2009000115088,42,1,20628.64584
2009000115088,42,2,9550.299
2009000115088,65,2,9168.28704
2009000115191,81,2,16197.3071
2009000116699,35,1,14440.05209
2009000116699,35,1,37437.17208
2009000116699,3,0,-15279.71438
2009000116699,0,0,NA
2009000120706,84,2,19100.598
2009000125828,79,2,24907.17979
2009000125828,80,2,11689.56598
2009000126100,39,1,22920.7176
2009000126619,74,2,31859.79746
2009000126619,47,2,0
2009000127291,37,1,87862.7508
2009000127291,36,1,38201.196
2009000132389,24,1,21163.46258
2009000132389,32,1,37437.17208
2009000133097,31,1,42021.3156
2009000134579,51,1,38965.21992
2009000134579,51,1,17572.55016
2009000134579,15,0,7.6402392
2009000136174,48,1,49661.5548
2009000136174,43,1,4584.14352
2009000136174,13,0,NA
2009000138339,40,1,51984.18752
2009000140204,43,1,36673.14816
2009000143790,43,1,72582.2724
2009000143790,40,1,34381.0764
2009000143790,5,0,-15279.71438
2009000143790,16,1,764.02392
2009000147562,55,2,14669.25926
2009000147562,58,2,27504.86112
2009000148877,24,1,17572.55016
2009000148877,25,1,12988.40664
2009000156962,86,2,18030.96451
2009000156962,65,1,14974.86883
2009000157617,30,1,30560.9568
2009000157617,31,1,26740.8372
2009000158668,71,2,19253.40278
2009000159820,55,1,10696.33488
2009000159820,55,1,197882.1953
2009000160929,56,2,12988.40664
2009000160929,53,1,106734.1416
2009000160953,48,1,92446.89432
2009000161016,31,1,28421.68982
2009000161016,5,0,-15279.71438
2009000161016,12,0,NA
2009000161016,29,1,25671.20371
2009000165500,46,1,57301.794
2009000165500,41,1,91682.8704
2009000165500,5,0,-15279.71438
2009000168076,83,2,3285.302856
2009000170076,64,1,53481.6744
2009000170076,64,2,0
2009000170076,36,1,11521.48071
2009000170076,29,1,19864.62192
2009000171202,21,1,1528.04784
2009000171202,21,1,2750.486112
2009000171627,31,2,0
2009000177361,23,1,9168.28704
2009000180088,48,1,61121.9136
2009000181615,40,2,9168.28704
2009000181615,40,1,30560.9568
2009000182838,32,1,36291.1362
2009000182838,38,1,37819.18404
2009000183980,41,2,11613.16358
2009000183980,41,1,236083.3913
2009000183980,5,0,-15279.71438
2009000183980,2,0,-15279.71438
2009000184662,24,1,17037.73342
2009000189252,63,1,19864.62192
2009000189252,63,1,29032.90896
2009000192263,57,2,0
2009000192263,30,2,152.804784
2009000192263,23,1,4584.14352
2009000192263,55,2,-4202.13156
2009000195957,45,1,197882.1953
2009000195957,63,2,0
2009000195957,45,1,30560.9568
2009000198849,27,1,21087.06019
2009000198849,27,1,53481.6744
2009000200323,60,1,28750.22011
2009000200836,33,1,11460.3588
2009000204524,29,1,17572.55016
2009000204524,28,2,11460.3588
2009000206486,67,1,19100.598
2009000206631,38,1,198218.3658
2009000207229,40,1,16961.33102
2009000207229,30,1,49661.5548
2009000207229,9,0,-15279.71438
2009000207229,7,0,-15279.71438
2009000207229,5,0,-15279.71438
2009000207229,3,0,-15279.71438
2009000207229,22,1,1528.04784
2009000208192,50,1,61885.93752
2009000208449,30,1,11460.3588
2009000208449,34,1,26740.8372
2009000208449,2,0,-15279.71438
2009000208449,61,1,16044.50232
2009000210939,48,1,64942.0332
2009000211714,56,1,22920.7176
2009000211714,56,1,30560.9568
2009000218464,31,2,0
2009000218464,33,1,29032.90896
2009000224725,44,1,53481.6744
2009000224725,39,1,7640.2392
2009000224725,6,0,-15279.71438
2009000224725,3,0,-15279.71438
2009000229284,41,1,30560.9568
2009000229976,28,1,1528.04784
2009000234148,81,2,29567.7257
2009000234148,83,2,2903.290896
2009000234628,50,1,45841.4352
2009000234628,51,1,45841.4352
2009000234628,23,1,20246.63388
2009000234628,17,1,611.219136
2009000234628,15,0,0
2009000234628,0,0,NA
2009000234628,25,1,435.4936344
2009000235111,78,1,243188.8137
2009000237839,62,1,26740.8372
2009000237839,39,1,6876.21528
2009000237839,0,0,NA
2009000241215,61,1,5500.972224
2009000241215,52,1,21392.66976
2009000241215,32,1,15280.4784
2009000241598,52,1,38216.47648
2009000241598,17,1,458.414352
2009000242738,66,1,45008.64913
2009000242738,59,1,9939.951199
2009000244197,51,1,54245.69832
2009000244197,16,2,0
2009000248688,58,1,30560.9568
2009000248688,29,2,0
2009000248688,6,0,-15279.71438
2009000254839,71,1,5348.16744
2009000256544,43,2,152.804784
2009000256863,23,1,19100.598
2009000256863,25,1,15280.4784
2009000256863,0,0,NA
2009000257382,55,1,25212.78936
2009000260554,41,1,26740.8372
2009000260554,38,1,22920.7176
2009000263039,89,2,11918.77315
2009000263039,85,2,7258.22724
2009000278794,35,1,26740.8372
2009000278900,63,1,27504.86112
2009000278900,53,1,29796.93288
2009000278900,17,2,0
2009000288025,50,1,21927.4865
2009000292561,54,1,37055.16012
2009000292561,54,1,56537.77008
2009000292561,20,1,8404.26312
2009000292561,16,1,152.804784
2009000293582,35,1,38201.196
2009000300768,62,1,19329.80518
2009000300768,75,2,11765.96837
2009000302489,19,1,4813.350696
2009000303331,50,1,53481.6744
2009000303331,39,1,22920.7176
2009000303331,6,0,-15279.71438
2009000303631,38,1,4584.14352
2009000303631,37,1,11765.96837
2009000303631,5,0,-15279.71438
2009000303631,3,0,-15279.71438
2009000307195,43,1,6723.410496
2009000307195,23,1,4584.14352
2009000307665,46,1,43778.57062
2009000307665,43,1,32853.02856
2009000307665,9,0,-15279.71438
2009000307665,83,2,4354.936344
2009000308683,31,1,764.02392
2009000308683,32,1,19864.62192
2009000310992,65,2,24754.37501
2009000313103,93,2,33158.63813
2009000316382,69,2,20781.45062
2009000316382,23,1,4736.948304
2009000317450,66,2,6188.593752
2009000317450,47,1,26740.8372
2009000319296,88,2,11078.34684
2009000319677,37,1,16655.72146
2009000319677,32,1,26740.8372
2009000319737,55,1,7640.2392
2009000319737,20,1,1146.03588
2009000319737,17,2,0
2009000319737,85,2,0
2009000322332,32,1,11460.3588
2009000322332,8,0,-15279.71438
2009000322726,45,1,84042.6312
2009000322726,44,1,137524.3056
2009000323364,77,2,25059.98458
2009000324881,77,2,4049.326776
2009000324881,89,1,32089.00464
2009000329741,61,1,61121.9136
2009000329741,58,1,38201.196
2009000331148,77,2,25671.20371
2009000331148,82,2,42941.2004
2009000331317,53,1,41333.69407
2009000331317,41,1,2811.608026
2009000331570,59,1,19100.598
2009000332242,30,1,18336.57408
2009000332242,28,1,41257.29168
2009000332242,5,0,-15279.71438
2009000332242,1,0,NA
2009000334010,36,1,22156.69368
2009000334010,34,1,15738.89275
2009000334431,37,1,149748.6883
2009000334431,17,1,2292.07176
2009000334431,13,0,NA
2009000334630,57,1,77472.02549
2009000334630,15,0,0
2009000334630,14,0,NA
2009000337475,56,1,38201.196
2009000337475,52,1,19100.598
2009000341516,51,1,37528.85495
2009000341516,23,1,6662.288582
2009000341516,70,1,21851.08411
2009000342279,28,1,11108.9078
2009000342279,27,2,0
2009000342279,1,0,NA
2009000342470,34,1,106963.3488
2009000342470,35,1,50425.57872
2009000342470,5,0,-15279.71438
2009000342470,3,0,-15279.71438
2009000344092,43,1,129884.0664
2009000344092,35,2,0
2009000344092,12,0,NA
2009000344092,10,0,NA
2009000344092,9,0,-15279.71438
2009000344092,16,2,0
2009000345143,41,1,20628.64584
2009000345143,38,1,16044.50232
2009000348991,31,1,32089.00464
2009000348991,30,1,6112.19136
2009000349536,51,1,37429.53184
2009000349536,54,1,25976.81328
2009000356129,46,1,40722.47494
2009000356129,48,1,26740.8372
2009000356129,11,0,NA
2009000356129,6,0,-15279.71438
2009000358393,27,1,11918.77315
2009000358393,30,1,29414.92092
2009000358894,37,1,20628.64584
2009000358894,9,0,-15279.71438
2009000366287,30,1,26740.8372
2009000366287,29,1,32089.00464
2009000373314,34,1,38201.196
2009000373314,30,1,27504.86112
2009000373314,77,2,5500.972224
2009000373314,69,2,5500.972224
2009000373440,54,2,6876.21528
2009000373440,57,1,41257.29168
2009000375096,61,2,21545.47454
2009000378684,46,1,26740.8372
2009000378981,41,1,45841.4352
2009000378981,43,1,49661.5548
2009000378981,8,0,-15279.71438
2009000378981,5,0,-15279.71438
2009000379952,49,1,45956.03879
2009000379952,15,0,0
2009000379952,8,0,-15279.71438
2009000379952,55,1,26740.8372
2009000382002,34,1,22462.30325
2009000382002,12,0,NA
2009000382002,10,0,NA
2009000382002,8,0,-15279.71438
2009000382002,6,0,-15279.71438
2009000385456,78,2,17266.94059
2009000385456,72,2,4889.753088
2009000385996,43,1,32089.00464
2009000386005,51,1,37674.0195
2009000387537,54,1,52052.94967
2009000387537,50,1,14516.45448
2009000389719,40,1,44313.38736
2009000390518,87,2,12300.78511
2009000390816,43,2,0
2009000394026,33,1,26740.8372
2009000394195,74,2,22080.29129
2009000394195,73,1,31706.99268
2009000395328,31,1,68914.95758
2009000395328,26,1,56537.77008
2009000396170,28,1,6112.19136
2009000398119,85,2,39729.24384
2009000398481,62,2,4584.14352
2009000400035,48,1,74874.34416
2009000400035,44,2,0
2009000400035,6,0,-15279.71438
2009000403146,66,2,1604.450232
2009000403146,58,1,4652.905673
2009000405128,22,1,4354.936344
2009000405128,23,1,12988.40664
2009000406370,35,1,15280.4784
2009000406370,36,1,42021.3156
2009000409642,28,1,10849.13966
2009000409642,28,1,6746.331214
2009000418028,27,1,20628.64584
2009000418028,23,1,4446.619214
2009000418028,21,1,4446.619214
2009000419923,33,1,55200.72822
2009000420048,68,2,167779.6528
2009000420093,50,1,123007.8511
2009000423025,36,1,28268.88504
2009000423025,37,2,6112.19136
2009000423462,61,1,3820.1196
2009000423462,60,1,55009.72224
2009000434579,36,1,26740.8372
2009000435812,61,1,23684.74152
2009000435812,22,2,1528.04784
2009000440064,42,1,25824.0085
2009000440064,42,1,21469.07215
2009000441838,31,1,34381.0764
2009000442353,62,1,20857.85302
2009000442353,61,2,0
2009000442353,7,0,-15279.71438
2009000442353,35,1,15280.4784
2009000442353,34,1,12988.40664
2009000446062,39,1,67234.10496
2009000446062,5,0,-15279.71438
2009000446203,65,2,25671.20371
2009000446203,64,2,14363.6497
2009000446441,54,1,4584.14352
2009000446441,68,2,22233.09607
2009000448115,39,1,5730.1794
2009000450118,60,2,28268.88504
2009000450118,60,2,28727.29939
2009000450592,81,2,7258.22724
2009000450592,84,2,17725.35494
2009000451581,32,1,22920.7176
2009000452079,61,1,30560.9568
2009000452079,60,2,38277.59839
2009000452508,52,1,65515.05114
2009000452508,16,2,0
2009000452759,57,2,8175.055944
2009000453787,82,2,10085.11574
2009000457440,41,1,11613.16358
2009000457440,42,1,91682.8704
2009000457440,6,0,-15279.71438
2009000457440,3,0,-15279.71438
2009000462374,28,1,12453.5899
2009000463693,57,1,46608.51522
2009000467949,90,2,14898.46644
2009000467949,61,2,5882.984184
2009000470390,28,2,0
2009000470390,3,0,-15279.71438
2009000470390,9,0,-15279.71438
2009000470390,34,1,22156.69368
2009000472880,34,1,22156.69368
2009000472880,31,1,15280.4784
2009000474492,27,1,28574.49461
2009000474492,36,1,55773.74616
2009000474990,30,1,84042.6312
2009000476179,26,1,11460.3588
2009000476968,77,2,40569.67015
2009000476968,65,1,15929.89873
2009000477061,38,1,236121.5925
2009000477061,36,1,19100.598
2009000477061,5,0,-15279.71438
2009000477061,2,0,-15279.71438
2009000478313,38,1,41845.5901
2009000478313,34,1,1436.36497
2009000478313,8,0,-15279.71438
2009000478313,6,0,-15279.71438
2009000478313,2,0,-15279.71438
2009000482934,60,2,11460.3588
2009000485407,52,1,38201.196
2009000485407,63,2,5577.374616
2009000486035,45,1,41257.29168
2009000488902,67,2,10543.5301
2009000488902,46,2,0
2009000490635,37,1,22920.7176
2009000490635,33,2,0
2009000494823,67,2,35068.69793
2009000494823,70,2,33999.06444
2009000495434,78,2,12835.60186
2009000496862,69,1,31783.39507
2009000497254,62,1,20628.64584
2009000499439,81,2,33464.2477
2009000499439,84,2,35527.11228
2009000499610,34,1,8404.26312
2009000499610,38,1,11460.3588
2009000499862,58,1,43549.36344
2009000499862,48,1,22920.7176
2009000501226,60,2,6127.471838
2009000502001,58,1,15280.4784
2009000507176,21,2,0
2009000507176,2,0,-15279.71438
2009000507176,21,1,5348.16744
2009000511622,25,1,17572.55016
2009000511622,24,1,39729.24384
2009000511622,23,1,35909.12424
2009000513338,28,2,0
2009000513338,30,1,45841.4352
2009000514942,40,1,18871.39082
2009000514942,18,2,0
2009000518606,29,1,12338.98631
2009000523964,50,1,47369.48304
2009000523964,47,1,61121.9136
2009000523964,9,0,-15279.71438
2009000523964,6,0,-15279.71438
2009000524341,66,2,2521.278936
2009000524341,63,2,14134.44252
2009000524341,46,2,24525.16783
2009000524513,93,2,10085.11574
2009000525129,52,1,39118.0247
2009000525129,55,2,0
2009000525129,10,0,NA
2009000525129,7,0,-15279.71438
2009000525129,5,0,-15279.71438
2009000525129,2,0,-15279.71438
2009000525963,53,1,25212.78936
2009000529225,81,2,12071.57794
2009000529225,21,1,152.804784
2009000533417,43,1,45841.4352
2009000533417,39,1,21392.66976
2009000533417,14,0,NA
2009000533417,12,0,NA
2009000536497,73,1,35374.3075
2009000542960,93,2,68.7621528
2009000543942,41,1,51953.62656
2009000543942,39,1,38201.196
2009000543942,7,0,-15279.71438
2009000543942,16,1,1375.243056
2009000544740,44,1,31783.39507
2009000544740,45,1,39729.24384
2009000544740,17,2,0
2009000545820,90,2,8098.653552
2009000547687,29,1,63413.98536
2009000547687,27,1,21392.66976
2009000548718,31,1,26740.8372
2009000549886,81,2,32318.21182
2009000552561,67,1,25136.38697
2009000552561,60,1,15280.4784
2009000556351,30,1,16961.33102
2009000556351,32,1,23531.93674
2009000556351,4,0,-15279.71438
2009000556351,0,0,NA
2009000557848,36,1,14974.86883
2009000557848,14,0,NA
2009000559726,88,2,19864.62192
2009000562629,54,1,22920.7176
2009000562629,55,1,-6799.812888
2009000563014,68,1,13752.43056
2009000564076,53,2,0
2009000564076,42,2,0
2009000564076,21,2,0
2009000564076,20,2,534.816744
2009000564076,17,2,0
2009000564076,13,0,NA
2009000564076,10,0,NA
2009000564776,71,2,916.828704
2009000566473,80,2,11460.3588
2009000568371,31,1,764.02392
2009000568371,30,1,32853.02856
2009000570222,52,2,0
2009000570222,56,1,18336.57408
2009000571224,45,1,76478.79439
2009000571224,47,1,47445.88543
2009000571224,10,0,NA
2009000572486,42,2,0
2009000572486,40,1,93363.72302
2009000572486,1,0,NA
2009000572908,67,2,33617.05248
2009000575583,65,2,5806.581792
2009000578594,39,1,46223.44716
2009000580800,51,1,22233.09607
2009000580800,56,1,22156.69368
2009000582874,32,1,6112.19136
2009000582874,14,0,NA
2009000582874,13,0,NA
2009000582874,10,0,NA
2009000583381,30,1,11689.56598
2009000583381,26,1,11918.77315
2009000587910,55,1,67004.89778
2009000587910,54,1,10314.32292
2009000587910,23,1,18764.42748
2009000596918,39,1,22920.7176
2009000597436,93,2,33005.83334
2009000597436,82,2,5294.685766
2009000597622,46,1,31710.04878
2009000597622,50,1,35756.31946
2009000597622,45,1,34381.0764
2009000600624,78,2,31401.38311
2009000600624,78,2,12759.19946
2009000601062,65,2,14516.45448
2009000601062,57,1,32318.21182
2009000601062,24,1,1528.04784
2009000603294,78,1,15280.4784
2009000603294,53,1,11307.55402
2009000606331,32,1,27886.87308
2009000606331,34,1,60357.88968
2009000609499,35,1,57622.68405
2009000609499,33,1,26740.8372
2009000614386,33,1,80230.15184
2009000614386,31,1,28650.897
2009000614386,0,0,NA
2009000614591,44,1,25212.78936
2009000614591,44,1,30560.9568
2009000617368,30,1,30560.9568
2009000617368,29,1,29796.93288
2009000617368,1,0,NA
2009000619683,42,1,22408.82157
2009000619683,12,0,NA
2009000621920,42,2,6188.593752
2009000621920,9,0,-15279.71438
2009000630116,37,1,5348.16744
2009000630116,48,1,55009.72224
2009000630116,26,1,5348.16744
2009000630116,26,1,19100.598
2009000630116,28,1,5348.16744
2009000631425,58,1,17519.06849
2009000632815,80,2,9091.884648
2009000632815,53,1,6845.654323
2009000634231,30,1,19864.62192
2009000634231,38,1,24693.25309
2009000634450,71,2,8404.26312
2009000634450,72,2,7334.629632
2009000636810,49,1,9932.31096
2009000644315,46,1,19100.598
2009000645072,34,1,64942.0332
2009000645072,41,1,106963.3488
2009000645072,1,0,NA
2009000645628,29,1,2674.08372
2009000645628,0,0,NA
2009000645628,32,1,5730.1794
2009000651183,61,2,26588.03242
2009000651183,56,1,15509.68558
2009000651558,29,1,35909.12424
2009000654278,53,1,31783.39507
2009000654278,60,2,511.8960264
2009000655973,40,2,0
2009000655973,45,2,0
2009000657134,39,1,29032.90896
2009000657134,34,1,55773.74616
2009000658886,47,1,59066.68926
2009000658886,47,1,26206.02046
2009000658886,13,0,NA
2009000658886,10,0,NA
2009000661374,39,1,29032.90896
2009000661374,33,1,6876.21528
2009000661539,60,1,305.609568
2009000661539,68,2,11995.17554
2009000663385,39,1,121502.724
2009000663385,35,2,0
2009000663385,30,1,44313.38736
2009000664171,46,1,14669.25926
2009000664171,11,0,NA
2009000664171,9,0,-15279.71438
2009000664171,8,0,-15279.71438
2009000664171,37,1,993.231096
2009000667325,75,2,18412.97647
2009000667325,42,2,0
2009000667325,18,1,2292.07176
2009000667325,13,0,NA
2009000667325,43,1,20628.64584
2009000667325,75,2,0
2009000672748,37,1,26740.8372
2009000672748,43,1,34381.0764
2009000672748,14,0,NA
2009000672748,6,0,-15279.71438
2009000674580,58,1,32853.02856
2009000674580,58,1,11613.16358
2009000675804,68,2,18565.78126
2009000675804,70,2,22538.70564
2009000675804,39,1,42028.95584
2009000675804,10,0,NA
2009000675804,4,0,-15279.71438
2009000675804,38,1,57301.794
2009000685356,43,1,11307.55402
2009000689020,61,1,30560.9568
2009000690509,41,1,8304.94001
2009000690509,5,0,-15279.71438
2009000691010,77,2,22920.7176
2009000692313,56,1,23149.92478
2009000692313,45,1,13752.43056
2009000696815,35,1,7640.2392
2009000696815,32,1,4125.729168
2009000696815,30,1,5348.16744
2009000699653,71,2,56843.37965
2009000704702,57,1,29338.51853
2009000704702,38,1,31936.19986
2009000704702,32,1,9321.091824
2009000704767,57,1,18336.57408
2009000704767,52,1,13752.43056
2009000705599,25,1,15280.4784
2009000705599,22,2,458.414352
2009000705599,0,0,NA
2009000707309,65,2,8404.26312
2009000707309,61,2,22920.7176
2009000708754,34,1,49661.5548
2009000708754,35,1,36673.14816
2009000709604,21,1,3438.10764
2009000710521,37,1,45917.83759
2009000710521,40,1,77166.41592
2009000710521,2,0,-15279.71438
2009000714325,56,2,-4202.13156
2009000714325,51,1,27504.86112
2009000714325,30,1,16808.52624
2009000714325,29,1,15280.4784
2009000714325,8,0,-15279.71438
2009000714325,4,0,-15279.71438
2009000717616,35,1,77930.43984
2009000717616,4,0,-15279.71438
2009000717616,38,1,3514.510032
2009000724848,49,2,5653.777008
2009000724848,50,2,0
2009000728855,24,1,16808.52624
2009000733959,56,1,20628.64584
2009000738621,55,1,7640.2392
2009000738621,59,1,8404.26312
2009000739007,55,1,47369.48304
2009000739007,62,1,33617.05248
2009000739007,21,1,6876.21528
2009000749905,32,1,38201.196
2009000749905,31,2,0
2009000749905,0,0,NA
2009000751731,43,1,16044.50232
2009000754894,29,2,1833.657408
2009000754894,12,0,NA
2009000754894,8,0,-15279.71438
2009000754894,7,0,-15279.71438
2009000754894,6,0,-15279.71438
2009000754894,2,0,-15279.71438
2009000754894,63,1,15280.4784
2009000754894,35,1,30560.9568
2009000756813,24,1,34686.68597
2009000757387,34,1,91682.8704
2009000757387,45,1,95502.99
2009000757387,4,0,-15279.71438
2009000757387,2,0,-15279.71438
2009000758513,93,2,15204.07601
2009000760648,42,2,12071.57794
2009000760648,15,0,0
2009000760648,10,0,NA
2009000760648,40,1,3896.521992
2009000768680,55,1,45956.03879
2009000768680,15,0,1451.645448
2009000770065,32,1,27504.86112
2009000770065,28,1,30560.9568
2009000770065,16,1,611.219136
2009000770065,13,0,NA
2009000770065,12,0,NA
2009000770065,4,0,-15279.71438
2009000775858,32,1,16350.11189
2009000775858,35,1,22003.8889
2009000775858,14,0,NA
2009000777867,90,2,15509.68558
2009000777867,84,2,6035.788968
2009000779329,66,1,33005.83334
2009000779680,28,2,2979.693288
2009000779680,3,0,-15279.71438
2009000779680,58,1,27199.25155
2009000779680,25,1,26740.8372
2009000779818,34,1,16808.52624
2009000779818,59,2,8709.872688
2009000781851,27,1,36673.14816
2009000781851,30,1,22920.7176
2009000783249,54,1,25976.81328
2009000783249,20,1,5730.1794
2009000783331,39,1,30560.9568
2009000783331,35,1,37131.56251
2009000783331,14,0,NA
2009000786634,56,2,7640.2392
2009000787708,67,1,56537.77008
2009000787708,71,2,9168.28704
2009000793056,74,2,1680.852624
2009000795518,58,1,69602.57911
2009000795518,52,1,23684.74152
2009000795657,28,1,19864.62192
2009000795657,28,1,12224.38272
2009000795657,4,0,-15279.71438
2009000795657,2,0,-15279.71438
2009000795657,34,1,19100.598
2009000798309,29,1,9168.28704
2009000798309,26,1,4584.14352
2009000798309,23,2,0
2009000798309,21,2,0
2009000799131,47,1,61121.9136
2009000799131,49,1,129884.0664
2009000799131,11,0,NA
2009000799131,9,0,-15279.71438
2009000799484,56,1,30560.9568
2009000799484,36,1,7181.824848
2009000800924,64,1,45077.41128
2009000800924,59,1,24448.76544
2009000804694,42,1,61121.9136
2009000804694,28,1,31324.98072
2009000804694,26,1,16808.52624
2009000805500,30,1,19100.598
2009000805500,29,1,36673.14816
2009000805972,44,2,382.01196
2009000805972,43,1,139587.1702
2009000805972,7,0,-15279.71438
2009000805972,5,0,-15279.71438
2009000805972,11,0,NA
2009000808351,29,1,8633.470296
2009000808890,49,1,64942.0332
2009000808890,47,1,9168.28704
2009000808890,18,1,1910.0598
2009000808890,23,1,16808.52624
2009000808890,0,0,NA
2009000809724,31,1,11001.94445
2009000809751,78,2,10314.32292
2009000818094,66,2,6876.21528
2009000818094,9,0,-15279.71438
2009000823791,31,1,764.02392
2009000823791,33,1,17572.55016
2009000823791,2,0,-15279.71438
2009000824557,62,2,993.231096
2009000826437,84,2,24143.15587
2009000827719,78,2,8251.458336
2009000827719,43,1,51953.62656
2009000830799,59,2,0
2009000830839,34,1,84042.6312
2009000831341,26,1,2292.07176
2009000832746,81,2,13370.4186
2009000832746,83,1,9626.701392
2009000834776,38,1,19788.21953
2009000834776,29,1,16273.7095
2009000839283,58,2,0
2009000839283,58,1,236121.5925
2009000839283,25,1,19864.62192
2009000841584,53,1,49661.5548
2009000841584,50,1,72505.87001
2009000842262,36,1,28268.88504
2009000843317,39,1,114.603588
2009000843317,14,0,NA
2009000843317,11,0,NA
2009000843317,65,1,8862.677472
2009000843317,42,1,24448.76544
2009000846400,50,1,30560.9568
2009000848273,28,1,20705.04823
2009000848273,1,0,NA
2009000852208,66,1,13064.80903
2009000853915,27,2,0
2009000853915,24,1,10696.33488
2009000855712,49,1,197882.1953
2009000855712,59,1,26053.21567
2009000855712,28,1,33999.06444
2009000855712,23,1,7640.2392
2009000855712,22,1,20093.8291
2009000855712,19,2,0
2009000855712,93,2,18894.31154
2009000855712,89,2,7181.824848
2009000855712,88,2,18894.31154
2009000855712,93,2,20170.23149
2009000855712,89,2,9168.28704
2009000856406,89,2,41906.71201
2009000857135,77,1,17114.13581
2009000857135,72,1,15433.28318
2009000863200,62,2,9168.28704
2009000864658,50,1,18336.57408
2009000864658,12,0,NA
2009000864658,10,0,NA
2009000866273,27,2,0
2009000866273,2,0,-15279.71438
2009000871682,57,2,0
2009000871682,60,1,7640.2392
2009000871682,24,1,9168.28704
2009000871682,22,1,9168.28704
2009000877583,50,1,24448.76544
2009000879789,85,2,8175.055944
2009000880623,75,2,18412.97647
2009000880623,73,2,3667.314816
2009000882360,39,1,78847.26854
2009000882360,40,1,49661.5548
2009000887825,49,2,1146.03588
2009000887858,56,1,8327.860728
2009000889869,39,1,51953.62656
2009000889869,37,1,19100.598
2009000889869,7,0,-15279.71438
2009000889869,4,0,-15279.71438
2009000890700,24,1,22920.7176
2009000892826,49,1,32089.00464
2009000894475,87,2,10925.54206
2009000894475,56,2,0
2009000910937,93,2,13676.02817
2009000911669,84,2,39041.62231
2009000912724,52,2,0
2009000912724,50,1,73346.29632
2009000912724,16,2,0
2009000912724,15,0,2444.876544
2009000912724,8,0,-15279.71438
2009000915712,38,1,100087.1335
2009000915712,29,1,32929.43095
2009000915922,34,1,22462.30325
2009000915922,30,1,42785.33952
2009000918270,54,1,20552.24345
2009000918270,54,1,67998.12888
2009000925944,27,1,28268.88504
2009000928720,70,2,9703.103784
2009000931758,76,1,19306.88446
2009000931758,71,2,3667.314816
2009000931758,32,1,3056.09568
2009000932772,33,1,54398.5031
2009000932772,32,1,25212.78936
2009000933494,52,1,12988.40664
2009000933494,56,1,58829.84184
2009000933494,26,1,22920.7176
2009000935846,49,1,44313.38736
2009000937311,25,1,7976.409725
2009000942228,38,1,76402.392
2009000946329,59,1,27966.33157
2009000946329,60,1,38201.196
2009000946961,61,1,16502.91667
2009000946961,55,2,3056.09568
2009000946961,24,1,9932.31096
2009000946961,22,1,534.816744
2009000946961,18,1,305.609568
2009000946961,16,2,0
2009000946961,93,2,1069.633488
2009000950212,84,2,155249.6605
2009000951780,39,1,42479.72995
2009000951780,40,1,55850.14855
2009000951780,1,0,NA
2009000952230,37,1,19100.598
2009000952230,38,1,38201.196
2009000952230,5,0,-15279.71438
2009000952230,3,0,-15279.71438
2009000952513,29,1,8404.26312
2009000952513,33,1,993.231096
2009000956355,39,1,44313.38736
2009000956355,38,1,68838.55519
2009000957239,30,1,19406.20757
2009000961778,73,2,17419.74538
2009000965707,30,1,29796.93288
2009000965707,10,0,NA
2009000971993,62,1,39729.24384
2009000973228,59,1,11536.76119
2009000975358,28,1,29796.93288
2009000975358,26,1,13599.62578
2009000975358,1,0,NA
2009000975610,72,2,8939.079864
2009000977972,32,1,26740.8372
2009000977972,37,1,19100.598
2009000978317,27,2,18336.57408
2009000978317,25,1,1528.04784
2009000980643,51,1,114603.588
2009000980643,48,1,38201.196
2009000981587,33,1,18313.65336
2009000981587,32,1,12606.39468
2009000984154,93,2,0
2009000985995,50,1,29032.90896
2009000988020,93,2,9168.28704
2009000992283,84,2,5424.569832
2009000992283,76,2,5424.569832
2009000996276,83,2,9932.31096
2009001000735,38,1,45841.4352
2009001000735,39,1,1528.04784
2009001001718,59,2,1329.401621
2009001005922,85,2,32547.41899
2009001008117,32,1,11078.34684
2009001008117,0,0,NA
2009001008561,33,1,32853.02856
2009001008561,33,1,34381.0764
2009001012683,61,1,32853.02856
2009001012683,64,1,13752.43056
2009001015831,56,1,60052.28011
2009001015831,52,1,29743.45121
2009001016147,30,1,33617.05248
2009001016147,31,1,28727.29939
2009001020361,50,1,20323.03627
2009001020361,47,1,22156.69368
2009001020361,14,0,NA
2009001021219,45,1,42021.3156
2009001022094,49,1,57301.794
2009001022094,51,1,77930.43984
2009001022533,50,1,25976.81328
2009001022533,44,2,0
2009001022533,20,1,3056.09568
2009001022533,17,1,305.609568
2009001022533,15,0,305.609568
2009001022533,4,0,-15279.71438
2009001024281,50,1,53787.28397
2009001024281,52,1,9168.28704
2009001024281,13,0,NA
2009001026099,40,1,32089.00464
2009001026099,37,1,-2368.474152
2009001026099,8,0,-15279.71438
2009001027293,65,1,40798.87733
2009001029613,61,1,13752.43056
2009001029613,32,1,38201.196
2009001029849,54,1,36673.14816
2009001029849,32,2,0
2009001033333,66,1,28803.70178
2009001033333,59,1,21392.66976
2009001033333,18,2,2979.693288
2009001035659,93,2,33311.44291
2009001040298,38,1,41410.09646
2009001040298,13,0,NA
2009001041550,24,1,8404.26312
2009001044802,25,1,13752.43056
2009001044802,25,2,0
2009001052812,61,1,33769.85726
2009001052812,57,1,11154.74923
2009001052812,34,1,17419.74538
2009001054831,48,1,21621.87694
2009001055767,82,2,4584.14352
2009001058906,42,1,38201.196
2009001058906,56,1,4278.533952
2009001058906,17,2,0
2009001058906,27,1,16808.52624
2009001058906,11,0,NA
2009001058906,11,0,NA
2009001058906,5,0,-15279.71438
2009001059632,45,1,21392.66976
2009001059864,49,1,4049.326776
2009001067015,31,1,19100.598
2009001067015,33,2,0
2009001067015,10,0,NA
2009001067015,2,0,-15279.71438
2009001067271,25,1,13905.23534
2009001067271,4,0,-15279.71438
2009001067271,0,0,NA
2009001072604,39,1,72582.2724
2009001073709,38,1,19100.598
2009001073709,49,1,20628.64584
2009001074389,50,2,5500.972224
2009001074389,50,1,22920.7176
2009001075255,42,1,4782.789739
2009001076181,32,1,13370.4186
2009001076181,25,1,11842.37076
2009001078113,19,1,11460.3588
2009001078113,21,2,0
2009001080813,30,1,58065.81792
2009001083957,54,1,13752.43056
2009001083957,55,1,30178.94484
2009001084539,28,1,20628.64584
2009001084539,21,2,2750.486112
2009001084539,24,1,15280.4784
2009001085283,78,2,22920.7176
2009001085283,53,2,15891.69754
2009001088046,39,1,4584.14352
2009001088046,37,1,34381.0764
2009001088046,16,2,0
2009001088046,14,0,NA
2009001089152,27,1,61129.55384
2009001089152,21,1,4125.729168
2009001089337,28,1,45841.4352
2009001090897,62,1,12102.13889
2009001090897,66,1,22569.2666
2009001101158,27,1,38.201196
2009001101563,34,1,45841.4352
2009001101563,36,1,7640.2392
2009001101563,3,0,-15279.71438
2009001101608,32,1,58065.81792
2009001104826,43,1,89390.79864
2009001104826,40,2,0
2009001104826,10,0,NA
2009001104826,7,0,-15279.71438
2009001107279,25,1,5348.16744
2009001107279,30,1,2674.08372
2009001107279,1,0,NA
2009001119399,55,1,47369.48304
2009001129615,29,1,24448.76544
2009001129615,26,1,9168.28704
2009001129615,26,2,0
2009001134429,55,1,41318.41359
2009001134719,39,1,30560.9568
2009001138866,39,1,34381.0764
2009001138866,6,0,-15279.71438
2009001138866,5,0,-15279.71438
2009001138866,3,0,-15279.71438
2009001138866,37,1,16044.50232
2009001138866,28,1,3820.1196
2009001138977,36,1,41410.09646
2009001141011,27,1,30560.9568
2009001148569,47,1,38583.20796
2009001148569,48,1,27734.0683
2009001148569,6,0,-15279.71438
2009001150189,38,1,79152.87811
2009001150449,29,1,26740.8372
2009001150449,36,1,5500.972224
2009001150449,4,0,-15279.71438
2009001151361,27,1,18336.57408
2009001151361,25,1,12988.40664
2009001153081,68,1,18412.97647
2009001155414,32,1,72582.2724
2009001155414,25,1,26740.8372
2009001157307,28,1,28650.897
2009001158201,27,1,13752.43056
2009001158201,26,1,22920.7176
2009001158223,59,1,7563.836808
2009001158223,51,1,12224.38272
2009001158223,23,1,13752.43056
2009001158223,17,2,0
2009001158223,14,0,NA
2009001158565,37,1,2674.08372
2009001158565,42,1,4584.14352
2009001158565,15,0,0
2009001158565,12,0,NA
2009001162725,23,1,26358.82524
2009001162725,23,1,1528.04784
2009001164518,79,2,14669.25926
2009001164518,19,1,26740.8372
2009001164788,80,1,21774.68172
2009001164788,54,1,25976.81328
2009001169018,52,1,30560.9568
2009001169018,49,1,42403.32756
2009001169018,69,2,9855.908568
2009001173396,42,1,30102.54245
2009001173396,48,2,0
2009001173396,16,2,0
2009001173396,14,0,NA
2009001173396,12,0,NA
2009001173650,33,1,34839.49075
2009001173777,59,1,13752.43056
2009001173777,48,1,12988.40664
2009001173777,26,2,7640.2392
2009001173777,24,1,1528.04784
2009001173777,21,1,3056.09568
2009001174998,51,1,2062.864584
2009001177584,46,1,27161.05036
2009001177584,42,1,31936.19986
2009001184148,74,2,82514.58336
2009001184148,68,2,51953.62656
2009001184534,18,1,45688.63042
2009001185622,67,2,61121.9136
2009001185622,66,2,0
2009001191339,32,1,45841.4352
2009001191339,31,1,9932.31096
2009001191339,8,0,-15279.71438
2009001191339,4,0,-15279.71438
2009001193672,54,1,61121.9136
2009001193672,55,1,45841.4352
2009001197539,38,1,37055.16012
2009001204638,37,1,65706.05712
2009001204638,40,2,710.5422456
2009001204638,6,0,-15279.71438
2009001204638,2,0,-15279.71438
2009001206342,35,1,15280.4784
2009001206342,25,1,12606.39468
2009001207702,31,1,57301.794
2009001207702,38,1,55009.72224
2009001207702,1,0,NA
2009001212371,38,1,42021.3156
2009001212967,60,2,42785.33952
2009001213013,20,1,9168.28704
2009001213013,0,0,NA
2009001215530,59,2,7793.043984
2009001215681,54,1,11307.55402
2009001215681,58,1,23837.5463
2009001215681,17,1,229.207176
2009001218245,52,1,25976.81328
2009001223299,53,2,14287.2473
2009001224353,58,1,39652.84145
2009001228863,40,1,34381.0764
2009001230829,20,1,14516.45448
2009001230859,64,1,49050.33566
2009001230859,65,2,36902.35534
2009001232326,28,1,34457.47879
2009001232326,28,1,25518.39893
2009001232326,2,0,-15279.71438
2009001234628,86,2,21087.06019
2009001234628,84,2,2750.486112
2009001236785,38,1,30560.9568
2009001238122,41,1,55773.74616
2009001240610,44,1,19406.20757
2009001251933,53,2,1222.438272
2009001251933,72,2,1069.633488
2009001258786,33,1,39767.44504
2009001258786,48,1,18336.57408
2009001262013,28,1,32853.02856
2009001262013,29,1,55009.72224
2009001269287,33,1,22920.7176
2009001269287,33,1,191387.992
2009001269287,5,0,-15279.71438
2009001269287,0,0,NA
2009001274026,64,2,76325.98961
2009001274026,64,2,3361.705248
2009001275628,66,1,34228.27162
2009001276267,35,1,3820.1196
2009001276267,17,2,0
2009001276267,10,0,NA
2009001276267,9,0,-15279.71438
2009001278445,69,2,40722.47494
2009001278445,12,0,NA
2009001278525,36,1,57301.794
2009001278525,38,1,38262.31791
2009001280744,56,1,18336.57408
2009001280744,58,1,45917.83759
2009001280744,31,1,26740.8372
2009001280744,9,0,-15279.71438
2009001280744,7,0,-15279.71438
2009001281637,34,1,34686.68597
2009001281637,32,1,45994.23998
2009001282473,25,1,51968.90704
2009001282473,25,1,42021.3156
2009001282773,81,2,27886.87308
2009001287243,33,1,236083.3913
2009001287243,24,1,22920.7176
2009001290553,81,2,129043.6401
2009001290553,74,2,33158.63813
2009001295305,53,1,35527.11228
2009001297440,79,2,12071.57794
2009001297440,52,1,20934.25541
2009001297718,50,2,6188.593752
2009001299313,23,2,5890.624423
2009001300813,19,1,2524.335032
2009001303306,48,1,21927.4865
2009001303306,78,2,16808.52624
2009001303306,77,2,6876.21528
2009001305632,27,1,9091.884648
2009001309086,39,1,29796.93288
2009001309086,13,0,NA
2009001311253,42,1,236098.6718
2009001311253,45,1,71054.22456
2009001311253,13,0,NA
2009001314812,28,1,9779.506176
2009001314812,23,2,0
2009001314812,55,2,764.02392
2009001314812,54,1,16579.31906
2009001318567,68,1,29032.90896
2009001318567,66,2,7716.641592
2009001319399,31,1,12224.38272
2009001319399,6,0,-15279.71438
2009001320168,59,1,49661.5548
2009001320168,28,2,0
2009001320168,19,1,1375.243056
2009001320168,61,1,15127.67362
2009001323916,25,1,8404.26312
2009001324736,73,2,74110.32024
2009001324736,69,2,6112.19136
2009001324833,80,2,14516.45448
2009001327611,39,1,12835.60186
2009001327611,41,2,0
2009001327611,15,0,0
2009001327611,10,0,NA
2009001327611,8,0,-15279.71438
2009001327611,2,0,-15279.71438
2009001327850,40,1,32089.00464
2009001327850,35,1,6876.21528
2009001327938,53,1,5730.1794
2009001329330,28,1,61885.93752
2009001329330,29,1,33617.05248
2009001330018,35,1,49661.5548
2009001330018,33,1,53481.6744
2009001330018,1,0,NA
2009001330308,79,2,140503.9989
2009001332943,47,1,25212.78936
2009001332943,21,1,9932.31096
2009001334357,56,1,3667.314816
2009001334492,20,1,7640.2392
2009001334492,23,1,9168.28704
2009001343451,60,1,53481.6744
2009001345112,61,2,11987.5353
2009001345112,60,1,61121.9136
2009001345703,57,1,30560.9568
2009001345703,44,1,4507.741128
2009001345703,5,0,-15279.71438
2009001346753,37,1,30560.9568
2009001349665,37,1,49661.5548
2009001349665,35,1,26740.8372
2009001360532,26,1,12988.40664
2009001360532,24,1,10696.33488
2009001365866,32,1,45856.71568
2009001365866,4,0,-15279.71438
2009001365866,2,0,-15279.71438
2009001366080,81,2,11154.74923
2009001366594,38,1,43549.36344
2009001366594,40,2,382.01196
2009001366594,3,0,-15279.71438
2009001370125,66,2,10467.1277
2009001370125,61,2,0
2009001370291,55,1,22920.7176
2009001370291,49,2,0
2009001370479,52,1,15280.4784
2009001370479,58,1,28268.88504
2009001374885,69,2,137371.5008
2009001375260,68,1,24983.58218
2009001375260,65,2,0
2009001375260,25,1,9168.28704
2009001376094,52,1,19559.01235
2009001376094,43,1,11613.16358
2009001376903,33,1,21392.66976
2009001376903,9,0,-15279.71438
2009001379105,33,1,2371.530248
2009001379105,28,1,22156.69368
2009001379105,5,0,-15279.71438
2009001381275,47,2,580.6581792
2009001381935,38,1,68762.1528
2009001381935,41,1,38201.196
2009001381935,10,0,NA
2009001381935,9,0,-15279.71438
2009001383850,55,1,246015.7022
2009001383850,11,0,NA
2009001384137,63,2,16044.50232
2009001384137,56,1,31324.98072
2009001384606,27,1,23684.74152
2009001384606,34,1,7640.2392
2009001384875,39,1,35527.11228
2009001384875,51,2,0
2009001384875,26,1,134162.6004
2009001389405,23,1,22156.69368
2009001391234,19,1,6264.996144
2009001393012,31,1,22920.7176
2009001395251,86,2,12606.39468
2009001396728,58,1,34381.0764
2010000000958,28,1,13752.43056
2010000000958,26,1,38201.196
2010000017484,84,2,25365.59414
2010000019370,83,1,18030.96451
2010000020021,31,1,9168.28704
2010000020021,32,1,22920.7176
2010000023227,26,1,11315.19426
2010000023227,24,1,18107.3669
2010000024997,31,1,114603.588
2010000024997,28,2,0
2010000024997,2,0,-15279.71438
2010000024997,0,0,NA
2010000024997,0,0,NA
2010000024997,27,1,45917.83759
2010000027189,44,2,42785.33952
2010000027189,32,1,15280.4784
2010000027189,7,0,-15279.71438
2010000027189,3,0,-15279.71438
2010000028133,39,1,22920.7176
2010000028133,39,1,65858.8619
2010000028133,7,0,-15279.71438
2010000028133,5,0,-15279.71438
2010000028474,57,1,42021.3156
2010000028474,57,2,0
2010000030724,57,1,38201.196
2010000030724,60,1,7640.2392
2010000032857,55,1,64254.41167
2010000038255,50,1,32089.00464
2010000039038,20,1,1146.03588
2010000043344,33,1,32853.02856
2010000043344,41,1,7640.2392
2010000043386,28,1,22920.7176
2010000043386,29,1,15891.69754
2010000046117,38,1,1757.255016
2010000050208,40,1,30560.9568
2010000052153,77,2,4736.948304
2010000052153,73,2,4966.15548
2010000052901,30,1,6876.21528
2010000052901,11,0,NA
2010000053023,57,2,11383.95641
2010000053023,52,1,31248.57833
2010000053231,55,1,6876.21528
2010000053794,54,1,63261.18058
2010000053794,55,1,94738.96608
2010000053794,20,2,0
2010000058699,29,1,16273.7095
2010000058699,32,1,18642.18365
2010000062417,64,1,5821.86227
2010000062417,60,1,27275.65394
2010000062417,32,1,10008.71335
2010000062926,37,1,30560.9568
2010000062926,12,0,NA
2010000064539,20,1,46452.65434
2010000065826,62,2,1222.438272
2010000065826,60,1,18336.57408
2010000065832,60,1,15280.4784
2010000065832,60,1,49661.5548
2010000065832,28,1,9168.28704
2010000067512,50,1,19788.21953
2010000067512,54,1,15204.07601
2010000068917,31,1,9932.31096
2010000068917,34,1,37207.9649
2010000068917,7,0,-15279.71438
2010000068917,3,0,-15279.71438
2010000068917,13,0,NA
2010000071463,45,1,33999.06444
2010000071463,4,0,-15279.71438
2010000074452,90,2,10085.11574
2010000075053,46,2,916.828704
2010000075506,30,1,10314.32292
2010000083164,40,1,8404.26312
2010000083164,26,2,0
2010000083164,7,0,-15279.71438
2010000083164,7,0,-15279.71438
2010000083164,5,0,-15279.71438
2010000092981,30,1,84042.6312
2010000092981,36,1,16044.50232
2010000096082,36,1,27504.86112
2010000096082,17,1,672.3410496
2010000096082,14,0,NA
2010000096082,7,0,-15279.71438
2010000096082,2,0,-15279.71438
2010000096082,33,1,9168.28704
2010000101069,58,1,16502.91667
2010000101303,90,2,8480.665512
2010000103088,86,2,10696.33488
2010000107210,80,2,22385.90086
2010000108216,76,2,10543.5301
2010000108216,75,2,7334.629632
2010000113124,30,1,26282.42285
2010000114394,62,1,231499.2478
2010000114394,61,2,458.414352
2010000118147,61,1,25976.81328
2010000118147,64,2,11001.94445
2010000120178,61,1,86487.50774
2010000122670,49,1,42059.5168
2010000125172,27,2,5271.765048
2010000125172,7,0,-15279.71438
2010000125172,2,0,-15279.71438
2010000126661,24,1,19100.598
2010000126661,24,1,30560.9568
2010000137905,50,1,32241.80942
2010000137905,48,2,0
2010000137905,10,0,NA
2010000137905,8,0,-15279.71438
2010000139023,31,1,25212.78936
2010000139023,30,1,22156.69368
2010000139023,8,0,-15279.71438
2010000139023,0,0,NA
2010000139023,0,0,NA
2010000139264,40,1,51953.62656
2010000139264,41,1,21392.66976
2010000144207,74,2,23149.92478
2010000144207,85,2,6723.410496
2010000146112,38,1,10161.51814
2010000146112,40,1,25365.59414
2010000146112,12,0,NA
2010000146112,2,0,-15279.71438
2010000146468,64,2,1604.450232
2010000149084,48,2,6112.19136
2010000149084,19,2,0
2010000149866,58,1,9168.28704
2010000150169,42,1,36443.94098
2010000150169,39,1,17954.56212
2010000150169,7,0,-15279.71438
2010000150169,4,0,-15279.71438
2010000150274,58,1,61121.9136
2010000150274,60,2,1833.657408
2010000151799,40,1,19100.598
2010000151799,45,1,53481.6744
2010000151799,14,0,NA
2010000151799,10,0,NA
2010000154024,41,1,93210.91824
2010000154024,37,1,106963.3488
2010000154024,3,0,-15279.71438
2010000154024,2,0,-15279.71438
2010000158900,57,1,11383.95641
2010000158900,73,2,6417.800928
2010000160282,49,1,74874.34416
2010000160454,48,1,32623.82138
2010000160454,53,1,9932.31096
2010000160454,21,1,5348.16744
2010000160454,19,1,9168.28704
2010000167187,36,1,24448.76544
2010000167187,33,1,15280.4784
2010000167187,34,1,15280.4784
2010000167297,57,1,176489.5255
2010000167297,57,1,35450.70989
2010000167386,38,1,17572.55016
2010000167386,31,1,46605.45912
2010000167386,9,0,-15279.71438
2010000167386,2,0,-15279.71438
2010000167386,22,1,9321.091824
2010000168088,32,1,15738.89275
2010000168088,27,1,4049.326776
2010000168088,7,0,-15279.71438
2010000168088,5,0,-15279.71438
2010000168088,3,0,-15279.71438
2010000168088,2,0,-15279.71438
2010000168830,29,1,151353.1386
2010000168830,27,1,13217.61382
2010000169571,50,1,35145.10032
2010000170964,27,1,9932.31096
2010000172241,62,1,48523.15916
2010000182169,67,2,1910.0598
2010000189294,24,1,30560.9568
2010000189294,24,1,24448.76544
2010000190427,56,2,82514.58336
2010000197694,57,2,5730.1794
2010000203014,47,1,42022.07962
2010000203014,39,1,16120.90471
2010000203278,21,1,2597.681328
2010000203430,76,2,6264.996144
2010000206272,26,1,2444.876544
2010000206272,38,1,19100.598
2010000206272,0,0,NA
2010000208307,78,2,15356.88079
2010000210167,43,1,30560.9568
2010000212528,52,1,35145.10032
2010000212528,53,1,18336.57408
2010000212528,20,2,30.5609568
2010000214614,58,2,3.05609568
2010000215352,38,1,41257.29168
2010000215352,40,1,35909.12424
2010000215352,3,0,-15279.71438
2010000216259,51,1,28123.7205
2010000216259,53,1,16808.52624
2010000216259,10,0,NA
2010000217691,77,2,8175.055944
2010000217691,52,2,1833.657408
2010000223544,29,1,10696.33488
2010000223544,29,1,15280.4784
2010000223544,25,1,26740.8372
2010000223568,44,1,36673.14816
2010000223568,39,2,0
2010000225545,65,1,24066.75348
2010000225757,50,1,54245.69832
2010000225757,46,1,7640.2392
2010000225757,12,0,NA
2010000225757,9,0,-15279.71438
2010000229104,33,1,47369.48304
2010000233050,21,2,2062.864584
2010000233050,22,1,5348.16744
2010000233050,0,0,NA
2010000237981,36,1,22309.49846
2010000237981,12,0,NA
2010000242460,18,1,2292.07176
2010000244302,60,1,99323.1096
2010000244302,60,2,1528.04784
2010000246888,49,1,36673.14816
2010000247593,76,2,20934.25541
2010000250844,48,1,9550.299
2010000252948,26,1,33617.05248
2010000252948,32,1,27504.86112
2010000252948,30,1,687.621528
2010000254924,61,1,9168.28704
2010000254924,51,2,19864.62192
2010000256538,58,1,8404.26312
2010000257150,32,1,11460.3588
2010000258720,44,1,40493.26776
2010000258720,38,1,19100.598
2010000259228,64,1,28348.34353
2010000259228,51,1,29721.29451
2010000259228,21,1,581.4222031
2010000260863,30,1,22462.30325
2010000261986,35,1,17266.94059
2010000261986,44,1,20628.64584
2010000261986,11,0,NA
2010000261986,9,0,-15279.71438
2010000265362,78,2,18489.37886
2010000265362,77,2,29338.51853
2010000265557,51,2,2292.07176
2010000265557,24,2,0
2010000265557,52,2,0
2010000265678,52,1,45841.4352
2010000265678,54,1,104671.277
2010000267015,30,1,16044.50232
2010000267015,31,1,18336.57408
2010000267015,5,0,-15279.71438
2010000267707,26,1,20628.64584
2010000267707,25,1,11460.3588
2010000269372,30,1,21010.6578
2010000270517,52,1,9748.945219
2010000272029,45,1,27122.84916
2010000272029,60,1,35145.10032
2010000272498,42,1,7220.026044
2010000272498,47,1,16579.31906
2010000278878,64,1,58065.81792
2010000278878,62,1,15662.49036
2010000279507,27,1,66470.08104
2010000279507,26,1,916.828704
2010000279507,3,0,-15279.71438
2010000279507,1,0,NA
2010000280030,46,1,69526.17672
2010000280030,48,1,53481.6744
2010000280030,11,0,NA
2010000280460,27,1,12224.38272
2010000280460,28,1,19100.598
2010000280460,0,0,NA
2010000280671,48,2,0
2010000282635,62,2,6112.19136
2010000284407,44,1,27199.25155
2010000284407,31,1,19711.81714
2010000284407,19,2,0
2010000284407,17,2,0
2010000285828,46,1,114794.594
2010000285828,53,2,114.603588
2010000286235,38,1,49661.5548
2010000286235,47,1,36673.14816
2010000287987,46,2,0
2010000287987,22,2,0
2010000289059,33,1,38201.196
2010000289059,34,1,38201.196
2010000289059,2,0,-15279.71438
2010000298287,40,1,19100.598
2010000298287,4,0,-15279.71438
2010000301210,84,2,20705.04823
2010000303105,34,1,7716.641592
2010000303712,74,2,21239.86498
2010000304769,57,1,30560.9568
2010000307957,46,2,22920.7176
2010000307957,14,0,NA
2010000307957,8,0,-15279.71438
2010000307957,43,1,12835.60186
2010000308494,46,1,55926.55094
2010000308494,15,0,0
2010000308494,12,0,NA
2010000309712,94,2,10543.5301
2010000310772,59,1,22920.7176
2010000312771,36,2,0
2010000312771,47,1,22920.7176
2010000313208,49,1,3820.1196
2010000313208,55,1,18030.96451
2010000313208,17,2,0
2010000317858,45,1,53481.6744
2010000317858,53,2,0
2010000317858,76,2,20170.23149
2010000320965,30,1,16044.50232
2010000320965,28,1,11460.3588
2010000320965,24,1,4584.14352
2010000326680,35,1,17572.55016
2010000326680,31,1,16044.50232
2010000327368,44,1,38888.81753
2010000327368,20,1,5424.569832
2010000327368,18,1,764.02392
2010000327368,20,1,16044.50232
2010000327368,19,1,7640.2392
2010000328445,53,1,45.8414352
2010000331059,26,1,22920.7176
2010000331059,26,1,8175.055944
2010000332150,79,2,3155.41879
2010000333522,37,1,39729.24384
2010000333522,42,1,19864.62192
2010000333522,7,0,-15279.71438
2010000333522,5,0,-15279.71438
2010000333638,53,1,18336.57408
2010000333638,54,1,35145.10032
2010000336110,48,1,16426.51428
2010000336110,45,1,29796.93288
2010000336110,21,1,99.3231096
2010000336110,19,1,3285.302856
2010000336110,9,0,-15279.71438
2010000339017,46,1,19788.21953
2010000339017,31,1,23509.01602
2010000340182,29,1,2674.08372
2010000340215,64,1,59288.25619
2010000340215,52,1,41257.29168
2010000343447,43,1,68762.1528
2010000343447,46,1,38201.196
2010000343447,5,0,-15279.71438
2010000343447,56,1,366.7314816
2010000345503,32,1,6112.19136
2010000345503,33,1,7640.2392
2010000354958,50,1,18336.57408
2010000354958,41,1,29032.90896
2010000354958,13,0,NA
2010000354958,10,0,NA
2010000357540,66,1,11383.95641
2010000360243,38,1,60357.88968
2010000360243,43,1,171905.382
2010000360243,6,0,-15279.71438
2010000360243,5,0,-15279.71438
2010000360681,65,2,12835.60186
2010000360881,68,2,16884.92863
2010000363942,30,1,27504.86112
2010000363942,30,1,22156.69368
2010000366207,58,1,149748.6883
2010000366207,58,1,92446.89432
2010000366480,80,2,42403.32756
2010000366480,88,2,36138.33142
2010000368932,69,2,7487.434416
2010000372692,54,1,80489.91997
2010000372692,58,1,26809.59935
2010000375714,69,1,32089.00464
2010000375714,70,2,10619.93249
2010000375967,45,1,42785.33952
2010000375967,56,1,41257.29168
2010000377670,42,1,38965.21992
2010000377670,39,1,22920.7176
2010000377670,5,0,-15279.71438
2010000377670,2,0,-15279.71438
2010000386804,85,2,12682.79707
2010000387182,63,1,82514.58336
2010000387182,61,2,0
2010000387182,39,1,15280.4784
2010000387182,7,0,-15279.71438
2010000387182,3,0,-15279.71438
2010000387182,0,0,NA
2010000387182,24,2,2750.486112
2010000387508,41,1,61121.9136
2010000387508,28,1,15280.4784
2010000389930,43,1,34381.0764
2010000389930,47,1,4584.14352
2010000389930,20,1,1528.04784
2010000389930,17,2,0
2010000389930,16,2,0
2010000389930,12,0,NA
2010000393270,48,1,21239.86498
2010000393270,23,1,3972.924384
2010000393270,16,2,0
2010000395134,33,1,23837.5463
2010000395134,28,1,36138.33142
2010000395188,69,1,24448.76544
2010000395188,62,2,3056.09568
2010000395639,52,1,12147.98033
2010000398269,41,1,45841.4352
2010000398269,46,1,25212.78936
2010000401411,33,1,9168.28704
2010000401411,34,1,17572.55016
2010000401411,33,1,12988.40664
2010000401411,33,1,2292.07176
2010000403341,59,1,45077.41128
2010000407728,73,2,49661.5548
2010000413526,62,1,72582.2724
2010000413526,24,2,0
2010000413526,20,1,9168.28704
2010000413526,18,1,4584.14352
2010000413526,15,0,0
2010000413526,17,2,0
2010000413526,12,0,NA
2010000413718,54,1,4354.936344
2010000416827,61,1,27199.25155
2010000417774,61,1,12835.60186
2010000417774,50,2,0
2010000417774,18,1,840.426312
2010000417774,16,2,0
2010000417774,15,0,0
2010000417774,13,0,NA
2010000417774,10,0,NA
2010000421097,47,1,27504.86112
2010000421097,47,1,29032.90896
2010000421097,21,2,0
2010000422523,39,1,15280.4784
2010000422523,43,2,10314.32292
2010000422523,5,0,-15279.71438
2010000422523,2,0,-15279.71438
2010000423958,52,1,24448.76544
2010000423958,65,2,4584.14352
2010000424272,61,2,10085.11574
2010000424851,19,1,44695.39932
2010000427168,41,1,39729.24384
2010000427168,37,1,8404.26312
2010000427168,7,0,-15279.71438
2010000427168,4,0,-15279.71438
2010000427168,0,0,NA
2010000427353,23,2,0
2010000429084,59,2,13370.4186
2010000431262,59,1,382.01196
2010000431262,66,2,11460.3588
2010000431679,28,1,20628.64584
2010000431679,24,1,15280.4784
2010000431829,38,1,11460.3588
2010000432032,34,1,59593.86576
2010000432032,27,1,7640.2392
2010000433861,59,1,46498.49577
2010000433861,54,1,24525.16783
2010000433861,17,2,0
2010000438088,57,1,25212.78936
2010000442890,40,1,14669.25926
2010000442890,39,1,30178.94484
2010000444731,41,1,62688.16264
2010000444731,44,1,36825.95294
2010000445114,26,1,1528.04784
2010000445114,25,2,0
2010000445114,24,1,15280.4784
2010000447153,59,1,15311.03936
2010000449092,49,1,56537.77008
2010000449092,17,2,18794.98843
2010000449092,15,0,18794.98843
2010000450964,38,1,61121.9136
2010000450964,38,1,57301.794
2010000451966,36,1,8022.25116
2010000451966,32,1,6112.19136
2010000453050,40,1,54780.51506
2010000453050,0,0,NA
2010000453050,0,0,NA
2010000454099,31,1,26358.82524
2010000454558,71,1,21392.66976
2010000454558,69,1,23149.92478
2010000454558,47,1,42021.3156
2010000455341,60,1,34381.0764
2010000455341,14,0,NA
2010000455396,87,2,6188.593752
2010000456212,50,1,27504.86112
2010000457062,42,1,11001.94445
2010000457062,19,1,3820.1196
2010000457062,18,1,2674.08372
2010000457062,12,0,NA
2010000461594,24,1,14669.25926
2010000461594,27,1,43549.36344
2010000461843,76,2,28268.88504
2010000461843,77,2,12300.78511
2010000465185,94,2,7334.629632
2010000466310,52,1,15280.4784
2010000467909,83,1,58218.6227
2010000467909,68,2,9779.506176
2010000468798,19,1,43931.3754
2010000469932,33,1,3972.924384
2010000469932,35,1,38965.21992
2010000471890,30,1,6822.733606
2010000473148,53,1,27504.86112
2010000473148,28,1,24448.76544
2010000473985,60,2,0
2010000473985,55,2,0
2010000474098,58,1,6112.19136
2010000474098,54,1,16808.52624
2010000475314,42,1,55544.53898
2010000475314,37,1,22080.29129
2010000475314,18,1,3002.614006
2010000475314,15,0,236.8474152
2010000476685,24,1,13752.43056
2010000476685,28,1,13599.62578
2010000477274,29,1,26740.8372
2010000477704,34,1,22920.7176
2010000477704,34,2,0
2010000477704,13,0,NA
2010000477704,9,0,-15279.71438
2010000477704,3,0,-15279.71438
2010000477704,1,0,NA
2010000480003,63,2,5042.557872
2010000480634,19,1,8136.854748
2010000482100,71,2,78621.11746
2010000482377,88,2,9015.482256
2010000482647,55,1,50807.59068
2010000482647,10,0,NA
2010000483055,49,2,14516.45448
2010000483452,27,1,19711.81714
2010000485231,64,1,61121.9136
2010000485264,21,1,15280.4784
2010000488152,45,1,30560.9568
2010000490445,85,2,18733.86652
2010000492264,52,1,11460.3588
2010000492264,53,1,16808.52624
2010000492264,26,1,19100.598
2010000501519,45,1,34381.0764
2010000504519,62,1,15586.08797
2010000505028,49,1,24525.16783
2010000505028,24,1,22920.7176
2010000508754,47,1,9703.103784
2010000508754,46,1,3820.1196
2010000508754,20,2,0
2010000508754,18,2,0
2010000508754,14,0,NA
2010000513684,45,1,10849.13966
2010000513684,49,1,22156.69368
2010000513684,23,1,18336.57408
2010000513714,42,1,12224.38272
2010000513714,17,2,0
2010000516229,36,1,22233.09607
2010000517533,44,1,30560.9568
2010000517533,48,2,0
2010000517533,9,0,-15279.71438
2010000519640,94,2,8251.458336
2010000520541,32,1,22156.69368
2010000523158,39,1,59593.86576
2010000523158,32,1,38201.196
2010000523158,2,0,-15279.71438
2010000525876,54,1,12071.57794
2010000525876,60,2,8022.25116
2010000529146,60,1,13599.62578
2010000529457,38,1,32853.02856
2010000529457,39,1,19100.598
2010000529457,4,0,-15279.71438
2010000529457,1,0,NA
2010000530067,84,2,43090.94909
2010000531052,25,1,6112.19136
2010000531052,25,1,8557.067904
2010000531052,3,0,-15279.71438
2010000531052,0,0,NA
2010000531052,80,2,5500.972224
2010000531544,73,2,39041.62231
2010000531544,70,2,6112.19136
2010000534437,58,2,9397.494216
2010000534437,61,2,0
2010000534437,40,2,5959.386576
2010000542607,24,1,13370.4186
2010000542607,25,1,38201.196
2010000543704,29,1,17572.55016
2010000543704,30,1,19100.598
2010000544375,49,1,12224.38272
2010000544375,44,1,11460.3588
2010000544375,6,0,-15279.71438
2010000544375,4,0,-15279.71438
2010000545041,30,1,9550.299
2010000545041,29,2,0
2010000545999,49,1,20170.23149
2010000548968,34,2,116131.6358
2010000548968,37,1,151276.7362
2010000548968,6,0,-15279.71438
2010000548968,4,0,-15279.71438
2010000552590,35,2,0
2010000552590,38,1,151276.7362
2010000552590,0,0,NA
2010000554195,70,2,19253.40278
2010000561967,57,1,80986.53552
2010000561967,55,1,32089.00464
2010000561967,29,1,34075.46683
2010000562794,33,1,19941.02431
2010000562794,16,2,0
2010000562794,14,0,NA
2010000568088,60,1,20631.70194
2010000568088,51,1,6876.21528
2010000568088,9,0,-15279.71438
2010000569053,63,1,53252.46722
2010000569065,21,1,6112.19136
2010000569514,55,1,12224.38272
2010000569514,56,1,84042.6312
2010000569952,36,1,13752.43056
2010000569952,28,1,26358.82524
2010000573670,52,1,26740.8372
2010000573670,58,2,8404.26312
2010000578038,73,2,9855.908568
2010000578886,88,2,6876.21528
2010000581239,32,2,16808.52624
2010000581239,8,0,-15279.71438
2010000581239,7,0,-15279.71438
2010000581239,40,1,64942.0332
2010000581989,34,2,14669.25926
2010000584338,39,1,51189.60264
2010000584338,28,1,61885.93752
2010000587905,52,1,72582.2724
2010000587905,55,1,64407.21646
2010000587905,25,1,25212.78936
2010000589708,38,1,34381.0764
2010000589708,33,1,64942.0332
2010000589708,3,0,-15279.71438
2010000589708,34,1,30560.9568
2010000589708,34,1,45841.4352
2010000591615,88,2,14745.66166
2010000591858,54,1,22920.7176
2010000594263,77,2,31783.39507
2010000594354,41,1,78847.26854
2010000594354,37,1,4202.13156
2010000594354,3,0,-15279.71438
2010000595038,51,1,49035.05519
2010000595038,53,1,34847.13099
2010000596895,26,1,20628.64584
2010000596895,27,1,33311.44291
2010000600927,35,1,76402.392
2010000600927,31,1,22920.7176
2010000601226,85,2,9703.103784
2010000601226,83,2,4660.545912
2010000603621,21,1,4278.533952
2010000605112,67,2,18489.37886
2010000606653,58,1,71665.4437
2010000611822,39,1,61885.93752
2010000611822,37,2,0
2010000611822,4,0,-15279.71438
2010000611822,2,0,-15279.71438
2010000611822,1,0,NA
2010000615983,76,1,16120.90471
2010000615983,70,1,10008.71335
2010000618843,81,2,30255.34723
2010000618843,62,2,9244.689432
2010000618855,54,1,35145.10032
2010000618855,49,1,31324.98072
2010000620836,85,2,23073.52238
2010000620836,79,2,8022.25116
2010000620854,53,1,45130.89295
2010000621174,37,1,404.9326776
2010000621174,37,1,38201.196
2010000621174,12,0,NA
2010000621174,10,0,NA
2010000621174,61,2,15586.08797
2010000621351,89,2,1833.657408
2010000622454,61,1,229971.1999
2010000622454,61,2,6876.21528
2010000622454,27,1,25212.78936
2010000624637,63,2,23990.35109
2010000625826,69,2,13370.4186
2010000625826,44,1,22538.70564
2010000626174,36,1,22920.7176
2010000626272,68,1,6952.617672
2010000626272,62,1,4202.13156
2010000626272,24,1,12224.38272
2010000628926,94,2,4584.14352
2010000630083,58,1,18458.81791
2010000630083,60,1,68762.1528
2010000630083,12,0,NA
2010000630083,10,0,NA
2010000630336,52,1,10008.71335
2010000630336,40,1,17648.95255
2010000630336,6,0,-15279.71438
2010000630336,3,0,-15279.71438
2010000630336,17,1,687.621528
2010000630336,13,0,NA
2010000635865,62,1,45879.6364
2010000638034,61,1,11765.96837
2010000638034,68,1,10925.54206
2010000638263,39,1,68762.1528
2010000640070,36,1,37055.16012
2010000640070,37,1,31324.98072
2010000642327,40,1,23684.74152
2010000642327,37,1,33235.04052
2010000642327,1,0,NA
2010000645202,30,1,39729.24384
2010000648037,50,1,6876.21528
2010000648037,49,1,32856.08466
2010000650917,71,2,11865.29148
2010000650917,68,2,7793.043984
2010000652332,85,2,15127.67362
2010000652332,85,2,10314.32292
2010000653788,57,1,5500.972224
2010000653788,51,1,39729.24384
2010000655333,22,1,6494.20332
2010000655333,18,1,2674.08372
2010000655333,16,1,1910.0598
2010000655333,48,1,6112.19136
2010000655333,47,1,18336.57408
2010000657200,48,1,67234.10496
2010000657200,42,1,3820.1196
2010000657200,14,0,NA
2010000657414,35,1,42021.3156
2010000657414,32,1,3056.09568
2010000657414,10,0,NA
2010000657414,7,0,-15279.71438
2010000657414,4,0,-15279.71438
2010000659273,90,2,10237.92053
2010000660069,72,1,24219.55826
2010000660658,50,1,52030.02895
2010000661115,88,2,34954.09434
2010000661115,62,2,863.3470296
2010000663216,87,2,16655.72146
2010000667792,55,1,916.828704
2010000667792,55,1,61121.9136
2010000667792,13,0,NA
2010000667807,57,1,64254.41167
2010000667807,56,2,0
2010000668144,29,1,3820.1196
2010000668144,27,1,11001.94445
2010000668841,47,2,6188.593752
2010000671237,61,1,84042.6312
2010000671357,65,1,33387.8453
2010000671357,63,2,13752.43056
2010000671737,38,1,37437.17208
2010000671737,40,1,42021.3156
2010000671737,0,0,NA
2010000678637,44,1,13064.80903
2010000678637,46,1,57301.794
2010000678637,14,0,NA
2010000678637,12,0,NA
2010000678637,9,0,-15279.71438
2010000678742,47,1,91682.8704
2010000679066,37,2,0
2010000679066,34,1,32089.00464
2010000679227,50,2,8709.872688
2010000679795,54,1,29032.90896
2010000681462,43,1,27504.86112
2010000681462,54,1,49661.5548
2010000684820,36,1,30560.9568
2010000684820,24,1,764.02392
2010000684820,34,1,70336.04208
2010000687092,71,2,16655.72146
2010000687092,71,2,25778.16706
2010000688196,47,1,19100.598
2010000689155,32,1,5500.972224
2010000689155,31,1,31783.39507
2010000689155,4,0,-15279.71438
2010000689155,2,0,-15279.71438
2010000693832,73,1,16655.72146
2010000693832,73,2,40722.47494
2010000696539,70,2,30484.55441
2010000696539,74,2,41257.29168
2010000697684,35,1,104686.5575
2010000697684,34,1,58126.93983
2010000697684,3,0,-15279.71438
2010000697684,1,0,NA
2010000697982,63,1,45841.4352
2010000697982,85,2,9168.28704
2010000703556,49,1,143636.497
2010000703556,50,1,7105.422456
2010000703556,15,0,0
2010000705525,82,2,8480.665512
2010000706586,25,1,3056.09568
2010000706586,25,1,27504.86112
2010000706728,68,2,18183.7693
2010000706728,40,1,1680.852624
2010000706728,63,2,9932.31096
2010000707128,54,1,53710.88158
2010000707227,57,1,71207.02934
2010000707227,62,1,9550.299
2010000707227,25,1,15127.67362
2010000707227,85,2,19482.60996
2010000707536,53,1,4813.350696
2010000707536,41,2,0
2010000709441,49,1,23684.74152
2010000709441,45,2,23684.74152
2010000709441,5,0,-15279.71438
2010000709441,3,0,-15279.71438
2010000709913,59,2,15891.69754
2010000709913,57,1,7640.2392
2010000709913,25,1,11154.74923
2010000709952,30,1,42785.33952
2010000711194,82,2,8702.232449
2010000712630,57,1,20552.24345
2010000712630,58,1,31019.37115
2010000713506,46,1,71993.97398
2010000713896,51,1,38506.80557
2010000713896,46,1,27810.47069
2010000713896,21,1,6799.812888
2010000713896,16,2,0
2010000714028,69,2,45383.02085
2010000720632,45,1,30560.9568
2010000720632,34,2,0
2010000725064,40,1,7640.2392
2010000727087,41,1,24372.36305
2010000727087,44,2,0
2010000727087,13,0,NA
2010000729983,21,1,488.9753088
2010000729983,21,1,4736.948304
2010000729983,21,1,1298.840664
2010000729983,21,2,0
2010000729983,20,1,168.0852624
2010000730372,31,1,38201.196
2010000730372,30,1,22920.7176
2010000730549,31,1,36673.14816
2010000730549,40,1,45994.23998
2010000732517,20,1,5653.777008
2010000732966,94,2,3285.302856
2010000734369,49,1,41486.49886
2010000734369,17,1,152.804784
2010000734369,11,0,NA
2010000735295,28,1,32547.41899
2010000735295,30,1,50425.57872
2010000736637,26,1,23684.74152
2010000736637,22,1,19100.598
2010000739293,30,1,42479.72995
2010000739293,29,1,12300.78511
2010000739293,4,0,-15279.71438
2010000739293,1,0,NA
2010000739568,52,1,45841.4352
2010000739568,36,1,4584.14352
2010000746794,27,1,6570.605712
2010000746794,26,1,14516.45448
2010000746794,24,1,19100.598
2010000749018,60,2,38201.196
2010000749018,61,2,38201.196
2010000751691,85,2,45383.02085
2010000751691,27,2,0
2010000755138,38,1,27504.86112
2010000755138,41,1,55009.72224
2010000755138,6,0,-15279.71438
2010000761220,55,1,27504.86112
2010000761220,53,1,30560.9568
2010000761220,26,1,25212.78936
2010000761220,19,2,0
2010000762375,87,2,8709.872688
2010000762375,81,2,9397.494216
2010000763741,73,1,26893.64198
2010000763741,52,2,0
2010000763741,94,2,8862.677472
2010000763741,12,0,NA
2010000763741,53,1,24448.76544
2010000763741,51,2,0
2010000766815,21,2,4584.14352
2010000769715,65,2,18336.57408
2010000769715,57,1,18336.57408
2010000772303,56,2,5294.685766
2010000775734,57,1,51877.22417
2010000775770,27,1,11154.74923
2010000775770,27,1,34381.0764
2010000779718,24,1,72582.2724
2010000779718,25,1,22928.35784
2010000780211,46,1,49661.5548
2010000780211,38,1,26740.8372
2010000780211,15,0,0
2010000780211,13,0,NA
2010000781509,33,2,0
2010000781509,42,1,38201.196
2010000781509,7,0,-15279.71438
2010000781509,0,0,NA
2010000782815,19,1,23684.74152
2010000783115,55,1,10696.33488
2010000783115,54,2,13752.43056
2010000787624,59,2,0
2010000787624,86,2,9168.28704
2010000791363,33,1,7640.2392
2010000791363,36,1,22920.7176
2010000791363,30,1,7640.2392
2010000791363,27,1,13752.43056
2010000792520,56,1,21392.66976
2010000792520,56,1,25212.78936
2010000798002,56,1,16044.50232
2010000798725,57,2,0
2010000799496,90,2,0
2010000803381,51,1,229971.1999
2010000804646,66,1,34381.0764
2010000808446,27,1,11460.3588
2010000810468,35,1,7487.434416
2010000811328,88,2,12300.78511
2010000815071,71,2,23073.52238
2010000815071,69,2,5424.569832
2010000815080,38,1,10696.33488
2010000815080,16,2,0
2010000815080,4,0,-15279.71438
2010000815080,1,0,NA
2010000815080,6,0,-15279.71438
2010000815080,32,1,16808.52624
2010000821741,20,1,9550.299
2010000825862,39,1,16044.50232
2010000825862,50,1,17801.75734
2010000828882,48,2,9321.091824
2010000832393,84,2,13752.43056
2010000832393,81,2,5042.557872
2010000833187,30,1,35909.12424
2010000833187,27,1,25212.78936
2010000833187,25,1,15280.4784
2010000834599,47,2,19864.62192
2010000834599,39,1,36291.1362
2010000834599,4,0,-15279.71438
2010000834599,0,0,NA
2010000834968,59,2,18336.57408
2010000834968,59,1,27504.86112
2010000842347,76,2,9168.28704
2010000842651,24,1,12224.38272
2010000842651,24,1,2444.876544
2010000843388,25,1,11460.3588
2010000844387,67,1,21392.66976
2010000844641,64,2,13141.21142
2010000844641,57,2,0
2010000845110,83,2,8251.458336
2010000845110,39,1,19864.62192
2010000847859,38,2,0
2010000847859,40,1,20628.64584
2010000847859,21,2,0
2010000847859,16,2,0
2010000847859,13,0,NA
2010000847859,10,0,NA
2010000847859,6,0,-15279.71438
2010000847859,2,0,-15279.71438
2010000848155,53,2,33464.2477
2010000849506,37,2,4889.753088
2010000849506,44,2,4889.753088
2010000849506,7,0,-15279.71438
2010000850294,46,1,43702.16822
2010000850294,14,0,NA
2010000851876,50,1,35145.10032
2010000851876,51,1,40034.85341
2010000853754,33,1,34381.0764
2010000853754,33,1,24448.76544
2010000853754,4,0,-15279.71438
2010000853754,12,0,NA
2010000854611,25,1,17037.73342
2010000857295,26,1,4584.14352
2010000859725,33,1,54245.69832
2010000860791,23,1,229.207176
2010000862047,78,2,24677.97262
2010000862047,78,2,4660.545912
2010000862584,43,1,137906.3176
2010000862584,44,1,42021.3156
2010000862584,14,0,NA
2010000862584,10,0,NA
2010000869512,85,2,19864.62192
2010000872266,78,2,39347.23188
2010000876669,27,2,0
2010000876771,80,2,8939.079864
2010000876771,42,2,0
2010000883426,29,1,4660.545912
2010000883426,30,1,57301.794
2010000883426,3,0,-15279.71438
2010000883426,0,0,NA
2010000883873,94,1,11330.47473
2010000884975,22,1,4125.729168
2010000884975,24,1,14516.45448
2010000885298,59,1,44313.38736
2010000885298,57,2,0
2010000885789,23,1,30560.9568
2010000885789,23,1,31554.1879
2010000885789,23,1,11842.37076
2010000885789,21,1,4584.14352
2010000887796,60,1,61885.93752
2010000887796,60,1,18336.57408
2010000887796,26,1,22156.69368
2010000889051,53,2,2483.07774
2010000892191,54,1,15815.29514
2010000892191,53,2,0
2010000892191,22,1,4584.14352
2010000892191,31,1,14669.25926
2010000894158,82,2,48057.10457
2010000894158,83,2,17266.94059
2010000898043,48,1,38965.21992
2010000898043,27,2,3743.717208
2010000898043,8,0,-15279.71438
2010000903485,41,1,91682.8704
2010000904897,57,1,30484.55441
2010000904897,51,2,9244.689432
2010000906560,38,2,22920.7176
2010000906560,38,1,76402.392
2010000906560,4,0,-15279.71438
2010000906560,0,0,NA
2010000907475,58,1,49661.5548
2010000907475,56,2,19864.62192
2010000907843,77,2,9855.908568
2010000908170,51,1,38201.196
2010000908170,14,0,NA
2010000912798,39,2,0
2010000912798,11,0,NA
2010000914066,65,1,39729.24384
2010000914066,51,1,21087.06019
2010000914066,19,1,3514.510032
2010000914789,44,1,37055.16012
2010000914789,51,1,15204.07601
2010000917782,84,2,36749.55055
2010000918037,45,1,34915.89314
2010000918037,14,0,NA
2010000918037,12,0,NA
2010000918598,46,1,5271.765048
2010000918598,17,2,0
2010000918598,16,2,0
2010000918598,43,2,0
2010000919637,44,1,37437.17208
2010000919637,14,0,NA
2010000919637,31,1,916.828704
2010000921259,27,1,15280.4784
2010000921777,37,1,23455.53434
2010000921777,10,0,NA
2010000921777,47,1,4278.533952
2010000921777,15,0,0
2010000922974,28,1,30560.9568
2010000922974,37,1,6112.19136
2010000924811,42,1,61121.9136
2010000924811,42,1,9932.31096
2010000924811,9,0,-15279.71438
2010000924811,6,0,-15279.71438
2010000925588,66,2,20170.23149
2010000927044,49,1,84806.65512
2010000927044,15,0,0
2010000927044,13,0,NA
2010000933068,45,1,36673.14816
2010000933068,52,1,37437.17208
2010000933068,23,1,16808.52624
2010000933068,21,1,4675.82639
2010000933068,18,1,2674.08372
2010000933155,47,1,23073.52238
2010000933155,10,0,NA
2010000933155,67,1,23837.5463
2010000939722,81,2,19864.62192
2010000944522,66,2,31172.17594
2010000947878,30,1,26740.8372
2010000947878,30,1,38201.196
2010000947878,1,0,NA
2010000956220,62,2,18336.57408
2010000956220,32,1,10314.32292
2010000956220,10,0,NA
2010000956220,4,0,-15279.71438
2010000956220,2,0,-15279.71438
2010000956220,62,2,3820.1196
2010000958251,49,1,20628.64584
2010000958251,45,1,16502.91667
2010000958251,22,1,1451.645448
2010000958251,0,0,NA
2010000960863,53,1,9626.701392
2010000960863,54,1,18336.57408
2010000961435,35,1,51953.62656
2010000965169,49,1,27963.27547
2010000965169,14,0,NA
2010000966477,35,1,36673.14816
2010000966477,39,1,28268.88504
2010000966477,1,0,NA
2010000969024,22,1,2674.08372
2010000969024,36,1,30560.9568
2010000969309,61,2,28398.76911
2010000970953,39,1,9168.28704
2010000970953,32,1,37131.56251
2010000971809,51,1,51953.62656
2010000971809,55,1,26740.8372
2010000971848,61,1,47598.69022
2010000972226,32,1,11536.76119
2010000973439,65,2,32700.22378
2010000973439,20,1,7411.032024
2010000974103,64,2,24066.75348
2010000974103,23,1,20093.8291
2010000977028,41,2,0
2010000977028,35,1,36673.14816
2010000977028,2,0,-15279.71438
2010000977593,37,2,0
2010000981200,58,2,19100.598
2010000981470,37,1,22920.7176
2010000981470,44,2,8098.653552
2010000982035,38,2,0
2010000984386,27,1,11001.94445
2010000984386,10,0,NA
2010000984386,7,0,-15279.71438
2010000984386,1,0,NA
2010000984755,32,1,55773.74616
2010000984755,37,1,6264.996144
2010000984755,4,0,-15279.71438
2010000987721,38,1,9932.31096
2010000987721,5,0,-15279.71438
2010000989687,65,1,12300.78511
2010000990012,36,1,37666.37926
2010000990512,19,1,12224.38272
2010000991502,22,2,382.01196
2010000991502,2,0,-15279.71438
2010000992249,85,2,19719.45738
2010000993033,88,2,19559.01235
2010000994223,31,1,40493.26776
2010000994223,24,2,0
2010000996005,38,1,45841.4352
2010000996005,34,1,68762.1528
2010000998066,43,2,1222.438272
2010000998103,53,1,58065.81792
2010000998103,4,0,-15279.71438
2010000998103,33,1,25976.81328
2010000998413,69,2,9321.091824
2010000998413,62,2,11246.4321
2010000999997,60,1,8404.26312
2010000999997,59,1,55009.72224
2010001001725,73,2,4736.948304
2010001001725,78,2,4584.14352
2010001001725,53,1,38277.59839
2010001001725,42,1,90918.84648
2010001001725,40,2,0
2010001001725,22,2,0
2010001001725,14,0,NA
2010001001725,56,2,18718.58604
2010001002140,61,1,3820.1196
2010001002140,61,1,24448.76544
2010001003273,38,2,0
2010001003273,33,1,12224.38272
2010001003273,11,0,NA
2010001003273,9,0,-15279.71438
2010001005716,55,1,9244.689432
2010001006000,39,1,26740.8372
2010001007515,27,1,22928.35784
2010001007515,30,1,15968.09993
2010001007682,46,1,15280.4784
2010001007682,47,1,15280.4784
2010001007682,19,1,6112.19136
2010001007682,18,1,534.816744
2010001008572,88,2,15738.89275
2010001008572,60,2,0
2010001008572,52,1,7334.629632
2010001009618,63,1,49676.83528
2010001009618,41,2,0
2010001011075,71,2,24448.76544
2010001011114,72,2,11154.74923
2010001011114,64,2,40875.27972
2010001011805,38,1,12835.60186
2010001011805,23,1,10696.33488
2010001012405,49,1,93210.91824
2010001012405,52,1,21698.27933
2010001013566,64,1,25594.80132
2010001018017,34,1,18336.57408
2010001018017,5,0,-15279.71438
2010001018017,28,1,9932.31096
2010001019356,59,1,24448.76544
2010001019356,59,1,45077.41128
2010001022729,90,2,9855.908568
2010001026429,43,1,126827.9707
2010001026429,44,1,30564.0129
2010001026429,13,0,NA
2010001026429,14,0,NA
2010001026429,14,0,NA
2010001026429,13,0,NA
2010001028513,43,1,25747.6061
2010001028973,59,2,0
2010001028973,64,2,25518.39893
2010001034754,40,1,113075.5402
2010001039693,47,1,135232.2338
2010001044374,18,1,11460.3588
2010001046845,75,2,44313.38736
2010001046951,53,1,1757.255016
2010001046951,53,2,22920.7176
2010001047062,49,1,34381.0764
2010001047062,59,1,43358.35746
2010001047489,26,2,68.7621528
2010001048883,40,1,44389.78975
2010001048883,41,1,48973.93327
2010001048883,11,0,NA
2010001048883,6,0,-15279.71438
2010001052557,21,1,42938.1443
2010001057298,49,1,67234.10496
2010001057298,49,1,16808.52624
2010001057298,78,1,2475.437501
2010001057298,94,2,17343.34298
2010001057298,94,2,10085.11574
2010001057298,90,2,10925.54206
2010001058577,32,1,20628.64584
2010001058577,33,1,34663.76525
2010001058577,2,0,-15279.71438
2010001069177,27,1,19329.80518
2010001070501,29,1,11460.3588
2010001072080,70,2,24372.36305
2010001072796,94,2,23379.13195
2010001072796,49,1,764.02392
2010001072930,52,1,26740.8372
2010001072930,54,1,32853.02856
2010001075212,34,1,16044.50232
2010001075212,15,0,0
2010001075212,13,0,NA
2010001075212,6,0,-15279.71438
2010001075212,35,1,13752.43056
2010001078489,71,2,28039.67786
2010001078489,71,2,6647.008104
2010001081135,44,1,26740.8372
2010001081135,43,1,26740.8372
2010001081135,7,0,-15279.71438
2010001081192,36,1,33617.05248
2010001086777,45,2,0
2010001086777,44,2,0
2010001088380,42,1,128356.0186
2010001088380,38,2,0
2010001088500,45,1,35145.10032
2010001088674,55,1,19864.62192
2010001088674,54,1,22920.7176
2010001088674,48,2,3056.09568
2010001089505,36,2,0
2010001089505,83,2,11689.56598
2010001089505,72,2,4584.14352
2010001090558,55,2,42021.3156
2010001090558,58,1,58524.23227
2010001091882,40,1,11001.94445
2010001092093,40,1,47369.48304
2010001092093,9,0,-15279.71438
2010001092093,7,0,-15279.71438
2010001092893,42,1,38124.79361
2010001092893,29,1,32089.00464
2010001096068,44,1,16808.52624
2010001100450,59,2,6188.593752
2010001108697,50,1,22920.7176
2010001108743,30,1,27504.86112
2010001108743,31,1,26740.8372
2010001108743,4,0,-15279.71438
2010001108743,2,0,-15279.71438
2010001109258,70,2,9321.091824
2010001109258,71,2,14822.06405
2010001110221,28,1,74874.34416
2010001110221,2,0,-15279.71438
2010001110221,25,2,0
2010001113902,37,1,32089.00464
2010001113902,30,1,2292.07176
2010001113902,1,0,NA
2010001116357,66,2,18794.98843
2010001116357,71,2,17878.15973
2010001116962,50,1,19100.598
2010001116962,51,1,16044.50232
2010001119352,48,1,58829.84184
2010001121192,28,1,35145.10032
2010001121192,29,1,72582.2724
2010001128411,94,2,22538.70564
2010001129588,42,2,3881.241514
2010001129588,34,1,16808.52624
2010001130379,68,2,11460.3588
2010001130379,66,2,9473.896608
2010001130379,43,1,19100.598
2010001134443,58,2,24143.15587
2010001141654,50,1,36138.33142
2010001142741,35,1,22920.7176
2010001142741,42,1,19406.20757
2010001144063,48,1,8557.067904
2010001144063,42,2,0
2010001144063,19,1,1528.04784
2010001155161,85,2,0
2010001156555,72,2,7334.629632
2010001156555,69,2,34304.67401
2010001158275,44,1,73346.29632
2010001158275,42,1,45841.4352
2010001158275,12,0,NA
2010001158275,8,0,-15279.71438
2010001160470,77,2,11001.94445
2010001160470,69,2,10696.33488
2010001161202,75,1,24425.84472
2010001161202,75,2,6112.19136
2010001161924,63,2,8327.860728
2010001163233,24,2,0
2010001163233,27,1,18336.57408
2010001163233,2,0,-15279.71438
2010001163233,0,0,NA
2010001166232,34,1,64200.93
2010001166232,35,1,45841.4352
2010001168362,75,2,25518.39893
2010001172212,40,1,74110.32024
2010001172212,39,1,49661.5548
2010001172500,66,2,8251.458336
2010001174688,30,1,26740.8372
2010001174688,36,1,19864.62192
2010001179056,74,2,55086.12463
2010001179056,71,2,27657.6659
2010001180160,33,1,66470.08104
2010001180160,35,2,764.02392
2010001180160,6,0,-15279.71438
2010001180160,4,0,-15279.71438
2010001181303,42,1,22156.69368
2010001181303,43,1,55162.52702
2010001181303,17,1,1298.840664
2010001182400,31,2,11231.15162
2010001182400,24,2,0
2010001182400,59,2,0
2010001182540,43,1,30178.94484
2010001182540,42,1,38201.196
2010001182540,23,1,764.02392
2010001182540,15,0,0
2010001182540,8,0,-15279.71438
2010001183851,71,2,14791.50309
2010001184054,87,2,14134.44252
2010001184054,85,2,4507.741128
2010001184060,50,1,6112.19136
2010001184060,21,1,3820.1196
2010001184060,18,1,3056.09568
2010001185263,76,2,12377.1875
2010001185578,55,1,73346.29632
2010001185578,49,1,3820.1196
2010001186134,73,2,11001.94445
2010001186134,47,2,9473.896608
2010001189816,35,1,24754.37501
2010001190401,86,2,3285.302856
2010001192046,74,2,4049.326776
2010001194905,48,2,0
2010001196612,64,1,22920.7176
2010001198984,61,1,19100.598
2010001200988,61,1,11460.3588
2010001203461,19,1,11078.34684
2010001210747,58,1,80222.5116
2010001211139,60,1,649.420332
2010001211748,55,1,151276.7362
2010001211748,56,1,15280.4784
2010001211914,41,1,29827.49384
2010001211914,4,0,-15279.71438
2010001211914,2,0,-15279.71438
2010001211914,40,1,16808.52624
2010001217585,62,1,42097.71799
2010001217585,58,1,2292.07176
2010001221155,28,2,0
2010001221155,9,0,-15279.71438
2010001222775,37,1,25671.20371
2010001222980,89,2,9168.28704
2010001224712,81,2,10734.53608
2010001224712,79,2,4584.14352
2010001224751,50,1,10734.53608
2010001224751,50,2,6417.800928
2010001225182,43,1,5348.16744
2010001225182,16,2,0
2010001225182,15,0,0
2010001225182,11,0,NA
2010001225182,43,1,24448.76544
2010001229034,37,1,3667.314816
2010001229219,32,1,65171.24038
2010001229219,33,2,0
2010001229219,1,0,NA
2010001230657,76,2,14134.44252
2010001230657,59,2,0
2010001232735,41,1,17496.14777
2010001232735,16,2,0
2010001232735,66,1,42021.3156
2010001233950,38,1,15509.68558
2010001233950,38,1,48133.50696
2010001233950,6,0,-15279.71438
2010001238226,80,1,24448.76544
2010001238226,81,2,8251.458336
2010001238577,55,1,22691.51042
2010001238692,80,2,18336.57408
2010001238692,58,1,9168.28704
2010001240207,52,1,34381.0764
2010001240207,53,1,34381.0764
2010001241679,58,1,59593.86576
2010001241679,58,2,0
2010001241679,28,1,25212.78936
2010001241679,2,0,-15279.71438
2010001241679,0,0,NA
2010001241679,34,1,11231.15162
2010001242380,26,2,0
2010001242543,63,2,4584.14352
2010001242543,62,2,4584.14352
2010001243853,32,1,34381.0764
2010001243853,49,1,5118.960264
2010001243853,31,1,22920.7176
2010001246737,21,1,10008.71335
2010001246737,24,1,26740.8372
2010001246737,24,1,19100.598
2010001248382,29,1,39729.24384
2010001248382,29,1,14898.46644
2010001248382,28,1,23073.52238
2010001249087,50,1,54245.69832
2010001249087,48,1,18336.57408
2010001249087,19,1,2292.07176
2010001249087,16,2,0
2010001250031,27,1,12071.57794
2010001250031,29,1,30560.9568
2010001250031,25,1,19100.598
2010001251222,53,1,34312.31425
2010001251222,53,1,45772.67305
2010001251222,24,1,2521.278936
2010001251783,40,1,91682.8704
2010001251783,42,2,0
2010001251783,7,0,-15279.71438
2010001251783,5,0,-15279.71438
2010001251783,1,0,NA
2010001253829,31,1,22920.7176
2010001253829,45,1,9779.506176
2010001255338,69,2,8327.860728
2010001257302,50,2,5500.972224
2010001257302,57,1,8251.458336
2010001260427,51,1,30560.9568
2010001260427,50,1,24601.57022
2010001263081,30,1,15280.4784
2010001263081,25,1,7640.2392
2010001263470,33,1,30560.9568
2010001263470,35,1,27504.86112
2010001263760,45,1,2826.888504
2010001268435,39,1,22920.7176
2010001268435,39,1,22920.7176
2010001268464,56,2,0
2010001268464,58,1,42861.74191
2010001270461,20,1,687.621528
2010001270461,18,1,382.01196
2010001271275,29,1,25212.78936
2010001271275,28,1,22920.7176
2010001273614,39,1,46605.45912
2010001273614,37,1,46605.45912
2010001277518,69,1,14974.86883
2010001277518,67,2,7334.629632
2010001280359,28,1,19100.598
2010001280359,31,1,23837.5463
2010001283194,36,1,45841.4352
2010001283559,28,1,27504.86112
2010001283559,27,1,13752.43056
2010001283765,84,2,15356.88079
2010001285817,58,1,38239.3972
2010001286570,69,2,26817.23959
2010001292038,41,1,78029.76295
2010001292038,40,2,0
2010001292038,6,0,-15279.71438
2010001294567,46,1,48897.53088
2010001294567,50,2,0
2010001295268,70,1,11918.77315
2010001295268,22,1,6876.21528
2010001295823,58,1,95502.99
2010001295823,58,1,49661.5548
2010001295844,94,2,30331.74962
2010001300212,33,1,9550.299
2010001300212,32,1,534.816744
2010001300212,11,0,NA
2010001300212,6,0,-15279.71438
2010001301977,70,2,7487.434416
2010001301977,74,1,32218.88871
2010001301986,38,1,34228.27162
2010001301986,36,1,15815.29514
2010001301986,10,0,NA
2010001301986,7,0,-15279.71438
2010001301986,2,0,-15279.71438
2010001301986,13,0,NA
2010001304322,21,1,4966.15548
2010001304322,21,1,2444.876544
2010001304322,21,2,0
2010001304322,21,1,1528.04784
2010001306685,29,1,22920.7176
2010001306685,0,0,NA
2010001306685,24,1,3056.09568
2010001307675,70,2,21774.68172
2010001307675,48,1,21087.06019
2010001307675,45,1,18871.39082
2010001308279,75,2,5042.557872
2010001308279,78,2,18871.39082
2010001309699,64,2,25212.78936
2010001310638,78,2,14287.2473
2010001325878,87,2,7640.2392
2010001327145,21,2,0
2010001327145,30,1,26358.82524
2010001327884,50,2,13676.02817
2010001327884,45,1,11918.77315
2010001329160,35,1,32089.00464
2010001329160,33,1,67998.12888
2010001329274,65,2,28421.68982
2010001331254,27,1,45841.4352
2010001331254,25,1,45841.4352
2010001332968,42,1,84806.65512
2010001332968,67,2,16426.51428
2010001336445,70,1,91912.07758
2010001339075,45,1,7334.629632
2010001339075,55,1,916.828704
2010001339253,22,1,2674.08372
2010001339253,22,1,3208.900464
2010001342693,28,2,0
2010001343054,54,2,116131.6358
2010001343054,58,2,124306.6918
2010001343248,40,2,5577.374616
2010001343248,14,0,NA
2010001352823,33,1,43549.36344
2010001352823,39,1,36673.14816
2010001352823,5,0,-15279.71438
2010001352823,3,0,-15279.71438
2010001353463,24,1,30560.9568
2010001353463,25,1,305.609568
2010001353463,3,0,-15279.71438
2010001353463,0,0,NA
2010001353683,36,1,10237.92053
2010001353683,36,1,91682.8704
2010001353683,5,0,-15279.71438
2010001353683,1,0,NA
2010001354714,76,2,5539.17342
2010001354714,55,1,30560.9568
2010001354714,18,2,0
2010001356607,51,1,53328.86962
2010001356607,47,1,99758.60323
2010001356607,11,0,NA
2010001356607,9,0,-15279.71438
2010001359115,40,1,46834.6663
2010001359115,37,1,1031.432292
2010001361013,77,1,7105.422456
2010001361013,78,1,58600.63466
2010001361202,19,1,7640.2392
2010001362904,42,1,63413.98536
2010001362904,43,1,30255.34723
2010001363749,63,1,106963.3488
2010001363749,24,2,0
2010001364121,37,1,27810.47069
2010001365562,70,2,129196.4449
2010001365562,70,2,31477.7855
2010001365751,60,1,53481.6744
2010001365751,55,1,26740.8372
2010001368944,38,1,46605.45912
2010001368944,38,1,42021.3156
2010001368944,63,2,0
2010001368944,22,2,0
2010001369180,42,1,34381.0764
2010001369366,67,2,6188.593752
2010001369420,87,2,11460.3588
2010001374098,62,1,31897.99866
2010001374920,57,1,99323.1096
2010001374920,57,1,31324.98072
2010001374920,26,1,63413.98536
2010001374920,23,1,42021.3156
2010001374920,20,1,9932.31096
2010001374920,18,2,0
2010001374920,15,0,0
2010001382900,63,2,4584.14352
2010001384010,58,1,30560.9568
2010001386579,35,1,10543.5301
2010001386579,11,0,NA
2010001386579,9,0,-15279.71438
2010001388031,80,2,0
2010001389429,68,2,15280.4784
2010001389429,68,2,5653.777008
2010001390253,47,1,11460.3588
2010001390253,44,1,11460.3588
2010001390253,3,0,-15279.71438
2010001390253,1,0,NA
2010001390826,35,2,611.219136
2010001390826,13,0,NA
2010001390826,12,0,NA
2010001394600,68,2,25747.6061
2010001394600,64,1,22691.51042
2010001395284,77,2,26053.21567
2010001395284,68,2,6570.605712
2010001396884,37,1,13752.43056
2010001396884,25,1,5348.16744
2010001397235,20,1,4507.741128
2010001397718,36,1,16808.52624
2010001399040,22,1,8404.26312
2010001403671,28,1,6494.20332
2010001403671,23,1,2139.266976
2010001405208,94,2,62267.94948
2010001405208,94,2,8022.25116
2010001410524,40,1,3820.1196
2010001410551,64,2,2674.08372
