"SERIALNO","PUMA5","HWEIGHT","UNITTYPE","PERSONS","BLDGSZ","HINC"
"0001177","50100",42,0,2,"03",97300
"0001270","50100",15,0,0,"02",0
"0001347","50100",11,0,4,"02",30000
"0001957","50100",11,0,2,"02",38200
"0002189","50100",22,0,4,"02",96030
"0004100","50100",11,0,4,"02",46200
"0004366","50100",11,0,2,"02",43460
"0005749","50100",10,0,4,"02",86600
"0005847","50100",16,0,1,"02",60000
"0005913","50100",42,0,7,"07",28000
"0006095","50100",32,0,2,"07",23000
"0007189","50100",10,0,2,"02",41920
"0007405","50100",10,0,2,"02",43700
"0007646","50100",10,0,2,"02",49700
"0007866","50100",10,0,4,"01",66600
"0008026","50100",37,0,2,"02",74000
"0009685","50100",11,0,3,"02",33300
"0010141","50100",11,0,1,"04",55000
"0010335","50100",21,0,2,"03",29500
"0010867","50100",16,0,4,"02",73900
"0011938","50100",11,0,1,"06",11000
"0012084","50100",0,2,1,"  ",0
"0012819","50100",10,0,3,"02",36000
"0013502","50100",11,0,3,"02",56000
"0014277","50100",53,0,2,"04",7300
"0016118","50100",10,0,6,"02",57000
"0016657","50100",11,0,4,"02",161620
"0016683","50100",43,0,3,"02",32000
"0018092","50100",15,0,0,"04",0
"0018546","50100",10,0,1,"02",4300
"0020464","50100",11,0,1,"02",6160
"0021402","50100",31,0,2,"08",11620
"0023121","50100",11,0,2,"02",34000
"0024095","50100",0,1,1,"  ",0
"0024125","50100",6,0,5,"02",44600
"0024214","50100",10,0,3,"02",66604
"0024466","50100",37,0,2,"01",53400
"0024732","50100",22,0,0,"02",0
"0025181","50100",37,0,4,"02",33460
"0025306","50100",32,0,1,"02",28000
"0025929","50100",11,0,1,"02",16300
"0026191","50100",32,0,4,"02",47800
"0026233","50100",10,0,1,"06",8400
"0026440","50100",15,0,0,"03",0
"0026560","50100",32,0,4,"02",34350
"0026894","50100",37,0,4,"02",33400
"0027951","50100",11,0,3,"02",33600
"0028570","50100",11,0,2,"02",28400
"0028945","50100",45,0,0,"03",0
"0029844","50100",43,0,4,"02",78100
"0031323","50100",10,0,2,"02",107400
"0031429","50100",21,0,2,"02",15100
"0033086","50100",11,0,2,"02",23700
"0034611","50100",0,1,1,"  ",0
"0034671","50100",21,0,2,"10",29000
"0035136","50100",31,0,1,"02",41540
"0035666","50100",30,0,0,"06",0
"0036360","50100",48,0,2,"02",24000
"0036409","50100",15,0,0,"02",0
"0037109","50100",11,0,4,"01",14500
"0037761","50100",21,0,4,"05",34000
"0038470","50100",10,0,1,"02",20900
"0038494","50100",5,0,2,"02",75000
"0039709","50100",10,0,3,"03",15200
"0040072","50100",10,0,2,"02",32860
"0041102","50100",48,0,2,"02",35800
"0041456","50100",21,0,5,"02",59000
"0041632","50100",15,0,0,"02",0
"0041689","50100",24,0,1,"02",30000
"0042383","50100",15,0,2,"02",32000
"0042480","50100",10,0,1,"02",28000
"0043709","50100",53,0,3,"02",43840
"0043760","50100",5,0,8,"02",43400
"0043994","50100",11,0,1,"02",23000
"0044367","50100",16,0,3,"02",102550
"0048288","50100",11,0,2,"01",23200
"0049257","50100",37,0,1,"06",750
"0049681","50100",42,0,1,"03",82200
"0049794","50100",0,1,1,"  ",0
"0051155","50100",37,0,2,"02",20390
"0051566","50100",10,0,4,"02",43200
"0052069","50100",26,0,5,"02",24200
"0053030","50100",15,0,0,"02",0
"0053041","50100",15,0,0,"02",0
"0054205","50100",11,0,2,"02",22800
"0056755","50100",32,0,2,"02",30000
"0056882","50100",26,0,2,"02",63500
"0057563","50100",21,0,1,"02",5100
"0057623","50100",21,0,2,"02",35100
"0058019","50100",0,1,1,"  ",0
"0058203","50100",16,0,2,"02",34200
"0058237","50100",15,0,0,"02",0
"0058306","50100",10,0,1,"01",25500
"0058705","50100",37,0,1,"05",5200
"0060113","50100",30,0,0,"02",0
"0061929","50100",43,0,7,"02",27000
"0062437","50100",15,0,0,"02",0
"0062988","50100",16,0,3,"02",10600
"0062996","50100",42,0,2,"02",37600
"0063171","50100",16,0,1,"02",17600
"0063422","50100",10,0,7,"02",24800
"0063506","50100",11,0,4,"02",134000
"0063868","50100",14,0,0,"02",0
"0063941","50100",11,0,4,"04",31400
"0064483","50100",15,0,0,"01",0
"0064703","50100",15,0,0,"02",0
"0065352","50100",11,0,1,"02",32000
"0066251","50100",31,0,1,"05",30010
"0066498","50100",6,0,5,"02",88000
"0066733","50100",10,0,3,"02",59060
"0067840","50100",15,0,0,"08",0
"0067911","50100",16,0,3,"02",51460
"0068740","50100",10,0,3,"01",48900
"0070386","50100",16,0,3,"02",84370
"0071188","50100",11,0,2,"02",98450
"0071331","50100",11,0,3,"02",56300
"0072245","50100",74,0,6,"02",90300
"0073429","50100",26,0,1,"02",9100
"0073741","50100",15,0,0,"08",0
"0073902","50100",10,0,5,"02",25000
"0074159","50100",16,0,1,"06",12000
"0074907","50100",11,0,3,"02",12000
"0076268","50100",37,0,4,"04",31600
"0076398","50100",58,0,2,"06",64030
"0076890","50100",0,2,1,"  ",0
"0076941","50100",11,0,2,"02",28530
"0078493","50100",26,0,2,"02",26500
"0078828","50100",11,0,1,"01",0
"0079470","50100",10,0,1,"03",25900
"0080149","50100",11,0,2,"02",67970
"0081685","50100",32,0,1,"06",9200
"0082083","50100",37,0,0,"02",0
"0082265","50100",11,0,3,"02",43200
"0082508","50100",10,0,1,"02",23170
"0082773","50100",11,0,1,"05",25600
"0083446","50100",16,0,1,"06",20000
"0084606","50100",30,0,0,"02",0
"0085559","50100",0,2,1,"  ",0
"0085978","50100",15,0,2,"02",19760
"0086728","50100",16,0,2,"05",46500
"0087131","50100",14,0,0,"05",0
"0087133","50100",16,0,4,"01",37530
"0087413","50100",16,0,1,"02",43800
"0088804","50100",37,0,4,"02",350330
"0088863","50100",11,0,1,"01",-10000
"0088999","50100",7,0,0,"02",0
"0089897","50100",11,0,2,"04",39000
"0090084","50100",37,0,1,"04",30000
"0090304","50100",15,0,0,"02",0
"0090523","50100",16,0,2,"02",49330
"0090981","50100",0,2,1,"  ",0
"0091246","50100",0,2,1,"  ",0
"0091500","50100",10,0,2,"02",14070
"0092504","50100",15,0,0,"03",0
"0093026","50100",16,0,3,"04",37200
"0093908","50100",43,0,1,"01",11600
"0094154","50100",5,0,3,"02",102000
"0094416","50100",15,0,2,"02",37000
"0094572","50100",11,0,2,"02",66000
"0096682","50100",53,0,3,"02",50340
"0096929","50100",48,0,2,"02",80000
"0097219","50100",27,0,4,"02",64080
"0098015","50100",10,0,1,"01",26800
"0098052","50100",26,0,2,"02",34900
"0098222","50100",29,0,0,"02",0
"0098639","50100",15,0,0,"06",0
"0099073","50100",16,0,2,"02",52300
"0100718","50100",30,0,0,"06",0
"0102061","50100",37,0,1,"06",8000
"0102413","50100",10,0,1,"01",44800
"0102454","50100",37,0,4,"03",146200
"0102788","50100",21,0,3,"02",29000
"0103985","50100",21,0,1,"05",28130
"0104650","50100",30,0,0,"02",0
"0105472","50100",10,0,4,"02",60004
"0106096","50100",22,0,0,"02",0
"0106405","50100",37,0,5,"02",67000
"0108905","50100",37,0,4,"02",80000
"0108933","50100",16,0,4,"02",76500
"0109007","50100",10,0,2,"02",50300
"0110327","50100",21,0,2,"06",40600
"0110685","50100",22,0,0,"05",0
"0110968","50100",5,0,1,"07",54000
"0111732","50100",14,0,0,"02",0
"0112169","50100",5,0,3,"03",21000
"0112248","50100",11,0,2,"02",51000
"0113112","50100",48,0,1,"06",23800
"0113311","50100",11,0,2,"02",82620
"0115867","50100",11,0,2,"02",55100
"0117123","50100",11,0,2,"02",44020
"0117794","50100",22,0,0,"02",0
"0119128","50100",43,0,3,"01",27800
"0119366","50100",37,0,1,"06",42700
"0119987","50100",11,0,2,"02",35200
"0120655","50100",14,0,0,"09",0
"0122002","50100",11,0,2,"02",43770
"0122185","50100",32,0,2,"02",22970
"0122301","50100",31,0,1,"02",48000
"0122703","50100",15,0,0,"02",0
"0122770","50100",32,0,2,"02",60000
"0123703","50100",0,2,1,"  ",0
"0125529","50100",32,0,4,"03",52000
"0126350","50100",11,0,4,"04",185000
"0126692","50100",11,0,2,"02",57000
"0127065","50100",10,0,2,"01",125040
"0127557","50100",11,0,1,"02",42000
"0129883","50100",32,0,2,"01",23920
"0129914","50100",48,0,1,"02",28600
"0131456","50100",11,0,3,"02",84100
"0133740","50100",26,0,1,"09",8500
"0134268","50100",11,0,2,"02",82000
"0134417","50100",14,0,0,"02",0
"0134488","50100",11,0,3,"02",29450
"0135774","50100",11,0,4,"06",38000
"0136858","50100",0,2,1,"  ",0
"0137137","50100",15,0,0,"03",0
"0137634","50100",0,1,1,"  ",0
"0137786","50100",16,0,4,"04",48600
"0138686","50100",11,0,3,"02",18000
"0139492","50100",26,0,1,"01",9880
"0139928","50100",15,0,0,"02",0
"0140820","50100",16,0,1,"05",1000
"0140895","50100",11,0,2,"01",30600
"0142023","50100",16,0,4,"02",13700
"0142782","50100",30,0,0,"06",0
"0145882","50100",10,0,7,"02",55310
"0146455","50100",42,0,2,"02",67700
"0146933","50100",16,0,1,"06",311000
"0147199","50100",10,0,4,"06",20800
"0148219","50100",15,0,0,"02",0
"0149561","50100",10,0,1,"04",10600
"0149763","50100",0,2,1,"  ",0
"0149955","50100",15,0,3,"02",19750
"0150641","50100",16,0,4,"02",74060
"0150840","50100",5,0,2,"02",117600
"0151657","50100",11,0,1,"02",24000
"0152983","50100",16,0,2,"03",55000
"0153846","50100",37,0,0,"02",0
"0153947","50100",10,0,2,"03",31600
"0153955","50100",15,0,0,"03",0
"0154058","50100",42,0,1,"06",35000
"0154439","50100",10,0,1,"02",25000
"0154459","50100",10,0,4,"02",20500
"0154605","50100",48,0,2,"02",2200
"0154809","50100",11,0,2,"05",27800
"0156878","50100",10,0,2,"02",87520
"0160908","50100",10,0,4,"02",85800
"0161159","50100",37,0,4,"02",91310
"0161906","50100",26,0,2,"02",39500
"0162332","50100",11,0,4,"02",133200
"0162487","50100",38,0,2,"02",30200
"0164611","50100",14,0,0,"02",0
"0164733","50100",11,0,2,"02",59200
"0164871","50100",15,0,0,"05",0
"0165355","50100",16,0,2,"02",120000
"0165425","50100",16,0,4,"02",44300
"0165591","50100",27,0,2,"02",54500
"0166312","50100",11,0,1,"02",30100
"0166798","50100",15,0,0,"05",0
"0167941","50100",21,0,2,"02",23000
"0167957","50100",32,0,2,"06",13400
"0169356","50100",0,2,1,"  ",0
"0169394","50100",14,0,0,"02",0
"0170093","50100",0,2,1,"  ",0
"0170105","50100",15,0,0,"02",0
"0170229","50100",21,0,3,"02",59700
"0170631","50100",26,0,2,"02",50500
"0170913","50100",15,0,0,"01",0
"0171619","50100",11,0,1,"02",12500
"0171695","50100",11,0,2,"02",58400
"0172209","50100",22,0,2,"02",54300
"0172297","50100",0,1,1,"  ",0
"0172903","50100",14,0,0,"02",0
"0173751","50100",15,0,0,"06",0
"0176169","50100",11,0,2,"02",10000
"0176259","50100",11,0,5,"02",57590
"0177340","50100",22,0,5,"02",47870
"0177924","50100",11,0,2,"02",35000
"0178253","50100",23,0,0,"02",0
"0179446","50100",6,0,4,"02",14000
"0179516","50100",11,0,5,"02",142004
"0181257","50100",11,0,5,"01",49400
"0181325","50100",11,0,2,"01",10000
"0182235","50100",21,0,2,"02",44700
"0182886","50100",10,0,1,"02",22600
"0183989","50100",10,0,2,"02",55900
"0184649","50100",10,0,1,"04",27100
"0186445","50100",53,0,5,"06",0
"0186554","50100",10,0,4,"02",30000
"0187572","50100",26,0,3,"02",100100
"0187723","50100",48,0,4,"06",31400
"0187832","50100",11,0,1,"01",0
"0188488","50100",47,0,4,"02",2000
"0190219","50100",0,2,1,"  ",0
"0190305","50100",37,0,1,"02",28000
"0190580","50100",11,0,2,"02",138100
"0192227","50100",0,1,1,"  ",0
"0192367","50100",16,0,1,"05",10200
"0193243","50100",11,0,2,"02",59250
"0194007","50100",27,0,1,"02",16500
"0195545","50100",11,0,4,"02",81000
"0197007","50100",37,0,5,"02",69500
"0197484","50100",6,0,4,"01",290000
"0200322","50100",10,0,1,"02",4000
"0200711","50100",15,0,1,"02",10800
"0201141","50100",16,0,2,"01",32200
"0201159","50100",0,2,1,"  ",0
"0201202","50100",11,0,1,"04",35800
"0201215","50100",10,0,2,"02",45050
"0201610","50100",16,0,2,"02",43320
"0201756","50100",11,0,2,"02",30520
"0203077","50100",48,0,4,"02",75000
"0203672","50100",21,0,3,"02",37200
"0203927","50100",26,0,2,"02",26900
"0205306","50100",37,0,1,"05",50400
"0205559","50100",26,0,1,"06",6000
"0206021","50100",27,0,1,"04",32000
"0207464","50100",11,0,2,"02",44000
"0209337","50100",26,0,3,"02",63000
"0209619","50100",0,2,1,"  ",0
"0209745","50100",16,0,3,"02",76200
"0210009","50100",11,0,4,"02",55230
"0210540","50100",14,0,0,"02",0
"0210702","50100",10,0,2,"03",48200
"0211074","50100",21,0,2,"02",70400
"0211238","50100",32,0,2,"01",32300
"0211247","50100",11,0,2,"02",76000
"0211612","50100",11,0,2,"02",39100
"0211874","50100",16,0,1,"01",16800
"0212538","50100",22,0,0,"02",0
"0212734","50100",32,0,2,"04",28600
"0213212","50100",155,0,0,"02",0
"0214187","50100",14,0,0,"02",0
"0214440","50100",10,0,5,"02",58770
"0215302","50100",10,0,3,"02",51700
"0215853","50100",37,0,2,"02",9260
"0215893","50100",22,0,0,"06",0
"0215948","50100",16,0,4,"02",13400
"0217577","50100",10,0,2,"02",19340
"0217918","50100",42,0,2,"02",94750
"0218405","50100",11,0,1,"05",7700
"0218519","50100",37,0,6,"02",60580
"0218678","50100",16,0,1,"04",51400
"0220152","50100",7,0,0,"03",0
"0221032","50100",48,0,4,"02",116560
"0222967","50100",10,0,2,"02",12100
"0223152","50100",23,0,0,"02",0
"0224208","50100",10,0,3,"02",59590
"0225901","50100",11,0,2,"02",113000
"0226885","50100",10,0,2,"02",10200
"0227665","50100",0,2,1,"  ",0
"0228467","50100",11,0,2,"02",85000
"0229356","50100",15,0,0,"02",0
"0229383","50100",16,0,3,"02",43600
"0231468","50100",11,0,1,"02",24200
"0232274","50100",10,0,4,"02",78000
"0235778","50100",16,0,2,"02",145100
"0236911","50100",6,0,4,"02",72600
"0237123","50100",16,0,2,"02",28640
"0237280","50100",37,0,1,"06",3200
"0237353","50100",10,0,2,"02",33700
"0238226","50100",26,0,4,"02",68000
"0238876","50100",15,0,0,"02",0
"0240070","50100",0,2,1,"  ",0
"0240900","50100",42,0,1,"05",66870
"0241015","50100",5,0,5,"02",31800
"0242475","50100",26,0,3,"02",324500
"0242952","50100",11,0,1,"02",14000
"0243131","50100",5,0,3,"02",115000
"0243283","50100",10,0,1,"02",78000
"0243463","50100",15,0,0,"03",0
"0243681","50100",16,0,2,"02",61000
"0243803","50100",10,0,2,"02",14700
"0245003","50100",32,0,1,"01",0
"0246338","50100",15,0,2,"01",12570
"0247838","50100",21,0,1,"01",28700
"0248051","50100",15,0,0,"04",0
"0248251","50100",11,0,1,"02",33200
"0250096","50100",0,1,1,"  ",0
"0250230","50100",27,0,4,"02",128100
"0251460","50100",0,1,1,"  ",0
"0251603","50100",10,0,1,"06",17400
"0251858","50100",6,0,4,"02",48100
"0252257","50100",14,0,0,"01",0
"0252784","50100",31,0,1,"06",17400
"0254052","50100",11,0,4,"02",134000
"0254169","50100",48,0,2,"03",72000
"0254654","50100",32,0,4,"02",80800
"0255545","50100",42,0,1,"05",30050
"0256015","50100",10,0,1,"08",6300
"0256122","50100",29,0,0,"06",0
"0257117","50100",32,0,1,"04",17600
"0257512","50100",10,0,1,"04",8200
"0258149","50100",16,0,1,"02",7220
"0259597","50100",15,0,0,"02",0
"0259628","50100",15,0,0,"02",0
"0259844","50100",16,0,2,"02",40010
"0261448","50100",31,0,1,"06",10350
"0261766","50100",11,0,2,"02",14100
"0261835","50100",37,0,0,"02",0
"0262917","50100",15,0,0,"06",0
"0263184","50100",43,0,1,"02",7514
"0263242","50100",5,0,3,"02",26450
"0264830","50100",11,0,2,"02",50000
"0265005","50100",21,0,1,"02",9100
"0266227","50100",22,0,0,"02",0
"0267195","50100",58,0,3,"06",28550
"0267776","50100",10,0,4,"04",28900
"0267972","50100",15,0,0,"02",0
"0268263","50100",27,0,2,"02",58090
"0268294","50100",48,0,4,"04",26100
"0268982","50100",10,0,3,"06",38000
"0269044","50100",11,0,1,"02",50000
"0269165","50100",10,0,3,"02",47510
"0269542","50100",10,0,4,"02",25000
"0270697","50100",23,0,0,"04",0
"0271814","50100",10,0,2,"02",231700
"0272042","50100",0,1,1,"  ",0
"0272133","50100",42,0,4,"04",49000
"0272656","50100",37,0,1,"06",125000
"0272841","50100",31,0,2,"02",354000
"0273672","50100",10,0,3,"02",85180
"0274583","50100",37,0,3,"01",73000
"0275094","50100",15,0,0,"02",0
"0275287","50100",43,0,5,"01",29500
"0276157","50100",32,0,2,"01",49000
"0276893","50100",11,0,4,"02",46530
"0277152","50100",26,0,1,"03",29140
"0278225","50100",10,0,1,"02",48000
"0278496","50100",0,1,1,"  ",0
"0278515","50100",10,0,3,"02",55600
"0279492","50100",0,2,1,"  ",0
"0281199","50100",10,0,1,"05",18700
"0282808","50100",53,0,1,"06",13700
"0283214","50100",0,2,1,"  ",0
"0284321","50100",22,0,0,"02",0
"0284495","50100",16,0,1,"08",15500
"0285098","50100",31,0,2,"02",21500
"0286262","50100",15,0,0,"02",0
"0286300","50100",10,0,1,"03",40390
"0287012","50100",0,1,1,"  ",0
"0289906","50100",43,0,1,"05",35000
"0289908","50100",15,0,0,"08",0
"0290694","50100",26,0,2,"02",152300
"0290770","50100",11,0,2,"05",25200
"0292080","50100",11,0,3,"02",50250
"0292190","50100",16,0,5,"02",47300
"0292267","50100",21,0,2,"01",33000
"0292434","50100",16,0,2,"04",51000
"0292998","50100",53,0,2,"05",172230
"0293551","50100",10,0,5,"04",99270
"0293660","50100",16,0,1,"02",11200
"0293832","50100",11,0,2,"04",16400
"0294169","50100",42,0,2,"02",35020
"0295045","50100",14,0,0,"02",0
"0295496","50100",16,0,1,"07",0
"0295819","50100",14,0,0,"02",0
"0297004","50100",11,0,4,"02",115000
"0297330","50100",16,0,1,"06",6700
"0299343","50100",10,0,2,"02",22200
"0301068","50100",14,0,0,"02",0
"0301368","50100",16,0,3,"01",26050
"0301380","50100",10,0,1,"05",18000
"0301389","50100",10,0,1,"02",45000
"0301666","50100",37,0,0,"03",0
"0302419","50100",42,0,2,"02",41400
"0302877","50100",11,0,2,"02",19800
"0302901","50100",29,0,0,"02",0
"0304515","50100",16,0,2,"04",29300
"0304654","50100",15,0,0,"02",0
"0305821","50100",27,0,1,"05",40000
"0306104","50100",15,0,0,"02",0
"0308014","50100",32,0,1,"02",16200
"0308695","50100",15,0,0,"01",0
"0309282","50100",10,0,4,"02",50000
"0310311","50100",11,0,2,"06",20000
"0310418","50100",11,0,5,"02",62000
"0311503","50100",15,0,0,"02",0
"0311747","50100",37,0,4,"02",18000
"0312438","50100",27,0,2,"02",25600
"0312841","50100",10,0,5,"02",68000
"0313727","50100",15,0,0,"06",0
"0313976","50100",26,0,2,"01",24750
"0314776","50100",11,0,2,"02",78500
"0315025","50100",42,0,1,"02",38500
"0315066","50100",10,0,1,"02",24000
"0315293","50100",10,0,2,"02",4000
"0315307","50100",10,0,2,"02",87000
"0316624","50100",22,0,0,"10",0
"0319273","50100",14,0,0,"02",0
"0321942","50100",26,0,2,"02",1e+05
"0322788","50100",11,0,3,"02",20800
"0323483","50100",10,0,1,"01",11700
"0323660","50100",16,0,2,"02",50000
"0325005","50100",10,0,3,"04",15300
"0325359","50100",16,0,3,"01",57950
"0325779","50100",15,0,0,"02",0
"0326157","50100",11,0,1,"02",22600
"0326207","50100",15,0,0,"01",0
"0326542","50100",15,0,0,"02",0
"0329438","50100",43,0,3,"02",75800
"0329784","50100",11,0,3,"03",16000
"0329811","50100",16,0,2,"02",46600
"0329821","50100",16,0,2,"05",35454
"0330790","50100",32,0,4,"02",34400
"0331819","50100",11,0,4,"02",28100
"0332081","50100",10,0,4,"02",53000
"0332179","50100",106,0,1,"09",19800
"0332378","50100",11,0,4,"02",13700
"0332380","50100",51,0,0,"02",0
"0332891","50100",15,0,0,"02",0
"0333871","50100",21,0,2,"01",61000
"0335633","50100",21,0,3,"02",135000
"0335692","50100",16,0,5,"04",59500
"0336154","50100",11,0,3,"04",12000
"0337117","50100",37,0,3,"02",44500
"0337181","50100",0,2,1,"  ",0
"0337395","50100",26,0,2,"01",22440
"0337541","50100",15,0,0,"02",0
"0340422","50100",15,0,0,"02",0
"0340853","50100",22,0,0,"02",0
"0341299","50100",29,0,0,"02",0
"0341986","50100",15,0,3,"02",56690
"0342735","50100",7,0,0,"02",0
"0343152","50100",0,2,1,"  ",0
"0343530","50100",32,0,2,"02",224000
"0343657","50100",11,0,1,"02",25400
"0344315","50100",22,0,2,"04",19210
"0344404","50100",15,0,0,"02",0
"0344460","50100",37,0,2,"03",418600
"0344559","50100",10,0,3,"03",85820
"0345284","50100",10,0,3,"05",50000
"0346837","50100",16,0,2,"02",35900
"0347011","50100",10,0,2,"02",109300
"0347598","50100",11,0,3,"04",50100
"0347770","50100",22,0,0,"02",0
"0347833","50100",27,0,1,"04",4800
"0347893","50100",16,0,2,"02",62780
"0348604","50100",22,0,0,"02",0
"0348995","50100",48,0,2,"02",24450
"0349347","50100",14,0,0,"02",0
"0349707","50100",32,0,2,"02",57130
"0350064","50100",0,1,1,"  ",0
"0350299","50100",10,0,2,"02",31100
"0350537","50100",11,0,4,"02",314500
"0350766","50100",11,0,2,"02",23000
"0350806","50100",10,0,3,"02",33500
"0351921","50100",32,0,2,"02",21700
"0352340","50100",16,0,1,"02",26000
"0352365","50100",32,0,4,"02",46900
"0353158","50100",16,0,2,"07",28600
"0353615","50100",27,0,2,"02",143000
"0354230","50100",42,0,1,"02",10400
"0354912","50100",11,0,4,"02",22000
"0357010","50100",10,0,3,"02",63540
"0357907","50100",16,0,2,"02",20500
"0360491","50100",0,2,1,"  ",0
"0362317","50100",26,0,2,"02",24300
"0362336","50100",48,0,1,"08",15300
"0362690","50100",16,0,2,"05",16800
"0362716","50100",11,0,1,"02",39000
"0364242","50100",21,0,3,"02",31300
"0364554","50100",10,0,3,"02",3700
"0364652","50100",26,0,4,"02",71750
"0365663","50100",43,0,5,"02",105900
"0367532","50100",10,0,2,"02",70000
"0370221","50100",15,0,0,"02",0
"0370238","50100",38,0,2,"04",60000
"0372508","50100",48,0,4,"02",33000
"0372675","50100",37,0,4,"02",75700
"0372713","50100",16,0,1,"02",27700
"0373139","50100",11,0,4,"02",57700
"0373323","50100",27,0,1,"02",33080
"0373422","50100",29,0,0,"02",0
"0374798","50100",11,0,2,"02",38000
"0375037","50100",11,0,5,"01",33000
"0376421","50100",63,0,1,"05",18000
"0377231","50100",16,0,4,"02",8310
"0378212","50100",10,0,2,"02",22400
"0378296","50100",16,0,3,"02",40200
"0379188","50100",10,0,1,"06",18800
"0379207","50100",14,0,0,"02",0
"0379337","50100",16,0,4,"02",322300
"0380240","50100",10,0,3,"02",87700
"0380318","50100",11,0,2,"02",228000
"0381185","50100",10,0,1,"02",9400
"0381503","50100",15,0,0,"02",0
"0381631","50100",0,2,1,"  ",0
"0381801","50100",10,0,2,"02",31080
"0382139","50100",32,0,3,"01",9360
"0382394","50100",32,0,2,"02",43000
"0382885","50100",37,0,5,"02",131000
"0383133","50100",27,0,4,"02",90040
"0384166","50100",10,0,2,"02",48100
"0384728","50100",37,0,1,"06",14700
"0384931","50100",15,0,0,"02",0
"0385287","50100",53,0,2,"02",34600
"0385673","50100",16,0,2,"02",95000
"0385858","50100",26,0,2,"05",67600
"0386813","50100",7,0,0,"02",0
"0387110","50100",16,0,3,"02",30800
"0387294","50100",10,0,5,"02",63200
"0388239","50100",10,0,9,"02",66800
"0388337","50100",11,0,4,"02",45000
"0388969","50100",32,0,3,"02",120380
"0389116","50100",14,0,0,"02",0
"0390337","50100",27,0,1,"06",7000
"0390488","50100",32,0,2,"02",150760
"0392057","50100",11,0,1,"08",13000
"0392211","50100",0,2,1,"  ",0
"0394916","50100",10,0,3,"01",66400
"0395435","50100",22,0,0,"02",0
"0396778","50100",21,0,2,"02",23600
"0398903","50100",53,0,4,"05",23100
"0398966","50100",16,0,3,"02",43050
"0399124","50100",42,0,2,"02",60700
"0399358","50100",22,0,0,"02",0
"0399979","50100",11,0,3,"02",55940
"0400311","50100",10,0,1,"06",7200
"0400383","50100",42,0,1,"09",7620
"0402135","50100",15,0,0,"02",0
"0404214","50100",16,0,5,"02",91474
"0404810","50100",11,0,1,"02",24400
"0405348","50100",16,0,2,"02",85000
"0405670","50100",26,0,1,"06",43700
"0406460","50100",0,2,1,"  ",0
"0407325","50100",11,0,1,"05",16320
"0407865","50100",42,0,2,"05",21000
"0408079","50100",11,0,2,"01",29760
"0408188","50100",10,0,4,"01",6500
"0408964","50100",22,0,0,"05",0
"0409123","50100",16,0,1,"02",7300
"0409717","50100",14,0,0,"06",0
"0410454","50100",11,0,2,"02",24330
"0410591","50100",26,0,2,"02",42840
"0411308","50100",11,0,5,"02",370700
"0411678","50100",22,0,0,"02",0
"0412585","50100",10,0,2,"02",40020
"0414622","50100",22,0,0,"01",0
"0415252","50100",16,0,2,"06",3000
"0416677","50100",14,0,0,"02",0
"0417277","50100",22,0,0,"02",0
"0417727","50100",16,0,1,"02",10100
"0419993","50100",53,0,5,"02",81200
"0421502","50100",48,0,3,"02",121050
"0422142","50100",10,0,2,"02",37080
"0422225","50100",32,0,2,"04",66100
"0424064","50100",16,0,2,"02",148500
"0424975","50100",11,0,4,"02",449000
"0427321","50100",0,1,1,"  ",0
"0427349","50100",0,2,1,"  ",0
"0428428","50100",21,0,3,"02",0
"0429114","50100",16,0,2,"02",42000
"0429691","50100",26,0,1,"04",29000
"0430601","50100",16,0,2,"02",33000
"0431956","50100",10,0,1,"02",105000
"0432412","50100",43,0,2,"02",49300
"0433272","50100",15,0,0,"02",0
"0435137","50100",31,0,1,"04",9000
"0436133","50100",15,0,1,"05",12400
"0436629","50100",14,0,0,"03",0
"0437025","50100",37,0,5,"02",33900
"0437205","50100",31,0,3,"04",74000
"0437834","50100",32,0,2,"02",113820
"0438209","50100",16,0,2,"02",22000
"0438608","50100",37,0,1,"04",24660
"0439030","50100",10,0,3,"02",213500
"0439868","50100",15,0,0,"02",0
"0439876","50100",32,0,1,"04",27100
"0439955","50100",37,0,1,"09",16200
"0440956","50100",10,0,6,"02",29060
"0441126","50100",16,0,5,"02",318000
"0441707","50100",11,0,2,"02",23900
"0441845","50100",27,0,4,"02",76900
"0442286","50100",48,0,1,"02",12000
"0442531","50100",0,2,1,"  ",0
"0443437","50100",26,0,2,"06",115400
"0443546","50100",15,0,0,"02",0
"0443717","50100",42,0,5,"02",42240
"0443800","50100",0,2,1,"  ",0
"0444111","50100",11,0,2,"02",17500
"0444681","50100",10,0,1,"02",15600
"0445270","50100",0,1,1,"  ",0
"0445510","50100",10,0,4,"01",14000
"0446937","50100",15,0,0,"08",0
"0447634","50100",10,0,1,"02",29000
"0450305","50100",16,0,2,"02",61100
"0452507","50100",15,0,0,"02",0
"0456187","50100",11,0,4,"02",34300
"0456432","50100",43,0,6,"02",245000
"0456576","50100",11,0,3,"02",13200
"0458692","50100",10,0,1,"04",31000
"0458912","50100",11,0,2,"07",9900
"0459197","50100",10,0,1,"02",16900
"0459278","50100",16,0,2,"02",33600
"0460440","50100",22,0,0,"02",0
"0461537","50100",22,0,3,"02",74600
"0461593","50100",6,0,4,"02",108900
"0462071","50100",47,0,2,"05",6800
"0462498","50100",11,0,4,"02",76230
"0462765","50100",12,0,2,"02",34000
"0464783","50100",21,0,1,"02",21300
"0464868","50100",15,0,0,"02",0
"0466437","50100",38,0,2,"02",76800
"0467216","50100",21,0,5,"02",76320
"0467553","50100",10,0,2,"02",71000
"0467656","50100",42,0,2,"04",19000
"0467781","50100",15,0,0,"02",0
"0468137","50100",11,0,3,"02",26800
"0468848","50100",53,0,1,"02",44900
"0469039","50100",5,0,3,"02",70504
"0469706","50100",0,1,1,"  ",0
"0469852","50100",26,0,1,"02",18000
"0469909","50100",11,0,3,"02",68520
"0470065","50100",10,0,1,"02",25200
"0471236","50100",11,0,1,"02",39000
"0471399","50100",10,0,2,"04",35400
"0472124","50100",10,0,3,"02",43120
"0473429","50100",10,0,4,"02",21700
"0473947","50100",32,0,3,"02",79800
"0474117","50100",42,0,5,"02",22000
"0476020","50100",37,0,1,"09",10600
"0476518","50100",16,0,3,"02",126300
"0478931","50100",15,0,0,"02",0
"0479020","50100",15,0,0,"04",0
"0481268","50100",37,0,2,"02",28800
"0481880","50100",10,0,1,"02",13500
"0483673","50100",16,0,1,"02",70700
"0483799","50100",32,0,5,"02",59000
"0484094","50100",15,0,0,"02",0
"0484167","50100",0,2,1,"  ",0
"0484590","50100",32,0,2,"02",45320
"0485991","50100",11,0,3,"07",113540
"0486178","50100",10,0,2,"02",72300
"0487125","50100",15,0,0,"02",0
"0488269","50100",16,0,2,"02",7200
"0488660","50100",11,0,7,"02",82000
"0489262","50100",10,0,2,"03",35900
"0489551","50100",0,1,1,"  ",0
"0489916","50100",22,0,0,"02",0
"0490242","50100",10,0,2,"02",43700
"0490460","50100",22,0,0,"02",0
"0494376","50100",26,0,2,"06",3900
"0495107","50100",10,0,1,"02",8600
"0496701","50100",10,0,2,"02",28000
"0497292","50100",15,0,0,"06",0
"0498393","50100",21,0,5,"02",90000
"0498459","50100",11,0,3,"04",12000
"0499751","50100",11,0,2,"02",16600
"0500164","50100",21,0,5,"05",155100
"0500353","50100",38,0,3,"02",79200
"0500802","50100",43,0,1,"07",13400
"0501550","50100",43,0,1,"02",85950
"0502514","50100",0,2,1,"  ",0
"0503177","50100",0,2,1,"  ",0
"0503292","50100",11,0,1,"02",30000
"0503330","50100",11,0,6,"02",65890
"0503428","50100",11,0,2,"02",160000
"0503461","50100",10,0,2,"02",96340
"0504798","50100",15,0,0,"02",0
"0504894","50100",11,0,2,"04",31820
"0505266","50100",10,0,3,"02",53000
"0505574","50100",10,0,2,"02",42540
"0505654","50100",10,0,2,"02",26400
"0506028","50100",27,0,1,"06",56600
"0507737","50100",11,0,1,"05",0
"0507804","50100",37,0,1,"05",48000
"0508963","50100",10,0,2,"02",12100
"0509588","50100",11,0,2,"06",52690
"0511968","50100",0,1,1,"  ",0
"0512851","50100",37,0,4,"02",70450
"0513252","50100",10,0,4,"02",126000
"0513496","50100",11,0,2,"02",45000
"0514244","50100",5,0,4,"02",66900
"0514395","50100",59,0,4,"05",43700
"0514714","50100",26,0,4,"01",91500
"0514911","50100",37,0,4,"01",21310
"0515136","50100",16,0,3,"02",33990
"0515389","50100",48,0,1,"08",5300
"0515609","50100",11,0,3,"02",65000
"0516084","50100",11,0,2,"02",85500
"0516381","50100",16,0,2,"02",43700
"0517485","50100",11,0,3,"02",36600
"0517502","50100",11,0,1,"05",29800
"0518285","50100",14,0,0,"05",0
"0518336","50100",37,0,3,"01",54400
"0518983","50100",11,0,3,"02",50640
"0519226","50100",37,0,1,"01",26660
"0519785","50100",14,0,0,"05",0
"0520374","50100",15,0,0,"02",0
"0521402","50100",11,0,4,"02",82200
"0523093","50100",11,0,3,"02",64520
"0524250","50100",15,0,0,"07",0
"0525798","50100",64,0,3,"02",46200
"0526114","50100",37,0,1,"04",0
"0526190","50100",27,0,1,"02",1500
"0527421","50100",43,0,2,"02",23800
"0527843","50100",10,0,2,"02",7200
"0527921","50100",10,0,4,"02",29000
"0528533","50100",0,2,1,"  ",0
"0529436","50100",22,0,0,"02",0
"0530439","50100",11,0,2,"02",88000
"0530516","50100",14,0,0,"02",0
"0530570","50100",26,0,4,"02",80650
"0531486","50100",21,0,2,"02",10520
"0531511","50100",10,0,1,"02",25000
"0532405","50100",22,0,0,"03",0
"0532593","50100",16,0,1,"02",18420
"0532888","50100",21,0,5,"02",57000
"0533013","50100",48,0,1,"02",41700
"0533050","50100",15,0,0,"01",0
"0533440","50100",0,2,1,"  ",0
"0533674","50100",27,0,5,"02",79460
"0534491","50100",10,0,1,"02",21700
"0534688","50100",11,0,2,"02",110000
"0535610","50100",11,0,1,"02",23800
"0536095","50100",16,0,2,"02",72000
"0536291","50100",26,0,3,"01",21500
"0537121","50100",11,0,5,"02",36000
"0537769","50100",10,0,2,"02",7300
"0537878","50100",10,0,3,"02",39850
"0537908","50100",10,0,3,"02",41150
"0537991","50100",10,0,1,"02",17500
"0539785","50100",11,0,6,"02",30000
"0540060","50100",10,0,4,"01",35500
"0540069","50100",11,0,2,"02",87500
"0542539","50100",42,0,2,"05",21000
"0544756","50100",21,0,2,"02",81700
"0546264","50100",10,0,4,"02",83000
"0547403","50100",16,0,1,"02",23200
"0548483","50100",11,0,6,"01",35300
"0548964","50100",5,0,4,"02",106500
"0549035","50100",21,0,2,"05",52100
"0549850","50100",11,0,3,"02",74000
"0550152","50100",15,0,0,"02",0
"0550475","50100",11,0,2,"02",29300
"0550704","50100",0,2,1,"  ",0
"0552533","50100",10,0,1,"04",35400
"0552625","50100",11,0,2,"04",52700
"0554719","50100",15,0,0,"09",0
"0555132","50100",11,0,2,"02",34300
"0555396","50100",11,0,2,"02",30200
"0555455","50100",11,0,4,"02",46300
"0556121","50100",14,0,0,"04",0
"0556206","50100",10,0,2,"02",33380
"0556248","50100",11,0,2,"02",14300
"0558139","50100",25,0,2,"02",7210
"0558397","50100",26,0,2,"02",33100
"0558662","50100",47,0,4,"02",104300
"0559144","50100",11,0,2,"02",45210
"0559200","50100",16,0,2,"02",50200
"0560283","50100",11,0,3,"02",132400
"0560494","50100",26,0,1,"02",55120
"0560536","50100",37,0,2,"02",168300
"0561239","50100",11,0,2,"02",96900
"0561311","50100",16,0,1,"06",9450
"0562643","50100",0,1,1,"  ",0
"0563135","50100",11,0,1,"02",12230
"0563352","50100",8,0,0,"02",0
"0563575","50100",10,0,1,"02",37500
"0564626","50100",67,0,0,"08",0
"0565137","50100",15,0,1,"02",29450
"0566947","50100",16,0,2,"02",31100
"0567219","50100",16,0,3,"02",70000
"0567237","50100",11,0,2,"02",41000
"0567519","50100",30,0,0,"01",0
"0568994","50100",11,0,4,"02",39030
"0569771","50100",11,0,2,"02",46000
"0570456","50100",16,0,3,"01",12450
"0570643","50100",15,0,0,"04",0
"0571843","50100",8,0,0,"02",0
"0574302","50100",11,0,1,"02",52000
"0575021","50100",22,0,0,"02",0
"0576428","50100",11,0,3,"02",52000
"0576519","50100",11,0,1,"05",41200
"0576578","50100",0,1,1,"  ",0
"0577104","50100",47,0,5,"01",21540
"0577143","50100",16,0,2,"02",27530
"0577859","50100",16,0,2,"02",40000
"0577962","50100",6,0,2,"02",22300
"0578674","50100",11,0,4,"02",120400
"0578952","50100",32,0,1,"06",6000
"0579166","50100",16,0,2,"02",37140
"0580254","50100",43,0,1,"09",6700
"0580732","50100",16,0,5,"02",75000
"0581889","50100",11,0,2,"02",65900
"0582300","50100",11,0,2,"02",54100
"0583199","50100",48,0,5,"02",65000
"0583848","50100",22,0,0,"02",0
"0584503","50100",58,0,5,"02",62000
"0585111","50100",11,0,2,"05",71340
"0586122","50100",15,0,0,"02",0
"0586505","50100",15,0,1,"06",3900
"0586518","50100",26,0,1,"01",5200
"0586737","50100",11,0,2,"02",136000
"0587289","50100",10,0,1,"06",10400
"0587681","50100",13,0,6,"02",42700
"0588371","50100",16,0,1,"02",16000
"0588897","50100",0,2,1,"  ",0
"0589805","50100",10,0,2,"02",185000
"0589966","50100",16,0,1,"02",30000
"0590619","50100",37,0,4,"02",81250
"0591325","50100",21,0,5,"02",78000
"0592609","50100",22,0,0,"02",0
"0593635","50100",0,2,1,"  ",0
"0594002","50100",0,2,1,"  ",0
"0594323","50100",10,0,1,"01",15000
"0594620","50100",11,0,3,"02",26530
"0594804","50100",11,0,2,"02",21540
"0595110","50100",5,0,2,"02",59500
"0596653","50100",10,0,2,"02",28300
"0596871","50100",14,0,0,"05",0
"0596935","50100",15,0,0,"02",0
"0597089","50100",16,0,6,"02",74700
"0597606","50100",15,0,0,"04",0
"0597877","50100",32,0,1,"02",24000
"0597943","50100",21,0,1,"02",10000
"0598046","50100",10,0,1,"02",10700
"0598078","50100",21,0,1,"01",4800
"0598220","50100",10,0,1,"02",50000
"0598385","50100",42,0,4,"02",100500
"0599014","50100",15,0,0,"02",0
"0600242","50100",37,0,3,"02",72150
"0600556","50100",32,0,2,"04",18004
"0600897","50100",10,0,4,"02",104500
"0601053","50100",15,0,0,"02",0
"0601406","50100",15,0,0,"02",0
"0601451","50100",27,0,1,"06",7200
"0603376","50100",0,2,1,"  ",0
"0603833","50100",11,0,2,"02",92500
"0604477","50100",11,0,3,"02",67000
"0604510","50100",10,0,5,"01",10500
"0606570","50100",11,0,2,"02",80000
"0606856","50100",11,0,2,"02",24300
"0607111","50100",32,0,1,"02",38600
"0607116","50100",11,0,3,"02",74500
"0608317","50100",0,2,1,"  ",0
"0609564","50100",16,0,4,"02",91784
"0609891","50100",16,0,3,"04",48900
"0610272","50100",11,0,2,"02",53100
"0613299","50100",22,0,0,"02",0
"0614445","50100",47,0,3,"02",65300
"0614775","50100",16,0,2,"02",41550
"0615135","50100",42,0,3,"02",95600
"0616118","50100",10,0,2,"02",20000
"0616915","50100",10,0,2,"02",27000
"0617148","50100",10,0,4,"02",72440
"0617529","50100",21,0,2,"01",51500
"0617846","50100",22,0,0,"07",0
"0618010","50100",37,0,1,"05",20000
"0620722","50100",22,0,0,"02",0
"0621433","50100",32,0,1,"06",10620
"0623007","50100",0,2,1,"  ",0
"0623166","50100",27,0,2,"02",57800
"0623318","50100",37,0,5,"02",57890
"0623367","50100",11,0,2,"02",25680
"0624650","50100",6,0,3,"04",48200
"0624691","50100",15,0,0,"02",0
"0625594","50100",16,0,4,"02",88000
"0625838","50100",15,0,2,"02",20700
"0627546","50100",37,0,3,"02",26940
"0630152","50100",15,0,0,"02",0
"0630441","50100",14,0,0,"02",0
"0632019","50100",11,0,4,"02",44200
"0632841","50100",11,0,5,"02",35000
"0633433","50100",11,0,2,"02",67100
"0634772","50100",11,0,3,"02",115000
"0634838","50100",59,0,0,"02",0
"0635104","50100",38,0,2,"02",90200
"0636247","50100",32,0,2,"05",18900
"0637562","50100",11,0,2,"02",53500
"0640606","50100",11,0,5,"02",88040
"0641196","50100",15,0,4,"01",24900
"0642219","50100",0,2,1,"  ",0
"0642706","50100",21,0,1,"02",15510
"0643104","50100",21,0,3,"02",108500
"0643613","50100",15,0,0,"02",0
"0643817","50100",15,0,0,"02",0
"0644562","50100",0,1,1,"  ",0
"0644929","50100",0,1,1,"  ",0
"0645381","50100",11,0,2,"02",67000
"0646140","50100",43,0,1,"02",36800
"0646595","50100",37,0,2,"03",10750
"0646710","50100",11,0,3,"01",8830
"0646852","50100",37,0,2,"04",59000
"0648564","50100",43,0,2,"02",53300
"0650283","50100",42,0,2,"04",40800
"0650787","50100",11,0,2,"02",166200
"0651315","50100",16,0,5,"02",87800
"0654266","50100",11,0,2,"01",130000
"0654308","50100",10,0,1,"02",12500
"0655424","50100",10,0,4,"02",268340
"0655881","50100",14,0,0,"06",0
"0655940","50100",10,0,2,"02",138300
"0657510","50100",11,0,3,"02",79000
"0657831","50100",15,0,0,"02",0
"0658072","50100",11,0,3,"02",43400
"0658431","50100",0,2,1,"  ",0
"0658720","50100",15,0,0,"02",0
"0660012","50100",10,0,1,"02",16800
"0661615","50100",22,0,0,"02",0
"0662119","50100",37,0,1,"02",400
"0662348","50100",16,0,2,"02",32300
"0663112","50100",21,0,3,"02",31500
"0663515","50100",15,0,0,"02",0
"0663882","50100",11,0,4,"04",45000
"0664478","50100",0,2,1,"  ",0
"0665323","50100",16,0,4,"02",55000
"0665578","50100",11,0,3,"02",31000
"0665584","50100",32,0,2,"04",7000
"0665728","50100",15,0,0,"07",0
"0666161","50100",15,0,0,"05",0
"0666276","50100",44,0,0,"02",0
"0666312","50100",10,0,2,"02",47700
"0666803","50100",22,0,3,"02",17000
"0667030","50100",10,0,2,"02",157000
"0667592","50100",10,0,4,"02",96130
"0667866","50100",37,0,3,"02",69018
"0668272","50100",0,1,1,"  ",0
"0668700","50100",11,0,2,"02",90000
"0669014","50100",38,0,4,"02",99900
"0669041","50100",48,0,2,"02",136000
"0669080","50100",14,0,0,"02",0
"0669560","50100",53,0,3,"02",99000
"0670050","50100",10,0,4,"02",114000
"0670182","50100",10,0,5,"02",41700
"0670697","50100",32,0,4,"02",185200
"0670770","50100",42,0,3,"02",84420
"0671529","50100",42,0,2,"09",15000
"0672084","50100",37,0,2,"02",45900
"0672764","50100",16,0,2,"02",27700
"0673759","50100",30,0,0,"02",0
"0674442","50100",10,0,6,"02",76500
"0674574","50100",11,0,1,"01",5000
"0675195","50100",16,0,1,"03",600
"0675280","50100",37,0,3,"02",33070
"0675584","50100",0,1,1,"  ",0
"0675623","50100",10,0,2,"02",28400
"0676255","50100",22,0,0,"02",0
"0676730","50100",15,0,0,"02",0
"0677171","50100",11,0,4,"04",55420
"0677294","50100",27,0,3,"02",155660
"0677338","50100",10,0,1,"08",19200
"0678122","50100",21,0,2,"02",30800
"0678135","50100",31,0,1,"06",12000
"0678260","50100",16,0,2,"01",24700
"0678314","50100",42,0,4,"02",12500
"0678824","50100",15,0,0,"02",0
"0679069","50100",11,0,1,"05",51200
"0680203","50100",38,0,1,"04",10920
"0680368","50100",0,2,1,"  ",0
"0681142","50100",6,0,3,"02",43000
"0682624","50100",10,0,2,"02",48000
"0683233","50100",53,0,5,"03",37510
"0683457","50100",11,0,2,"02",35300
"0683543","50100",26,0,2,"06",40000
"0683566","50100",16,0,3,"04",10600
"0683631","50100",15,0,0,"08",0
"0684552","50100",10,0,5,"02",47000
"0684712","50100",37,0,1,"07",11150
"0686207","50100",42,0,2,"02",68800
"0686913","50100",15,0,5,"02",41100
"0686988","50100",14,0,0,"02",0
"0687435","50100",16,0,4,"02",91500
"0687767","50100",15,0,0,"02",0
"0688057","50100",15,0,2,"02",38640
"0689033","50100",10,0,4,"01",28300
"0689479","50100",15,0,0,"03",0
"0690107","50100",10,0,3,"02",65500
"0690252","50100",26,0,2,"02",43400
"0691366","50100",14,0,0,"03",0
"0692022","50100",11,0,3,"02",51000
"0692158","50100",11,0,4,"02",42000
"0692438","50100",11,0,6,"02",65700
"0694165","50100",15,0,0,"02",0
"0694273","50100",0,2,1,"  ",0
"0695565","50100",32,0,1,"02",25300
"0695812","50100",32,0,2,"02",63640
"0695843","50100",14,0,0,"02",0
"0695948","50100",10,0,2,"02",27400
"0696425","50100",15,0,1,"02",21000
"0696846","50100",11,0,4,"02",80000
"0697009","50100",11,0,3,"01",16900
"0697011","50100",31,0,2,"04",77800
"0698164","50100",10,0,2,"02",19200
"0698217","50100",15,0,2,"02",26200
"0698983","50100",11,0,1,"02",46500
"0699731","50100",11,0,2,"02",122500
"0699796","50100",43,0,4,"02",67870
"0700011","50100",15,0,0,"02",0
"0700557","50100",16,0,1,"02",30000
"0701315","50100",11,0,3,"01",50000
"0702052","50100",11,0,1,"02",10000
"0702296","50100",37,0,3,"04",32270
"0702725","50100",16,0,2,"02",77900
"0705106","50100",11,0,1,"02",115900
"0705169","50100",43,0,3,"04",18760
"0705324","50100",15,0,0,"02",0
"0705703","50100",47,0,4,"04",42000
"0706111","50100",16,0,2,"02",28100
"0708417","50100",11,0,4,"02",42800
"0708865","50100",42,0,2,"02",104700
"0709214","50100",11,0,4,"02",58740
"0710390","50100",11,0,1,"04",22000
"0710523","50100",37,0,2,"04",42400
"0711021","50100",14,0,0,"05",0
"0712410","50100",15,0,0,"02",0
"0713126","50100",16,0,3,"02",74200
"0713307","50100",48,0,1,"02",30000
"0713498","50100",16,0,1,"02",53700
"0713935","50100",11,0,4,"02",35300
"0714685","50100",32,0,1,"03",6000
"0715468","50100",0,2,1,"  ",0
"0715682","50100",31,0,3,"03",85000
"0717986","50100",15,0,0,"02",0
"0718936","50100",16,0,2,"02",105300
"0721744","50100",16,0,4,"01",21000
"0722125","50100",10,0,3,"02",23600
"0722563","50100",10,0,2,"02",31000
"0722643","50100",5,0,3,"02",34670
"0722923","50100",11,0,2,"04",15600
"0723530","50100",11,0,4,"02",65500
"0723602","50100",42,0,1,"09",35200
"0723971","50100",14,0,0,"02",0
"0724415","50100",11,0,4,"02",202200
"0724688","50100",37,0,1,"02",45000
"0724862","50100",15,0,0,"01",0
"0725644","50100",16,0,1,"04",6670
"0726720","50100",10,0,1,"02",19700
"0727657","50100",21,0,3,"02",45000
"0728204","50100",16,0,4,"02",60200
"0728986","50100",21,0,1,"02",16600
"0731399","50100",51,0,0,"02",0
"0732180","50100",0,2,1,"  ",0
"0732471","50100",15,0,0,"02",0
"0734664","50100",53,0,3,"02",55900
"0735106","50100",10,0,5,"02",64100
"0736429","50100",10,0,3,"02",23300
"0736471","50100",0,2,1,"  ",0
"0737137","50100",11,0,3,"06",59500
"0737252","50100",15,0,0,"02",0
"0737503","50100",7,0,0,"01",0
"0737557","50100",31,0,1,"02",25500
"0738473","50100",0,2,1,"  ",0
"0739687","50100",11,0,1,"02",29000
"0740174","50100",42,0,1,"01",6900
"0740794","50100",31,0,2,"06",51160
"0742241","50100",43,0,2,"02",55000
"0742403","50100",16,0,3,"02",59700
"0743243","50100",10,0,3,"02",63000
"0743355","50100",14,0,0,"02",0
"0745013","50100",21,0,1,"02",34500
"0745041","50100",43,0,3,"06",44270
"0746118","50100",16,0,2,"02",85200
"0746122","50100",15,0,0,"03",0
"0746161","50100",53,0,1,"06",31100
"0746600","50100",42,0,1,"02",29500
"0746849","50100",21,0,1,"02",6000
"0747266","50100",22,0,0,"02",0
"0750018","50100",43,0,1,"05",800
"0751906","50100",11,0,2,"02",49100
"0752394","50100",10,0,4,"04",29800
"0752760","50100",11,0,2,"02",66000
"0753100","50100",0,2,1,"  ",0
"0753678","50100",32,0,3,"04",43600
"0754012","50100",11,0,6,"02",39600
"0754418","50100",16,0,3,"02",81000
"0754563","50100",11,0,2,"02",102950
"0754862","50100",27,0,2,"02",104700
"0754988","50100",10,0,2,"02",150300
"0756357","50100",0,1,1,"  ",0
"0756369","50100",14,0,0,"02",0
"0756702","50100",21,0,4,"01",37000
"0758176","50100",14,0,0,"02",0
"0758283","50100",16,0,1,"01",32200
"0758742","50100",0,2,1,"  ",0
"0759167","50100",10,0,3,"02",146660
"0760146","50100",15,0,0,"02",0
"0760303","50100",15,0,0,"04",0
"0760346","50100",10,0,3,"01",39000
"0760834","50100",16,0,1,"02",48000
"0761582","50100",16,0,2,"01",68800
"0761629","50100",0,1,1,"  ",0
"0762935","50100",16,0,1,"02",37700
"0762979","50100",37,0,1,"01",43300
"0763440","50100",10,0,2,"02",41900
"0764328","50100",37,0,1,"08",8400
"0764896","50100",22,0,0,"02",0
"0765584","50100",11,0,2,"02",85700
"0766868","50100",11,0,2,"02",27000
"0768093","50100",16,0,1,"02",23300
"0769528","50100",22,0,0,"02",0
"0769746","50100",16,0,1,"06",8000
"0770180","50100",15,0,0,"08",0
"0773444","50100",11,0,4,"02",46000
"0775331","50100",10,0,2,"02",133200
"0775805","50100",16,0,2,"02",17200
"0776079","50100",0,2,1,"  ",0
"0776147","50100",11,0,2,"01",17104
"0776314","50100",10,0,1,"03",26500
"0778110","50100",11,0,2,"02",40000
"0780290","50100",15,0,0,"02",0
"0780643","50100",37,0,4,"02",27100
"0780895","50100",11,0,1,"02",16000
"0781021","50100",16,0,1,"02",30000
"0781879","50100",15,0,0,"02",0
"0782203","50100",15,0,0,"02",0
"0782744","50100",43,0,2,"02",41300
"0783468","50100",10,0,2,"02",39700
"0783656","50100",14,0,0,"02",0
"0783821","50100",16,0,3,"03",53150
"0783945","50100",11,0,2,"01",54000
"0784137","50100",22,0,3,"02",190000
"0784953","50100",26,0,1,"02",28600
"0785118","50100",37,0,4,"02",1e+05
"0785873","50100",15,0,0,"01",0
"0786133","50100",10,0,3,"04",63600
"0787119","50100",16,0,1,"05",28600
"0787223","50100",21,0,2,"02",56300
"0787366","50100",47,0,2,"02",49790
"0788206","50100",27,0,4,"02",115000
"0788934","50100",0,2,1,"  ",0
"0789945","50100",11,0,2,"02",62400
"0789998","50100",22,0,3,"02",37820
"0790436","50100",11,0,1,"02",24700
"0790543","50100",48,0,1,"02",38620
"0790620","50100",37,0,3,"02",26500
"0791467","50100",44,0,0,"02",0
"0792044","50100",0,2,1,"  ",0
"0792216","50100",10,0,2,"02",24620
"0792499","50100",30,0,0,"02",0
"0793303","50100",11,0,3,"02",142000
"0793306","50100",10,0,2,"02",76740
"0795637","50100",0,1,1,"  ",0
"0796130","50100",11,0,5,"02",27700
"0796806","50100",11,0,3,"02",57100
"0797142","50100",10,0,3,"02",50000
"0798335","50100",11,0,2,"01",24200
"0798472","50100",15,0,3,"02",69830
"0799304","50100",15,0,0,"02",0
"0802179","50100",10,0,2,"02",29400
"0802209","50100",11,0,1,"02",17600
"0802534","50100",16,0,1,"05",0
"0803488","50100",48,0,3,"02",58000
"0804095","50100",10,0,2,"02",36090
"0804456","50100",47,0,1,"04",35500
"0804764","50100",10,0,2,"02",100610
"0805984","50100",16,0,1,"02",18000
"0806105","50100",21,0,6,"02",44300
"0808257","50100",10,0,2,"02",0
"0808839","50100",11,0,2,"02",66500
"0809317","50100",48,0,2,"02",109080
"0809978","50100",23,0,0,"02",0
"0810055","50100",16,0,7,"02",66700
"0810183","50100",32,0,1,"02",15000
"0810871","50100",11,0,3,"01",34100
"0811545","50100",11,0,1,"07",5300
"0812513","50100",0,2,1,"  ",0
"0813558","50100",16,0,2,"01",27000
"0813894","50100",0,2,1,"  ",0
"0814709","50100",10,0,4,"02",46000
"0815105","50100",37,0,4,"02",70000
"0815283","50100",11,0,2,"01",33100
"0815744","50100",16,0,1,"05",24770
"0816555","50100",10,0,2,"01",43100
"0816854","50100",10,0,2,"02",76000
"0819541","50100",37,0,5,"02",70000
"0819572","50100",10,0,2,"02",19000
"0820288","50100",31,0,4,"02",40040
"0820371","50100",51,0,0,"02",0
"0821123","50100",15,0,0,"02",0
"0821796","50100",16,0,2,"02",18100
"0822120","50100",11,0,2,"02",36600
"0823239","50100",10,0,2,"08",32650
"0823643","50100",53,0,2,"01",14700
"0824682","50100",16,0,2,"02",47000
"0825027","50100",11,0,4,"02",40400
"0825770","50100",16,0,2,"02",16500
"0825874","50100",10,0,5,"02",43000
"0827241","50100",10,0,1,"02",20400
"0827545","50100",11,0,2,"02",16360
"0827823","50100",11,0,1,"02",20900
"0827965","50100",10,0,7,"02",45100
"0828417","50100",27,0,3,"02",42050
"0828737","50100",11,0,2,"02",101000
"0828798","50100",11,0,4,"02",58000
"0831837","50100",15,0,0,"02",0
"0832927","50100",64,0,2,"05",36000
"0836471","50100",11,0,2,"02",0
"0837726","50100",26,0,2,"02",71100
"0839455","50100",32,0,2,"02",45500
"0839645","50100",10,0,4,"03",42840
"0839796","50100",43,0,2,"04",33000
"0840628","50100",11,0,1,"02",42000
"0840827","50100",37,0,1,"03",45990
"0841278","50100",15,0,0,"02",0
"0841571","50100",21,0,3,"02",60000
"0841854","50100",11,0,5,"02",72760
"0842288","50100",15,0,0,"06",0
"0842751","50100",10,0,3,"02",30970
"0843418","50100",52,0,0,"02",0
"0843669","50100",10,0,1,"02",3300
"0846016","50100",22,0,0,"02",0
"0847061","50100",16,0,2,"02",67000
"0847590","50100",0,2,1,"  ",0
"0847856","50100",22,0,0,"02",0
"0848131","50100",11,0,1,"04",22300
"0848309","50100",15,0,2,"02",34500
"0848740","50100",14,0,0,"03",0
"0849075","50100",32,0,1,"02",68300
"0851504","50100",22,0,0,"02",0
"0853547","50100",10,0,3,"02",83400
"0853717","50100",37,0,2,"02",37000
"0854332","50100",16,0,4,"01",9500
"0855422","50100",11,0,2,"02",13070
"0855973","50100",15,0,0,"02",0
"0856594","50100",16,0,3,"02",60000
"0856952","50100",37,0,3,"02",98000
"0858304","50100",26,0,1,"01",28000
"0859010","50100",0,2,1,"  ",0
"0859154","50100",10,0,4,"02",45000
"0859312","50100",15,0,0,"02",0
"0859911","50100",32,0,1,"02",1200
"0860224","50100",14,0,0,"02",0
"0860969","50100",10,0,1,"02",12200
"0862415","50100",15,0,0,"04",0
"0862537","50100",5,0,3,"04",18300
"0862623","50100",22,0,0,"02",0
"0862704","50100",27,0,2,"02",88000
"0862711","50100",10,0,5,"02",134480
"0863269","50100",11,0,3,"02",79500
"0863364","50100",11,0,3,"02",129080
"0865673","50100",42,0,2,"06",33600
"0865772","50100",11,0,3,"02",68200
"0866227","50100",21,0,1,"01",15100
"0866941","50100",22,0,0,"02",0
"0867730","50100",66,0,0,"02",0
"0867744","50100",10,0,2,"02",34500
"0868002","50100",14,0,0,"03",0
"0868623","50100",11,0,2,"02",69100
"0868872","50100",11,0,4,"02",85040
"0869008","50100",22,0,0,"01",0
"0870107","50100",37,0,0,"02",0
"0870315","50100",15,0,0,"02",0
"0870965","50100",11,0,1,"02",14800
"0871941","50100",15,0,0,"02",0
"0872130","50100",16,0,3,"05",51300
"0873236","50100",16,0,1,"02",28000
"0873492","50100",27,0,2,"02",77900
"0874382","50100",14,0,0,"02",0
"0874394","50100",0,1,1,"  ",0
"0875853","50100",15,0,0,"02",0
"0876642","50100",10,0,2,"02",33770
"0876902","50100",10,0,2,"02",74300
"0877016","50100",15,0,0,"02",0
"0877373","50100",6,0,6,"02",47000
"0877570","50100",27,0,2,"02",353010
"0878477","50100",11,0,2,"02",8600
"0879183","50100",22,0,0,"02",0
"0880070","50100",11,0,2,"02",33000
"0880421","50100",11,0,3,"02",66700
"0880688","50100",16,0,4,"02",3400
"0881346","50100",37,0,3,"03",72950
"0882143","50100",16,0,4,"01",38600
"0882424","50100",11,0,2,"02",87500
"0882931","50100",14,0,0,"06",0
"0883007","50100",10,0,4,"02",82700
"0884302","50100",11,0,2,"01",44000
"0885153","50100",21,0,1,"02",32000
"0885538","50100",42,0,2,"02",36900
"0885662","50100",10,0,5,"02",66794
"0886962","50100",37,0,2,"05",14500
"0887167","50100",0,1,1,"  ",0
"0887528","50100",0,2,1,"  ",0
"0888070","50100",6,0,2,"02",25800
"0888835","50100",15,0,1,"02",41200
"0889153","50100",37,0,7,"02",30000
"0889254","50100",22,0,0,"07",0
"0889292","50100",14,0,0,"02",0
"0889540","50100",5,0,4,"01",54400
"0890737","50100",11,0,2,"02",58000
"0890871","50100",11,0,1,"02",21800
"0891740","50100",15,0,0,"02",0
"0892655","50100",11,0,3,"02",83100
"0892872","50100",0,2,1,"  ",0
"0893098","50100",11,0,2,"02",59920
"0893387","50100",7,0,0,"05",0
"0893763","50100",16,0,2,"02",40710
"0895534","50100",10,0,2,"02",81600
"0895542","50100",16,0,3,"01",55000
"0895651","50100",37,0,2,"05",8600
"0895663","50100",10,0,3,"02",47150
"0895689","50100",32,0,2,"02",414000
"0896713","50100",16,0,5,"02",91780
"0896946","50100",0,2,1,"  ",0
"0896968","50100",32,0,1,"05",73000
"0897588","50100",37,0,4,"02",93000
"0897589","50100",10,0,1,"05",40350
"0898587","50100",42,0,3,"02",34800
"0899562","50100",37,0,3,"02",102300
"0900669","50100",11,0,4,"02",56500
"0901000","50100",15,0,3,"02",42000
"0901071","50100",11,0,1,"01",23300
"0902438","50100",16,0,3,"02",24600
"0903422","50100",32,0,2,"02",24200
"0903985","50100",10,0,7,"02",36000
"0904202","50100",15,0,5,"02",47000
"0904424","50100",43,0,3,"06",10600
"0905178","50100",15,0,0,"09",0
"0905335","50100",16,0,4,"02",71500
"0906830","50100",11,0,4,"02",39000
"0907144","50100",26,0,1,"02",35000
"0908167","50100",11,0,3,"02",22700
"0908322","50100",15,0,0,"02",0
"0909233","50100",42,0,3,"02",18000
"0909268","50100",16,0,2,"02",41720
"0909522","50100",37,0,4,"02",95140
"0910065","50100",31,0,4,"02",0
"0912060","50100",14,0,0,"02",0
"0912943","50100",10,0,4,"04",3210
"0913028","50100",10,0,2,"02",22100
"0915074","50100",16,0,4,"02",69800
"0915743","50100",10,0,1,"02",7200
"0915858","50100",22,0,0,"02",0
"0916379","50100",16,0,1,"02",56000
"0916579","50100",16,0,4,"05",35400
"0916690","50100",11,0,3,"02",210000
"0916881","50100",26,0,2,"05",44504
"0917053","50100",11,0,5,"02",19900
"0917472","50100",11,0,1,"03",21500
"0918906","50100",11,0,4,"02",35900
"0919177","50100",47,0,2,"02",49730
"0919691","50100",16,0,3,"02",63000
"0919778","50100",15,0,0,"01",0
"0921531","50100",11,0,2,"02",21900
"0921585","50100",43,0,3,"02",17900
"0922760","50100",15,0,4,"02",75740
"0923454","50100",48,0,1,"04",18000
"0924448","50100",23,0,0,"02",0
"0924782","50100",10,0,2,"02",52400
"0925622","50100",31,0,3,"02",99200
"0926344","50100",0,1,1,"  ",0
"0927470","50100",10,0,2,"02",84000
"0927615","50100",11,0,1,"04",18000
"0927727","50100",15,0,0,"02",0
"0927953","50100",11,0,2,"02",32300
"0928350","50100",15,0,0,"03",0
"0929326","50100",10,0,4,"02",76900
"0930061","50100",0,1,1,"  ",0
"0931280","50100",11,0,4,"02",34150
"0931870","50100",22,0,2,"02",112000
"0933117","50100",11,0,2,"02",9800
"0933471","50100",11,0,2,"02",36000
"0933740","50100",11,0,2,"05",35600
"0934072","50100",81,0,0,"02",0
"0934153","50100",5,0,3,"02",60550
"0934960","50100",15,0,0,"04",0
"0935541","50100",10,0,6,"01",28000
"0935551","50100",5,0,2,"02",46000
"0938392","50100",16,0,1,"02",22000
"0941173","50100",10,0,5,"02",61000
"0941318","50100",15,0,0,"03",0
"0941420","50100",10,0,5,"01",34700
"0941798","50100",15,0,0,"02",0
"0942035","50100",0,2,1,"  ",0
"0942144","50100",10,0,2,"02",46500
"0942537","50100",37,0,4,"02",68200
"0942539","50100",16,0,2,"02",70360
"0942785","50100",10,0,1,"05",78000
"0942853","50100",26,0,2,"02",36000
"0942909","50100",8,0,0,"01",0
"0943118","50100",11,0,1,"01",1100
"0944104","50100",32,0,1,"02",42900
"0944798","50100",43,0,3,"05",15400
"0947827","50100",32,0,2,"02",64510
"0948195","50100",10,0,2,"01",32370
"0949092","50100",16,0,2,"04",25000
"0949150","50100",15,0,0,"02",0
"0950617","50100",0,2,1,"  ",0
"0951225","50100",11,0,1,"01",9200
"0951505","50100",32,0,2,"02",51480
"0952201","50100",23,0,0,"02",0
"0952293","50100",53,0,4,"04",67360
"0952424","50100",14,0,0,"02",0
"0952852","50100",37,0,1,"02",19300
"0953334","50100",16,0,2,"02",23270
"0953667","50100",15,0,0,"09",0
"0953743","50100",15,0,0,"03",0
"0953960","50100",10,0,1,"04",30000
"0954294","50100",21,0,2,"02",12200
"0956657","50100",32,0,4,"02",87000
"0957500","50100",10,0,2,"02",39000
"0957544","50100",11,0,1,"02",0
"0958164","50100",22,0,2,"02",70940
"0959299","50100",11,0,4,"02",21250
"0959743","50100",27,0,1,"02",29700
"0960162","50100",27,0,3,"02",19500
"0960311","50100",7,0,0,"03",0
"0960781","50100",48,0,5,"02",33400
"0960948","50100",11,0,2,"02",57000
"0961570","50100",11,0,3,"02",45000
"0961856","50100",37,0,3,"02",7700
"0963441","50100",10,0,2,"02",34200
"0963538","50100",22,0,2,"04",6000
"0963996","50100",11,0,4,"02",107200
"0964536","50100",11,0,2,"02",296100
"0965161","50100",11,0,1,"02",7700
"0965342","50100",42,0,2,"02",64050
"0965369","50100",0,2,1,"  ",0
"0965487","50100",11,0,2,"02",30000
"0966806","50100",27,0,3,"02",219000
"0966833","50100",11,0,2,"02",105500
"0967500","50100",32,0,4,"02",45000
"0967954","50100",16,0,2,"02",40000
"0968453","50100",26,0,2,"05",14000
"0968683","50100",27,0,4,"02",80000
"0970557","50100",42,0,1,"05",22000
"0970715","50100",16,0,2,"02",139000
"0971008","50100",10,0,1,"02",14030
"0971418","50100",21,0,4,"02",54900
"0971895","50100",11,0,2,"02",38200
"0973548","50100",31,0,2,"02",121000
"0974056","50100",11,0,3,"02",97000
"0974092","50100",22,0,5,"02",67400
"0974934","50100",0,2,1,"  ",0
"0976115","50100",37,0,2,"02",72000
"0976233","50100",10,0,1,"04",34600
"0976876","50100",0,2,1,"  ",0
"0977776","50100",37,0,1,"02",3000
"0978961","50100",15,0,1,"02",10570
"0978974","50100",14,0,0,"02",0
"0979140","50100",10,0,2,"02",23000
"0980538","50100",22,0,0,"02",0
"0982373","50100",11,0,1,"01",11200
"0983288","50100",11,0,2,"02",70600
"0983744","50100",14,0,0,"03",0
"0984210","50100",15,0,0,"01",0
"0984386","50100",58,0,3,"06",13300
"0984608","50100",0,2,1,"  ",0
"0984743","50100",43,0,1,"06",4600
"0986195","50100",16,0,1,"07",18600
"0986634","50100",16,0,2,"02",46600
"0987445","50100",11,0,2,"02",77850
"0988129","50100",27,0,4,"02",36630
"0989164","50100",11,0,1,"02",4400
"0989491","50100",37,0,2,"02",63000
"0989789","50100",16,0,3,"02",42600
"0990202","50100",0,2,1,"  ",0
"0990497","50100",11,0,2,"02",96000
"0990635","50100",11,0,1,"02",52500
"0990992","50100",14,0,0,"02",0
"0991590","50100",16,0,3,"02",30600
"0992004","50100",15,0,0,"01",0
"0992159","50100",16,0,3,"02",50000
"0992285","50100",0,2,1,"  ",0
"0992914","50100",16,0,2,"02",30000
"0997052","50100",14,0,0,"06",0
"0997111","50100",11,0,1,"01",23000
"0997306","50100",37,0,1,"02",1600
"0997484","50100",11,0,2,"01",69310
"0998572","50100",15,0,0,"02",0
"0998842","50100",11,0,2,"02",101500
"0999289","50100",16,0,2,"02",36500
"0999836","50100",10,0,4,"02",60500
"0999991","50100",11,0,1,"02",21800
"1000149","50100",15,0,0,"02",0
"1000799","50100",10,0,4,"02",8900
"1001110","50100",0,2,1,"  ",0
"1001456","50100",14,0,0,"02",0
"1001694","50100",11,0,2,"02",23200
"1001874","50100",16,0,5,"02",36250
"1002885","50100",11,0,1,"07",18200
"1003431","50100",10,0,2,"02",119100
"1003455","50100",10,0,2,"01",46040
"1004805","50100",0,2,1,"  ",0
"1005029","50100",22,0,0,"02",0
"1005992","50100",10,0,4,"01",18000
"1007435","50100",32,0,2,"04",48000
"1008818","50100",10,0,3,"02",33800
"1008948","50100",21,0,6,"02",30900
"1009259","50100",27,0,1,"05",16000
"1009356","50100",42,0,1,"02",17800
"1010186","50100",10,0,4,"02",97400
"1010396","50100",11,0,4,"02",63700
"1010512","50100",10,0,1,"02",15300
"1011276","50100",11,0,2,"02",45900
"1011431","50100",0,2,1,"  ",0
"1013744","50100",10,0,1,"02",0
"1014720","50100",11,0,3,"02",50960
"1014898","50100",11,0,2,"02",17300
"1016784","50100",15,0,0,"02",0
"1017213","50100",37,0,5,"02",123900
"1017445","50100",0,2,1,"  ",0
"1018779","50100",6,0,4,"02",51600
"1019292","50100",21,0,3,"02",61000
"1019675","50100",32,0,3,"05",12000
"1020281","50100",16,0,2,"02",57400
"1020591","50100",21,0,2,"02",55600
"1020835","50100",0,1,1,"  ",0
"1021038","50100",15,0,0,"02",0
"1022722","50100",16,0,4,"05",15500
"1022850","50100",14,0,0,"02",0
"1023992","50100",37,0,2,"04",38000
"1024119","50100",31,0,6,"02",34000
"1024169","50100",16,0,1,"02",17000
"1024898","50100",11,0,2,"02",35000
"1026661","50100",10,0,2,"02",38000
"1028549","50100",26,0,2,"04",31000
"1028644","50100",27,0,2,"02",180200
"1028888","50100",10,0,3,"02",68840
"1029124","50100",31,0,2,"06",19500
"1029517","50100",22,0,0,"02",0
"1029670","50100",5,0,4,"02",217000
"1031209","50100",15,0,0,"04",0
"1031505","50100",16,0,4,"02",14700
"1033441","50100",37,0,3,"02",29820
"1034578","50100",11,0,3,"03",74300
"1035847","50100",32,0,1,"02",13600
"1035998","50100",5,0,3,"02",5400
"1036022","50100",53,0,1,"06",8000
"1036301","50100",16,0,6,"04",54200
"1036987","50100",10,0,5,"02",32000
"1037034","50100",15,0,0,"02",0
"1037196","50100",32,0,3,"05",9400
"1037377","50100",11,0,4,"02",54400
"1039097","50100",59,0,4,"02",50600
"1041610","50100",21,0,2,"02",23570
"1041839","50100",37,0,3,"02",138100
"1042140","50100",14,0,0,"09",0
"1043348","50100",11,0,1,"01",16300
"1043402","50100",11,0,2,"04",39100
"1044540","50100",31,0,1,"02",10900
"1045221","50100",27,0,3,"01",42000
"1046207","50100",10,0,2,"02",49000
"1046757","50100",22,0,0,"02",0
"1047660","50100",16,0,1,"04",18000
"1048265","50100",15,0,0,"01",0
"1048389","50100",15,0,0,"02",0
"1048766","50100",11,0,4,"02",39000
"1048969","50100",29,0,0,"02",0
"1049501","50100",0,2,1,"  ",0
"1049564","50100",21,0,3,"02",43750
"1050233","50100",31,0,2,"02",42500
"1051011","50100",32,0,1,"01",66000
"1052582","50100",11,0,3,"02",135300
"1052654","50100",32,0,4,"02",131000
"1054629","50100",16,0,4,"02",57900
"1054924","50100",29,0,0,"02",0
"1055551","50100",11,0,3,"02",31000
"1055608","50100",10,0,1,"01",7400
"1056492","50100",11,0,4,"02",30400
"1056657","50100",15,0,0,"02",0
"1056680","50100",15,0,0,"02",0
"1056729","50100",26,0,4,"02",77900
"1057002","50100",16,0,2,"03",65400
"1057270","50100",10,0,2,"02",54400
"1057795","50100",11,0,2,"02",46600
"1058235","50100",14,0,0,"02",0
"1058791","50100",16,0,2,"02",60400
"1059489","50100",32,0,1,"08",7000
"1059664","50100",11,0,2,"02",37500
"1060281","50100",15,0,0,"04",0
"1061623","50100",11,0,5,"02",21600
"1062840","50100",53,0,1,"02",24800
"1063349","50100",0,2,1,"  ",0
"1066079","50100",15,0,0,"02",0
"1066695","50100",21,0,2,"02",52500
"1066756","50100",16,0,5,"02",45580
"1067690","50100",16,0,4,"02",47004
"1067780","50100",47,0,4,"02",76700
"1068142","50100",11,0,2,"03",47520
"1068685","50100",32,0,1,"02",46120
"1068763","50100",10,0,2,"02",88300
"1069059","50100",16,0,2,"01",22200
"1070340","50100",11,0,3,"01",37000
"1072095","50100",14,0,0,"01",0
"1072201","50100",10,0,2,"02",128000
"1073295","50100",11,0,1,"04",20000
"1073543","50100",10,0,1,"07",14400
"1073672","50100",11,0,4,"02",50500
"1073768","50100",37,0,1,"06",15600
"1073784","50100",11,0,4,"04",26500
"1074230","50100",11,0,2,"02",15920
"1074278","50100",11,0,1,"02",35820
"1075195","50100",11,0,4,"02",47400
"1075593","50100",16,0,4,"02",93000
"1075670","50100",29,0,0,"02",0
"1075882","50100",21,0,3,"02",52000
"1075960","50100",11,0,1,"02",21300
"1076265","50100",16,0,2,"02",176800
"1076879","50100",32,0,2,"02",48800
"1077038","50100",16,0,3,"02",63400
"1078214","50100",15,0,0,"02",0
"1078308","50100",10,0,1,"08",9730
"1080086","50100",15,0,0,"06",0
"1080414","50100",11,0,5,"02",70730
"1081834","50100",11,0,6,"02",58000
"1082874","50100",16,0,2,"06",64300
"1083571","50100",10,0,1,"01",9000
"1083690","50100",14,0,0,"02",0
"1084734","50100",42,0,2,"02",58400
"1086197","50100",10,0,2,"02",157000
"1086532","50100",10,0,1,"01",26000
"1086689","50100",11,0,2,"01",20000
"1088002","50100",11,0,1,"02",23500
"1088138","50100",16,0,1,"02",29400
"1089789","50100",11,0,2,"02",220000
"1090062","50100",11,0,1,"01",10700
"1090139","50100",10,0,4,"05",74800
"1090289","50100",15,0,0,"02",0
"1091806","50100",37,0,4,"02",101600
"1092161","50100",111,0,0,"04",0
"1092498","50100",21,0,3,"02",44000
"1093658","50100",11,0,5,"02",71000
"1094102","50100",21,0,2,"06",6200
"1094816","50100",11,0,4,"02",102800
"1096644","50100",26,0,1,"02",19300
"1097672","50100",16,0,2,"04",338950
"1098152","50100",11,0,1,"02",6100
"1098207","50100",11,0,2,"02",53000
"1098220","50100",0,2,1,"  ",0
"1098633","50100",11,0,1,"02",22300
"1099842","50100",0,2,1,"  ",0
"1100133","50100",16,0,3,"02",67780
"1100860","50100",11,0,4,"02",86750
"1102393","50100",22,0,6,"02",1e+05
"1104260","50100",11,0,1,"02",40000
"1104301","50100",45,0,0,"02",0
"1105214","50100",42,0,1,"02",19570
"1105556","50100",10,0,4,"02",312000
"1107892","50100",16,0,1,"02",2100
"1107931","50100",11,0,6,"02",32920
"1108965","50100",22,0,0,"02",0
"1109195","50100",10,0,3,"02",55600
"1110489","50100",11,0,3,"02",56000
"1111148","50100",16,0,1,"02",62700
"1112117","50100",16,0,1,"01",33940
"1112766","50100",37,0,3,"06",19500
"1113446","50100",16,0,2,"02",61800
"1113526","50100",14,0,0,"05",0
"1113793","50100",15,0,0,"09",0
"1114258","50100",59,0,3,"02",45370
"1114662","50100",16,0,1,"02",7900
"1115178","50100",37,0,0,"02",0
"1119338","50100",37,0,2,"09",16200
"1119492","50100",37,0,0,"02",0
"1119511","50100",11,0,2,"02",21300
"1120132","50100",0,2,1,"  ",0
"1120238","50100",32,0,1,"02",49000
"1120672","50100",11,0,5,"02",57000
"1120881","50100",16,0,1,"02",60000
"1121759","50100",48,0,2,"02",46000
"1122119","50100",37,0,1,"02",7100
"1123833","50100",0,2,1,"  ",0
"1124573","50100",11,0,5,"02",65000
"1124612","50100",37,0,1,"09",7850
"1125903","50100",11,0,5,"02",59000
"1126127","50100",5,0,3,"01",21240
"1127681","50100",11,0,3,"02",85030
"1127886","50100",69,0,4,"02",28400
"1128017","50100",37,0,4,"02",151250
"1128074","50100",30,0,0,"02",0
"1128380","50100",10,0,6,"02",35400
"1129575","50100",0,2,1,"  ",0
"1130062","50100",31,0,2,"02",108000
"1130223","50100",22,0,3,"02",73600
"1130242","50100",0,1,1,"  ",0
"1131268","50100",22,0,1,"02",24600
"1131311","50100",15,0,0,"02",0
"1131653","50100",15,0,0,"02",0
"1131877","50100",11,0,4,"02",80500
"1131970","50100",16,0,3,"02",50780
"1132020","50100",26,0,2,"06",109000
"1133488","50100",0,2,1,"  ",0
"1134671","50100",15,0,0,"02",0
"1134883","50100",48,0,2,"02",60000
"1134945","50100",11,0,1,"01",2700
"1135840","50100",11,0,2,"02",129000
"1136127","50100",11,0,1,"02",22300
"1136524","50100",10,0,1,"02",2130
"1136804","50100",31,0,2,"05",51000
"1138063","50100",37,0,2,"02",19800
"1138676","50100",11,0,3,"02",101000
"1138724","50100",11,0,1,"06",24500
"1138961","50100",15,0,0,"02",0
"1140239","50100",11,0,4,"02",48600
"1140415","50100",15,0,0,"02",0
"1140978","50100",26,0,2,"02",73000
"1142338","50100",10,0,1,"02",8430
"1142463","50100",0,2,1,"  ",0
"1142663","50100",11,0,3,"02",23620
"1142857","50100",31,0,1,"02",40000
"1144781","50100",10,0,2,"02",30000
"1145102","50100",37,0,3,"06",11400
"1145214","50100",21,0,2,"02",35200
"1145608","50100",21,0,1,"02",9200
"1145666","50100",11,0,4,"01",23000
"1146119","50100",15,0,0,"02",0
"1146322","50100",15,0,0,"02",0
"1146353","50100",27,0,3,"02",48500
"1146488","50100",37,0,1,"04",16000
"1147419","50100",37,0,4,"02",58000
"1147423","50100",21,0,3,"02",420400
"1147645","50100",21,0,3,"02",59600
"1147677","50100",37,0,1,"05",37300
"1147957","50100",0,2,1,"  ",0
"1149985","50100",47,0,4,"01",70500
"1150172","50100",0,1,1,"  ",0
"1150761","50100",42,0,1,"06",15000
"1150789","50100",32,0,1,"02",110300
"1151075","50100",22,0,0,"02",0
"1151295","50100",0,1,1,"  ",0
"1151364","50100",27,0,2,"02",38000
"1151882","50100",0,2,1,"  ",0
"1152971","50100",10,0,2,"02",15400
"1153435","50100",37,0,1,"01",134500
"1153547","50100",16,0,1,"05",65000
"1153902","50100",11,0,2,"02",38400
"1156166","50100",14,0,0,"04",0
"1156651","50100",27,0,2,"02",4700
"1157424","50100",21,0,3,"02",96500
"1157903","50100",11,0,2,"05",46100
"1159249","50100",15,0,0,"06",0
"1159419","50100",31,0,2,"01",16200
"1159979","50100",51,0,0,"02",0
"1160325","50100",16,0,1,"02",0
"1161140","50100",21,0,4,"02",16050
"1161718","50100",26,0,3,"02",39300
"1161991","50100",11,0,2,"02",120000
"1162673","50100",10,0,3,"02",10600
"1162725","50100",15,0,0,"01",0
"1162764","50100",16,0,5,"02",35900
"1162862","50100",16,0,1,"02",85100
"1164677","50100",11,0,3,"02",58000
"1165405","50100",37,0,2,"02",355100
"1165679","50100",10,0,1,"02",8650
"1166841","50100",5,0,2,"02",61800
"1168235","50100",16,0,2,"02",25000
"1168605","50100",32,0,1,"06",12600
"1168839","50100",42,0,1,"06",46500
"1170023","50100",10,0,1,"02",58740
"1170602","50100",42,0,2,"02",72390
"1171191","50100",15,0,0,"02",0
"1171471","50100",10,0,2,"02",38080
"1172293","50100",22,0,0,"02",0
"1172919","50100",30,0,0,"02",0
"1173341","50100",10,0,1,"02",6000
"1173605","50100",10,0,5,"02",75400
"1174120","50100",16,0,4,"02",62000
"1174306","50100",16,0,2,"02",56080
"1175273","50100",15,0,0,"08",0
"1176826","50100",22,0,3,"02",76000
"1176895","50100",11,0,4,"02",65540
"1177670","50100",26,0,2,"02",34800
"1177677","50100",14,0,0,"02",0
"1177737","50100",32,0,4,"02",75700
"1180489","50100",37,0,3,"02",48700
"1182858","50100",11,0,2,"02",142250
"1183596","50100",0,2,1,"  ",0
"1183824","50100",16,0,1,"02",8400
"1185141","50100",47,0,1,"06",20620
"1186149","50100",16,0,4,"02",47400
"1188300","50100",15,0,0,"02",0
"1189807","50100",11,0,2,"02",14900
"1190586","50100",42,0,1,"05",15000
"1190652","50100",22,0,0,"02",0
"1190751","50100",16,0,1,"02",1200
"1190987","50100",11,0,2,"02",172000
"1192272","50100",15,0,0,"06",0
"1194637","50100",15,0,0,"02",0
"1194800","50100",16,0,1,"04",18000
"1194820","50100",15,0,2,"02",27800
"1194990","50100",11,0,2,"02",14700
"1196023","50100",32,0,2,"01",25520
"1196339","50100",48,0,3,"04",26600
"1196525","50100",26,0,2,"02",151900
"1196778","50100",42,0,2,"06",67800
"1199977","50100",10,0,4,"02",62700
"1201388","50100",0,2,1,"  ",0
"1201583","50100",11,0,2,"02",32050
"1201713","50100",14,0,0,"08",0
"1202211","50100",11,0,2,"02",95000
"1202433","50100",16,0,4,"05",43000
"1203164","50100",11,0,1,"02",26100
"1203225","50100",42,0,1,"08",42000
"1203556","50100",47,0,4,"03",67100
"1204972","50100",15,0,0,"02",0
"1205326","50100",10,0,2,"02",29200
"1205934","50100",42,0,4,"02",31500
"1206181","50100",11,0,3,"02",25000
"1206421","50100",15,0,0,"02",0
"1207546","50100",27,0,1,"06",10700
"1208080","50100",21,0,2,"02",27100
"1208359","50100",16,0,2,"05",0
"1208916","50100",5,0,4,"02",67500
"1209185","50100",11,0,3,"02",46000
"1209255","50100",26,0,4,"05",98400
"1209841","50100",11,0,2,"02",68300
"1211392","50100",10,0,4,"02",9520
"1212130","50100",15,0,0,"07",0
"1212419","50100",30,0,0,"06",0
"1212724","50100",11,0,4,"04",51000
"1213017","50100",16,0,1,"05",28000
"1213827","50100",14,0,0,"02",0
"1216682","50100",0,2,1,"  ",0
"1217623","50100",11,0,1,"02",33050
"1217783","50100",21,0,4,"02",52500
"1218565","50100",48,0,1,"02",21820
"1218891","50100",23,0,0,"07",0
"1218981","50100",11,0,2,"06",21500
"1219093","50100",15,0,0,"04",0
"1219306","50100",16,0,1,"02",12560
"1219583","50100",37,0,1,"09",8800
"1219923","50100",32,0,2,"02",73500
"1220005","50100",32,0,2,"05",16200
"1221158","50100",32,0,3,"02",32100
"1221594","50100",11,0,2,"02",56000
"1222038","50100",16,0,2,"02",40000
"1222118","50100",23,0,0,"02",0
"1222336","50100",29,0,0,"02",0
"1222672","50100",11,0,3,"02",64000
"1223447","50100",10,0,2,"02",45500
"1224927","50100",15,0,2,"02",3010
"1224963","50100",37,0,1,"04",37270
"1225438","50100",15,0,0,"02",0
"1225454","50100",11,0,3,"02",46520
"1225892","50100",43,0,2,"02",84900
"1226520","50100",37,0,1,"08",7000
"1226854","50100",16,0,3,"06",17110
"1227423","50100",0,2,1,"  ",0
"1229043","50100",11,0,2,"03",50900
"1229913","50100",81,0,0,"04",0
"1231308","50100",15,0,0,"03",0
"1231625","50100",5,0,2,"06",9100
"1234025","50100",32,0,2,"02",49000
"1235833","50100",14,0,0,"01",0
"1237196","50100",32,0,2,"06",13000
"1237929","50100",11,0,5,"02",115280
"1238766","50100",10,0,1,"05",50400
"1238896","50100",15,0,0,"01",0
"1239460","50100",10,0,3,"02",87270
"1240075","50100",43,0,1,"01",51140
"1241061","50100",10,0,1,"02",32900
"1241339","50100",11,0,3,"02",19500
"1241844","50100",10,0,1,"02",38000
"1242067","50100",32,0,1,"02",75000
"1242586","50100",10,0,4,"02",110000
"1242679","50100",16,0,4,"02",65700
"1242871","50100",32,0,5,"06",41500
"1244867","50100",10,0,2,"02",36700
"1245489","50100",48,0,1,"05",26700
"1245778","50100",10,0,6,"02",4970
"1245784","50100",11,0,4,"02",467000
"1245922","50100",10,0,2,"02",81130
"1246058","50100",15,0,0,"02",0
"1246565","50100",31,0,1,"02",11930
"1248248","50100",11,0,2,"02",11000
"1248341","50100",53,0,3,"05",31400
"1248539","50100",47,0,3,"02",34500
"1249952","50100",16,0,1,"05",15000
"1250063","50100",11,0,4,"02",343800
"1251001","50100",10,0,4,"02",39000
"1251512","50100",42,0,2,"03",64600
"1252669","50100",16,0,4,"02",54000
"1253168","50100",14,0,0,"02",0
"1253423","50100",47,0,2,"02",6000
"1253434","50100",26,0,2,"09",24800
"1254327","50100",11,0,2,"02",2400
"1255750","50100",6,0,4,"02",73910
"1255941","50100",16,0,3,"04",52800
"1257843","50100",21,0,5,"03",74400
"1257972","50100",16,0,2,"02",63500
"1258599","50100",31,0,1,"02",5000
"1259155","50100",15,0,0,"02",0
"1261424","50100",10,0,4,"02",90000
"1261988","50100",37,0,2,"05",20000
"1262308","50100",11,0,3,"04",30000
"1262544","50100",10,0,3,"02",75970
"1262605","50100",22,0,0,"02",0
"1262952","50100",11,0,3,"02",188920
"1263367","50100",37,0,1,"02",24300
"1265429","50100",11,0,1,"01",0
"1267623","50100",10,0,2,"02",33000
"1268265","50100",11,0,1,"06",12000
"1268518","50100",15,0,0,"02",0
"1269163","50100",16,0,1,"02",33500
"1269400","50100",32,0,4,"01",83120
"1270536","50100",0,2,1,"  ",0
"1271178","50100",0,1,1,"  ",0
"1271393","50100",0,1,1,"  ",0
"1271489","50100",42,0,5,"02",34800
"1272556","50100",29,0,0,"02",0
"1273397","50100",11,0,5,"02",76030
"1273796","50100",15,0,0,"01",0
"1275371","50100",15,0,4,"01",71700
"1276744","50100",37,0,1,"01",8400
"1277474","50100",48,0,2,"01",42500
"1277733","50100",10,0,4,"02",56000
"1278368","50100",11,0,1,"02",23990
"1280649","50100",10,0,1,"02",20800
"1281207","50100",23,0,0,"04",0
"1282525","50100",43,0,3,"02",39500
"1282598","50100",16,0,4,"02",19000
"1282685","50100",10,0,2,"02",51700
"1284792","50100",14,0,0,"02",0
"1284804","50100",37,0,2,"05",35000
"1285249","50100",14,0,0,"02",0
"1285421","50100",22,0,0,"02",0
"1285454","50100",11,0,2,"02",101100
"1286500","50100",0,2,1,"  ",0
"1286790","50100",11,0,4,"02",31700
"1286941","50100",11,0,4,"02",116300
"1287185","50100",32,0,2,"04",42700
"1287500","50100",32,0,1,"02",27400
"1289088","50100",43,0,2,"02",72500
"1289608","50100",11,0,4,"02",43100
"1290024","50100",42,0,1,"09",27700
"1290640","50100",10,0,7,"02",39560
"1290706","50100",15,0,0,"02",0
"1291357","50100",10,0,1,"04",28400
"1292146","50100",26,0,3,"05",114370
"1292172","50100",15,0,3,"02",47300
"1292236","50100",21,0,1,"01",17300
"1292349","50100",22,0,0,"02",0
"1292402","50100",10,0,2,"02",105000
"1292594","50100",10,0,2,"02",59400
"1292808","50100",11,0,5,"05",23700
"1292894","50100",16,0,5,"02",51200
"1294079","50100",21,0,2,"02",32600
"1294223","50100",30,0,0,"02",0
"1294628","50100",16,0,2,"02",60000
"1296144","50100",21,0,5,"02",53600
"1297264","50100",11,0,2,"01",46800
"1297442","50100",15,0,2,"02",47800
"1297978","50100",11,0,1,"03",6800
"1298358","50100",0,2,1,"  ",0
"1298565","50100",16,0,1,"02",26000
"1298828","50100",10,0,2,"02",52800
"1301166","50100",32,0,2,"01",19180
"1301439","50100",14,0,0,"02",0
"1301742","50100",26,0,2,"04",30500
"1301971","50100",11,0,2,"05",40000
"1303190","50100",10,0,2,"01",45360
"1303746","50100",26,0,1,"04",35300
"1304016","50100",42,0,1,"02",35900
"1304935","50100",15,0,0,"02",0
"1305003","50100",21,0,4,"02",104190
"1306134","50100",5,0,4,"01",31000
"1306725","50100",37,0,0,"05",0
"1306986","50100",10,0,1,"04",21400
"1307429","50100",15,0,0,"02",0
"1310197","50100",47,0,1,"09",7000
"1310527","50100",16,0,1,"02",122900
"1310773","50100",26,0,1,"04",22800
"1311447","50100",10,0,2,"04",79800
"1312712","50100",16,0,2,"02",67100
"1312957","50100",10,0,2,"02",121400
"1313481","50100",37,0,3,"02",96600
"1313524","50100",37,0,2,"04",78020
"1313733","50100",16,0,3,"02",169000
"1314052","50100",42,0,1,"06",21800
"1314148","50100",11,0,3,"02",59900
"1315771","50100",10,0,4,"02",77070
"1316500","50100",15,0,0,"08",0
"1316877","50100",15,0,0,"03",0
"1317791","50100",11,0,5,"02",63404
"1318240","50100",15,0,0,"02",0
"1318901","50100",11,0,4,"02",87000
"1320089","50100",16,0,2,"02",27000
"1320235","50100",11,0,2,"10",26100
"1320832","50100",15,0,0,"02",0
"1320834","50100",22,0,0,"02",0
"1321248","50100",26,0,3,"02",96100
"1322545","50100",37,0,1,"01",36000
"1325475","50100",23,0,0,"06",0
"1325985","50100",16,0,2,"02",37700
"1326317","50100",11,0,2,"02",53070
"1326670","50100",16,0,2,"01",20000
"1327534","50100",32,0,3,"01",44000
"1328345","50100",15,0,3,"02",34200
"1328470","50100",14,0,0,"02",0
"1329250","50100",42,0,3,"01",18500
"1330514","50100",26,0,4,"02",52000
"1330699","50100",14,0,0,"02",0
"1331092","50100",15,0,0,"01",0
"1331993","50100",10,0,2,"02",30000
"1332391","50100",21,0,3,"01",45800
"1332445","50100",10,0,1,"02",14100
"1333051","50100",16,0,7,"02",73900
"1333606","50100",10,0,2,"02",39500
"1333925","50100",10,0,2,"02",57500
"1334050","50100",11,0,2,"02",50100
"1335492","50100",47,0,2,"05",22800
"1335638","50100",48,0,1,"08",27700
"1337166","50100",10,0,1,"02",13000
"1338106","50100",37,0,0,"02",0
"1338466","50100",11,0,1,"02",22000
"1339299","50100",16,0,1,"02",28000
"1342491","50100",11,0,2,"02",290000
"1342732","50100",11,0,2,"02",36200
"1343473","50100",11,0,2,"02",129000
"1344051","50100",11,0,2,"05",15500
"1344227","50100",11,0,2,"02",55300
"1344640","50100",10,0,3,"02",76000
"1345266","50100",11,0,3,"02",73000
"1348286","50100",11,0,1,"02",15000
"1350857","50100",22,0,0,"04",0
"1350930","50100",5,0,3,"02",68140
"1351693","50100",10,0,2,"05",44550
"1351727","50100",10,0,1,"04",51300
"1352544","50100",5,0,5,"02",63170
"1353122","50100",10,0,2,"02",15160
"1353965","50100",32,0,2,"06",19300
"1354748","50100",10,0,1,"01",47730
"1354803","50100",15,0,0,"03",0
"1355308","50100",44,0,0,"02",0
"1356788","50100",32,0,3,"02",120000
"1357857","50100",0,2,1,"  ",0
"1357920","50100",42,0,2,"04",62700
"1359936","50100",11,0,2,"02",40300
"1360676","50100",11,0,1,"02",18360
"1360896","50100",11,0,3,"02",6000
"1361322","50100",10,0,3,"02",55400
"1361415","50100",11,0,2,"01",72600
"1362345","50100",10,0,3,"02",54000
"1362799","50100",0,2,1,"  ",0
"1362839","50100",22,0,0,"02",0
"1363681","50100",15,0,2,"01",16130
"1366232","50100",15,0,0,"04",0
"1366609","50100",21,0,2,"02",83200
"1366895","50100",10,0,2,"03",71000
"1366987","50100",26,0,2,"02",74000
"1367173","50100",21,0,3,"04",70700
"1367340","50100",0,2,1,"  ",0
"1367979","50100",15,0,0,"07",0
"1368149","50100",32,0,4,"02",90300
"1368315","50100",15,0,0,"02",0
"1368356","50100",37,0,5,"02",45080
"1368434","50100",11,0,1,"01",22000
"1368495","50100",16,0,2,"02",42000
"1368524","50100",37,0,4,"08",21900
"1371737","50100",8,0,0,"03",0
"1371952","50100",14,0,0,"02",0
"1372197","50100",6,0,2,"02",65000
"1375077","50100",15,0,0,"02",0
"1375711","50100",5,0,2,"02",19060
"1375725","50100",26,0,4,"02",80000
"1377118","50100",37,0,3,"02",41600
"1378067","50100",21,0,5,"01",48800
"1378214","50100",37,0,2,"04",36000
"1381404","50100",37,0,1,"02",13320
"1381600","50100",16,0,1,"02",14600
"1381612","50100",11,0,2,"02",38510
"1381924","50100",15,0,0,"04",0
"1383739","50100",47,0,1,"04",35250
"1383949","50100",37,0,1,"08",21400
"1384447","50100",0,2,1,"  ",0
"1385128","50100",48,0,1,"03",59720
"1386220","50100",10,0,1,"02",11900
"1386460","50100",21,0,2,"03",88500
"1386741","50100",37,0,3,"02",23400
"1387354","50100",22,0,2,"01",46000
"1387399","50100",30,0,0,"06",0
"1388406","50100",16,0,1,"02",75100
"1388752","50100",11,0,3,"02",131500
"1388867","50100",10,0,4,"02",120000
"1389226","50100",42,0,1,"06",57000
"1390033","50100",10,0,1,"06",13800
"1390656","50100",15,0,0,"02",0
"1391265","50100",15,0,0,"02",0
"1391341","50100",11,0,1,"02",23530
"1391571","50100",21,0,2,"02",34700
"1391945","50100",15,0,0,"04",0
"1392038","50100",11,0,2,"02",104900
"1392194","50100",16,0,1,"01",2200
"1393661","50100",26,0,6,"02",43580
"1394271","50100",11,0,3,"02",64000
"1394562","50100",16,0,5,"02",30500
"1394909","50100",11,0,1,"02",18200
"1395139","50100",0,2,1,"  ",0
"1396760","50100",31,0,1,"08",17000
"1397014","50100",16,0,4,"02",26900
"1397482","50100",29,0,0,"01",0
"1397880","50100",0,2,1,"  ",0
"1398119","50100",38,0,1,"02",0
"1398596","50100",15,0,0,"02",0
"1398774","50100",11,0,1,"02",11000
"1399751","50100",5,0,3,"02",63100
"1400153","50100",22,0,0,"02",0
"1400705","50100",10,0,5,"02",117200
"1401100","50100",42,0,1,"02",63400
"1403174","50100",0,1,1,"  ",0
"1403183","50100",10,0,2,"02",18000
"1403590","50100",10,0,2,"02",13530
"1404809","50100",14,0,0,"02",0
"1404964","50100",11,0,1,"06",55000
"1405181","50100",31,0,2,"04",26100
"1405432","50100",42,0,4,"02",30000
"1406849","50100",42,0,2,"02",309000
"1407101","50100",15,0,0,"02",0
"1407671","50100",11,0,6,"01",57850
"1408241","50100",16,0,2,"02",23300
"1409394","50100",0,1,1,"  ",0
"1411905","50100",37,0,1,"09",8180
"1411922","50100",10,0,4,"02",57980
"1413358","50100",37,0,4,"02",34000
"1413864","50100",16,0,1,"02",47000
"1413967","50100",53,0,1,"06",0
"1414217","50100",15,0,0,"04",0
"1414687","50100",14,0,0,"02",0
"1414714","50100",7,0,0,"02",0
"1415344","50100",11,0,2,"02",41700
"1415997","50100",21,0,1,"02",32900
"1416119","50100",37,0,0,"03",0
"1418105","50100",37,0,1,"01",26400
"1420077","50100",10,0,4,"02",55300
"1420236","50100",10,0,1,"02",35500
"1420778","50100",15,0,0,"02",0
"1421115","50100",22,0,7,"04",48500
"1422377","50100",15,0,0,"02",0
"1422420","50100",37,0,1,"05",18230
"1423321","50100",11,0,3,"02",53240
"1423378","50100",15,0,0,"05",0
"1423590","50100",37,0,2,"08",95450
"1425049","50100",29,0,0,"02",0
"1425347","50100",11,0,1,"01",4900
"1425728","50100",10,0,4,"02",40510
"1425838","50100",43,0,2,"02",72600
"1425862","50100",16,0,4,"02",56470
"1426411","50100",21,0,4,"02",76650
"1427785","50100",11,0,2,"02",45000
"1428821","50100",11,0,4,"04",39870
"1428906","50100",22,0,0,"02",0
"1429307","50100",11,0,2,"02",19810
"1429653","50100",11,0,1,"04",27300
"1430469","50100",43,0,4,"02",50340
"1431432","50100",16,0,3,"02",70900
"1431730","50100",10,0,2,"02",130000
"1433593","50100",42,0,1,"02",27800
"1433705","50100",10,0,2,"01",24500
"1434528","50100",0,2,1,"  ",0
"1436038","50100",11,0,1,"04",13600
"1436061","50100",21,0,1,"04",23000
"1436211","50100",11,0,3,"04",78000
"1436528","50100",6,0,2,"02",6000
"1438764","50100",11,0,2,"01",18000
"1440585","50100",11,0,3,"02",62240
"1440740","50100",10,0,2,"02",75370
"1441188","50100",15,0,0,"02",0
"1442388","50100",10,0,3,"02",116610
"1443139","50100",16,0,2,"02",16000
"1443345","50100",11,0,2,"02",72700
"1443860","50100",16,0,4,"02",48600
"1444062","50100",16,0,1,"02",21900
"1445019","50100",16,0,1,"02",24100
"1445447","50100",15,0,0,"02",0
"1445717","50100",37,0,3,"02",16600
"1446183","50100",16,0,2,"02",21400
"1448203","50100",11,0,4,"02",32100
"1448939","50100",11,0,4,"02",60000
"1449851","50100",32,0,6,"02",-4200
"1450132","50100",11,0,4,"02",109500
"1450582","50100",15,0,0,"04",0
"1450649","50100",0,1,1,"  ",0
"1451436","50100",30,0,0,"02",0
"1451628","50100",14,0,0,"02",0
"1451684","50100",37,0,0,"02",0
"1452075","50100",11,0,2,"02",30000
"1452099","50100",0,2,1,"  ",0
"1453335","50100",11,0,4,"02",25000
"1453683","50100",11,0,1,"02",45000
"1456767","50100",59,0,2,"05",22300
"1460088","50100",37,0,1,"03",38600
"1461812","50100",10,0,2,"02",59000
"1463244","50100",16,0,6,"01",29400
"1463934","50100",0,2,1,"  ",0
"1464674","50100",32,0,1,"01",17100
"1465192","50100",26,0,1,"02",12700
"1466075","50100",11,0,2,"02",22500
"1466777","50100",59,0,0,"02",0
"1467091","50100",31,0,2,"07",840
"1467744","50100",14,0,0,"02",0
"1467757","50100",22,0,0,"02",0
"1468315","50100",26,0,4,"01",43100
"1469668","50100",0,2,1,"  ",0
"1470535","50100",48,0,1,"03",113000
"1470592","50100",15,0,0,"03",0
"1470875","50100",15,0,0,"02",0
"1471919","50100",32,0,2,"04",13520
"1472290","50100",15,0,0,"02",0
"1472672","50100",21,0,4,"02",48200
"1473176","50100",14,0,0,"02",0
"1473242","50100",0,1,1,"  ",0
"1473595","50100",11,0,3,"02",63160
"1474761","50100",15,0,0,"02",0
"1474792","50100",0,2,1,"  ",0
"1475722","50100",32,0,2,"04",25600
"1476033","50100",15,0,0,"05",0
"1476294","50100",10,0,2,"02",76760
"1477431","50100",15,0,0,"02",0
"1477618","50100",11,0,3,"02",300600
"1477675","50100",10,0,2,"02",83000
"1478556","50100",22,0,2,"01",62100
"1479183","50100",11,0,3,"02",23500
"1479919","50100",32,0,1,"07",11330
"1480401","50100",16,0,5,"04",40500
"1480944","50100",11,0,2,"02",80800
"1481164","50100",16,0,4,"02",42700
"1481943","50100",47,0,2,"03",5400
"1482906","50100",6,0,5,"02",76010
"1483133","50100",11,0,4,"02",178000
"1484290","50100",0,1,1,"  ",0
"1485349","50100",26,0,5,"02",39000
"1486323","50100",11,0,2,"02",88860
"1486592","50100",10,0,3,"02",53000
"1487229","50100",16,0,2,"02",48000
"1488566","50100",10,0,8,"02",43500
"1488757","50100",27,0,2,"01",22210
"1488816","50100",11,0,1,"05",49000
"1490007","50100",32,0,1,"05",43000
"1491447","50100",21,0,2,"02",34170
"1491925","50100",10,0,2,"02",64600
"1492435","50100",10,0,2,"02",65000
"1492744","50100",23,0,0,"04",0
"1493269","50100",21,0,4,"02",99000
"1493496","50100",31,0,2,"01",15200
"1494161","50100",30,0,0,"02",0
"1495230","50100",47,0,2,"04",3900
"1495340","50100",10,0,4,"09",28600
"1495673","50100",15,0,0,"02",0
"1495953","50100",22,0,0,"02",0
"1495997","50100",31,0,2,"09",66400
"1496575","50100",47,0,3,"02",33100
"1496643","50100",11,0,3,"02",59000
"1496739","50100",37,0,1,"06",61000
"1497182","50100",32,0,2,"02",31330
"1497535","50100",32,0,1,"02",30380
"1497636","50100",10,0,4,"02",49400
"1498490","50100",32,0,1,"02",12000
"1499940","50100",44,0,0,"02",0
"1499950","50100",11,0,2,"02",47000
"1500273","50100",16,0,1,"02",0
"1501566","50100",10,0,2,"02",120000
"1502055","50100",26,0,1,"02",26000
"1502231","50100",11,0,2,"02",36900
"1502880","50100",5,0,4,"02",33400
"1504253","50100",16,0,2,"01",20000
"1505541","50100",21,0,2,"02",41000
"1507982","50100",11,0,2,"02",26200
"1508601","50100",0,2,1,"  ",0
"1509069","50100",15,0,0,"04",0
"1509620","50100",38,0,3,"03",116030
"1510239","50100",16,0,2,"02",66200
"1511284","50100",11,0,6,"02",56000
"1511472","50100",21,0,2,"02",55150
"1512732","50100",10,0,1,"02",8000
"1512963","50100",16,0,1,"03",10000
"1512997","50100",10,0,2,"02",29200
"1513777","50100",21,0,6,"02",43600
"1514643","50100",21,0,2,"02",55400
"1515027","50100",37,0,2,"04",68300
"1515407","50100",21,0,2,"02",34700
"1515480","50100",10,0,5,"01",57000
"1515613","50100",6,0,3,"06",22500
"1517745","50100",47,0,2,"02",163500
"1518519","50100",53,0,1,"06",19300
"1518824","50100",22,0,0,"02",0
"1519449","50100",10,0,2,"02",48400
"1519470","50100",15,0,0,"02",0
"1519587","50100",10,0,2,"02",72000
"1522116","50100",42,0,2,"02",63680
"1522509","50100",15,0,0,"02",0
"1523247","50100",11,0,2,"02",38610
"1525171","50100",14,0,0,"02",0
"1525179","50100",16,0,2,"02",22900
"1525696","50100",11,0,2,"02",11600
"1525729","50100",22,0,0,"02",0
"1526922","50100",11,0,3,"01",32700
"1527016","50100",37,0,2,"02",21480
"1527510","50100",42,0,2,"02",58600
"1527517","50100",51,0,0,"01",0
"1527651","50100",15,0,0,"02",0
"1527951","50100",22,0,0,"02",0
"1528031","50100",15,0,0,"10",0
"1528264","50100",11,0,3,"02",54000
"1528734","50100",15,0,0,"01",0
"1528800","50100",16,0,2,"01",40800
"1531873","50100",30,0,0,"06",0
"1532932","50100",118,0,0,"02",0
"1533731","50100",0,2,1,"  ",0
"1534843","50100",42,0,2,"02",35000
"1536052","50100",16,0,1,"02",30600
"1536723","50100",11,0,2,"02",70900
"1536816","50100",11,0,2,"02",43600
"1537274","50100",48,0,2,"02",118000
"1538384","50100",21,0,1,"04",15100
"1539213","50100",11,0,1,"02",16000
"1539311","50100",37,0,2,"03",46800
"1539389","50100",11,0,3,"01",323100
"1540675","50100",32,0,2,"05",63350
"1541000","50100",37,0,0,"04",0
"1542830","50100",15,0,0,"02",0
"1544184","50100",11,0,4,"02",110000
"1544657","50100",14,0,0,"02",0
"1544924","50100",15,0,0,"02",0
"1545134","50100",11,0,5,"02",46350
"1545551","50100",21,0,2,"02",60000
"1546645","50100",15,0,0,"09",0
"1547132","50100",11,0,6,"02",97800
"1547673","50100",10,0,4,"02",30320
"1548120","50100",29,0,0,"03",0
"1549162","50100",16,0,2,"03",62000
"1549419","50100",32,0,2,"03",133520
"1549503","50100",11,0,2,"02",21800
"1549653","50100",11,0,2,"02",46040
"1549810","50100",21,0,1,"02",30600
"1549996","50100",32,0,2,"04",32800
"1550982","50100",22,0,0,"02",0
"1551148","50100",15,0,0,"02",0
"1553167","50100",11,0,3,"02",109200
"1554376","50100",10,0,2,"02",20600
"1554434","50100",16,0,2,"02",61650
"1555389","50100",26,0,4,"02",93180
"1555609","50100",10,0,2,"06",9800
"1555829","50100",21,0,2,"02",54100
"1555852","50100",48,0,1,"02",46180
"1555856","50100",11,0,4,"02",34090
"1556166","50100",42,0,1,"06",24200
"1556563","50100",10,0,4,"02",29200
"1556585","50100",5,0,1,"05",37000
"1558174","50100",10,0,1,"02",28580
"1558254","50100",10,0,2,"02",71300
"1558383","50100",11,0,2,"02",26100
"1560900","50100",11,0,1,"02",30000
"1562760","50100",15,0,0,"02",0
"1563140","50100",11,0,2,"02",29600
"1563380","50100",37,0,2,"02",91000
"1563655","50100",11,0,4,"02",58000
"1564406","50100",0,2,1,"  ",0
"1565073","50100",37,0,2,"08",76010
"1565161","50100",10,0,1,"02",31000
"1565990","50100",11,0,3,"02",21300
"1566174","50100",0,2,1,"  ",0
"1568596","50100",11,0,3,"01",19200
"1569061","50100",32,0,2,"02",146600
"1569639","50100",15,0,0,"02",0
"1570962","50100",11,0,2,"01",23500
"1572047","50100",10,0,4,"02",145000
"1573714","50100",10,0,4,"02",1e+05
"1575019","50100",16,0,1,"06",82710
"1575263","50100",10,0,3,"02",71900
"1576202","50100",16,0,1,"02",41000
"1576901","50100",11,0,4,"01",32500
"1577047","50100",15,0,2,"01",46600
"1577311","50100",11,0,4,"02",155100
"1577430","50100",16,0,4,"01",46000
"1577581","50100",15,0,0,"02",0
"1577818","50100",10,0,3,"02",73020
"1577917","50100",53,0,3,"08",22000
"1577946","50100",11,0,3,"02",66200
"1578521","50100",16,0,4,"05",12300
"1579889","50100",48,0,1,"02",17400
"1580927","50100",42,0,4,"04",18000
"1581270","50100",10,0,1,"04",33700
"1581281","50100",14,0,0,"08",0
"1581733","50100",15,0,0,"02",0
"1581802","50100",16,0,1,"02",17200
"1582448","50100",21,0,3,"02",47500
"1583116","50100",11,0,2,"02",120000
"1583742","50100",16,0,3,"02",66370
"1584814","50100",15,0,0,"05",0
"1584888","50100",10,0,3,"05",53420
"1587132","50100",26,0,2,"02",20600
"1588250","50100",31,0,4,"02",88600
"1590579","50100",15,0,0,"02",0
"1591018","50100",11,0,4,"02",63000
"1592068","50100",37,0,5,"02",62800
"1592673","50100",16,0,2,"02",24000
"1593364","50100",10,0,2,"02",88300
"1593488","50100",11,0,3,"02",111000
"1593862","50100",11,0,4,"02",61400
"1595858","50100",16,0,1,"02",21320
"1596183","50100",0,2,1,"  ",0
"1596869","50100",16,0,2,"02",92700
"1596941","50100",21,0,5,"02",41000
"1597303","50100",44,0,0,"05",0
"1597753","50100",10,0,2,"02",127900
"1598412","50100",10,0,2,"02",23880
"1598438","50100",11,0,5,"02",79600
"1598492","50100",7,0,4,"02",126800
"1598709","50100",5,0,2,"02",78100
"1598993","50100",15,0,0,"02",0
"1599208","50100",10,0,1,"02",25820
"1599530","50100",11,0,1,"02",25000
"1599668","50100",15,0,0,"02",0
"1599696","50100",37,0,2,"03",159800
"1599821","50100",21,0,1,"02",39590
"1600083","50100",27,0,1,"02",54030
"1600367","50100",11,0,3,"02",106040
"1600571","50100",5,0,4,"04",31060
"1600789","50100",11,0,2,"02",58900
"1601307","50100",10,0,3,"01",38000
"1601529","50100",0,2,1,"  ",0
"1602665","50100",11,0,2,"05",81000
"1603271","50100",16,0,2,"02",84700
"1604267","50100",32,0,2,"02",13000
"1604555","50100",16,0,5,"02",77504
"1606120","50100",27,0,1,"07",10320
"1607034","50100",0,1,1,"  ",0
"1607516","50100",16,0,1,"05",8000
"1607649","50100",10,0,1,"04",11000
"1608539","50100",31,0,2,"01",28200
"1609548","50100",0,1,1,"  ",0
"1610062","50100",11,0,2,"02",143270
"1610974","50100",66,0,0,"02",0
"1613421","50100",0,2,1,"  ",0
"1613766","50100",0,2,1,"  ",0
"1613910","50100",58,0,4,"01",34700
"1615334","50100",22,0,4,"02",100500
"1615983","50100",37,0,2,"04",43900
"1616154","50100",16,0,2,"01",38000
"1617679","50100",11,0,3,"02",14000
"1618338","50100",16,0,3,"02",6000
"1619484","50100",21,0,2,"02",58600
"1619916","50100",16,0,2,"02",85500
"1621524","50100",10,0,1,"02",101000
"1622783","50100",10,0,2,"02",94700
"1623279","50100",26,0,2,"02",90300
"1625199","50100",48,0,2,"05",39500
"1625279","50100",32,0,2,"07",38200
"1626834","50100",48,0,1,"08",9600
"1627157","50100",16,0,2,"02",27800
"1627403","50100",37,0,2,"02",15000
"1631407","50100",10,0,4,"02",69500
"1631465","50100",14,0,0,"02",0
"1632738","50100",42,0,1,"04",26210
"1632971","50100",42,0,1,"04",13200
"1632988","50100",42,0,3,"02",16000
"1634103","50100",16,0,2,"02",22700
"1634591","50100",10,0,2,"02",3400
"1635356","50100",42,0,4,"02",151100
"1636016","50100",11,0,1,"02",62000
"1636024","50100",16,0,2,"02",50000
"1636350","50100",11,0,6,"02",147630
"1636948","50100",22,0,0,"02",0
"1637397","50100",10,0,4,"02",204620
"1638783","50100",15,0,0,"03",0
"1639708","50100",10,0,3,"02",77050
"1640066","50100",43,0,4,"02",99900
"1640175","50100",11,0,1,"02",37900
"1640182","50100",10,0,3,"02",70200
"1640470","50100",10,0,2,"02",119600
"1640536","50100",23,0,0,"02",0
"1640549","50100",53,0,1,"04",54000
"1641537","50100",32,0,1,"07",28800
"1642144","50100",48,0,1,"05",9790
"1642624","50100",0,2,1,"  ",0
"1643215","50100",10,0,4,"01",19000
"1643429","50100",53,0,3,"02",59560
"1643485","50100",10,0,2,"02",80900
"1643703","50100",15,0,0,"02",0
"1643736","50100",48,0,1,"01",11000
"1644079","50100",10,0,2,"02",90050
"1644158","50100",11,0,2,"05",35940
"1644312","50100",0,1,1,"  ",0
"1645433","50100",37,0,3,"08",12000
"1646467","50100",11,0,2,"02",13000
"1646556","50100",11,0,2,"02",160000
"1649864","50100",31,0,2,"09",27200
"1650407","50100",10,0,2,"02",24950
"1650830","50100",0,2,1,"  ",0
"1651090","50100",10,0,3,"02",18000
"1651440","50100",15,0,1,"01",20300
"1651534","50100",42,0,1,"06",26000
"1652062","50100",11,0,2,"02",13800
"1652147","50100",15,0,0,"01",0
"1653032","50100",10,0,2,"02",27600
"1654883","50100",27,0,2,"08",37400
"1655132","50100",15,0,2,"02",20700
"1655294","50100",21,0,2,"02",17700
"1657261","50100",15,0,0,"02",0
"1657506","50100",16,0,5,"02",56200
"1657578","50100",11,0,1,"08",7900
"1659014","50100",10,0,4,"02",33300
"1659818","50100",14,0,0,"09",0
"1660540","50100",11,0,3,"01",38100
"1660671","50100",16,0,2,"02",72000
"1661465","50100",6,0,5,"02",46400
"1661893","50100",15,0,0,"02",0
"1664007","50100",15,0,0,"06",0
"1664090","50100",42,0,3,"04",29100
"1664996","50100",11,0,2,"01",9200
"1665003","50100",15,0,0,"02",0
"1665260","50100",22,0,0,"02",0
"1665542","50100",42,0,1,"02",101700
"1665612","50100",21,0,1,"02",58000
"1669008","50100",48,0,1,"03",21100
"1669051","50100",16,0,2,"02",32700
"1669812","50100",43,0,1,"04",16000
"1670245","50100",21,0,2,"01",37100
"1671236","50100",16,0,2,"02",53010
"1671283","50100",53,0,3,"04",8000
"1672679","50100",0,2,1,"  ",0
"1672801","50100",16,0,1,"05",45000
"1672934","50100",14,0,0,"02",0
"1673335","50100",37,0,1,"06",23010
"1673414","50100",11,0,3,"02",58100
"1674626","50100",5,0,4,"06",36190
"1675466","50100",32,0,1,"02",14980
"1676155","50100",58,0,1,"09",8610
"1676450","50100",10,0,4,"02",44000
"1676565","50100",16,0,2,"02",46400
"1676908","50100",15,0,1,"08",6700
"1677276","50100",21,0,2,"02",36700
"1677900","50100",11,0,4,"02",38800
"1678138","50100",37,0,1,"06",6100
"1678578","50100",48,0,5,"01",58300
"1678717","50100",11,0,3,"02",24000
"1679717","50100",23,0,0,"03",0
"1680721","50100",11,0,1,"02",7000
"1682360","50100",15,0,0,"03",0
"1682977","50100",31,0,4,"02",58500
"1683004","50100",10,0,5,"03",53700
"1683694","50100",14,0,0,"02",0
"1683879","50100",11,0,3,"02",119100
"1684052","50100",32,0,2,"02",47440
"1684501","50100",16,0,1,"02",43100
"1685332","50100",27,0,2,"02",31900
"1686823","50100",15,0,0,"03",0
"1687043","50100",10,0,2,"04",61700
"1687187","50100",10,0,1,"04",30000
"1687720","50100",44,0,0,"06",0
"1688706","50100",15,0,0,"02",0
"1688727","50100",10,0,4,"04",9750
"1688820","50100",10,0,4,"02",36000
"1689080","50100",22,0,0,"02",0
"1689669","50100",10,0,4,"02",39000
"1689890","50100",11,0,3,"02",27500
"1693788","50100",21,0,2,"02",21850
"1695757","50100",16,0,2,"02",32600
"1696061","50100",11,0,2,"02",191000
"1696462","50100",10,0,1,"04",35980
"1696789","50100",0,1,1,"  ",0
"1696823","50100",15,0,0,"08",0
"1699269","50100",11,0,3,"02",57100
"1699427","50100",37,0,3,"02",28200
"1700299","50100",6,0,3,"01",56200
"1701941","50100",42,0,1,"05",8000
"1702163","50100",37,0,2,"02",36500
"1702586","50100",37,0,1,"02",18200
"1702898","50100",10,0,1,"02",35000
"1703060","50100",10,0,3,"02",33400
"1703765","50100",16,0,1,"02",27100
"1704396","50100",42,0,1,"05",33500
"1705348","50100",14,0,0,"02",0
"1705798","50100",15,0,0,"01",0
"1705915","50100",16,0,2,"03",0
"1706029","50100",21,0,4,"02",30100
"1706647","50100",11,0,2,"02",158200
"1707406","50100",0,1,1,"  ",0
"1707814","50100",10,0,2,"02",3000
"1707840","50100",27,0,4,"02",27600
"1708544","50100",15,0,0,"02",0
"1708797","50100",16,0,2,"02",76800
"1710083","50100",43,0,3,"08",27000
"1710775","50100",0,2,1,"  ",0
"1711498","50100",0,2,1,"  ",0
"1711594","50100",48,0,1,"02",34340
"1712688","50100",5,0,2,"02",47040
"1712855","50100",16,0,2,"02",55000
"1713806","50100",7,0,0,"02",0
"1714398","50100",16,0,2,"02",53180
"1715038","50100",21,0,1,"02",9500
"1715075","50100",22,0,0,"02",0
"1715085","50100",22,0,0,"02",0
"1717350","50100",11,0,2,"02",37650
"1717407","50100",10,0,2,"02",65000
"1717995","50100",16,0,6,"02",100220
"1718889","50100",26,0,2,"06",32200
"1719750","50100",43,0,1,"07",45400
"1720704","50100",16,0,1,"02",38800
"1722037","50100",16,0,6,"02",34400
"1722538","50100",16,0,4,"02",86260
"1723672","50100",11,0,1,"04",42000
"1724327","50100",15,0,0,"02",0
"1724475","50100",15,0,0,"10",0
"1725225","50100",0,2,1,"  ",0
"1726168","50100",10,0,7,"02",96210
"1726767","50100",0,2,1,"  ",0
"1729474","50100",26,0,7,"02",38000
"1732407","50100",11,0,3,"02",30400
"1732432","50100",0,2,1,"  ",0
"1733302","50100",37,0,3,"02",45990
"1734104","50100",10,0,2,"01",37000
"1734197","50100",16,0,2,"02",22100
"1735534","50100",10,0,2,"02",31200
"1736106","50100",16,0,1,"04",8000
"1736672","50100",11,0,2,"04",16800
"1736934","50100",11,0,2,"02",28200
"1737756","50100",15,0,1,"02",22400
"1739860","50100",32,0,3,"06",27800
"1741082","50100",11,0,2,"02",85580
"1741263","50100",10,0,4,"02",33970
"1741892","50100",21,0,2,"02",88700
"1743106","50100",16,0,1,"02",12600
"1743450","50100",42,0,2,"02",35730
"1743726","50100",11,0,2,"02",37100
"1743773","50100",48,0,2,"03",72230
"1743785","50100",15,0,4,"02",65000
"1743936","50100",15,0,2,"02",7080
"1744162","50100",14,0,0,"02",0
"1745738","50100",15,0,0,"02",0
"1746096","50100",16,0,1,"05",10500
"1748984","50100",32,0,2,"02",32600
"1749026","50100",11,0,3,"02",20300
"1749654","50100",21,0,7,"02",32400
"1751197","50100",47,0,2,"02",177900
"1751512","50100",37,0,3,"02",60000
"1751719","50100",10,0,2,"06",12000
"1751737","50100",15,0,1,"02",10400
"1751969","50100",26,0,1,"02",58000
"1752136","50100",14,0,0,"02",0
"1752723","50100",0,2,1,"  ",0
"1753349","50100",42,0,2,"02",244000
"1753578","50100",21,0,5,"02",66000
"1754013","50100",42,0,4,"02",58500
"1754217","50100",48,0,1,"01",3800
"1755150","50100",32,0,2,"02",56800
"1755288","50100",10,0,2,"02",20200
"1756365","50100",32,0,3,"02",79700
"1756692","50100",11,0,6,"02",25170
"1759169","50100",16,0,5,"02",29600
"1759294","50100",11,0,4,"02",48900
"1759763","50100",48,0,1,"06",31000
"1759976","50100",15,0,0,"02",0
"1760651","50100",0,1,1,"  ",0
"1760918","50100",10,0,4,"02",55850
"1761081","50100",0,1,1,"  ",0
"1761315","50100",26,0,2,"04",28400
"1762155","50100",52,0,5,"03",67490
"1763377","50100",53,0,1,"02",39000
"1763490","50100",15,0,0,"02",0
"1763846","50100",48,0,2,"04",34300
"1765060","50100",11,0,2,"02",43000
"1766282","50100",16,0,1,"02",6100
"1766793","50100",37,0,3,"05",11200
"1767226","50100",11,0,2,"04",48500
"1768203","50100",0,2,1,"  ",0
"1768659","50100",11,0,1,"02",1780
"1769149","50100",11,0,1,"02",5500
"1769692","50100",15,0,0,"02",0
"1770164","50100",16,0,2,"02",55800
"1770181","50100",11,0,2,"01",60680
"1770296","50100",14,0,0,"02",0
"1772129","50100",11,0,3,"02",354500
"1772529","50100",10,0,2,"02",115000
"1772912","50100",14,0,0,"01",0
"1774147","50100",15,0,0,"03",0
"1774424","50100",16,0,1,"02",7720
"1774925","50100",15,0,0,"02",0
"1775206","50100",15,0,0,"02",0
"1776448","50100",43,0,3,"01",23400
"1776963","50100",11,0,2,"05",51580
"1777977","50100",16,0,1,"02",18500
"1779143","50100",11,0,1,"02",22900
"1781660","50100",0,2,1,"  ",0
"1783625","50100",11,0,3,"02",15500
"1783889","50100",27,0,4,"02",86700
"1784176","50100",15,0,0,"02",0
"1784204","50100",15,0,2,"02",7800
"1785550","50100",22,0,6,"02",57500
"1785600","50100",32,0,5,"02",113400
"1786091","50100",16,0,2,"02",62100
"1786451","50100",10,0,1,"02",71000
"1786870","50100",47,0,4,"02",39500
"1787351","50100",10,0,3,"02",42770
"1787505","50100",7,0,0,"01",0
"1787766","50100",15,0,0,"04",0
"1787972","50100",48,0,2,"04",31000
"1788525","50100",10,0,3,"02",40390
"1788575","50100",6,0,3,"01",40400
"1789013","50100",11,0,3,"02",22000
"1790339","50100",32,0,2,"01",74000
"1790381","50100",11,0,3,"02",45200
"1791033","50100",37,0,1,"02",22800
"1791370","50100",11,0,2,"02",63000
"1792015","50100",21,0,2,"01",34950
"1792120","50100",11,0,2,"02",32600
"1793328","50100",43,0,1,"05",7000
"1794368","50100",11,0,4,"02",42000
"1795146","50100",10,0,4,"02",7000
"1797777","50100",11,0,4,"02",10000
"1798671","50100",16,0,4,"02",30000
"1799458","50100",10,0,2,"02",21900
"1799589","50100",48,0,1,"05",640
"1801192","50100",48,0,2,"02",18000
"1801595","50100",48,0,1,"02",26400
"1801833","50100",16,0,2,"02",19000
"1802750","50100",32,0,2,"06",22700
"1803285","50100",10,0,4,"01",20800
"1804072","50100",10,0,4,"02",86500
"1804125","50100",32,0,1,"02",9950
"1806260","50100",16,0,1,"10",22070
"1806291","50100",10,0,2,"02",121400
"1806985","50100",37,0,4,"05",19500
"1807063","50100",11,0,3,"02",20200
"1807444","50100",37,0,1,"01",10700
"1807692","50100",37,0,2,"02",75300
"1808185","50100",21,0,2,"02",81200
"1808295","50100",10,0,1,"02",16300
"1809317","50100",27,0,2,"02",41500
"1809483","50100",15,0,0,"02",0
"1809630","50100",11,0,2,"01",20670
"1809755","50100",43,0,4,"02",137000
"1810951","50100",11,0,4,"02",68050
"1811159","50100",0,2,1,"  ",0
"1811756","50100",47,0,4,"04",57000
"1812191","50100",26,0,3,"02",63600
"1812340","50100",32,0,2,"01",32700
"1812684","50100",16,0,4,"01",35200
"1812890","50100",10,0,3,"02",53900
"1813545","50100",11,0,2,"02",124400
"1814490","50100",0,2,1,"  ",0
"1815132","50100",10,0,1,"02",17800
"1815336","50100",10,0,4,"02",82200
"1817051","50100",7,0,0,"01",0
"1817579","50100",37,0,3,"02",92500
"1819963","50100",10,0,4,"02",35900
"1820279","50100",10,0,2,"02",36000
"1820280","50100",16,0,2,"02",47120
"1820454","50100",15,0,2,"02",71900
"1820489","50100",10,0,3,"02",99000
"1820742","50100",32,0,1,"06",13004
"1821075","50100",22,0,0,"02",0
"1821458","50100",37,0,4,"02",52204
"1822587","50100",15,0,0,"02",0
"1823111","50100",0,2,1,"  ",0
"1823613","50100",21,0,3,"01",70880
"1823854","50100",37,0,3,"07",7000
"1824049","50100",16,0,2,"02",60000
"1825372","50100",0,2,1,"  ",0
"1826160","50100",15,0,0,"02",0
"1827458","50100",11,0,2,"02",63000
"1830962","50100",15,0,2,"02",42800
"1832876","50100",11,0,3,"02",33400
"1833701","50100",11,0,2,"02",167370
"1833913","50100",10,0,2,"02",105000
"1834338","50100",32,0,4,"02",41900
"1835514","50100",32,0,1,"06",27000
"1835778","50100",21,0,1,"01",10550
"1836292","50100",11,0,1,"01",15290
"1836531","50100",37,0,3,"05",26500
"1836861","50100",30,0,0,"06",0
"1837032","50100",47,0,4,"05",52000
"1838574","50100",22,0,0,"06",0
"1838825","50100",10,0,4,"02",57500
"1839074","50100",32,0,3,"02",34400
"1839194","50100",37,0,2,"06",75600
"1840067","50100",31,0,1,"09",24000
"1840220","50100",0,1,1,"  ",0
"1843554","50100",11,0,3,"01",39800
"1843898","50100",10,0,2,"02",12000
"1844718","50100",22,0,0,"02",0
"1848088","50100",15,0,2,"02",30500
"1848323","50100",14,0,0,"02",0
"1848593","50100",10,0,1,"02",16700
"1848832","50100",21,0,6,"02",41000
"1849349","50100",10,0,1,"02",30000
"1849464","50100",37,0,2,"03",45000
"1849729","50100",26,0,4,"02",50000
"1849889","50100",48,0,3,"02",90620
"1850273","50100",16,0,2,"02",80700
"1850461","50100",16,0,2,"02",10810
"1850541","50100",15,0,0,"02",0
"1851559","50100",22,0,0,"02",0
"1853273","50100",0,1,1,"  ",0
"1854202","50100",14,0,0,"02",0
"1854755","50100",11,0,1,"02",20000
"1855060","50100",16,0,1,"05",26400
"1856607","50100",22,0,3,"02",205000
"1857218","50100",16,0,5,"02",60500
"1857710","50100",22,0,0,"02",0
"1858149","50100",10,0,1,"01",38000
"1858485","50100",0,1,1,"  ",0
"1859282","50100",0,2,1,"  ",0
"1860765","50100",11,0,5,"02",119200
"1860912","50100",53,0,1,"01",9200
"1861643","50100",10,0,4,"01",33000
"1862180","50100",10,0,2,"02",55400
"1862645","50100",16,0,2,"02",89500
"1862698","50100",11,0,2,"02",114540
"1863705","50100",10,0,4,"02",31300
"1864204","50100",26,0,2,"02",61000
"1864628","50100",15,0,0,"02",0
"1864636","50100",0,2,1,"  ",0
"1864818","50100",11,0,5,"01",107000
"1865348","50100",0,2,1,"  ",0
"1865442","50100",22,0,0,"02",0
"1865776","50100",11,0,2,"06",55600
"1865908","50100",11,0,2,"02",41000
"1866150","50100",15,0,0,"08",0
"1866615","50100",7,0,0,"04",0
"1867595","50100",23,0,0,"02",0
"1870138","50100",11,0,1,"02",17000
"1870738","50100",15,0,0,"03",0
"1870790","50100",42,0,1,"01",23240
"1871580","50100",16,0,3,"02",36830
"1871639","50100",11,0,1,"02",3000
"1874104","50100",11,0,1,"02",20100
"1874901","50100",37,0,2,"02",25000
"1875139","50100",53,0,2,"04",0
"1875851","50100",14,0,0,"02",0
"1875988","50100",10,0,2,"04",16800
"1876523","50100",16,0,5,"02",60800
"1876556","50100",15,0,0,"02",0
"1877284","50100",16,0,2,"03",48000
"1878368","50100",15,0,0,"02",0
"1879156","50100",11,0,2,"02",1000
"1880631","50100",11,0,2,"02",23200
"1880934","50100",0,2,1,"  ",0
"1881092","50100",11,0,3,"02",29600
"1881471","50100",26,0,1,"02",82100
"1884040","50100",16,0,2,"02",134500
"1884220","50100",22,0,0,"02",0
"1884329","50100",11,0,2,"02",85000
"1886378","50100",10,0,4,"02",59720
"1886818","50100",11,0,4,"02",28000
"1887252","50100",22,0,0,"02",0
"1887826","50100",16,0,3,"02",18630
"1888434","50100",16,0,2,"01",39800
"1888698","50100",21,0,3,"02",35300
"1889077","50100",10,0,2,"02",19170
"1889488","50100",11,0,3,"02",30450
"1890042","50100",11,0,1,"02",19400
"1892363","50100",10,0,2,"02",82600
"1893398","50100",0,2,1,"  ",0
"1894214","50100",11,0,2,"02",60000
"1894795","50100",21,0,1,"02",115000
"1895021","50100",16,0,2,"02",22600
"1895606","50100",10,0,2,"02",28000
"1895660","50100",11,0,4,"02",77800
"1895683","50100",35,0,12,"02",61200
"1896008","50100",22,0,0,"02",0
"1897477","50100",11,0,6,"02",29800
"1898006","50100",11,0,2,"02",156400
"1898368","50100",37,0,4,"05",130000
"1898725","50100",15,0,2,"01",29910
"1898903","50100",16,0,3,"02",20330
"1899055","50100",11,0,2,"02",28300
"1899982","50100",37,0,4,"02",37000
"1900161","50100",53,0,1,"05",9720
"1900360","50100",32,0,2,"05",29500
"1900581","50100",11,0,1,"02",31800
"1901339","50100",15,0,4,"06",23800
"1901959","50100",16,0,3,"02",21000
"1902261","50100",48,0,5,"02",98160
"1902904","50100",42,0,1,"06",13000
"1903037","50100",37,0,4,"02",108890
"1903101","50100",15,0,2,"01",15310
"1903316","50100",16,0,2,"01",22400
"1903375","50100",11,0,4,"02",275200
"1903403","50100",10,0,2,"02",16340
"1903949","50100",10,0,5,"01",48000
"1904488","50100",53,0,1,"06",26100
"1905302","50100",16,0,1,"06",20900
"1905737","50100",10,0,2,"02",32900
"1907244","50100",22,0,0,"02",0
"1908216","50100",43,0,1,"02",21500
"1911021","50100",11,0,2,"02",45700
"1912591","50100",11,0,2,"01",15600
"1913840","50100",16,0,1,"02",8900
"1914520","50100",21,0,1,"02",33900
"1915023","50100",10,0,1,"02",28100
"1915151","50100",11,0,3,"02",66000
"1915790","50100",42,0,5,"02",98030
"1916311","50100",15,0,0,"02",0
"1916998","50100",5,0,2,"05",30800
"1917647","50100",22,0,0,"02",0
"1919379","50100",26,0,2,"05",28800
"1920411","50100",11,0,5,"02",54000
"1921078","50100",16,0,3,"04",49500
"1921565","50100",10,0,2,"02",31100
"1921855","50100",11,0,1,"02",35000
"1922210","50100",11,0,3,"02",106900
"1922244","50100",16,0,4,"02",64100
"1923507","50100",0,2,1,"  ",0
"1923881","50100",10,0,2,"02",71500
"1924678","50100",16,0,2,"02",48900
"1924846","50100",26,0,2,"04",20230
"1925144","50100",14,0,0,"02",0
"1925499","50100",16,0,1,"04",26000
"1925570","50100",15,0,0,"06",0
"1925932","50100",11,0,2,"02",23900
"1926661","50100",15,0,0,"05",0
"1927619","50100",23,0,0,"02",0
"1929429","50100",11,0,2,"02",121100
"1929907","50100",0,2,1,"  ",0
"1930490","50100",27,0,2,"02",62000
"1931067","50100",47,0,2,"02",55060
"1931582","50100",37,0,1,"02",39500
"1931848","50100",21,0,4,"05",40720
"1933163","50100",0,1,1,"  ",0
"1933461","50100",27,0,4,"02",10000
"1934608","50100",11,0,5,"04",112200
"1936727","50100",37,0,3,"01",18000
"1937651","50100",11,0,2,"02",185600
"1937732","50100",11,0,4,"02",52330
"1937748","50100",0,2,1,"  ",0
"1938671","50100",32,0,4,"02",97000
"1938699","50100",21,0,2,"02",67770
"1938963","50100",27,0,1,"02",37000
"1939394","50100",10,0,3,"06",13000
"1940088","50100",32,0,3,"06",11700
"1940165","50100",0,1,1,"  ",0
"1940560","50100",11,0,3,"01",32390
"1940793","50100",0,1,1,"  ",0
"1940868","50100",16,0,1,"01",7310
"1942250","50100",11,0,2,"02",85220
"1942536","50100",0,1,1,"  ",0
"1942838","50100",26,0,2,"02",42400
"1942986","50100",42,0,2,"02",164200
"1943990","50100",32,0,4,"02",45500
"1944351","50100",11,0,4,"02",70380
"1944935","50100",5,0,7,"02",49300
"1945167","50100",11,0,1,"02",28400
"1945648","50100",15,0,0,"02",0
"1946588","50100",11,0,5,"02",22400
"1947312","50100",11,0,2,"02",8000
"1947390","50100",16,0,2,"02",81900
"1947965","50100",42,0,1,"02",11500
"1947981","50100",26,0,2,"02",48500
"1948097","50100",42,0,2,"02",45400
"1948114","50100",21,0,2,"02",49000
"1948625","50100",0,2,1,"  ",0
"1949913","50100",11,0,2,"05",39900
"1950747","50100",11,0,1,"02",22200
"1950775","50100",11,0,2,"03",62800
"1951593","50100",47,0,4,"06",48440
"1951906","50100",47,0,1,"05",45000
"1952302","50100",10,0,3,"04",27530
"1953112","50100",6,0,4,"01",37150
"1953575","50100",10,0,3,"02",62520
"1954212","50100",11,0,2,"03",39000
"1954989","50100",10,0,2,"02",82250
"1955091","50100",21,0,1,"04",11000
"1955217","50100",10,0,2,"02",38000
"1955219","50100",11,0,2,"02",54000
"1956839","50100",21,0,2,"01",19000
"1958240","50100",15,0,0,"02",0
"1958714","50100",11,0,2,"02",35000
"1959289","50100",11,0,3,"02",43550
"1959547","50100",11,0,3,"01",23900
"1960133","50100",11,0,1,"06",6700
"1960373","50100",21,0,4,"02",112000
"1960705","50100",11,0,2,"04",46800
"1962127","50100",27,0,1,"02",17800
"1963046","50100",11,0,2,"01",43740
"1963170","50100",15,0,0,"02",0
"1963451","50100",10,0,3,"02",44000
"1964811","50100",11,0,2,"02",29340
"1965126","50100",15,0,0,"05",0
"1965418","50100",21,0,2,"02",47000
"1965430","50100",37,0,1,"02",2000
"1966886","50100",15,0,0,"02",0
"1969359","50100",11,0,3,"02",33000
"1969809","50100",16,0,2,"02",70120
"1970828","50100",11,0,3,"02",44000
"1971012","50100",15,0,0,"04",0
"1971162","50100",37,0,2,"06",46000
"1971469","50100",15,0,3,"02",43500
"1972952","50100",21,0,4,"02",69600
"1973328","50100",0,2,1,"  ",0
"1973418","50100",5,0,2,"02",17200
"1973997","50100",32,0,2,"04",43100
"1976078","50100",15,0,0,"02",0
"1976369","50100",14,0,0,"02",0
"1977007","50100",21,0,1,"02",17300
"1977640","50100",15,0,0,"03",0
"1977718","50100",37,0,2,"02",77800
"1978170","50100",32,0,3,"02",81000
"1979371","50100",42,0,2,"04",42620
"1980768","50100",32,0,2,"05",8000
"1980941","50100",22,0,0,"02",0
"1981116","50100",5,0,2,"02",3950
"1981292","50100",21,0,2,"02",90900
"1982281","50100",10,0,2,"02",25950
"1983718","50100",16,0,1,"07",24300
"1983976","50100",32,0,3,"05",38800
"1984135","50100",32,0,2,"02",73500
"1984338","50100",48,0,4,"05",66840
"1985054","50100",11,0,2,"01",64000
"1985245","50100",11,0,2,"02",64600
"1986530","50100",0,2,1,"  ",0
"1988224","50100",10,0,2,"02",32000
"1988231","50100",10,0,2,"02",80400
"1990726","50100",30,0,0,"02",0
"1991479","50100",21,0,2,"02",47880
"1992308","50100",37,0,2,"02",144500
"1992592","50100",15,0,0,"02",0
"1992724","50100",22,0,4,"02",40700
"1992890","50100",0,2,1,"  ",0
"1993251","50100",15,0,0,"02",0
"1993620","50100",6,0,3,"02",51100
"1993775","50100",32,0,1,"06",10800
"1993884","50100",27,0,1,"02",17000
"1996505","50100",11,0,5,"08",11400
"1997088","50100",16,0,1,"02",10000
"1997601","50100",15,0,3,"02",16000
"1997957","50100",11,0,3,"02",75990
"1998230","50100",10,0,2,"02",14400
"1998728","50100",11,0,1,"04",12900
"1999600","50100",21,0,4,"02",37800
"1999842","50100",15,0,3,"02",37500
"2001495","50100",22,0,0,"02",0
"2001610","50100",10,0,3,"06",36800
"2002030","50100",16,0,2,"02",60300
"2002644","50100",11,0,2,"02",21700
"2004938","50100",11,0,2,"02",19300
"2005333","50100",11,0,2,"03",33880
"2005482","50100",37,0,2,"02",60200
"2005626","50100",10,0,2,"02",46800
"2006217","50100",14,0,0,"02",0
"2007046","50100",47,0,1,"02",37000
"2007335","50100",16,0,3,"02",24470
"2008060","50100",14,0,0,"02",0
"2008706","50100",11,0,2,"02",34400
"2009860","50100",31,0,2,"02",67440
"2010179","50100",10,0,4,"01",100504
"2010668","50100",37,0,2,"02",51800
"2011058","50100",10,0,4,"02",23000
"2012027","50100",15,0,4,"02",59500
"2012035","50100",21,0,4,"02",60000
"2012788","50100",11,0,4,"02",73000
"2013226","50100",10,0,2,"05",124000
"2013335","50100",37,0,3,"02",39900
"2013413","50100",15,0,0,"02",0
"2013430","50100",11,0,3,"02",29000
"2013865","50100",11,0,3,"02",60900
"2013909","50100",15,0,0,"02",0
"2014270","50100",27,0,3,"01",72400
"2014902","50100",15,0,5,"02",49600
"2015996","50100",14,0,0,"02",0
"2017006","50100",32,0,1,"02",17900
"2018154","50100",22,0,0,"02",0
"2018535","50100",11,0,1,"02",24080
"2019791","50100",14,0,0,"02",0
"2020320","50100",16,0,1,"02",27000
"2020785","50100",31,0,1,"09",16000
"2020903","50100",11,0,2,"02",52600
"2021128","50100",11,0,2,"02",39700
"2021464","50100",42,0,2,"02",163000
"2021624","50100",16,0,1,"02",35200
"2022347","50100",0,1,1,"  ",0
"2023251","50100",21,0,2,"02",46980
"2023795","50100",11,0,2,"04",53000
"2024564","50100",14,0,0,"02",0
"2024675","50100",10,0,5,"02",39200
"2024865","50100",15,0,0,"02",0
"2025190","50100",15,0,0,"02",0
"2025518","50100",6,0,3,"02",59000
"2025815","50100",22,0,4,"01",33000
"2025936","50100",16,0,3,"02",12500
"2026282","50100",32,0,2,"02",27600
"2026521","50100",0,2,1,"  ",0
"2026850","50100",10,0,4,"02",30940
"2027143","50100",11,0,4,"02",39600
"2028636","50100",10,0,1,"01",30000
"2028719","50100",16,0,4,"04",19500
"2030029","50100",43,0,1,"06",6080
"2030158","50100",27,0,3,"06",4800
"2030696","50100",10,0,2,"05",41020
"2032638","50100",11,0,1,"02",60000
"2032884","50100",26,0,5,"02",94050
"2032974","50100",11,0,7,"02",66200
"2033323","50100",11,0,4,"02",115500
"2033734","50100",32,0,2,"02",16510
"2034126","50100",5,0,4,"02",18000
"2035308","50100",21,0,6,"02",57320
"2036565","50100",0,2,1,"  ",0
"2037082","50100",10,0,4,"02",62000
"2037756","50100",31,0,4,"02",42800
"2037849","50100",37,0,3,"02",67000
"2038210","50100",10,0,1,"02",39000
"2038345","50100",22,0,0,"03",0
"2038458","50100",16,0,3,"05",28600
"2038885","50100",10,0,2,"02",73200
"2040125","50100",10,0,2,"02",52700
"2040737","50100",26,0,3,"02",47900
"2041060","50100",10,0,2,"04",53300
"2041721","50100",16,0,1,"02",15000
"2043676","50100",26,0,4,"02",108100
"2044111","50100",11,0,2,"02",65000
"2044405","50100",43,0,2,"02",30800
"2045609","50100",37,0,2,"03",104600
"2045664","50100",11,0,1,"02",50000
"2045726","50100",16,0,2,"02",53800
"2047222","50100",16,0,4,"02",80000
"2047459","50100",10,0,2,"02",32950
"2047887","50100",14,0,0,"02",0
"2048624","50100",22,0,0,"02",0
"2052133","50100",43,0,2,"05",26000
"2052500","50100",11,0,2,"02",27500
"2052974","50100",15,0,0,"02",0
"2053116","50100",32,0,2,"01",22600
"2053547","50100",0,2,1,"  ",0
"2054091","50100",10,0,3,"02",68740
"2054560","50100",26,0,1,"02",10000
"2055115","50100",21,0,3,"07",76000
"2055607","50100",10,0,3,"06",47450
"2057688","50100",10,0,1,"02",27000
"2058745","50100",10,0,1,"02",10600
"2059198","50100",37,0,2,"02",21200
"2059575","50100",45,0,0,"03",0
"2061309","50100",11,0,1,"06",8560
"2061337","50100",16,0,5,"02",39540
"2062367","50100",11,0,2,"02",35800
"2062978","50100",11,0,2,"01",44000
"2063062","50100",42,0,1,"04",8080
"2063395","50100",16,0,1,"02",26190
"2064553","50100",14,0,0,"02",0
"2066488","50100",15,0,1,"02",18600
"2067869","50100",11,0,2,"02",47500
"2068834","50100",48,0,2,"04",49000
"2069166","50100",37,0,1,"07",11000
"2069411","50100",15,0,0,"02",0
"2069996","50100",16,0,2,"02",80800
"2071032","50100",10,0,3,"04",34970
"2071472","50100",11,0,2,"01",21670
"2072341","50100",15,0,0,"02",0
"2073165","50100",22,0,2,"02",42000
"2073734","50100",32,0,1,"02",31700
"2073883","50100",0,2,1,"  ",0
"2074162","50100",32,0,4,"02",24430
"2075136","50100",15,0,0,"03",0
"2075391","50100",15,0,0,"02",0
"2075586","50100",10,0,2,"01",95600
"2075711","50100",0,2,1,"  ",0
"2076881","50100",10,0,1,"02",24600
"2077817","50100",10,0,4,"02",60500
"2077995","50100",32,0,2,"02",154100
"2078053","50100",11,0,3,"02",78600
"2078513","50100",16,0,5,"02",85100
"2079393","50100",37,0,1,"05",20000
"2082086","50100",11,0,2,"02",44000
"2083695","50100",15,0,0,"02",0
"2084046","50100",26,0,4,"02",62700
"2084086","50100",32,0,4,"02",95200
"2084519","50100",22,0,0,"03",0
"2084563","50100",47,0,4,"02",79600
"2084584","50100",16,0,7,"02",65000
"2085434","50100",37,0,3,"01",34200
"2085963","50100",10,0,2,"02",38200
"2086224","50100",15,0,0,"02",0
"2086244","50100",37,0,2,"06",7500
"2087370","50100",15,0,0,"02",0
"2087641","50100",37,0,2,"04",12700
"2087733","50100",16,0,2,"02",80050
"2087776","50100",11,0,1,"04",9880
"2088441","50100",32,0,5,"04",185000
"2088798","50100",15,0,0,"02",0
"2088811","50100",15,0,0,"02",0
"2089228","50100",11,0,1,"02",72500
"2089739","50100",16,0,2,"02",11530
"2090144","50100",14,0,0,"02",0
"2090221","50100",21,0,1,"02",21300
"2090557","50100",21,0,2,"02",88600
"2090959","50100",10,0,2,"02",134500
"2091116","50100",42,0,1,"03",34000
"2091749","50100",21,0,3,"06",7000
"2092487","50100",15,0,0,"03",0
"2092575","50100",0,2,1,"  ",0
"2094077","50100",15,0,0,"02",0
"2094787","50100",26,0,2,"02",57500
"2095483","50100",15,0,4,"04",10000
"2095584","50100",32,0,3,"02",21750
"2095737","50100",37,0,2,"02",19200
"2095950","50100",11,0,3,"04",38800
"2096876","50100",15,0,0,"08",0
"2098082","50100",11,0,4,"02",33160
"2098630","50100",11,0,1,"02",14500
"2099334","50100",37,0,2,"02",28910
"2099341","50100",10,0,2,"05",45000
"2099532","50100",10,0,3,"02",27000
"2099643","50100",16,0,2,"04",24000
"2099655","50100",31,0,3,"02",36800
"2099829","50100",11,0,3,"01",69900
"2102174","50100",16,0,2,"03",27700
"2105926","50100",16,0,2,"02",68900
"2106084","50100",16,0,5,"02",77300
"2106736","50100",22,0,0,"02",0
"2107440","50100",10,0,2,"02",5900
"2108668","50100",0,1,1,"  ",0
"2109056","50100",37,0,1,"02",32500
"2109075","50100",43,0,1,"02",12000
"2109678","50100",11,0,4,"02",72000
"2109852","50100",15,0,0,"02",0
"2110124","50100",22,0,1,"02",30000
"2110788","50100",52,0,5,"04",115600
"2110806","50100",23,0,0,"02",0
"2113009","50100",27,0,2,"06",50900
"2114831","50100",10,0,1,"02",29610
"2115675","50100",15,0,0,"02",0
"2117124","50100",53,0,3,"04",51100
"2117391","50100",11,0,3,"03",48800
"2118021","50100",16,0,3,"04",7900
"2118863","50100",37,0,1,"02",45010
"2118938","50100",16,0,4,"08",14000
"2119241","50100",37,0,3,"02",46400
"2119591","50100",26,0,2,"02",355000
"2120162","50100",21,0,4,"02",67100
"2121848","50100",48,0,1,"02",15400
"2123210","50100",42,0,2,"05",25000
"2123288","50100",21,0,2,"02",57800
"2123895","50100",15,0,0,"02",0
"2124024","50100",22,0,0,"05",0
"2125146","50100",42,0,4,"02",86000
"2125341","50100",10,0,3,"01",12900
"2126599","50100",5,0,3,"02",44100
"2127201","50100",11,0,4,"01",37300
"2127536","50100",16,0,4,"02",132900
"2127823","50100",10,0,4,"02",75050
"2127839","50100",32,0,1,"02",20200
"2128333","50100",15,0,0,"06",0
"2128401","50100",47,0,2,"05",6000
"2128485","50100",32,0,2,"06",90500
"2128835","50100",43,0,3,"02",133800
"2130045","50100",15,0,0,"09",0
"2130399","50100",26,0,4,"02",57070
"2131194","50100",16,0,4,"01",35980
"2131869","50100",11,0,2,"02",75120
"2132671","50100",32,0,2,"02",49910
"2133710","50100",15,0,2,"02",44100
"2133716","50100",37,0,4,"02",113700
"2133982","50100",16,0,1,"02",19000
"2135701","50100",14,0,0,"02",0
"2135823","50100",11,0,5,"02",52004
"2136310","50100",15,0,0,"09",0
"2137846","50100",16,0,2,"02",60000
"2138572","50100",32,0,1,"02",70300
"2140144","50100",11,0,4,"01",25800
"2140399","50100",27,0,6,"01",12600
"2141350","50100",27,0,2,"03",14000
"2141374","50100",16,0,1,"04",28600
"2141470","50100",10,0,3,"02",74900
"2142184","50100",11,0,7,"02",78920
"2142422","50100",16,0,2,"02",55400
"2142943","50100",10,0,4,"02",58900
"2145140","50100",10,0,1,"04",36800
"2145659","50100",11,0,1,"02",9600
"2146273","50100",21,0,7,"02",36300
"2147074","50100",58,0,3,"02",62800
"2147101","50100",26,0,4,"02",52500
"2147190","50100",16,0,1,"02",4900
"2147829","50100",42,0,5,"02",56800
"2147852","50100",0,1,1,"  ",0
"2147906","50100",11,0,1,"02",70500
"2147958","50100",10,0,5,"04",20200
"2148438","50100",10,0,1,"03",1280
"2148554","50100",42,0,4,"05",22500
"2149474","50100",15,0,0,"02",0
"2150121","50100",15,0,0,"02",0
"2150778","50100",14,0,0,"02",0
"2151368","50100",10,0,2,"02",63000
"2152669","50100",11,0,4,"02",110300
"2154025","50100",15,0,0,"02",0
"2154843","50100",37,0,1,"02",21970
"2157723","50100",29,0,0,"02",0
"2157854","50100",0,2,1,"  ",0
"2158190","50100",26,0,2,"02",196430
"2159359","50100",10,0,3,"02",52000
"2160137","50100",11,0,2,"02",56300
"2160265","50100",37,0,3,"02",48600
"2160673","50100",32,0,2,"02",28650
"2160776","50100",11,0,2,"02",115300
"2161356","50100",0,2,1,"  ",0
"2161492","50100",32,0,1,"02",48700
"2161622","50100",16,0,2,"02",6200
"2162946","50100",10,0,2,"05",32700
"2163332","50100",22,0,0,"06",0
"2164263","50100",15,0,0,"04",0
"2165566","50100",15,0,3,"02",37810
"2166192","50100",11,0,2,"02",35600
"2167981","50100",15,0,0,"06",0
"2169101","50100",16,0,2,"02",184400
"2169395","50100",16,0,1,"02",33000
"2169936","50100",11,0,2,"02",45370
"2170317","50100",11,0,3,"02",106100
"2170460","50100",16,0,4,"02",26200
"2170820","50100",16,0,2,"02",25500
"2171701","50100",15,0,1,"02",19200
"2171708","50100",63,0,3,"01",30000
"2171984","50100",16,0,2,"02",50000
"2172712","50100",11,0,1,"02",25300
"2173054","50100",16,0,2,"02",65200
"2173586","50100",0,1,1,"  ",0
"2175204","50100",10,0,2,"02",27200
"2175556","50100",37,0,2,"02",135200
"2175627","50100",16,0,2,"02",51900
"2178231","50100",15,0,0,"02",0
"2179905","50100",30,0,0,"04",0
"2182323","50100",26,0,1,"05",27000
"2182434","50100",32,0,4,"02",55440
"2183329","50100",11,0,2,"04",26740
"2183355","50100",16,0,2,"02",54500
"2183604","50100",11,0,4,"02",217200
"2183864","50100",37,0,2,"02",21000
"2184428","50100",27,0,5,"02",144500
"2184587","50100",22,0,0,"02",0
"2184762","50100",21,0,1,"05",504
"2185803","50100",6,0,2,"02",52000
"2186240","50100",10,0,3,"02",73700
"2186872","50100",22,0,3,"04",46000
"2187219","50100",11,0,3,"02",62000
"2187660","50100",11,0,2,"05",27010
"2189619","50100",10,0,1,"02",71000
"2190025","50100",11,0,5,"02",35000
"2190620","50100",10,0,5,"02",54900
"2190694","50100",10,0,2,"01",9290
"2191346","50100",47,0,3,"02",60400
"2191426","50100",15,0,1,"01",8600
"2191764","50100",32,0,2,"02",49110
"2191767","50100",21,0,1,"05",10000
"2196015","50100",37,0,2,"02",48000
"2196249","50100",11,0,2,"10",14600
"2196250","50100",0,2,1,"  ",0
"2198382","50100",0,1,1,"  ",0
"2198666","50100",43,0,1,"02",22300
"2199861","50100",0,2,1,"  ",0
"2200612","50100",0,2,1,"  ",0
"2200648","50100",11,0,5,"02",146010
"2200838","50100",10,0,4,"02",36000
"2201916","50100",22,0,0,"02",0
"2203808","50100",16,0,5,"02",43300
"2203967","50100",37,0,2,"02",64600
"2204168","50100",22,0,2,"04",14500
"2204360","50100",10,0,4,"02",11700
"2204633","50100",11,0,2,"02",80000
"2205078","50100",37,0,2,"02",73200
"2206362","50100",15,0,0,"02",0
"2207155","50100",16,0,4,"02",95200
"2207295","50100",0,2,1,"  ",0
"2209074","50100",0,2,1,"  ",0
"2209154","50100",11,0,2,"02",30000
"2209495","50100",37,0,1,"02",78000
"2209713","50100",26,0,2,"02",16900
"2210776","50100",37,0,2,"02",138600
"2210942","50100",31,0,2,"02",31220
"2211192","50100",14,0,0,"02",0
"2211257","50100",16,0,2,"02",47000
"2211996","50100",16,0,3,"02",13100
"2212092","50100",10,0,2,"02",156000
"2212301","50100",11,0,3,"02",57620
"2212924","50100",27,0,4,"02",125400
"2213474","50100",10,0,2,"02",36600
"2215158","50100",14,0,0,"02",0
"2216369","50100",15,0,0,"02",0
"2217341","50100",0,1,1,"  ",0
"2217348","50100",37,0,1,"09",10800
"2217551","50100",26,0,2,"02",41300
"2218360","50100",31,0,1,"01",8300
"2218886","50100",11,0,2,"02",34300
"2219310","50100",31,0,2,"04",75700
"2219345","50100",22,0,0,"02",0
"2219658","50100",47,0,2,"05",46000
"2220539","50100",53,0,2,"02",86800
"2221563","50100",16,0,4,"02",296700
"2222354","50100",16,0,3,"01",24920
"2223193","50100",11,0,2,"02",37550
"2223369","50100",10,0,2,"05",39200
"2223936","50100",21,0,4,"02",81130
"2224339","50100",10,0,4,"02",50200
"2225317","50100",32,0,2,"02",79250
"2225948","50100",10,0,1,"01",30000
"2226400","50100",16,0,1,"02",23500
"2226762","50100",11,0,2,"02",40340
"2226983","50100",14,0,0,"02",0
"2229457","50100",15,0,0,"04",0
"2231408","50100",10,0,2,"01",50800
"2231448","50100",10,0,4,"02",49260
"2232733","50100",32,0,4,"02",42300
"2232752","50100",0,1,1,"  ",0
"2234340","50100",0,1,1,"  ",0
"2234368","50100",16,0,1,"01",5000
"2235088","50100",11,0,2,"02",263000
"2235528","50100",11,0,4,"02",75700
"2237383","50100",10,0,4,"02",47100
"2238096","50100",0,2,1,"  ",0
"2238128","50100",52,0,2,"02",63900
"2238285","50100",10,0,3,"02",48900
"2239658","50100",11,0,4,"02",48700
"2241995","50100",16,0,3,"02",38900
"2242298","50100",37,0,2,"02",50100
"2242311","50100",11,0,1,"02",7000
"2243299","50100",16,0,3,"02",26400
"2244247","50100",43,0,3,"02",31000
"2245115","50100",16,0,2,"02",50680
"2245121","50100",10,0,3,"01",33400
"2246657","50100",42,0,1,"02",57700
"2246732","50100",14,0,0,"02",0
"2247473","50100",15,0,0,"01",0
"2247894","50100",10,0,3,"02",68000
"2247925","50100",42,0,4,"02",93960
"2249163","50100",10,0,4,"02",88700
"2249650","50100",11,0,2,"02",25600
"2250345","50100",16,0,2,"02",40300
"2252342","50100",15,0,0,"02",0
"2252365","50100",32,0,1,"01",94000
"2252551","50100",32,0,3,"02",101500
"2255486","50100",21,0,2,"02",89660
"2256677","50100",11,0,4,"05",63600
"2257255","50100",5,0,3,"05",31700
"2258928","50100",32,0,3,"05",10600
"2259840","50100",37,0,3,"02",7500
"2261524","50100",32,0,5,"02",70000
"2262002","50100",48,0,2,"02",23780
"2262046","50100",16,0,2,"01",17800
"2262126","50100",15,0,3,"05",17000
"2263235","50100",0,2,1,"  ",0
"2263660","50100",43,0,4,"02",66200
"2263673","50100",11,0,2,"02",64000
"2264239","50100",16,0,4,"02",41900
"2264299","50100",0,2,1,"  ",0
"2264493","50100",22,0,1,"01",6750
"2266699","50100",0,2,1,"  ",0
"2267934","50100",16,0,2,"02",13500
"2268134","50100",10,0,1,"01",16600
"2268800","50100",10,0,4,"02",75100
"2269770","50100",37,0,1,"02",38800
"2270308","50100",14,0,0,"02",0
"2270925","50100",10,0,5,"02",64800
"2271552","50100",10,0,3,"02",52000
"2271563","50100",10,0,4,"02",196180
"2271856","50100",42,0,2,"04",55100
"2272317","50100",6,0,4,"02",53550
"2272580","50100",22,0,2,"04",29400
"2272778","50100",11,0,2,"06",21800
"2273079","50100",10,0,3,"06",16690
"2273122","50100",16,0,6,"01",28600
"2274548","50100",15,0,0,"02",0
"2274657","50100",0,2,1,"  ",0
"2275491","50100",14,0,0,"02",0
"2276900","50100",22,0,0,"02",0
"2277119","50100",16,0,3,"02",47800
"2278630","50100",26,0,3,"02",50800
"2279732","50100",10,0,4,"02",38000
"2279850","50100",11,0,1,"02",9760
"2280245","50100",14,0,0,"02",0
"2280326","50100",37,0,1,"01",15000
"2280623","50100",66,0,0,"02",0
"2281117","50100",21,0,1,"02",8000
"2281709","50100",11,0,3,"02",86734
"2282155","50100",14,0,0,"02",0
"2282262","50100",11,0,3,"02",52000
"2283694","50100",32,0,1,"06",13000
"2283949","50100",16,0,2,"02",71800
"2284070","50100",11,0,2,"02",36000
"2284366","50100",58,0,2,"05",11500
"2284432","50100",16,0,2,"03",69000
"2284828","50100",22,0,0,"02",0
"2285070","50100",53,0,2,"02",70000
"2286026","50100",16,0,5,"02",72900
"2286168","50100",21,0,3,"05",37540
"2286752","50100",11,0,1,"02",4200
"2286997","50100",16,0,3,"02",51000
"2287167","50100",15,0,0,"01",0
"2288620","50100",11,0,4,"02",54900
"2289165","50100",11,0,1,"02",44680
"2289413","50100",11,0,3,"02",18000
"2289613","50100",10,0,1,"02",11500
"2289714","50100",21,0,3,"02",34600
"2289868","50100",43,0,4,"02",33000
"2290565","50100",11,0,3,"01",37100
"2291075","50100",10,0,2,"02",50000
"2291435","50100",27,0,2,"03",21550
"2291640","50100",10,0,3,"02",28100
"2292564","50100",16,0,2,"02",27120
"2294477","50100",11,0,2,"02",105000
"2294668","50100",11,0,2,"02",47800
"2295453","50100",32,0,2,"02",137700
"2295504","50100",16,0,7,"02",71900
"2298099","50100",53,0,1,"02",10000
"2298118","50100",15,0,0,"02",0
"2298493","50100",32,0,3,"05",50600
"2299052","50100",42,0,3,"02",70200
"2299061","50100",11,0,2,"04",19200
"2299730","50100",10,0,5,"02",23800
"2300698","50100",5,0,4,"02",28900
"2301864","50100",37,0,2,"04",39000
"2301946","50100",32,0,2,"03",66600
"2302349","50100",11,0,2,"07",13500
"2302421","50100",15,0,0,"02",0
"2302839","50100",11,0,4,"04",39200
"2304164","50100",5,0,3,"02",431500
"2304979","50100",15,0,0,"04",0
"2304987","50100",42,0,2,"04",67200
"2305294","50100",32,0,3,"02",3450
"2305674","50100",15,0,0,"05",0
"2306132","50100",5,0,2,"02",33900
"2306890","50100",22,0,4,"02",48800
"2307011","50100",0,2,1,"  ",0
"2307224","50100",11,0,2,"02",1000
"2307881","50100",21,0,3,"02",88200
"2308370","50100",42,0,1,"02",50000
"2309852","50100",21,0,1,"02",50000
"2309943","50100",16,0,2,"02",44750
"2310038","50100",11,0,2,"02",60120
"2310190","50100",11,0,4,"02",40400
"2310250","50100",8,0,0,"02",0
"2310314","50100",11,0,2,"02",105000
"2310459","50100",15,0,0,"02",0
"2310716","50100",11,0,2,"02",16100
"2310758","50100",11,0,1,"02",39400
"2310781","50100",31,0,1,"04",0
"2311563","50100",27,0,2,"02",43300
"2312421","50100",26,0,1,"01",22050
"2316248","50100",47,0,2,"02",93200
"2317080","50100",16,0,2,"03",45200
"2317673","50100",32,0,1,"02",4800
"2317683","50100",16,0,1,"02",126000
"2317805","50100",11,0,1,"02",23000
"2319192","50100",37,0,2,"02",61000
"2319206","50100",0,2,1,"  ",0
"2319819","50100",15,0,0,"02",0
"2321163","50100",11,0,6,"02",36790
"2321280","50100",0,1,1,"  ",0
"2322339","50100",10,0,2,"02",33400
"2322533","50100",37,0,1,"06",41880
"2322862","50100",11,0,4,"02",73500
"2323962","50100",11,0,3,"04",15200
"2325979","50100",11,0,3,"02",48100
"2326811","50100",15,0,0,"01",0
"2327469","50100",16,0,4,"05",6920
"2327766","50100",16,0,3,"02",38100
"2330907","50100",42,0,5,"02",56000
"2331370","50100",15,0,1,"02",80300
"2331502","50100",21,0,5,"02",1e+05
"2331649","50100",11,0,4,"03",57050
"2331772","50100",11,0,3,"06",44000
"2331805","50100",15,0,0,"02",0
"2331840","50100",15,0,0,"08",0
"2332312","50100",11,0,1,"02",25570
"2332356","50100",16,0,3,"02",81500
"2333691","50100",10,0,5,"02",90200
"2334176","50100",21,0,5,"02",42640
"2334831","50100",48,0,2,"02",188400
"2336824","50100",10,0,1,"02",35000
"2337355","50100",37,0,1,"02",36000
"2338015","50100",15,0,0,"09",0
"2338361","50100",27,0,3,"02",123800
"2338611","50100",26,0,2,"02",230000
"2338896","50100",11,0,4,"02",50300
"2339079","50100",15,0,0,"02",0
"2340490","50100",58,0,2,"02",87200
"2341840","50100",42,0,6,"02",98000
"2343325","50100",43,0,1,"03",24550
"2343522","50100",27,0,2,"02",110000
"2343879","50100",16,0,3,"04",29100
"2344544","50100",32,0,1,"02",36000
"2344575","50100",22,0,0,"02",0
"2344829","50100",11,0,2,"02",26000
"2345596","50100",11,0,2,"02",5300
"2346001","50100",16,0,2,"01",94280
"2346662","50100",0,2,1,"  ",0
"2348517","50100",0,1,1,"  ",0
"2348563","50100",0,1,1,"  ",0
"2348599","50100",11,0,4,"02",52720
"2351097","50100",10,0,3,"02",65200
"2351248","50100",22,0,0,"02",0
"2351326","50100",10,0,1,"03",8800
"2351890","50100",0,2,1,"  ",0
"2352800","50100",16,0,2,"01",2400
"2353037","50100",11,0,1,"02",28200
"2353113","50100",22,0,0,"02",0
"2354075","50100",10,0,4,"02",54100
"2354484","50100",16,0,1,"07",24000
"2354667","50100",26,0,5,"01",45700
"2354773","50100",11,0,2,"02",15200
"2355512","50100",0,2,1,"  ",0
"2356046","50100",15,0,0,"02",0
"2356208","50100",27,0,1,"02",73000
"2356451","50100",15,0,0,"07",0
"2356967","50100",11,0,1,"02",11900
"2357208","50100",16,0,4,"01",30390
"2357972","50100",53,0,2,"02",35800
"2358583","50100",0,2,1,"  ",0
"2360201","50100",11,0,2,"02",43000
"2360805","50100",43,0,1,"06",26400
"2361308","50100",15,0,0,"04",0
"2362959","50100",0,1,1,"  ",0
"2362990","50100",0,2,1,"  ",0
"2363011","50100",26,0,2,"02",39300
"2363192","50100",21,0,3,"01",36220
"2364162","50100",21,0,2,"02",27400
"2364179","50100",11,0,4,"02",68200
"2364334","50100",16,0,4,"02",24000
"2365115","50100",10,0,2,"02",70800
"2365143","50100",0,2,1,"  ",0
"2365909","50100",11,0,2,"02",57500
"2366475","50100",26,0,2,"05",24400
"2367398","50100",15,0,0,"02",0
"2367481","50100",15,0,0,"02",0
"2368551","50100",42,0,2,"01",35000
"2369202","50100",11,0,5,"02",57430
"2369816","50100",10,0,1,"04",14500
"2370164","50100",32,0,6,"02",94520
"2370200","50100",29,0,0,"02",0
"2370577","50100",11,0,1,"05",3600
"2371101","50100",15,0,0,"02",0
"2371334","50100",22,0,0,"02",0
"2371997","50100",15,0,0,"02",0
"2372819","50100",15,0,0,"02",0
"2373168","50100",11,0,1,"01",11000
"2373983","50100",11,0,4,"02",50808
"2374315","50100",23,0,0,"06",0
"2375203","50100",16,0,2,"02",78590
"2375836","50100",43,0,1,"02",64000
"2377188","50100",15,0,4,"02",115300
"2377386","50100",16,0,3,"02",58200
"2377927","50100",43,0,1,"02",28100
"2378186","50100",48,0,4,"02",50670
"2378257","50100",10,0,2,"02",11560
"2378621","50100",27,0,2,"02",27920
"2380106","50100",10,0,2,"02",54280
"2381017","50100",22,0,0,"02",0
"2381245","50100",63,0,2,"04",39400
"2381589","50100",32,0,1,"02",19800
"2381689","50100",15,0,0,"02",0
"2381739","50100",53,0,1,"06",8700
"2382088","50100",16,0,2,"06",14900
"2382309","50100",11,0,3,"02",60400
"2382415","50100",43,0,4,"02",94000
"2382458","50100",27,0,5,"02",44000
"2382887","50100",7,0,0,"01",0
"2384200","50100",0,2,1,"  ",0
"2384548","50100",42,0,3,"06",47800
"2384796","50100",44,0,0,"05",0
"2384835","50100",27,0,2,"02",57500
"2385050","50100",15,0,0,"02",0
"2386787","50100",10,0,2,"05",22000
"2386819","50100",42,0,5,"05",12580
"2387286","50100",10,0,1,"04",28000
"2388093","50100",16,0,4,"02",94200
"2389435","50100",21,0,2,"02",195000
"2389458","50100",10,0,2,"02",96100
"2389669","50100",10,0,1,"02",37000
"2389892","50100",11,0,2,"02",69010
"2390440","50100",10,0,4,"02",139000
"2391068","50100",0,2,1,"  ",0
"2393405","50100",10,0,3,"02",12500
"2393801","50100",11,0,1,"02",10200
"2394047","50100",11,0,2,"04",31000
"2394095","50100",27,0,3,"02",55400
"2394301","50100",43,0,1,"06",4930
"2394532","50100",26,0,4,"02",65860
"2395266","50100",21,0,5,"02",83100
"2395526","50100",11,0,3,"02",48800
"2395666","50100",10,0,6,"01",40000
"2396000","50100",10,0,4,"02",311900
"2396782","50100",0,2,1,"  ",0
"2396943","50100",26,0,1,"02",23000
"2398184","50100",22,0,0,"02",0
"2398225","50100",32,0,5,"05",51100
"2398872","50100",27,0,2,"02",157500
"2399406","50100",10,0,2,"02",46000
"2399483","50100",11,0,1,"02",30000
"2400381","50100",16,0,1,"02",26690
"2400765","50100",22,0,0,"04",0
"2401063","50100",32,0,5,"02",47800
"2401137","50100",10,0,2,"02",11800
"2401384","50100",10,0,3,"02",59900
"2401487","50100",37,0,1,"04",5900
"2402602","50100",11,0,1,"02",29300
"2403615","50100",52,0,0,"02",0
"2403765","50100",22,0,0,"02",0
"2403960","50100",52,0,0,"02",0
"2404140","50100",11,0,2,"02",30100
"2405566","50100",5,0,2,"02",44700
"2405732","50100",31,0,2,"02",54670
"2407317","50100",11,0,4,"01",8200
"2409123","50100",11,0,4,"02",133900
"2410803","50100",37,0,4,"02",83200
"2411606","50100",16,0,3,"02",62100
"2411993","50100",32,0,4,"02",290000
"2412198","50100",14,0,0,"02",0
"2414907","50100",11,0,2,"02",131900
"2415399","50100",10,0,1,"02",23600
"2416372","50100",16,0,5,"04",68300
"2416477","50100",0,2,1,"  ",0
"2416750","50100",10,0,3,"02",51100
"2416983","50100",37,0,4,"02",94080
"2417206","50100",11,0,4,"02",66700
"2417979","50100",16,0,2,"05",21400
"2418193","50100",11,0,2,"02",339900
"2419618","50100",10,0,3,"02",90220
"2419860","50100",10,0,4,"02",60500
"2420405","50100",10,0,1,"05",6000
"2420493","50100",11,0,2,"02",44600
"2422033","50100",42,0,2,"02",122400
"2422918","50100",32,0,4,"02",76370
"2422982","50100",42,0,1,"05",9400
"2423029","50100",11,0,5,"02",39000
"2423173","50100",31,0,2,"02",27030
"2424284","50100",16,0,2,"01",26800
"2424949","50100",15,0,0,"02",0
"2425394","50100",15,0,0,"02",0
"2425736","50100",0,1,1,"  ",0
"2425776","50100",14,0,0,"02",0
"2426790","50100",15,0,2,"02",51700
"2427078","50100",10,0,3,"02",18500
"2429168","50100",31,0,2,"02",149200
"2429197","50100",11,0,4,"02",35200
"2430297","50100",14,0,0,"02",0
"2430480","50100",11,0,2,"02",80400
"2430959","50100",22,0,0,"02",0
"2431557","50100",16,0,4,"02",4600
"2431730","50100",10,0,4,"02",51000
"2431788","50100",11,0,2,"02",37850
"2431844","50100",15,0,0,"02",0
"2432610","50100",16,0,2,"02",93500
"2433319","50100",11,0,1,"05",62300
"2433341","50100",14,0,0,"02",0
"2434587","50100",15,0,0,"09",0
"2435361","50100",15,0,0,"02",0
"2436028","50100",32,0,5,"01",44330
"2436233","50100",14,0,0,"06",0
"2437381","50100",10,0,2,"02",50200
"2437415","50100",0,2,1,"  ",0
"2438983","50100",10,0,1,"02",17560
"2440101","50100",15,0,5,"02",43500
"2440492","50100",0,2,1,"  ",0
"2440749","50100",15,0,0,"02",0
"2441086","50100",11,0,2,"02",21060
"2441873","50100",10,0,2,"06",16000
"2442363","50100",10,0,4,"04",38700
"2443051","50100",11,0,2,"02",15500
"2444466","50100",22,0,0,"02",0
"2444802","50100",15,0,0,"02",0
"2446859","50100",0,2,1,"  ",0
"2447718","50100",21,0,1,"02",18300
"2448795","50100",37,0,0,"04",0
"2449232","50100",10,0,3,"02",49000
"2449996","50100",11,0,1,"02",52500
"2450437","50100",26,0,2,"02",174350
"2451761","50100",15,0,1,"02",30000
"2452121","50100",21,0,2,"02",167500
"2452244","50100",37,0,1,"01",8800
"2452368","50100",15,0,0,"02",0
"2452778","50100",16,0,3,"02",300
"2453472","50100",11,0,3,"02",74510
"2454665","50100",27,0,3,"02",67404
"2454903","50100",26,0,2,"02",20100
"2456239","50100",27,0,2,"02",29200
"2456313","50100",11,0,2,"02",85300
"2456955","50100",16,0,4,"02",43770
"2457424","50100",0,2,1,"  ",0
"2457489","50100",15,0,0,"02",0
"2457926","50100",47,0,3,"04",72000
"2458302","50100",37,0,2,"04",53800
"2459379","50100",10,0,1,"02",33800
"2459690","50100",15,0,0,"03",0
"2459753","50100",16,0,2,"02",47170
"2460449","50100",15,0,0,"02",0
"2461061","50100",11,0,3,"02",86500
"2462340","50100",10,0,2,"02",63000
"2462687","50100",15,0,0,"05",0
"2463869","50100",15,0,0,"08",0
"2464647","50100",22,0,0,"02",0
"2464796","50100",42,0,1,"07",12000
"2465146","50100",11,0,4,"02",60200
"2465489","50100",11,0,1,"02",5300
"2465590","50100",26,0,2,"02",13900
"2467235","50100",16,0,1,"02",8800
"2467300","50100",10,0,2,"02",77200
"2467355","50100",16,0,3,"01",51000
"2468369","50100",11,0,2,"02",55000
"2468662","50100",37,0,3,"02",74110
"2468922","50100",37,0,5,"02",50100
"2469446","50100",43,0,1,"04",51000
"2470334","50100",27,0,3,"02",115900
"2472395","50100",10,0,1,"02",36600
"2472396","50100",11,0,2,"02",41930
"2472920","50100",23,0,0,"02",0
"2473652","50100",10,0,5,"02",21000
"2473770","50100",15,0,0,"02",0
"2474859","50100",30,0,0,"02",0
"2476117","50100",11,0,1,"02",10000
"2476171","50100",21,0,3,"02",61000
"2476274","50100",15,0,1,"02",11310
"2476938","50100",15,0,0,"02",0
"2477178","50100",32,0,2,"02",45440
"2478997","50100",21,0,1,"02",22600
"2480028","50100",22,0,0,"02",0
"2480562","50100",15,0,0,"02",0
"2480705","50100",10,0,4,"02",65900
"2482094","50100",42,0,3,"02",89800
"2482504","50100",16,0,4,"02",75230
"2483504","50100",15,0,0,"07",0
"2483575","50100",11,0,2,"02",47300
"2484747","50100",16,0,3,"02",56000
"2485546","50100",15,0,0,"02",0
"2485766","50100",11,0,1,"05",10000
"2486146","50100",44,0,0,"06",0
"2487725","50100",11,0,4,"02",75700
"2488121","50100",11,0,4,"02",68470
"2488397","50100",15,0,0,"02",0
"2488413","50100",11,0,1,"02",10600
"2488629","50100",21,0,2,"02",37900
"2489310","50100",10,0,7,"02",92000
"2490166","50100",11,0,3,"02",49400
"2491782","50100",32,0,2,"02",85100
"2492035","50100",11,0,3,"02",41000
"2493340","50100",11,0,2,"02",67950
"2496294","50100",7,0,0,"02",0
"2496740","50100",26,0,2,"02",79940
"2496861","50100",16,0,1,"04",36500
"2497995","50100",11,0,4,"02",80000
"2498726","50100",10,0,1,"02",41900
"2499695","50100",21,0,2,"02",54200
"2499932","50100",21,0,4,"02",81600
"2500115","50100",0,1,1,"  ",0
"2500380","50100",31,0,6,"02",24100
"2501059","50100",0,1,1,"  ",0
"2501111","50100",14,0,0,"02",0
"2501675","50100",21,0,1,"02",34170
"2503128","50100",11,0,2,"06",33700
"2503582","50100",11,0,3,"01",57000
"2504200","50100",37,0,2,"02",22000
"2504518","50100",32,0,2,"04",78780
"2505068","50100",0,2,1,"  ",0
"2507091","50100",0,2,1,"  ",0
"2507143","50100",11,0,5,"02",48500
"2507215","50100",10,0,2,"05",34110
"2508036","50100",16,0,3,"02",54000
"2509634","50100",11,0,2,"02",21400
"2509757","50100",53,0,3,"06",4000
"2510018","50100",37,0,2,"01",27300
"2511303","50100",42,0,5,"04",129700
"2511595","50100",38,0,1,"06",30000
"2512162","50100",42,0,1,"05",17300
"2512643","50100",23,0,0,"02",0
"2513345","50100",21,0,2,"02",76800
"2515534","50100",15,0,0,"04",0
"2515864","50100",10,0,1,"01",34000
"2515882","50100",22,0,0,"05",0
"2515942","50100",10,0,1,"01",6700
"2516095","50100",11,0,3,"02",65600
"2518011","50100",37,0,3,"05",21000
"2518154","50100",5,0,4,"02",80520
"2518215","50100",26,0,5,"02",81630
"2519103","50100",37,0,3,"02",23100
"2519132","50100",15,0,0,"02",0
"2521195","50100",0,1,1,"  ",0
"2523363","50100",15,0,0,"02",0
"2523663","50100",48,0,1,"05",33490
"2523820","50100",37,0,0,"02",0
"2524657","50100",10,0,1,"02",44000
"2524844","50100",10,0,3,"02",48000
"2524934","50100",11,0,3,"02",12700
"2525774","50100",5,0,4,"02",46900
"2526086","50100",0,2,1,"  ",0
"2527161","50100",11,0,2,"02",30600
"2528121","50100",10,0,4,"02",40300
"2528135","50100",16,0,2,"02",30000
"2529230","50100",10,0,2,"02",53000
"2529415","50100",0,2,1,"  ",0
"2530684","50100",11,0,3,"02",101000
"2532006","50100",15,0,0,"02",0
"2532130","50100",11,0,2,"02",13000
"2532349","50100",16,0,2,"02",66000
"2532541","50100",15,0,0,"02",0
"2533446","50100",16,0,3,"01",49700
"2534021","50100",16,0,5,"02",74500
"2535323","50100",22,0,0,"04",0
"2537215","50100",21,0,3,"01",95340
"2538478","50100",14,0,0,"02",0
"2538494","50100",11,0,1,"01",20000
"2539775","50100",11,0,2,"02",75900
"2539900","50100",16,0,2,"02",48850
"2540573","50100",27,0,2,"01",11360
"2540634","50100",53,0,5,"02",57450
"2540873","50100",6,0,1,"02",25000
"2541659","50100",10,0,2,"05",29200
"2543158","50100",16,0,2,"02",42000
"2544093","50100",15,0,0,"03",0
"2544512","50100",27,0,2,"02",38000
"2546594","50100",22,0,0,"02",0
"2547145","50100",15,0,0,"02",0
"2548570","50100",32,0,2,"06",32100
"2548712","50100",10,0,3,"02",16000
"2549949","50100",59,0,0,"02",0
"2550012","50100",10,0,2,"02",154100
"2550141","50100",26,0,4,"02",59000
"2550662","50100",16,0,2,"02",31000
"2551372","50100",10,0,2,"02",40100
"2551889","50100",11,0,5,"02",79500
"2555540","50100",11,0,2,"02",45800
"2555587","50100",16,0,2,"02",39000
"2555855","50100",15,0,0,"02",0
"2555908","50100",11,0,2,"01",51900
"2556014","50100",11,0,2,"02",32400
"2557839","50100",11,0,2,"01",38000
"2557847","50100",15,0,0,"05",0
"2559960","50100",37,0,2,"04",60000
"2560139","50100",10,0,1,"02",800
"2560991","50100",10,0,2,"02",-9340
"2562178","50100",15,0,0,"01",0
"2563168","50100",0,1,1,"  ",0
"2563244","50100",10,0,1,"05",38000
"2565383","50100",30,0,0,"05",0
"2566072","50100",10,0,1,"02",42100
"2566650","50100",51,0,0,"02",0
"2567756","50100",11,0,3,"02",67600
"2570558","50100",10,0,1,"02",28100
"2571409","50100",11,0,2,"02",8300
"2571422","50100",16,0,1,"02",18000
"2572382","50100",11,0,2,"02",98800
"2573249","50100",11,0,2,"02",34800
"2573611","50100",0,1,1,"  ",0
"2574314","50100",30,0,0,"04",0
"2574412","50100",6,0,2,"01",20130
"2574475","50100",5,0,3,"04",16000
"2574967","50100",16,0,1,"02",297500
"2576159","50100",37,0,1,"02",22700
"2576239","50100",11,0,2,"02",86680
"2577759","50100",11,0,1,"02",25100
"2578239","50100",37,0,1,"06",53070
"2579372","50100",11,0,2,"02",42300
"2579650","50100",37,0,2,"02",101180
"2580045","50100",11,0,2,"02",46500
"2580646","50100",37,0,3,"04",21480
"2581258","50100",29,0,0,"02",0
"2581263","50100",16,0,4,"02",129150
"2582177","50100",15,0,0,"02",0
"2583423","50100",11,0,2,"04",68600
"2583787","50100",6,0,2,"02",54000
"2585196","50100",16,0,2,"02",7200
"2585410","50100",15,0,0,"02",0
"2586094","50100",42,0,2,"02",55200
"2586884","50100",10,0,3,"03",54000
"2586887","50100",15,0,0,"02",0
"2587147","50100",11,0,2,"02",38400
"2587468","50100",22,0,0,"02",0
"2587524","50100",16,0,1,"08",9400
"2589884","50100",11,0,4,"02",60000
"2590241","50100",11,0,2,"02",76000
"2590252","50100",11,0,4,"01",58100
"2591388","50100",32,0,2,"02",43000
"2591812","50100",16,0,3,"02",295500
"2592181","50100",14,0,0,"02",0
"2593244","50100",0,2,1,"  ",0
"2594057","50100",37,0,4,"02",26000
"2594146","50100",5,0,2,"02",53200
"2594637","50100",10,0,1,"08",22000
"2595450","50100",10,0,2,"02",81400
"2595490","50100",31,0,1,"04",11900
"2596251","50100",37,0,2,"04",13500
"2596661","50100",16,0,2,"01",60500
"2596975","50100",7,0,0,"01",0
"2597312","50100",27,0,2,"01",59150
"2597359","50100",0,2,1,"  ",0
"2598404","50100",11,0,3,"02",92300
"2599440","50100",0,2,1,"  ",0
"2599693","50100",21,0,1,"06",42040
"2599806","50100",27,0,2,"02",12000
"2601123","50100",15,0,0,"02",0
"2601351","50100",31,0,1,"02",17300
"2601668","50100",43,0,4,"06",12600
"2601931","50100",37,0,1,"02",23000
"2602799","50100",37,0,5,"02",97600
"2604300","50100",11,0,2,"02",29500
"2604890","50100",11,0,5,"02",81700
"2604920","50100",48,0,4,"05",29400
"2605603","50100",10,0,2,"02",83690
"2606318","50100",37,0,3,"03",12800
"2606729","50100",11,0,8,"01",35200
"2607672","50100",10,0,2,"02",162500
"2608032","50100",32,0,2,"02",30590
"2608500","50100",16,0,1,"02",66600
"2608534","50100",10,0,1,"02",33500
"2608811","50100",10,0,1,"02",40900
"2609528","50100",11,0,4,"02",20000
"2610230","50100",11,0,2,"02",59100
"2610336","50100",11,0,1,"05",5500
"2610691","50100",31,0,3,"02",55200
"2611037","50100",48,0,2,"01",38060
"2613462","50100",30,0,0,"02",0
"2613756","50100",74,0,3,"03",88100
"2614115","50100",16,0,6,"01",23300
"2614544","50100",16,0,2,"02",52000
"2614696","50100",31,0,1,"02",20700
"2615269","50100",11,0,5,"02",50000
"2615776","50100",10,0,3,"02",88900
"2615865","50100",24,0,5,"02",413700
"2615893","50100",15,0,0,"02",0
"2616309","50100",22,0,0,"02",0
"2616787","50100",11,0,2,"02",73200
"2617550","50100",0,2,1,"  ",0
"2617992","50100",16,0,3,"02",52500
"2618461","50100",21,0,3,"01",28250
"2618640","50100",11,0,1,"02",116400
"2619482","50100",37,0,2,"02",82500
"2620193","50100",43,0,4,"02",34000
"2620878","50100",16,0,1,"04",24660
"2620933","50100",11,0,1,"02",47010
"2620965","50100",11,0,5,"02",63000
"2621673","50100",27,0,1,"02",50450
"2622231","50100",11,0,1,"01",19100
"2622940","50100",22,0,0,"02",0
"2623596","50100",11,0,4,"02",32980
"2623656","50100",10,0,3,"02",9000
"2624324","50100",10,0,1,"02",113000
"2625661","50100",16,0,2,"02",35300
"2625834","50100",42,0,2,"05",53900
"2626448","50100",10,0,4,"02",51500
"2627909","50100",11,0,2,"01",21200
"2628471","50100",11,0,2,"01",10000
"2629358","50100",32,0,1,"05",11060
"2629763","50100",10,0,2,"02",59500
"2629894","50100",0,2,1,"  ",0
"2630444","50100",37,0,3,"02",79350
"2631186","50100",22,0,0,"02",0
"2631283","50100",15,0,0,"05",0
"2631367","50100",22,0,0,"02",0
"2631918","50100",10,0,3,"05",55010
"2632593","50100",11,0,2,"02",34510
"2633592","50100",37,0,1,"02",17700
"2635613","50100",11,0,3,"02",68000
"2636481","50100",15,0,0,"02",0
"2636586","50100",37,0,2,"02",90000
"2636866","50100",16,0,2,"02",18880
"2637839","50100",11,0,5,"05",57700
"2638680","50100",11,0,4,"02",45100
"2638890","50100",16,0,2,"02",58000
"2639068","50100",10,0,2,"02",44870
"2639419","50100",15,0,0,"09",0
"2640445","50100",15,0,0,"01",0
"2641206","50100",32,0,2,"06",26500
"2641559","50100",31,0,2,"02",18000
"2642187","50100",11,0,2,"02",44600
"2642494","50100",31,0,2,"06",58000
"2643154","50100",10,0,3,"02",80360
"2643669","50100",10,0,1,"07",14900
"2644103","50100",16,0,2,"02",31304
"2644160","50100",10,0,2,"02",27400
"2644598","50100",0,1,1,"  ",0
"2646723","50100",16,0,2,"02",70220
"2646837","50100",47,0,3,"02",33230
"2647911","50100",42,0,1,"05",26000
"2649082","50100",11,0,1,"01",15100
"2651865","50100",10,0,1,"06",11020
"2653080","50100",15,0,0,"02",0
"2653215","50100",16,0,2,"02",37800
"2653322","50100",47,0,5,"01",18200
"2653408","50100",16,0,4,"02",28580
"2654200","50100",32,0,1,"02",21700
"2654403","50100",48,0,3,"02",60100
"2654428","50100",0,1,1,"  ",0
"2655976","50100",47,0,1,"02",23000
"2658490","50100",26,0,1,"04",48980
"2658496","50100",15,0,0,"06",0
"2658643","50100",37,0,4,"02",76600
"2659975","50100",48,0,2,"05",76000
"2660040","50100",11,0,3,"02",47400
"2660269","50100",16,0,1,"06",26000
"2662205","50100",11,0,2,"02",15680
"2662802","50100",16,0,1,"02",23000
"2662830","50100",10,0,3,"02",44270
"2662973","50100",11,0,2,"02",21100
"2663312","50100",16,0,1,"04",7960
"2663424","50100",0,2,1,"  ",0
"2664459","50100",32,0,2,"05",64000
"2664552","50100",16,0,3,"02",77800
"2664904","50100",42,0,3,"02",53200
"2664912","50100",42,0,3,"02",81500
"2665873","50100",22,0,0,"02",0
"2666286","50100",10,0,1,"01",22000
"2666674","50100",32,0,1,"04",5100
"2667134","50100",22,0,4,"02",72500
"2669142","50100",15,0,0,"02",0
"2671110","50100",0,2,1,"  ",0
"2672197","50100",21,0,1,"02",33000
"2672647","50100",11,0,5,"02",11000
"2673278","50100",31,0,4,"02",71700
"2673814","50100",15,0,0,"02",0
"2674566","50100",0,1,1,"  ",0
"2675871","50100",42,0,1,"02",14600
"2675979","50100",11,0,2,"02",115000
"2676682","50100",11,0,2,"02",37620
"2676884","50100",11,0,2,"02",32300
"2677343","50100",37,0,2,"06",19500
"2677569","50100",11,0,3,"01",43000
"2678368","50100",37,0,5,"02",60280
"2678622","50100",0,2,1,"  ",0
"2678908","50100",48,0,1,"08",15800
"2679266","50100",16,0,1,"02",31700
"2679409","50100",44,0,0,"06",0
"2679469","50100",10,0,2,"02",76200
"2679662","50100",11,0,3,"02",37000
"2680656","50100",10,0,3,"02",39500
"2680735","50100",16,0,2,"02",33050
"2680994","50100",11,0,4,"02",33600
"2681420","50100",32,0,2,"02",42900
"2681898","50100",21,0,2,"02",23200
"2683316","50100",27,0,3,"02",41000
"2685770","50100",15,0,0,"02",0
"2686655","50100",0,1,1,"  ",0
"2686916","50100",10,0,4,"05",46690
"2688439","50100",37,0,1,"02",41200
"2688723","50100",22,0,0,"02",0
"2688758","50100",11,0,2,"02",84950
"2689348","50100",42,0,2,"02",140000
"2690014","50100",22,0,5,"01",31400
"2690578","50100",10,0,3,"04",13480
"2691480","50100",15,0,1,"01",20500
"2692380","50100",43,0,4,"02",344000
"2692850","50100",14,0,0,"05",0
"2693400","50100",52,0,0,"02",0
"2693601","50100",5,0,2,"02",26700
"2693902","50100",30,0,0,"01",0
"2694789","50100",16,0,1,"02",38200
"2695138","50100",48,0,2,"02",35050
"2695583","50100",37,0,1,"02",32900
"2695997","50100",27,0,3,"04",35000
"2697741","50100",11,0,2,"02",47100
"2698240","50100",11,0,2,"02",62000
"2699242","50100",16,0,2,"02",24500
"2699392","50100",10,0,3,"02",104400
"2699587","50100",10,0,1,"02",16100
"2699680","50100",42,0,2,"02",29160
"2700006","50100",10,0,2,"02",32580
"2701039","50100",16,0,1,"02",16500
"2701195","50100",0,2,1,"  ",0
"2701255","50100",14,0,0,"02",0
"2701754","50100",53,0,4,"04",75820
"2702581","50100",0,2,1,"  ",0
"2702603","50100",15,0,1,"01",111300
"2703656","50100",16,0,2,"05",26000
"2703978","50100",32,0,2,"02",46920
"2704213","50100",10,0,4,"02",25000
"2705808","50100",11,0,2,"02",1000
"2706692","50100",15,0,0,"03",0
"2708333","50100",10,0,3,"02",246100
"2708681","50100",0,2,1,"  ",0
"2708887","50100",11,0,1,"01",0
"2709075","50100",16,0,2,"02",19500
"2709234","50100",53,0,2,"01",48000
"2709241","50100",11,0,4,"02",15500
"2709361","50100",22,0,0,"02",0
"2709632","50100",32,0,3,"02",63000
"2710754","50100",11,0,2,"04",16300
"2710916","50100",10,0,2,"02",68800
"2711232","50100",10,0,4,"02",36000
"2711348","50100",16,0,4,"02",76500
"2712179","50100",11,0,3,"02",69200
"2712222","50100",26,0,4,"02",129500
"2712223","50100",11,0,1,"02",5500
"2712916","50100",11,0,2,"02",65000
"2713218","50100",29,0,0,"02",0
"2714632","50100",16,0,1,"07",6920
"2714845","50100",29,0,0,"02",0
"2714927","50100",0,2,1,"  ",0
"2715154","50100",10,0,4,"02",309200
"2715502","50100",0,2,1,"  ",0
"2715595","50100",37,0,4,"04",25200
"2715689","50100",0,2,1,"  ",0
"2715830","50100",11,0,4,"01",52800
"2715853","50100",10,0,2,"02",340
"2718188","50100",11,0,4,"02",41000
"2718596","50100",32,0,2,"02",76700
"2719930","50100",16,0,1,"02",35000
"2720162","50100",10,0,2,"05",18300
"2720986","50100",0,2,1,"  ",0
"2721297","50100",26,0,2,"02",13850
"2721842","50100",0,2,1,"  ",0
"2723002","50100",21,0,3,"02",29200
"2724308","50100",21,0,2,"02",183100
"2724661","50100",15,0,0,"02",0
"2724922","50100",10,0,2,"01",22940
"2725244","50100",10,0,1,"02",63600
"2725340","50100",0,1,1,"  ",0
"2726373","50100",10,0,2,"02",36900
"2727790","50100",0,2,1,"  ",0
"2728454","50100",38,0,1,"02",17900
"2728794","50100",16,0,1,"02",10000
"2728870","50100",32,0,2,"04",35500
"2729561","50100",42,0,1,"02",33700
"2730130","50100",0,1,1,"  ",0
"2730548","50100",37,0,0,"02",0
"2730616","50100",5,0,6,"02",84000
"2730892","50100",11,0,1,"02",42500
"2731251","50100",10,0,2,"02",38200
"2731479","50100",26,0,1,"03",22300
"2731537","50100",0,2,1,"  ",0
"2732688","50100",10,0,2,"02",25900
"2733000","50100",32,0,1,"02",37000
"2733261","50100",37,0,2,"02",26200
"2733748","50100",32,0,3,"02",84200
"2733957","50100",16,0,1,"01",36600
"2734232","50100",8,0,0,"03",0
"2734448","50100",0,1,1,"  ",0
"2736318","50100",11,0,2,"02",57800
"2736397","50100",11,0,2,"05",107500
"2736619","50100",11,0,4,"02",70000
"2737230","50100",6,0,1,"02",48400
"2737735","50100",32,0,5,"05",14800
"2737901","50100",10,0,4,"02",56000
"2738675","50100",10,0,4,"05",37000
"2739466","50100",38,0,1,"05",7530
"2739542","50100",16,0,2,"02",62600
"2740964","50100",16,0,2,"04",94000
"2740998","50100",15,0,0,"02",0
"2741571","50100",15,0,0,"02",0
"2741576","50100",11,0,3,"02",13600
"2742668","50100",10,0,1,"02",30000
"2744034","50100",21,0,2,"01",10200
"2744083","50100",21,0,1,"09",164200
"2744119","50100",0,2,1,"  ",0
"2744420","50100",11,0,1,"02",7100
"2744966","50100",15,0,0,"03",0
"2746358","50100",18,0,5,"02",130600
"2746901","50100",15,0,0,"02",0
"2748126","50100",11,0,2,"02",3950
"2748325","50100",37,0,2,"06",7010
"2748336","50100",26,0,1,"02",43000
"2750993","50100",15,0,0,"03",0
"2751667","50100",11,0,3,"06",38000
"2751763","50100",22,0,0,"02",0
"2752172","50100",11,0,4,"02",45000
"2753285","50100",11,0,1,"01",16000
"2753313","50100",22,0,0,"02",0
"2753563","50100",16,0,2,"02",17600
"2753797","50100",59,0,0,"02",0
"2753931","50100",11,0,2,"02",27600
"2753952","50100",11,0,1,"02",26500
"2756134","50100",10,0,4,"02",30200
"2757356","50100",15,0,0,"07",0
"2758205","50100",16,0,2,"02",20900
"2758853","50100",16,0,4,"02",78630
"2759393","50100",10,0,4,"02",55000
"2760981","50100",11,0,2,"02",34000
"2761670","50100",26,0,2,"02",43400
"2762556","50100",16,0,2,"02",48000
"2763299","50100",11,0,2,"03",57000
"2763406","50100",11,0,2,"01",12600
"2764357","50100",0,2,1,"  ",0
"2764652","50100",10,0,9,"02",184900
"2764735","50100",11,0,2,"03",9000
"2765496","50100",21,0,2,"02",39470
"2765777","50100",31,0,4,"02",103400
"2766733","50100",15,0,0,"01",0
"2766754","50100",10,0,2,"02",53500
"2766865","50100",5,0,2,"04",39300
"2766916","50100",11,0,4,"02",58320
"2767568","50100",44,0,0,"02",0
"2768574","50100",0,2,1,"  ",0
"2768962","50100",10,0,1,"02",19000
"2769161","50100",42,0,3,"02",17000
"2769404","50100",0,1,1,"  ",0
"2770272","50100",11,0,2,"02",22600
"2771835","50100",16,0,2,"02",50800
"2773774","50100",11,0,2,"02",29500
"2774054","50100",16,0,1,"06",47700
"2774202","50100",47,0,3,"05",35170
"2774929","50100",16,0,2,"02",25800
"2774968","50100",22,0,0,"02",0
"2775154","50100",0,2,1,"  ",0
"2775595","50100",26,0,2,"02",63600
"2776768","50100",22,0,0,"02",0
"2777042","50100",15,0,0,"02",0
"2777246","50100",10,0,2,"02",66500
"2781169","50100",16,0,3,"02",73210
"2781640","50100",32,0,2,"02",84600
"2781776","50100",11,0,2,"02",70100
"2782455","50100",27,0,2,"04",51000
"2784035","50100",15,0,0,"02",0
"2784331","50100",26,0,1,"02",11400
"2785672","50100",42,0,2,"02",327000
"2786119","50100",26,0,4,"02",19100
"2786247","50100",42,0,3,"01",114700
"2787370","50100",11,0,2,"08",37300
"2787759","50100",48,0,1,"04",36000
"2787934","50100",16,0,1,"02",42000
"2788320","50100",0,2,1,"  ",0
"2788724","50100",0,1,1,"  ",0
"2789290","50100",10,0,1,"02",11100
"2789420","50100",16,0,1,"02",19500
"2789769","50100",15,0,0,"02",0
"2790915","50100",15,0,0,"02",0
"2792605","50100",11,0,2,"02",59000
"2793176","50100",30,0,0,"02",0
"2794189","50100",31,0,4,"01",48500
"2795398","50100",11,0,4,"01",34900
"2796358","50100",10,0,3,"02",41000
"2796432","50100",32,0,2,"02",69200
"2796530","50100",22,0,0,"06",0
"2797884","50100",10,0,1,"02",11700
"2798452","50100",10,0,4,"02",45500
"2798501","50100",16,0,2,"02",34000
"2798796","50100",10,0,1,"01",10820
"2799405","50100",26,0,2,"03",72900
"2799594","50100",11,0,1,"04",11800
"2799895","50100",37,0,0,"01",0
"2806614","50100",10,0,2,"02",37940
"2806812","50100",11,0,2,"02",163000
"2807278","50100",42,0,1,"01",6840
"2807445","50100",32,0,1,"02",30000
"2807510","50100",16,0,2,"02",45000
"2807912","50100",22,0,0,"02",0
"2810309","50100",11,0,6,"02",38200
"2810610","50100",16,0,1,"02",700
"2810810","50100",0,1,1,"  ",0
"2810875","50100",32,0,2,"06",32600
"2811488","50100",6,0,6,"02",24600
"2812192","50100",11,0,1,"02",60000
"2813482","50100",0,2,1,"  ",0
"2813696","50100",16,0,4,"02",68500
"2813917","50100",15,0,0,"01",0
"2815050","50100",15,0,3,"02",60000
"2816037","50100",11,0,2,"02",41890
"2816637","50100",27,0,2,"02",60100
"2816850","50100",11,0,2,"04",28100
"2818987","50100",11,0,1,"02",7300
"2819232","50100",11,0,2,"01",31700
"2820271","50100",42,0,1,"05",25040
"2820379","50100",37,0,2,"01",60000
"2820964","50100",32,0,1,"02",52000
"2821018","50100",43,0,5,"02",89660
"2823998","50100",43,0,1,"02",51000
"2824181","50100",0,2,1,"  ",0
"2826624","50100",31,0,2,"02",43420
"2827181","50100",10,0,3,"02",126400
"2828402","50100",42,0,3,"04",20580
"2828468","50100",26,0,5,"02",51000
"2828656","50100",16,0,1,"02",44000
"2828675","50100",32,0,1,"06",25900
"2829083","50100",11,0,2,"02",53840
"2829548","50100",10,0,2,"02",58500
"2830291","50100",0,1,1,"  ",0
"2831071","50100",14,0,0,"03",0
"2831263","50100",11,0,2,"02",90000
"2831671","50100",48,0,4,"02",19000
"2831793","50100",10,0,2,"02",67000
"2831822","50100",48,0,2,"01",37400
"2832209","50100",10,0,2,"02",42630
"2832329","50100",43,0,4,"06",22000
"2832730","50100",10,0,4,"02",29510
"2832924","50100",32,0,1,"09",16060
"2833967","50100",37,0,2,"02",92820
"2835404","50100",11,0,1,"02",28000
"2835412","50100",16,0,2,"02",7130
"2839917","50100",11,0,2,"02",22500
"2840903","50100",10,0,2,"02",59100
"2841954","50100",16,0,3,"02",55000
"2842104","50100",11,0,6,"02",75800
"2842205","50100",0,2,1,"  ",0
"2842227","50100",42,0,2,"02",111000
"2842417","50100",42,0,2,"06",56000
"2842436","50100",15,0,0,"02",0
"2842458","50100",16,0,1,"01",8390
"2843291","50100",0,2,1,"  ",0
"2843302","50100",11,0,2,"02",45720
"2844863","50100",11,0,2,"02",71140
"2845349","50100",16,0,4,"05",7600
"2845955","50100",0,2,1,"  ",0
"2846003","50100",16,0,2,"02",28870
"2846540","50100",11,0,1,"02",15000
"2846861","50100",0,2,1,"  ",0
"2848306","50100",0,2,1,"  ",0
"2849248","50100",11,0,2,"02",67000
"2849558","50100",21,0,2,"02",69000
"2849769","50100",37,0,4,"05",20500
"2851010","50100",11,0,2,"02",40000
"2852519","50100",6,0,3,"02",67000
"2852656","50100",37,0,4,"04",27400
"2853689","50100",16,0,3,"02",44000
"2854005","50100",15,0,0,"10",0
"2854667","50100",0,1,1,"  ",0
"2856032","50100",10,0,1,"02",46000
"2856154","50100",32,0,1,"02",26300
"2857267","50100",37,0,2,"02",116300
"2858021","50100",22,0,0,"02",0
"2858891","50100",0,2,1,"  ",0
"2859363","50100",7,0,0,"02",0
"2859875","50100",10,0,2,"02",8500
"2861267","50100",11,0,2,"02",65900
"2862418","50100",32,0,3,"02",61800
"2862532","50100",32,0,1,"06",37030
"2862723","50100",31,0,3,"01",35800
"2863484","50100",37,0,1,"08",9600
"2863485","50100",10,0,4,"05",57000
"2864281","50100",27,0,2,"02",46860
"2864766","50100",32,0,2,"02",62000
"2865319","50100",22,0,0,"06",0
"2866678","50100",11,0,2,"04",24200
"2866945","50100",15,0,0,"02",0
"2867046","50100",11,0,2,"02",29600
"2867483","50100",37,0,2,"05",6400
"2870222","50100",10,0,2,"02",0
"2870774","50100",22,0,1,"05",18000
"2870884","50100",0,1,1,"  ",0
"2871263","50100",11,0,3,"02",40700
"2871282","50100",22,0,0,"02",0
"2872800","50100",44,0,0,"02",0
"2873030","50100",16,0,3,"02",79600
"2873157","50100",14,0,0,"07",0
"2873994","50100",22,0,0,"02",0
"2874155","50100",11,0,2,"02",89500
"2875118","50100",5,0,6,"02",54600
"2875200","50100",11,0,2,"02",9300
"2875565","50100",16,0,3,"02",16770
"2878075","50100",27,0,2,"04",22000
"2878563","50100",37,0,0,"02",0
"2879666","50100",32,0,2,"04",22200
"2879733","50100",16,0,2,"02",135000
"2879909","50100",15,0,0,"02",0
"2880564","50100",43,0,2,"09",12000
"2880965","50100",32,0,1,"07",41000
"2881672","50100",42,0,4,"02",9600
"2882420","50100",11,0,3,"02",28430
"2883590","50100",15,0,0,"02",0
"2884653","50100",11,0,5,"02",87200
"2885588","50100",14,0,0,"08",0
"2885737","50100",15,0,0,"02",0
"2886898","50100",0,2,1,"  ",0
"2887188","50100",0,2,1,"  ",0
"2888018","50100",16,0,3,"02",71900
"2888815","50100",15,0,0,"02",0
"2889310","50100",5,0,4,"02",99800
"2889337","50100",11,0,2,"02",95000
"2889784","50100",5,0,5,"02",73300
"2890232","50100",16,0,1,"02",16300
"2890382","50100",32,0,1,"02",32000
"2890803","50100",22,0,0,"03",0
"2890827","50100",11,0,2,"02",53300
"2891387","50100",15,0,0,"02",0
"2893167","50100",0,2,1,"  ",0
"2893418","50100",16,0,1,"02",13200
"2894822","50100",16,0,4,"02",49200
"2894927","50100",53,0,2,"06",52704
"2895729","50100",15,0,0,"02",0
"2896076","50100",48,0,2,"05",19010
"2896538","50100",11,0,3,"02",42040
"2896802","50100",5,0,2,"01",47600
"2897007","50100",15,0,2,"02",62500
"2898635","50100",0,1,1,"  ",0
"2900571","50100",14,0,0,"02",0
"2900644","50100",11,0,1,"02",25700
"2900988","50100",11,0,1,"02",27400
"2901253","50100",11,0,3,"02",19990
"2902129","50100",16,0,2,"06",17100
"2902743","50100",11,0,1,"02",9650
"2905919","50100",11,0,2,"02",12700
"2906610","50100",16,0,3,"04",48800
"2906622","50100",11,0,2,"02",45100
"2906660","50100",10,0,4,"02",17500
"2907666","50100",15,0,0,"02",0
"2907779","50100",42,0,5,"02",70900
"2908252","50100",10,0,2,"02",60200
"2908585","50100",11,0,3,"02",46700
"2908708","50100",11,0,4,"02",96300
"2909068","50100",21,0,1,"05",26000
"2909912","50100",16,0,2,"02",44900
"2910587","50100",10,0,2,"02",55700
"2910755","50100",10,0,1,"05",21700
"2910877","50100",16,0,3,"06",8870
"2911078","50100",10,0,1,"02",30000
"2912399","50100",31,0,3,"02",48750
"2912909","50100",42,0,1,"02",40400
"2913002","50100",11,0,3,"02",114050
"2913345","50100",21,0,5,"02",68500
"2913990","50100",15,0,0,"06",0
"2915140","50100",37,0,3,"02",58600
"2916182","50100",32,0,2,"04",122780
"2917312","50100",11,0,1,"02",28800
"2917731","50100",11,0,1,"02",28800
"2917738","50100",11,0,2,"08",19800
"2917778","50100",10,0,3,"02",59300
"2919478","50100",37,0,4,"02",46410
"2919667","50100",16,0,1,"05",20000
"2919983","50100",11,0,2,"01",36900
"2920334","50100",0,1,1,"  ",0
"2920938","50100",32,0,2,"02",29700
"2921638","50100",11,0,2,"02",15100
"2922026","50100",16,0,1,"02",16900
"2924956","50100",27,0,1,"05",31400
"2926333","50100",21,0,3,"02",57100
"2927698","50100",11,0,1,"05",18000
"2928151","50100",10,0,1,"02",36000
"2928614","50100",43,0,1,"06",83000
"2928619","50100",15,0,0,"02",0
"2928679","50100",11,0,3,"02",146700
"2929532","50100",42,0,4,"02",163000
"2929614","50100",43,0,2,"01",6500
"2932659","50100",32,0,2,"02",96800
"2932881","50100",15,0,6,"02",47980
"2932894","50100",16,0,1,"02",21100
"2933831","50100",21,0,4,"02",46000
"2936720","50100",22,0,1,"03",40000
"2936995","50100",37,0,2,"07",23370
"2937037","50100",10,0,2,"05",40000
"2937444","50100",22,0,0,"03",0
"2938037","50100",15,0,0,"02",0
"2938383","50100",11,0,4,"02",46720
"2938394","50100",10,0,3,"02",77400
"2940106","50100",11,0,2,"01",14400
"2940904","50100",16,0,1,"05",22000
"2941257","50100",32,0,1,"02",20970
"2941391","50100",81,0,0,"01",0
"2941618","50100",30,0,0,"02",0
"2942047","50100",14,0,0,"02",0
"2942229","50100",26,0,2,"02",54800
"2942604","50100",11,0,1,"02",42100
"2943090","50100",53,0,3,"03",53210
"2943373","50100",15,0,0,"02",0
"2943526","50100",21,0,1,"02",22090
"2944455","50100",10,0,4,"03",22200
"2944811","50100",11,0,2,"02",29700
"2946287","50100",21,0,3,"02",60500
"2947823","50100",11,0,4,"02",55600
"2947877","50100",10,0,2,"04",60000
"2948689","50100",11,0,1,"02",17000
"2949099","50100",11,0,3,"02",41600
"2949598","50100",11,0,1,"01",25000
"2950154","50100",11,0,1,"03",-4200
"2951239","50100",11,0,3,"02",18300
"2951918","50100",0,1,1,"  ",0
"2953122","50100",11,0,2,"02",61500
"2954767","50100",31,0,4,"02",38660
"2956048","50100",11,0,4,"02",65000
"2956204","50100",11,0,2,"05",127200
"2957054","50100",37,0,3,"02",96700
"2957408","50100",11,0,4,"02",28100
"2957416","50100",11,0,6,"02",61800
"2957852","50100",16,0,2,"06",25000
"2957936","50100",0,2,1,"  ",0
"2960097","50100",21,0,3,"02",50600
"2961643","50100",11,0,5,"02",28310
"2961876","50100",16,0,3,"02",76600
"2963770","50100",37,0,3,"04",22900
"2963982","50100",15,0,0,"02",0
"2964228","50100",10,0,2,"02",43580
"2964438","50100",16,0,2,"02",50300
"2964780","50100",15,0,0,"02",0
"2965205","50100",31,0,2,"05",32000
"2965592","50100",16,0,1,"02",25000
"2966664","50100",11,0,1,"03",19000
"2966886","50100",11,0,3,"02",46000
"2967812","50100",31,0,1,"02",17600
"2967918","50100",15,0,0,"02",0
"2968121","50100",16,0,1,"02",53000
"2969063","50100",31,0,3,"02",57900
"2969717","50100",10,0,2,"02",72500
"2969971","50100",16,0,1,"02",17000
"2970175","50100",11,0,4,"02",26200
"2971459","50100",32,0,1,"02",114100
"2972325","50100",11,0,2,"02",44700
"2972878","50100",32,0,2,"01",12360
"2973079","50100",11,0,2,"02",91500
"2974005","50100",16,0,2,"02",18100
"2974701","50100",21,0,1,"02",27150
"2974844","50100",15,0,0,"02",0
"2975321","50100",0,2,1,"  ",0
"2975497","50100",11,0,3,"02",85210
"2975562","50100",32,0,3,"02",61000
"2976393","50100",0,2,1,"  ",0
"2976623","50100",10,0,1,"02",51600
"2976974","50100",26,0,1,"02",20630
"2977285","50100",42,0,3,"02",54050
"2978095","50100",27,0,1,"01",11000
"2978157","50100",11,0,2,"02",75600
"2978902","50100",11,0,2,"02",69000
"2979169","50100",11,0,3,"02",11970
"2979583","50100",31,0,5,"02",68800
"2979664","50100",11,0,4,"04",18400
"2979911","50100",10,0,1,"04",54000
"2980753","50100",16,0,1,"02",29000
"2980909","50100",16,0,3,"02",42000
"2981197","50100",7,0,0,"02",0
"2981780","50100",10,0,3,"05",26000
"2981917","50100",16,0,2,"02",115500
"2981994","50100",37,0,2,"01",38000
"2982052","50100",16,0,3,"02",31610
"2982610","50100",10,0,2,"02",45000
"2983150","50100",10,0,2,"02",23700
"2983510","50100",15,0,0,"02",0
"2984923","50100",16,0,2,"02",38030
"2985742","50100",32,0,3,"02",15890
"2985902","50100",32,0,1,"02",15200
"2985904","50100",0,2,1,"  ",0
"2986400","50100",30,0,0,"04",0
"2986469","50100",0,2,1,"  ",0
"2986625","50100",14,0,0,"02",0
"2987553","50100",43,0,4,"02",94000
"2988031","50100",16,0,5,"02",139700
"2988132","50100",16,0,1,"02",0
"2989889","50100",10,0,1,"05",4500
"2990205","50100",16,0,2,"02",306000
"2990225","50100",10,0,2,"02",34100
"2990554","50100",16,0,4,"02",61900
"2990712","50100",0,2,1,"  ",0
"2990845","50100",10,0,2,"02",126800
"2991415","50100",48,0,2,"02",66700
"2992009","50100",11,0,1,"02",33600
"2992847","50100",0,2,1,"  ",0
"2993048","50100",16,0,1,"02",19800
"2995539","50100",11,0,2,"02",65000
"2996451","50100",11,0,4,"02",59630
"2996659","50100",11,0,2,"02",52600
"2997763","50100",10,0,1,"02",11700
"2997789","50100",22,0,0,"02",0
"2998227","50100",0,2,1,"  ",0
"2998335","50100",15,0,0,"02",0
"2998618","50100",11,0,2,"02",76950
"2998874","50100",10,0,1,"02",35000
"2999160","50100",11,0,4,"02",64000
"2999469","50100",10,0,2,"04",9100
"3000108","50100",37,0,1,"01",9100
"3000629","50100",10,0,2,"02",29080
"3001040","50100",37,0,2,"02",101420
"3001161","50100",14,0,0,"02",0
"3002490","50100",15,0,0,"09",0
"3002950","50100",11,0,1,"05",40200
"3004403","50100",43,0,1,"04",30600
"3004715","50100",10,0,4,"02",37500
"3004838","50100",42,0,2,"02",68200
"3004991","50100",10,0,3,"02",32000
"3005943","50100",32,0,3,"02",61300
"3006004","50100",48,0,3,"02",38000
"3006596","50100",32,0,2,"03",67850
"3006970","50100",21,0,4,"02",236060
"3007309","50100",15,0,0,"02",0
"3007689","50100",11,0,4,"02",90000
"3008158","50100",16,0,2,"02",46000
"3009509","50100",10,0,5,"02",51670
"3009645","50100",11,0,2,"02",51500
"3010056","50100",16,0,5,"02",55000
"3011335","50100",10,0,4,"01",29100
"3011761","50100",11,0,2,"01",21830
"3012375","50100",11,0,2,"02",42500
"3012449","50100",11,0,2,"04",38940
"3013145","50100",31,0,1,"06",34400
"3013822","50100",10,0,1,"04",36120
"3014463","50100",11,0,1,"02",8500
"3014519","50100",11,0,4,"05",35400
"3015602","50100",16,0,5,"01",10900
"3015886","50100",11,0,4,"06",50000
"3016701","50100",0,1,1,"  ",0
"3017396","50100",16,0,6,"02",23800
"3017506","50100",10,0,2,"02",17050
"3018085","50100",10,0,2,"04",23200
"3018501","50100",32,0,1,"06",2200
"3018714","50100",11,0,2,"02",68000
"3019174","50100",11,0,1,"02",40000
"3020410","50100",0,2,1,"  ",0
"3020683","50100",15,0,0,"02",0
"3020874","50100",10,0,4,"02",36750
"3021237","50100",21,0,5,"02",34400
"3022303","50100",16,0,2,"02",10500
"3022309","50100",16,0,2,"02",164000
"3022922","50100",42,0,2,"01",45000
"3023936","50100",27,0,1,"02",8050
"3023955","50100",11,0,2,"03",17200
"3024132","50100",11,0,2,"02",32650
"3024990","50100",0,2,1,"  ",0
"3025222","50100",10,0,3,"04",75700
"3025284","50100",32,0,2,"02",58430
"3025789","50100",59,0,0,"02",0
"3026161","50100",31,0,2,"08",29350
"3026444","50100",42,0,3,"02",80000
"3026653","50100",11,0,2,"02",0
"3027916","50100",11,0,1,"02",12400
"3028123","50100",15,0,0,"02",0
"3028217","50100",10,0,2,"01",16600
"3028505","50100",10,0,1,"02",11100
"3028771","50100",27,0,3,"02",46400
"3029060","50100",10,0,3,"02",30510
"3030115","50100",16,0,2,"02",11600
"3031049","50100",14,0,0,"02",0
"3031266","50100",22,0,0,"01",0
"3032493","50100",29,0,0,"02",0
"3032750","50100",26,0,1,"02",23900
"3034688","50100",16,0,2,"02",13500
"3035640","50100",16,0,4,"05",41500
"3035673","50100",32,0,2,"02",40800
"3035738","50100",11,0,1,"02",7000
"3035995","50100",16,0,2,"01",25000
"3036398","50100",21,0,1,"05",26000
"3037087","50100",10,0,1,"02",17900
"3038014","50100",0,2,1,"  ",0
"3038029","50100",14,0,0,"02",0
"3038803","50100",11,0,1,"02",19400
"3039789","50100",11,0,3,"01",31000
"3040382","50100",21,0,2,"01",43000
"3041358","50100",11,0,1,"06",30200
"3041508","50100",11,0,2,"04",46400
"3042351","50100",22,0,0,"02",0
"3043324","50100",10,0,3,"02",45400
"3043348","50100",11,0,2,"01",100400
"3043565","50100",16,0,3,"02",100340
"3044522","50100",0,2,1,"  ",0
"3045900","50100",26,0,2,"02",77000
"3047736","50100",22,0,2,"02",37600
"3048233","50100",11,0,2,"02",62920
"3048770","50100",10,0,1,"01",4500
"3049627","50100",32,0,1,"02",21600
"3050863","50100",15,0,2,"05",135950
"3051158","50100",22,0,0,"04",0
"3051649","50100",16,0,2,"02",22300
"3052414","50100",11,0,4,"02",19000
"3052586","50100",11,0,1,"01",10
"3054359","50100",16,0,5,"02",99000
"3055262","50100",11,0,6,"02",56700
"3055676","50100",11,0,1,"02",5830
"3056146","50100",31,0,1,"01",18000
"3056368","50100",16,0,1,"06",7600
"3056499","50100",42,0,2,"02",42000
"3056984","50100",37,0,2,"05",12000
"3057641","50100",11,0,3,"02",40040
"3058492","50100",11,0,4,"02",49900
"3058605","50100",10,0,1,"02",117000
"3059223","50100",43,0,1,"02",16800
"3060037","50100",11,0,4,"02",56990
"3062588","50100",11,0,5,"02",50000
"3063881","50100",16,0,6,"02",24000
"3064123","50100",26,0,2,"02",53000
"3065939","50100",11,0,2,"02",59500
"3066527","50100",15,0,0,"02",0
"3067186","50100",16,0,2,"02",38700
"3067435","50100",43,0,1,"04",20000
"3067833","50100",11,0,1,"01",1700
"3068038","50100",11,0,1,"02",21100
"3068837","50100",10,0,2,"01",12710
"3069176","50100",11,0,5,"02",67500
"3069229","50100",15,0,0,"02",0
"3070075","50100",10,0,2,"02",73980
"3071024","50100",37,0,3,"02",72000
"3071924","50100",26,0,5,"02",81100
"3072670","50100",10,0,3,"01",62100
"3073149","50100",11,0,1,"02",0
"3074154","50100",26,0,2,"04",38000
"3074344","50100",37,0,2,"02",57000
"3074462","50100",37,0,2,"02",16480
"3075019","50100",15,0,0,"02",0
"3075389","50100",11,0,5,"02",26300
"3075894","50100",15,0,0,"02",0
"3076097","50100",32,0,1,"02",34800
"3077385","50100",10,0,2,"02",77000
"3077432","50100",48,0,5,"02",74000
"3077543","50100",10,0,2,"02",26000
"3078719","50100",11,0,1,"02",70100
"3078740","50100",11,0,2,"02",1e+05
"3079087","50100",63,0,5,"05",59700
"3080769","50100",10,0,4,"02",40700
"3081077","50100",16,0,1,"05",10000
"3081183","50100",11,0,2,"02",142230
"3083221","50100",32,0,1,"02",8700
"3083503","50100",14,0,0,"02",0
"3084233","50100",37,0,2,"05",26200
"3084341","50100",44,0,0,"07",0
"3084350","50100",11,0,1,"02",26000
"3084479","50100",11,0,3,"02",48000
"3084904","50100",11,0,4,"01",56000
"3085300","50100",5,0,5,"02",26000
"3086011","50100",37,0,4,"03",32300
"3086163","50100",0,2,1,"  ",0
"3087159","50100",11,0,2,"02",9400
"3087819","50100",48,0,2,"02",99000
"3088179","50100",31,0,1,"09",6700
"3088835","50100",32,0,2,"02",81620
"3088967","50100",5,0,6,"02",58300
"3089676","50100",22,0,0,"02",0
"3090077","50100",14,0,0,"02",0
"3090684","50100",16,0,1,"05",142000
"3090867","50100",15,0,0,"02",0
"3091434","50100",10,0,2,"05",65100
"3091859","50100",22,0,0,"02",0
"3091945","50100",37,0,3,"02",85600
"3092814","50100",6,0,5,"01",47000
"3092920","50100",15,0,0,"02",0
"3093480","50100",21,0,5,"02",4800
"3093717","50100",10,0,2,"02",35050
"3093891","50100",15,0,1,"01",8500
"3096326","50100",32,0,2,"02",67540
"3097387","50100",22,0,4,"02",75000
"3097429","50100",37,0,1,"04",9600
"3097503","50100",32,0,1,"02",11200
"3097895","50100",0,1,1,"  ",0
"3099194","50100",42,0,2,"02",46000
"3099266","50100",0,2,1,"  ",0
"3100052","50100",16,0,2,"02",62020
"3102478","50100",15,0,0,"02",0
"3103874","50100",11,0,2,"02",43300
"3104093","50100",21,0,2,"04",151050
"3105373","50100",16,0,2,"02",10800
"3106376","50100",11,0,4,"02",85000
"3106956","50100",16,0,2,"02",52400
"3108323","50100",8,0,0,"02",0
"3108506","50100",16,0,3,"04",75000
"3108566","50100",15,0,0,"05",0
"3108694","50100",11,0,3,"01",64000
"3109649","50100",27,0,2,"02",91100
"3112521","50100",0,2,1,"  ",0
"3114925","50100",11,0,3,"02",105510
"3115867","50100",16,0,2,"02",30200
"3116403","50100",0,2,1,"  ",0
"3117551","50100",32,0,3,"02",29300
"3118694","50100",16,0,2,"01",9900
"3119600","50100",11,0,2,"01",40900
"3120112","50100",140,0,0,"02",0
"3121051","50100",11,0,4,"01",58000
"3121062","50100",118,0,0,"04",0
"3122568","50100",11,0,2,"02",26760
"3122716","50100",32,0,2,"02",52000
"3123103","50100",16,0,2,"02",50000
"3124121","50100",15,0,0,"01",0
"3125152","50100",15,0,0,"02",0
"3126106","50100",14,0,0,"03",0
"3129295","50100",16,0,1,"01",46000
"3130170","50100",5,0,3,"06",49000
"3130172","50100",6,0,2,"02",18100
"3131180","50100",42,0,1,"01",8000
"3132664","50100",31,0,2,"02",20500
"3132998","50100",10,0,5,"02",86100
"3133193","50100",10,0,3,"02",17800
"3134638","50100",26,0,2,"02",152900
"3134694","50100",16,0,2,"02",58500
"3137090","50100",10,0,2,"02",55800
"3137562","50100",53,0,1,"05",43260
"3137645","50100",0,2,1,"  ",0
"3137902","50100",11,0,2,"02",70240
"3138975","50100",16,0,1,"05",21000
"3139081","50100",22,0,0,"02",0
"3139867","50100",11,0,4,"02",62710
"3140501","50100",16,0,3,"02",31580
"3141063","50100",11,0,2,"02",69200
"3141659","50100",15,0,0,"04",0
"3141960","50100",22,0,0,"02",0
"3142072","50100",21,0,3,"02",87200
"3142234","50100",43,0,2,"05",48800
"3143318","50100",14,0,0,"02",0
"3143510","50100",37,0,0,"02",0
"3143704","50100",22,0,0,"02",0
"3143822","50100",15,0,0,"02",0
"3145006","50100",11,0,2,"02",50000
"3145393","50100",11,0,1,"03",22000
"3146276","50100",10,0,4,"02",29100
"3146630","50100",0,2,1,"  ",0
"3146754","50100",11,0,2,"01",44150
"3148090","50100",16,0,4,"01",59500
"3149289","50100",16,0,4,"02",40600
"3149775","50100",10,0,1,"04",25500
"3150071","50100",10,0,1,"02",13700
"3150088","50100",15,0,0,"02",0
"3150339","50100",37,0,4,"02",50600
"3151134","50100",11,0,3,"02",46640
"3153193","50100",27,0,1,"02",20400
"3153329","50100",11,0,2,"02",160000
"3155473","50100",15,0,0,"08",0
"3157700","50100",0,1,1,"  ",0
"3159225","50100",8,0,0,"08",0
"3159416","50100",11,0,2,"01",23830
"3160127","50100",16,0,5,"02",25000
"3160213","50100",15,0,0,"02",0
"3160406","50100",16,0,1,"02",0
"3160996","50100",10,0,4,"04",83400
"3162465","50100",11,0,2,"04",19900
"3163271","50100",11,0,2,"02",77000
"3164156","50100",16,0,1,"01",20000
"3164263","50100",16,0,1,"02",7800
"3164500","50100",10,0,1,"05",20400
"3165768","50100",22,0,4,"02",12000
"3166557","50100",11,0,1,"02",15500
"3167674","50100",42,0,2,"02",153500
"3167812","50100",11,0,1,"08",5200
"3168772","50100",11,0,1,"02",18000
"3170297","50100",0,1,1,"  ",0
"3171616","50100",16,0,4,"02",49000
"3171852","50100",11,0,10,"02",126900
"3173352","50100",11,0,2,"05",13800
"3173910","50100",11,0,7,"01",49800
"3175145","50100",10,0,2,"02",17020
"3176061","50100",43,0,4,"03",86000
"3177156","50100",15,0,0,"02",0
"3177791","50100",48,0,1,"06",10000
"3178393","50100",52,0,1,"09",89900
"3179546","50100",11,0,2,"02",56000
"3179762","50100",16,0,3,"02",67300
"3179806","50100",27,0,1,"02",11000
"3180657","50100",11,0,2,"02",36800
"3181847","50100",16,0,3,"02",34900
"3181892","50100",15,0,2,"04",107500
"3183339","50100",10,0,4,"02",51300
"3183380","50100",16,0,1,"04",24600
"3183681","50100",5,0,2,"02",40030
"3183900","50100",10,0,2,"01",21400
"3184984","50100",27,0,3,"02",87100
"3185233","50100",10,0,2,"02",16700
"3185384","50100",14,0,0,"07",0
"3187433","50100",0,2,1,"  ",0
"3187513","50100",10,0,2,"02",24000
"3187989","50100",0,1,1,"  ",0
"3188696","50100",11,0,2,"02",34120
"3188745","50100",11,0,3,"02",117500
"3189928","50100",42,0,3,"02",84560
"3190147","50100",16,0,1,"04",21500
"3192431","50100",42,0,1,"06",28000
"3192442","50100",16,0,2,"01",19500
"3194644","50100",0,2,1,"  ",0
"3194919","50100",11,0,4,"02",23800
"3196074","50100",16,0,3,"02",93500
"3196185","50100",0,2,1,"  ",0
"3197445","50100",0,1,1,"  ",0
"3199355","50100",10,0,3,"02",73354
"3200424","50100",10,0,1,"02",140000
"3201113","50100",11,0,2,"02",48400
"3202283","50100",16,0,4,"02",87000
"3202801","50100",37,0,1,"06",13400
"3203882","50100",26,0,2,"02",9500
"3204498","50100",37,0,2,"02",23200
"3204923","50100",16,0,1,"02",10000
"3205397","50100",26,0,4,"02",52000
"3205924","50100",23,0,4,"02",47600
"3206154","50100",15,0,0,"06",0
"3206347","50100",15,0,0,"02",0
"3206631","50100",7,0,0,"02",0
"3207083","50100",43,0,2,"02",169500
"3207085","50100",16,0,4,"02",27900
"3207530","50100",11,0,2,"02",78000
"3208567","50100",27,0,3,"01",23200
"3208920","50100",58,0,2,"02",24200
"3209359","50100",44,0,0,"02",0
"3209792","50100",37,0,2,"06",40600
"3213845","50100",53,0,1,"02",152000
"3214015","50100",31,0,2,"06",67900
"3214065","50100",15,0,0,"02",0
"3214419","50100",10,0,2,"02",21000
"3215518","50100",37,0,5,"02",45000
"3215662","50100",37,0,2,"02",42600
"3215678","50100",15,0,0,"02",0
"3216048","50100",59,0,2,"04",66400
"3216751","50100",15,0,0,"01",0
"3217778","50100",0,2,1,"  ",0
"3218639","50100",15,0,0,"06",0
"3219533","50100",37,0,1,"05",37030
"3220091","50100",16,0,4,"02",40000
"3220108","50100",21,0,1,"02",11500
"3220197","50100",48,0,1,"08",6000
"3221802","50100",11,0,4,"02",57000
"3222037","50100",42,0,4,"01",49200
"3222093","50100",11,0,1,"08",8100
"3222284","50100",0,1,1,"  ",0
"3223131","50100",15,0,1,"05",3000
"3223262","50100",5,0,5,"02",38400
"3223437","50100",10,0,1,"02",7200
"3224181","50100",37,0,0,"02",0
"3224481","50100",11,0,2,"01",41320
"3225087","50100",37,0,1,"05",8800
"3225207","50100",89,0,0,"02",0
"3225677","50100",31,0,3,"02",63000
"3226203","50100",21,0,2,"02",60000
"3227152","50100",5,0,2,"06",25500
"3227432","50100",22,0,0,"03",0
"3227554","50100",0,2,1,"  ",0
"3228591","50100",10,0,2,"01",20000
"3228914","50100",15,0,0,"02",0
"3229068","50100",15,0,0,"02",0
"3229301","50100",16,0,2,"02",47900
"3229780","50100",16,0,2,"02",88800
"3230690","50100",16,0,1,"05",27600
"3230954","50100",11,0,2,"02",49000
"3231046","50100",14,0,0,"02",0
"3231074","50100",14,0,0,"03",0
"3232284","50100",10,0,2,"02",131100
"3233027","50100",10,0,1,"05",18400
"3233529","50100",11,0,2,"02",73000
"3233848","50100",15,0,0,"01",0
"3234085","50100",42,0,2,"02",108000
"3234295","50100",10,0,3,"02",55660
"3234304","50100",21,0,1,"02",21700
"3234393","50100",11,0,3,"02",66700
"3234650","50100",16,0,1,"02",14200
"3235435","50100",11,0,2,"02",102070
"3235836","50100",10,0,2,"02",251900
"3236887","50100",7,0,0,"04",0
"3237525","50100",10,0,2,"02",15050
"3237870","50100",11,0,1,"02",26100
"3238139","50100",69,0,3,"04",10200
"3238445","50100",10,0,2,"04",70600
"3239307","50100",11,0,2,"02",123000
"3241391","50100",21,0,2,"02",26540
"3241725","50100",15,0,0,"06",0
"3243813","50100",26,0,2,"05",35100
"3244557","50100",11,0,3,"02",74900
"3245843","50100",15,0,0,"02",0
"3245935","50100",37,0,2,"02",37800
"3245992","50100",11,0,2,"02",17800
"3246168","50100",42,0,1,"04",44400
"3246414","50100",26,0,1,"02",18400
"3247064","50100",6,0,2,"01",5300
"3248204","50100",10,0,1,"07",22400
"3248275","50100",15,0,0,"06",0
"3249758","50100",53,0,3,"02",68500
"3252278","50100",16,0,3,"02",41700
"3252624","50100",0,2,1,"  ",0
"3252815","50100",6,0,7,"02",83800
"3253010","50100",30,0,0,"02",0
"3253117","50100",11,0,1,"01",15300
"3253618","50100",10,0,4,"02",59500
"3254336","50100",15,0,2,"01",26100
"3255347","50100",15,0,0,"02",0
"3255848","50100",32,0,2,"02",29000
"3256256","50100",11,0,2,"02",42590
"3256335","50100",27,0,2,"02",23000
"3257754","50100",15,0,0,"02",0
"3258271","50100",14,0,0,"02",0
"3258667","50100",37,0,2,"02",47000
"3259508","50100",42,0,2,"02",143000
"3259823","50100",23,0,0,"06",0
"3260935","50100",48,0,5,"02",90000
"3261143","50100",15,0,2,"02",24450
"3262367","50100",10,0,3,"02",64800
"3262769","50100",11,0,2,"02",14300
"3264763","50100",10,0,2,"02",31800
"3264876","50100",5,0,2,"02",107000
"3264980","50100",37,0,1,"09",9100
"3265015","50100",27,0,5,"02",47000
"3265050","50100",11,0,4,"02",66200
"3265601","50100",15,0,0,"02",0
"3265650","50100",11,0,2,"02",92600
"3266140","50100",31,0,4,"02",101200
"3266337","50100",11,0,4,"02",73780
"3268090","50100",11,0,5,"02",171860
"3271675","50100",0,2,1,"  ",0
"3272321","50100",16,0,2,"02",88000
"3272467","50100",15,0,0,"02",0
"3272522","50100",5,0,4,"02",40200
"3274345","50100",11,0,2,"01",46020
"3274501","50100",37,0,4,"05",40000
"3275663","50100",48,0,2,"02",75500
"3277005","50100",10,0,1,"02",6700
"3277213","50100",10,0,2,"02",12000
"3277354","50100",23,0,0,"02",0
"3277656","50100",10,0,2,"02",54000
"3278211","50100",0,2,1,"  ",0
"3278267","50100",0,2,1,"  ",0
"3278564","50100",31,0,1,"02",10100
"3278580","50100",21,0,1,"07",0
"3278867","50100",11,0,4,"02",16150
"3280756","50100",15,0,0,"07",0
"3281606","50100",32,0,1,"08",8400
"3282123","50100",10,0,1,"02",5200
"3282855","50100",22,0,0,"02",0
"3284619","50100",42,0,3,"02",86000
"3284718","50100",11,0,2,"02",19200
"3284804","50100",52,0,0,"06",0
"3285920","50100",37,0,1,"02",6500
"3287091","50100",42,0,2,"02",17500
"3287491","50100",15,0,0,"02",0
"3288783","50100",11,0,1,"02",19000
"3289454","50100",31,0,1,"04",13000
"3289501","50100",0,2,1,"  ",0
"3290531","50100",11,0,2,"02",89000
"3291605","50100",10,0,2,"02",25000
"3291834","50100",37,0,3,"02",1e+05
"3292180","50100",15,0,0,"02",0
"3293373","50100",42,0,4,"04",82400
"3293589","50100",11,0,3,"04",7300
"3294428","50100",16,0,2,"02",18000
"3294695","50100",22,0,0,"02",0
"3295284","50100",11,0,3,"02",54200
"3295430","50100",0,1,1,"  ",0
"3296117","50100",14,0,0,"02",0
"3296426","50100",11,0,4,"02",65000
"3296614","50100",10,0,4,"02",113000
"3296736","50100",32,0,5,"02",93700
"3297754","50100",32,0,1,"01",14590
"3298040","50100",14,0,0,"02",0
"3298128","50100",11,0,1,"06",12250
"3298622","50100",27,0,1,"02",10800
"3298795","50100",47,0,3,"02",49000
"3299833","50100",21,0,2,"02",77000
"3300161","50100",10,0,4,"06",17100
"3302744","50100",11,0,3,"02",51300
"3303687","50100",22,0,0,"02",0
"3304590","50100",15,0,0,"02",0
"3304873","50100",16,0,1,"04",25000
"3305156","50100",30,0,0,"06",0
"3305384","50100",22,0,0,"02",0
"3305678","50100",42,0,2,"02",10950
"3306532","50100",14,0,0,"02",0
"3306587","50100",10,0,4,"02",39490
"3307292","50100",11,0,1,"05",14000
"3307370","50100",10,0,4,"02",65000
"3308768","50100",11,0,1,"05",26000
"3309300","50100",0,2,1,"  ",0
"3309462","50100",15,0,0,"03",0
"3309571","50100",43,0,3,"02",51900
"3310470","50100",22,0,0,"02",0
"3310725","50100",32,0,1,"02",62400
"3310923","50100",53,0,1,"05",18000
"3311351","50100",21,0,3,"02",66150
"3311587","50100",0,2,1,"  ",0
"3311667","50100",22,0,4,"01",43500
"3312901","50100",11,0,2,"02",34900
"3313242","50100",21,0,2,"04",31200
"3313690","50100",11,0,2,"02",38700
"3314196","50100",22,0,0,"02",0
"3315474","50100",10,0,1,"02",43000
"3315948","50100",15,0,0,"02",0
"3316952","50100",26,0,4,"02",56000
"3317131","50100",37,0,3,"07",10200
"3318238","50100",32,0,2,"02",43000
"3318251","50100",42,0,2,"01",21600
"3318568","50100",10,0,2,"02",35000
"3319120","50100",11,0,1,"02",7000
"3319427","50100",27,0,1,"02",148600
"3320402","50100",11,0,1,"02",69000
"3321612","50100",10,0,4,"02",46000
"3322118","50100",26,0,3,"04",79800
"3322988","50100",10,0,5,"02",53200
"3323685","50100",10,0,1,"05",22100
"3324785","50100",10,0,4,"01",8600
"3325289","50100",15,0,0,"02",0
"3326504","50100",21,0,2,"02",37500
"3326633","50100",15,0,3,"02",7900
"3326843","50100",0,2,1,"  ",0
"3326943","50100",11,0,3,"02",145000
"3327812","50100",11,0,2,"02",27840
"3328630","50100",15,0,0,"02",0
"3328715","50100",11,0,3,"02",65000
"3329052","50100",11,0,3,"02",44300
"3329078","50100",37,0,4,"02",47000
"3329632","50100",0,2,1,"  ",0
"3330925","50100",11,0,2,"04",88650
"3331649","50100",10,0,1,"06",10300
"3332570","50100",11,0,3,"02",49200
"3332862","50100",10,0,2,"02",84000
"3334207","50100",16,0,4,"01",21000
"3334350","50100",32,0,4,"02",92900
"3334524","50100",15,0,0,"02",0
"3336512","50100",0,2,1,"  ",0
"3337883","50100",10,0,2,"02",95000
"3339120","50100",26,0,2,"02",33100
"3339680","50100",11,0,3,"02",77500
"3339969","50100",7,0,0,"02",0
"3340194","50100",16,0,6,"02",120600
"3340309","50100",15,0,0,"02",0
"3341595","50100",16,0,1,"02",25300
"3342406","50100",32,0,4,"02",77900
"3342925","50100",10,0,2,"02",31000
"3344757","50100",10,0,1,"02",36000
"3344980","50100",53,0,2,"03",34810
"3347010","50100",16,0,4,"05",89900
"3347281","50100",11,0,2,"02",25300
"3347396","50100",11,0,3,"02",47500
"3347530","50100",27,0,2,"01",51390
"3347709","50100",11,0,1,"02",27200
"3348455","50100",10,0,2,"02",26500
"3349366","50100",15,0,0,"02",0
"3349557","50100",11,0,2,"02",225000
"3349733","50100",10,0,1,"02",52000
"3349894","50100",31,0,2,"02",67000
"3350317","50100",37,0,5,"04",83580
"3351802","50100",11,0,2,"02",43000
"3352311","50100",15,0,2,"05",19504
"3352674","50100",16,0,5,"01",14100
"3352856","50100",15,0,0,"02",0
"3353558","50100",11,0,2,"02",33400
"3353663","50100",10,0,4,"01",31350
"3355321","50100",11,0,4,"02",101600
"3357228","50100",26,0,2,"02",57500
"3357394","50100",27,0,5,"02",65430
"3357534","50100",15,0,0,"01",0
"3358840","50100",16,0,1,"01",12400
"3358912","50100",0,2,1,"  ",0
"3359402","50100",16,0,3,"01",28200
"3359564","50100",43,0,3,"02",90000
"3359839","50100",16,0,4,"02",38300
"3360065","50100",11,0,2,"02",30600
"3360336","50100",0,2,1,"  ",0
"3360405","50100",15,0,0,"08",0
"3362267","50100",10,0,5,"06",10800
"3363612","50100",29,0,0,"05",0
"3365959","50100",11,0,1,"02",19000
"3366350","50100",31,0,4,"02",72010
"3366474","50100",10,0,4,"02",33200
"3366925","50100",15,0,0,"02",0
"3367439","50100",22,0,0,"02",0
"3368398","50100",15,0,0,"02",0
"3368459","50100",15,0,0,"04",0
"3369203","50100",37,0,2,"03",55600
"3370630","50100",11,0,1,"02",16560
"3370769","50100",6,0,6,"02",49500
"3373361","50100",27,0,2,"02",52800
"3373481","50100",10,0,1,"02",100500
"3374585","50100",37,0,1,"02",40000
"3374604","50100",11,0,1,"01",16600
"3374899","50100",31,0,5,"02",335800
"3374939","50100",10,0,1,"04",30000
"3375438","50100",21,0,2,"02",138790
"3375678","50100",32,0,2,"02",38000
"3376419","50100",30,0,0,"02",0
"3377390","50100",14,0,0,"02",0
"3378364","50100",11,0,1,"02",55000
"3378635","50100",15,0,0,"08",0
"3378790","50100",16,0,5,"02",47270
"3379017","50100",11,0,2,"02",56580
"3379289","50100",30,0,0,"02",0
"3379864","50100",21,0,2,"02",44600
"3380316","50100",15,0,0,"02",0
"3381519","50100",11,0,2,"02",35700
"3381840","50100",32,0,2,"02",450000
"3382208","50100",10,0,3,"05",75000
"3383306","50100",10,0,2,"03",382000
"3383681","50100",42,0,1,"01",19500
"3383697","50100",0,2,1,"  ",0
"3383781","50100",11,0,3,"02",104400
"3383860","50100",21,0,2,"02",61000
"3384501","50100",58,0,3,"06",88900
"3386198","50100",11,0,4,"02",41300
"3387487","50100",0,2,1,"  ",0
"3387578","50100",11,0,2,"08",12530
"3388923","50100",10,0,4,"02",45200
"3389220","50100",11,0,1,"02",10700
"3390167","50100",11,0,2,"02",32040
"3391378","50100",15,0,1,"05",6100
"3391451","50100",15,0,0,"02",0
"3391683","50100",11,0,3,"02",75000
"3392237","50100",20,0,4,"01",14600
"3392706","50100",16,0,2,"02",41110
"3392877","50100",11,0,1,"04",24500
"3393021","50100",16,0,2,"02",129500
"3393475","50100",32,0,3,"05",62000
"3396124","50100",53,0,3,"04",29700
"3397555","50100",5,0,4,"01",46700
"3398784","50100",11,0,1,"02",10700
"3399228","50100",26,0,2,"02",66500
"3404314","50100",10,0,2,"02",82100
"3404883","50100",11,0,3,"02",91000
"3405061","50100",22,0,0,"02",0
"3407270","50100",15,0,0,"06",0
"3407468","50100",37,0,2,"02",74000
"3407998","50100",10,0,1,"02",23500
"3408038","50100",11,0,2,"02",62500
"3408334","50100",10,0,2,"04",45000
"3408753","50100",16,0,4,"02",58530
"3409384","50100",27,0,1,"08",6650
"3409660","50100",10,0,4,"02",39600
"3409772","50100",69,0,3,"02",72500
"3410281","50100",63,0,5,"04",47700
"3411147","50100",27,0,1,"02",15850
"3411719","50100",58,0,4,"02",66700
"3412962","50100",31,0,2,"05",37400
"3414447","50100",21,0,2,"02",81330
"3414455","50100",31,0,2,"03",55020
"3414538","50100",11,0,1,"02",100
"3415887","50100",11,0,2,"02",25000
"3416158","50100",27,0,1,"02",23700
"3416394","50100",6,0,1,"02",15100
"3416792","50100",11,0,2,"02",21600
"3416808","50100",16,0,3,"02",46300
"3417140","50100",16,0,1,"02",15900
"3418600","50100",15,0,0,"02",0
"3419012","50100",11,0,1,"02",23500
"3419368","50100",15,0,0,"02",0
"3419775","50100",11,0,4,"02",37750
"3420862","50100",14,0,0,"02",0
"3422759","50100",0,2,1,"  ",0
"3423594","50100",11,0,3,"02",45000
"3424478","50100",10,0,2,"02",20010
"3424998","50100",11,0,2,"02",62390
"3425209","50100",10,0,2,"02",47520
"3425818","50100",26,0,1,"02",10370
"3427202","50100",16,0,4,"02",40000
"3427674","50100",0,2,1,"  ",0
"3428498","50100",11,0,2,"02",69000
"3428808","50100",0,2,1,"  ",0
"3429561","50100",26,0,3,"02",61000
"3429615","50100",15,0,4,"02",62020
"3429834","50100",11,0,5,"02",63700
"3430146","50100",16,0,1,"02",32800
"3430314","50100",53,0,6,"02",55670
"3430962","50100",10,0,2,"04",28320
"3432830","50100",11,0,1,"02",39300
"3432920","50100",11,0,5,"02",13700
"3434290","50100",11,0,2,"02",20000
"3434488","50100",22,0,0,"02",0
"3434548","50100",11,0,1,"02",41200
"3435572","50100",10,0,2,"02",32700
"3436628","50100",10,0,4,"04",53000
"3436865","50100",5,0,4,"02",33600
"3438488","50100",11,0,1,"02",52000
"3438693","50100",10,0,1,"02",21000
"3440450","50100",16,0,4,"02",30000
"3440765","50100",42,0,4,"05",70760
"3441007","50100",11,0,4,"02",30300
"3441068","50100",15,0,0,"02",0
"3441804","50100",22,0,0,"02",0
"3442851","50100",11,0,3,"02",76100
"3443797","50100",0,2,1,"  ",0
"3444644","50100",27,0,1,"01",17400
"3445016","50100",21,0,4,"02",53000
"3445383","50100",10,0,2,"01",46020
"3445532","50100",16,0,2,"02",12700
"3445754","50100",15,0,0,"02",0
"3447204","50100",11,0,1,"02",37000
"3447711","50100",11,0,2,"02",89000
"3447819","50100",11,0,1,"05",0
"3448880","50100",16,0,2,"02",81600
"3449126","50100",42,0,1,"07",18600
"3449310","50100",15,0,0,"02",0
"3449476","50100",16,0,1,"02",8500
"3449977","50100",10,0,2,"01",144360
"3450237","50100",10,0,5,"02",46200
"3451508","50100",21,0,2,"02",65500
"3453137","50100",22,0,0,"04",0
"3453737","50100",22,0,0,"02",0
"3454597","50100",10,0,4,"01",38000
"3454607","50100",10,0,2,"02",31300
"3455124","50100",10,0,2,"02",19600
"3456535","50100",15,0,0,"05",0
"3456841","50100",15,0,0,"05",0
"3457278","50100",0,2,1,"  ",0
"3457463","50100",0,2,1,"  ",0
"3459697","50100",21,0,2,"02",127300
"3460770","50100",59,0,3,"02",77640
"3460997","50100",16,0,1,"04",27100
"3461045","50100",10,0,4,"02",73100
"3461245","50100",16,0,4,"02",27500
"3461858","50100",7,0,0,"02",0
"3461977","50100",10,0,1,"02",38900
"3462064","50100",10,0,1,"02",2600
"3462724","50100",6,0,3,"02",58000
"3462973","50100",10,0,1,"02",18000
"3463778","50100",10,0,4,"02",53900
"3465282","50100",16,0,1,"02",30400
"3465360","50100",32,0,2,"02",119210
"3466945","50100",10,0,1,"02",16080
"3466998","50100",53,0,3,"02",92400
"3467442","50100",31,0,1,"02",19660
"3467857","50100",15,0,0,"02",0
"3468340","50100",32,0,1,"09",16000
"3470705","50100",42,0,1,"02",11700
"3472924","50100",0,2,1,"  ",0
"3473445","50100",14,0,0,"02",0
"3474358","50100",11,0,2,"02",14460
"3474409","50100",10,0,2,"02",118600
"3475279","50100",53,0,2,"04",7000
"3476568","50100",16,0,3,"02",63600
"3477102","50100",11,0,3,"02",86000
"3478010","50100",0,2,1,"  ",0
"3478638","50100",37,0,1,"02",43960
"3479006","50100",15,0,0,"02",0
"3479023","50100",37,0,4,"02",124600
"3479870","50100",26,0,2,"05",26000
"3480449","50100",11,0,1,"06",15000
"3481092","50100",27,0,3,"02",42000
"3481105","50100",11,0,5,"02",39500
"3482000","50100",32,0,2,"02",39400
"3482400","50100",15,0,0,"02",0
"3482919","50100",15,0,0,"02",0
"3489605","50100",11,0,2,"01",0
"3489652","50100",11,0,2,"02",27900
"3490423","50100",16,0,3,"01",37060
"3491667","50100",43,0,1,"03",40220
"3491708","50100",10,0,2,"02",40000
"3492025","50100",10,0,4,"02",71400
"3492160","50100",26,0,1,"02",3500
"3492629","50100",10,0,1,"02",16900
"3492911","50100",32,0,4,"07",25620
"3493529","50100",10,0,2,"01",9000
"3493818","50100",14,0,0,"02",0
"3493851","50100",15,0,0,"02",0
"3494688","50100",0,1,1,"  ",0
"3494844","50100",11,0,1,"06",9450
"3495142","50100",29,0,0,"06",0
"3495219","50100",67,0,0,"02",0
"3495704","50100",10,0,1,"02",24900
"3496066","50100",16,0,3,"02",61600
"3496113","50100",26,0,5,"02",67000
"3496694","50100",0,2,1,"  ",0
"3497003","50100",48,0,3,"02",99200
"3497492","50100",15,0,0,"02",0
"3499780","50100",10,0,2,"02",80900
"3500407","50100",37,0,2,"02",102500
"3500455","50100",48,0,2,"04",101000
"3500458","50100",32,0,3,"04",23400
"3501108","50100",14,0,0,"03",0
"3501185","50100",11,0,4,"02",56300
"3502573","50100",10,0,3,"02",39100
"3503504","50100",45,0,0,"02",0
"3504513","50100",32,0,2,"02",46000
"3504645","50100",15,0,1,"02",13590
"3504805","50100",11,0,5,"02",30000
"3505058","50100",16,0,3,"02",35600
"3505306","50100",11,0,2,"05",59210
"3505400","50100",32,0,2,"02",23300
"3505499","50100",22,0,0,"02",0
"3505511","50100",11,0,1,"02",26000
"3505921","50100",14,0,0,"02",0
"3506752","50100",10,0,1,"02",30000
"3506993","50100",15,0,0,"02",0
"3507168","50100",32,0,3,"02",151400
"3507317","50100",11,0,2,"06",19800
"3507482","50100",21,0,2,"05",5000
"3508003","50100",37,0,1,"02",40000
"3508586","50100",10,0,2,"02",137000
"3509391","50100",6,0,2,"02",38500
"3510011","50100",10,0,1,"01",7000
"3510125","50100",22,0,0,"02",0
"3510369","50100",42,0,3,"01",42550
"3510751","50100",10,0,4,"02",40000
"3510977","50100",31,0,5,"05",13500
"3511066","50100",37,0,3,"02",87150
"3511104","50100",64,0,3,"06",850
"3511309","50100",10,0,4,"02",75000
"3511572","50100",15,0,0,"01",0
"3512496","50100",10,0,3,"02",10000
"3513192","50100",42,0,3,"02",84120
"3513403","50100",11,0,2,"02",33620
"3514547","50100",37,0,2,"01",38400
"3514860","50100",31,0,1,"02",24500
"3515019","50100",48,0,2,"06",26000
"3515146","50100",29,0,0,"02",0
"3515171","50100",11,0,2,"02",49850
"3516209","50100",0,2,1,"  ",0
"3517306","50100",16,0,1,"01",37000
"3517677","50100",21,0,2,"04",41000
"3517898","50100",11,0,3,"02",81500
"3518903","50100",11,0,1,"02",9050
"3519731","50100",37,0,1,"01",23000
"3520334","50100",11,0,1,"01",16400
"3521061","50100",0,1,1,"  ",0
"3521359","50100",16,0,2,"02",23000
"3522518","50100",16,0,2,"02",79600
"3522828","50100",16,0,3,"02",80000
"3523313","50100",0,2,1,"  ",0
"3524149","50100",11,0,3,"03",37100
"3525386","50100",10,0,3,"02",65400
"3525646","50100",21,0,2,"03",32700
"3525714","50100",16,0,3,"04",50000
"3527891","50100",5,0,1,"02",15540
"3528381","50100",21,0,1,"01",7030
"3528957","50100",11,0,4,"02",49400
"3529041","50100",32,0,4,"02",97000
"3529115","50100",5,0,4,"02",116200
"3529311","50100",14,0,0,"08",0
"3529423","50100",37,0,1,"01",1400
"3529529","50100",32,0,1,"09",15200
"3530902","50100",37,0,2,"02",71600
"3531437","50100",21,0,4,"02",49600
"3534066","50100",15,0,0,"02",0
"3534689","50100",44,0,0,"02",0
"3535282","50100",16,0,2,"02",53000
"3535582","50100",11,0,4,"02",22000
"3536389","50100",16,0,2,"02",17700
"3536488","50100",38,0,4,"02",72980
"3537584","50100",32,0,3,"02",75500
"3539196","50100",15,0,2,"01",59200
"3539312","50100",11,0,1,"02",48000
"3539830","50100",11,0,2,"02",176000
"3541074","50100",22,0,0,"01",0
"3541367","50100",37,0,1,"06",20000
"3541800","50100",10,0,1,"02",95000
"3541885","50100",14,0,0,"02",0
"3542499","50100",10,0,4,"02",55100
"3543880","50100",15,0,0,"02",0
"3544599","50100",53,0,1,"03",80900
"3545307","50100",37,0,1,"04",33500
"3545850","50100",11,0,3,"01",40500
"3546140","50100",0,1,1,"  ",0
"3546910","50100",11,0,1,"01",19200
"3547018","50100",11,0,2,"02",68000
"3547065","50100",11,0,4,"02",92600
"3548289","50100",10,0,2,"02",83000
"3548429","50100",11,0,3,"01",37900
"3549454","50100",15,0,0,"01",0
"3549527","50100",26,0,2,"02",29700
"3549698","50100",26,0,3,"01",71300
"3550086","50100",10,0,2,"02",57670
"3550197","50100",0,2,1,"  ",0
"3550290","50100",26,0,4,"04",130000
"3550845","50100",48,0,1,"02",50000
"3551020","50100",22,0,0,"03",0
"3551202","50100",32,0,3,"02",141030
"3553009","50100",15,0,5,"02",106120
"3553470","50100",11,0,4,"02",33000
"3553692","50100",31,0,3,"02",40000
"3554668","50100",10,0,2,"02",50500
"3555527","50100",11,0,1,"02",25000
"3556210","50100",0,1,1,"  ",0
"3556735","50100",11,0,1,"02",21000
"3556920","50100",59,0,0,"02",0
"3556967","50100",10,0,5,"02",98300
"3558162","50100",10,0,4,"02",45000
"3558776","50100",10,0,1,"06",24800
"3560274","50100",15,0,0,"02",0
"3561392","50100",32,0,4,"02",70500
"3562914","50100",16,0,1,"02",18000
"3564117","50100",16,0,4,"02",16000
"3564245","50100",42,0,2,"02",49000
"3564834","50100",5,0,2,"02",3660
"3565432","50100",11,0,3,"02",75200
"3565579","50100",16,0,3,"02",62500
"3565851","50100",0,2,1,"  ",0
"3568565","50100",21,0,2,"02",89800
"3569787","50100",0,2,1,"  ",0
"3570031","50100",15,0,0,"02",0
"3570466","50100",21,0,3,"02",18500
"3570890","50100",15,0,0,"02",0
"3571625","50100",11,0,4,"02",87000
"3571814","50100",27,0,2,"02",51380
"3572236","50100",11,0,2,"04",130800
"3572585","50100",11,0,2,"02",108400
"3573038","50100",26,0,2,"02",90700
"3573364","50100",11,0,4,"02",26400
"3575685","50100",16,0,5,"02",50100
"3576065","50100",22,0,0,"02",0
"3576091","50100",37,0,1,"05",22300
"3576311","50100",15,0,0,"02",0
"3576417","50100",21,0,2,"02",63640
"3576475","50100",38,0,1,"03",37170
"3578503","50100",10,0,2,"02",33700
"3579965","50100",0,2,1,"  ",0
"3581562","50100",0,2,1,"  ",0
"3582234","50100",0,2,1,"  ",0
"3584759","50100",11,0,2,"02",14000
"3585483","50100",10,0,5,"02",41800
"3585623","50100",15,0,0,"02",0
"3589396","50100",15,0,0,"02",0
"3589444","50100",16,0,2,"02",153200
"3590600","50100",11,0,3,"02",31000
"3591676","50100",0,2,1,"  ",0
"3591869","50100",21,0,4,"02",165000
"3591910","50100",16,0,2,"04",32900
"3592190","50100",11,0,2,"02",22000
"3592622","50100",37,0,2,"02",21000
"3592792","50100",10,0,1,"06",71000
"3594496","50100",15,0,0,"02",0
"3595185","50100",5,0,2,"02",29600
"3595229","50100",10,0,2,"02",124000
"3595322","50100",11,0,2,"02",19700
"3595893","50100",26,0,2,"02",174500
"3598410","50100",0,2,1,"  ",0
"3598741","50100",31,0,2,"05",48000
"3598927","50100",43,0,1,"06",46000
"3599288","50100",0,1,1,"  ",0
"3599397","50100",30,0,0,"02",0
"3599525","50100",11,0,3,"02",11900
"3600216","50100",10,0,2,"02",110330
"3600547","50100",21,0,2,"02",21200
"3601269","50100",42,0,2,"02",16200
"3601527","50100",10,0,3,"02",55500
"3602059","50100",0,2,1,"  ",0
"3603027","50100",15,0,0,"09",0
"3603465","50100",26,0,2,"02",80000
"3603863","50100",26,0,2,"02",41660
"3605395","50100",16,0,4,"02",48404
"3606423","50100",10,0,2,"05",10600
"3607659","50100",16,0,2,"02",48200
"3607884","50100",16,0,2,"06",20300
"3608029","50100",11,0,2,"02",49240
"3608733","50100",27,0,6,"01",29000
"3608866","50100",15,0,0,"02",0
"3609647","50100",16,0,1,"06",8000
"3609806","50100",11,0,2,"02",39950
"3609869","50100",11,0,3,"02",11000
"3609935","50100",48,0,2,"09",28000
"3611250","50100",53,0,2,"03",40300
"3611851","50100",0,2,1,"  ",0
"3611923","50100",15,0,0,"02",0
"3612043","50100",10,0,3,"05",23000
"3612124","50100",15,0,2,"02",96000
"3612377","50100",16,0,1,"04",32000
"3613182","50100",15,0,0,"02",0
"3613484","50100",16,0,1,"05",4400
"3614445","50100",11,0,3,"02",66200
"3614766","50100",11,0,2,"02",14000
"3614784","50100",37,0,2,"02",40020
"3615451","50100",16,0,4,"02",10110
"3617302","50100",11,0,2,"02",37750
"3617912","50100",26,0,2,"06",18000
"3619084","50100",0,2,1,"  ",0
"3620094","50100",5,0,1,"04",32000
"3620631","50100",22,0,0,"04",0
"3621161","50100",37,0,1,"05",10000
"3622892","50100",16,0,1,"06",29000
"3622897","50100",10,0,1,"01",7000
"3623697","50100",10,0,5,"02",42950
"3624651","50100",15,0,0,"02",0
"3627087","50100",11,0,2,"04",10100
"3627902","50100",22,0,4,"02",20000
"3628009","50100",11,0,5,"04",22000
"3628800","50100",11,0,2,"02",13500
"3628827","50100",11,0,1,"03",23700
"3628934","50100",10,0,2,"02",34400
"3629710","50100",16,0,2,"02",119000
"3629864","50100",14,0,0,"02",0
"3630107","50100",27,0,3,"02",167200
"3630228","50100",11,0,2,"02",85000
"3630809","50100",15,0,0,"02",0
"3631141","50100",11,0,1,"01",11510
"3634997","50100",15,0,0,"02",0
"3637643","50100",32,0,1,"09",36600
"3639153","50100",11,0,2,"02",30600
"3640197","50100",42,0,3,"02",42600
"3640311","50100",14,0,0,"01",0
"3643002","50100",16,0,4,"01",52000
"3644959","50100",15,0,0,"04",0
"3645233","50100",10,0,2,"02",98900
"3645593","50100",11,0,4,"02",88200
"3646222","50100",31,0,1,"04",14000
"3646383","50100",15,0,0,"02",0
"3646911","50100",16,0,2,"04",39500
"3646977","50100",0,2,1,"  ",0
"3647019","50100",10,0,1,"02",51200
"3647657","50100",10,0,1,"05",48000
"3647777","50100",0,1,1,"  ",0
"3647904","50100",48,0,2,"05",41300
"3647967","50100",32,0,3,"02",22700
"3648224","50100",0,1,1,"  ",0
"3648280","50100",27,0,5,"02",47590
"3649624","50100",43,0,5,"04",106800
"3649774","50100",15,0,0,"02",0
"3651081","50100",10,0,5,"02",96500
"3651905","50100",16,0,2,"02",41000
"3652462","50100",16,0,1,"02",53400
"3654521","50100",43,0,2,"02",55300
"3655243","50100",14,0,0,"05",0
"3655331","50100",22,0,0,"02",0
"3655435","50100",11,0,2,"02",49730
"3655456","50100",16,0,2,"02",30200
"3655475","50100",26,0,1,"01",30800
"3656893","50100",10,0,1,"02",28000
"3659678","50100",11,0,2,"01",42800
"3659680","50100",16,0,2,"02",42250
"3660191","50100",10,0,3,"02",61500
"3660685","50100",32,0,2,"05",9700
"3660917","50100",15,0,0,"02",0
"3662230","50100",0,2,1,"  ",0
"3662526","50100",32,0,1,"07",33800
"3662898","50100",0,2,1,"  ",0
"3662975","50100",16,0,2,"02",66200
"3663298","50100",10,0,2,"01",51900
"3663744","50100",27,0,2,"02",47000
"3664522","50100",32,0,2,"02",9600
"3665048","50100",31,0,4,"03",64000
"3666387","50100",26,0,1,"02",51500
"3666916","50100",16,0,1,"02",6800
"3667418","50100",8,0,0,"02",0
"3667423","50100",0,2,1,"  ",0
"3668716","50100",11,0,2,"02",84500
"3669091","50100",5,0,2,"02",21000
"3669479","50100",11,0,2,"02",47810
"3669803","50100",10,0,2,"02",24310
"3671313","50100",10,0,1,"02",42800
"3672348","50100",10,0,2,"02",79000
"3672501","50100",15,0,0,"02",0
"3673011","50100",31,0,2,"02",8400
"3673069","50100",37,0,0,"02",0
"3674376","50100",0,1,1,"  ",0
"3674702","50100",10,0,1,"02",9100
"3674911","50100",15,0,0,"08",0
"3675346","50100",5,0,1,"02",7110
"3675607","50100",10,0,5,"02",71000
"3676999","50100",11,0,3,"02",40000
"3677015","50100",32,0,1,"04",6000
"3677205","50100",48,0,2,"02",-11960
"3677457","50100",11,0,3,"02",42500
"3677614","50100",11,0,3,"02",80300
"3677800","50100",42,0,2,"02",56780
"3679051","50100",16,0,1,"01",10000
"3679757","50100",48,0,4,"02",9000
"3679837","50100",0,2,1,"  ",0
"3679853","50100",11,0,3,"01",74750
"3681120","50100",29,0,0,"02",0
"3682129","50100",32,0,1,"07",35070
"3682721","50100",16,0,2,"02",22700
"3682948","50100",10,0,3,"02",83500
"3683789","50100",10,0,5,"02",23000
"3684537","50100",15,0,0,"02",0
"3684846","50100",15,0,2,"02",49040
"3684973","50100",15,0,0,"02",0
"3685084","50100",16,0,2,"02",21610
"3686792","50100",11,0,2,"05",41000
"3686997","50100",11,0,1,"02",11100
"3687144","50100",10,0,3,"01",36460
"3687461","50100",32,0,2,"02",52500
"3688972","50100",11,0,1,"02",55800
"3689555","50100",21,0,4,"01",20000
"3690006","50100",16,0,5,"02",37000
"3690309","50100",14,0,0,"02",0
"3692466","50100",11,0,2,"02",23000
"3692882","50100",10,0,3,"02",25300
"3693855","50100",15,0,3,"02",32520
"3694786","50100",0,1,1,"  ",0
"3695291","50100",0,1,1,"  ",0
"3696295","50100",16,0,3,"02",31050
"3696428","50100",10,0,2,"02",78400
"3696585","50100",22,0,0,"02",0
"3696909","50100",15,0,0,"04",0
"3697713","50100",11,0,1,"02",40000
"3697979","50100",14,0,0,"03",0
"3698782","50100",32,0,4,"04",60000
"3699034","50100",15,0,3,"02",45500
"3699201","50100",15,0,0,"04",0
"3699972","50100",37,0,2,"02",63400
"3700677","50100",15,0,0,"02",0
"3701086","50100",11,0,2,"02",30800
"3701413","50100",21,0,1,"01",32000
"3702472","50100",0,1,1,"  ",0
"3703674","50100",10,0,2,"04",6780
"3703852","50100",21,0,1,"06",25000
"3704496","50100",10,0,2,"02",36700
"3705055","50100",11,0,1,"05",7580
"3705095","50100",10,0,2,"02",32400
"3705253","50100",27,0,5,"03",55600
"3706646","50100",21,0,3,"04",34030
"3706665","50100",14,0,0,"04",0
"3706973","50100",16,0,2,"06",25000
"3708118","50100",22,0,0,"02",0
"3708505","50100",15,0,0,"02",0
"3709229","50100",10,0,1,"02",20000
"3709479","50100",16,0,7,"02",43180
"3710444","50100",53,0,6,"02",21500
"3710565","50100",47,0,1,"08",6500
"3710583","50100",16,0,2,"01",49500
"3711068","50100",11,0,2,"02",168000
"3711480","50100",0,2,1,"  ",0
"3713294","50100",11,0,2,"02",27600
"3713969","50100",32,0,1,"05",54000
"3714349","50100",16,0,3,"02",81100
"3714503","50100",10,0,2,"02",73000
"3714592","50100",15,0,2,"07",29800
"3714667","50100",15,0,0,"02",0
"3715228","50100",11,0,2,"02",90300
"3716764","50100",6,0,1,"06",24200
"3717072","50100",10,0,2,"06",29400
"3718299","50100",37,0,3,"03",33800
"3718368","50100",15,0,0,"02",0
"3718863","50100",11,0,3,"02",63000
"3719098","50100",8,0,0,"02",0
"3719832","50100",11,0,4,"02",79000
"3720458","50100",26,0,2,"04",49300
"3722084","50100",26,0,2,"02",74100
"3722118","50100",10,0,3,"02",10000
"3722439","50100",15,0,0,"09",0
"3722499","50100",10,0,3,"02",85300
"3722877","50100",11,0,2,"02",79860
"3723870","50100",6,0,1,"02",7900
"3725123","50100",11,0,3,"02",96000
"3725749","50100",37,0,1,"04",39100
"3725865","50100",11,0,2,"02",90000
"3726283","50100",16,0,1,"03",22100
"3726910","50100",16,0,3,"02",2e+05
"3727515","50100",22,0,0,"03",0
"3728708","50100",5,0,3,"01",26000
"3729409","50100",0,2,1,"  ",0
"3729451","50100",10,0,4,"02",26400
"3730007","50100",11,0,1,"02",10800
"3730218","50100",14,0,0,"02",0
"3730883","50100",16,0,4,"05",25000
"3731374","50100",21,0,3,"02",48500
"3731445","50100",0,1,1,"  ",0
"3732043","50100",10,0,4,"02",54000
"3732211","50100",16,0,2,"02",37200
"3732518","50100",11,0,2,"02",71400
"3732601","50100",58,0,2,"03",81000
"3732714","50100",10,0,1,"02",19500
"3732823","50100",32,0,4,"02",41300
"3732825","50100",37,0,3,"01",60200
"3733230","50100",16,0,1,"02",16900
"3733440","50100",15,0,0,"02",0
"3733486","50100",16,0,2,"02",108300
"3733821","50100",43,0,5,"02",68720
"3737593","50100",10,0,4,"02",50000
"3737914","50100",48,0,2,"02",49900
"3738208","50100",11,0,5,"02",58000
"3738359","50100",10,0,4,"02",43240
"3739089","50100",48,0,2,"02",33400
"3739742","50100",16,0,1,"02",8000
"3741351","50100",11,0,2,"02",33500
"3745698","50100",10,0,2,"02",30300
"3746025","50100",15,0,0,"02",0
"3746040","50100",27,0,2,"01",13900
"3746283","50100",10,0,4,"02",72400
"3746885","50100",26,0,1,"07",19500
"3748304","50100",22,0,0,"02",0
"3748605","50100",22,0,0,"02",0
"3749081","50100",16,0,1,"02",22500
"3749837","50100",10,0,1,"01",12500
"3749940","50100",10,0,1,"02",43000
"3750580","50100",16,0,3,"02",104850
"3750806","50100",10,0,4,"02",69000
"3752228","50100",11,0,2,"04",7000
"3753192","50100",44,0,0,"02",0
"3753249","50100",32,0,2,"02",37200
"3753300","50100",10,0,1,"02",0
"3753810","50100",16,0,2,"02",26400
"3754585","50100",64,0,4,"05",44500
"3754650","50100",59,0,5,"02",77200
"3755691","50100",14,0,0,"02",0
"3756690","50100",11,0,1,"02",20700
"3757985","50100",11,0,2,"02",21050
"3758582","50100",21,0,1,"02",8960
"3758788","50100",27,0,2,"01",88400
"3758796","50100",15,0,4,"02",58000
"3760198","50100",16,0,2,"02",49380
"3760689","50100",11,0,5,"02",13770
"3760901","50100",37,0,3,"04",29400
"3761449","50100",11,0,1,"01",15600
"3761803","50100",15,0,0,"04",0
"3762433","50100",48,0,1,"08",25200
"3762835","50100",10,0,3,"02",62000
"3763056","50100",10,0,1,"01",49700
"3763245","50100",11,0,3,"02",31000
"3763594","50100",47,0,1,"08",13000
"3764402","50100",0,1,1,"  ",0
"3764579","50100",10,0,2,"02",28000
"3764905","50100",7,0,0,"02",0
"3765034","50100",21,0,2,"01",40220
"3765145","50100",10,0,2,"02",132300
"3765293","50100",8,0,0,"01",0
"3766508","50100",10,0,4,"02",37900
"3769483","50100",16,0,2,"02",41000
"3771623","50100",30,0,0,"02",0
"3772049","50100",27,0,1,"02",34100
"3774140","50100",32,0,4,"02",47000
"3774777","50100",32,0,2,"02",63000
"3775242","50100",5,0,4,"04",39200
"3775262","50100",15,0,2,"02",38100
"3776114","50100",11,0,2,"02",10080
"3776370","50100",16,0,2,"02",53900
"3776463","50100",37,0,2,"07",24790
"3777045","50100",16,0,2,"02",28200
"3778177","50100",21,0,1,"05",8520
"3778215","50100",11,0,1,"02",3500
"3778378","50100",11,0,3,"02",39000
"3779780","50100",10,0,3,"02",34600
"3780711","50100",21,0,1,"02",49000
"3781207","50100",7,0,0,"02",0
"3781780","50100",10,0,1,"01",40000
"3781952","50100",29,0,0,"02",0
"3782714","50100",11,0,4,"02",52200
"3782853","50100",11,0,5,"02",98000
"3783310","50100",0,1,1,"  ",0
"3785386","50100",10,0,4,"02",44600
"3785894","50100",11,0,1,"06",7300
"3786852","50100",37,0,4,"02",107380
"3787720","50100",14,0,0,"02",0
"3787730","50100",0,2,1,"  ",0
"3789752","50100",10,0,5,"02",109000
"3792528","50100",21,0,1,"04",45200
"3794096","50100",11,0,3,"02",32400
"3794289","50100",11,0,2,"02",54200
"3794515","50100",11,0,1,"02",21100
"3796189","50100",16,0,2,"02",45000
"3797098","50100",22,0,2,"05",53500
"3797561","50100",15,0,0,"02",0
"3797612","50100",11,0,2,"06",19200
"3798097","50100",45,0,0,"02",0
"3798455","50100",15,0,1,"07",6640
"3798739","50100",37,0,1,"02",30000
"3800815","50100",10,0,1,"05",20000
"3800960","50100",21,0,2,"02",8600
"3803446","50100",0,1,1,"  ",0
"3803515","50100",36,0,0,"01",0
"3803613","50100",11,0,2,"02",92300
"3805020","50100",16,0,3,"02",17900
"3805260","50100",16,0,4,"02",13300
"3806127","50100",11,0,4,"02",100100
"3806285","50100",11,0,1,"02",9100
"3807615","50100",11,0,4,"02",62030
"3807849","50100",22,0,0,"02",0
"3808045","50100",37,0,4,"02",65650
"3808877","50100",16,0,3,"02",36100
"3809060","50100",47,0,4,"02",57100
"3811182","50100",16,0,1,"04",10000
"3811645","50100",43,0,4,"04",45300
"3814297","50100",32,0,1,"04",5900
"3814528","50100",16,0,4,"01",45000
"3814802","50100",11,0,1,"02",43100
"3814885","50100",16,0,4,"02",106000
"3815028","50100",15,0,2,"02",73820
"3815697","50100",0,2,1,"  ",0
"3816123","50100",15,0,0,"02",0
"3816890","50100",11,0,1,"02",100
"3817044","50100",10,0,4,"02",48900
"3818718","50100",42,0,1,"06",50000
"3819369","50100",5,0,3,"02",70600
"3819673","50100",32,0,1,"06",18200
"3819907","50100",32,0,3,"02",49000
"3820444","50100",31,0,2,"02",73120
"3821521","50100",74,0,0,"02",0
"3821839","50100",53,0,2,"02",90000
"3821939","50100",42,0,4,"02",56210
"3823828","50100",10,0,2,"01",16600
"3823901","50100",16,0,2,"02",29800
"3824246","50100",11,0,2,"02",67000
"3824446","50100",22,0,0,"02",0
"3824731","50100",22,0,0,"02",0
"3825166","50100",0,1,1,"  ",0
"3825378","50100",26,0,1,"02",37300
"3827752","50100",43,0,1,"02",41100
"3828018","50100",11,0,4,"02",41600
"3828702","50100",0,2,1,"  ",0
"3829112","50100",6,0,4,"02",67100
"3830980","50100",11,0,2,"02",22700
"3831502","50100",11,0,3,"02",46000
"3831794","50100",37,0,3,"02",18100
"3831898","50100",5,0,2,"01",54820
"3832158","50100",32,0,1,"02",46000
"3832449","50100",16,0,6,"02",32600
"3834114","50100",10,0,5,"02",34420
"3835427","50100",0,2,1,"  ",0
"3835760","50100",14,0,0,"06",0
"3835906","50100",22,0,4,"02",138000
"3836107","50100",53,0,2,"04",45000
"3837131","50100",16,0,3,"02",21700
"3838106","50100",10,0,2,"02",13600
"3838610","50100",11,0,1,"02",19600
"3839581","50100",95,0,0,"02",0
"3840550","50100",16,0,2,"02",63500
"3841258","50100",10,0,3,"02",41800
"3841813","50100",11,0,4,"02",87010
"3843754","50100",29,0,0,"06",0
"3844068","50100",22,0,0,"01",0
"3844151","50100",11,0,4,"02",324000
"3844946","50100",31,0,1,"04",40400
"3847430","50100",32,0,2,"02",57300
"3847613","50100",11,0,1,"02",29070
"3848087","50100",10,0,1,"02",13200
"3848250","50100",14,0,0,"02",0
"3848469","50100",14,0,0,"02",0
"3850263","50100",30,0,4,"02",40000
"3851200","50100",11,0,3,"02",50700
"3851679","50100",10,0,4,"02",114000
"3852829","50100",0,2,1,"  ",0
"3852857","50100",27,0,1,"01",35000
"3853297","50100",15,0,0,"02",0
"3853357","50100",16,0,2,"02",28500
"3854090","50100",10,0,4,"02",79000
"3854454","50100",16,0,2,"02",39600
"3854784","50100",16,0,2,"01",10200
"3855007","50100",31,0,2,"02",77150
"3856501","50100",16,0,1,"09",10500
"3857982","50100",15,0,3,"04",22150
"3859781","50100",0,2,1,"  ",0
"3860107","50100",21,0,1,"01",9000
"3860518","50100",0,2,1,"  ",0
"3860740","50100",16,0,3,"02",42500
"3863390","50100",10,0,5,"04",30400
"3864630","50100",11,0,5,"02",73750
"3864941","50100",22,0,0,"02",0
"3866466","50100",32,0,2,"04",28700
"3867009","50100",16,0,2,"07",125000
"3867731","50100",37,0,1,"09",16900
"3867957","50100",15,0,4,"02",167400
"3868913","50100",10,0,2,"02",18000
"3869073","50100",11,0,1,"02",52000
"3869288","50100",16,0,3,"02",38600
"3869521","50100",23,0,0,"02",0
"3870032","50100",10,0,2,"01",13300
"3870137","50100",26,0,3,"02",126200
"3870995","50100",10,0,2,"02",4400
"3872270","50100",43,0,3,"02",65200
"3872777","50100",15,0,0,"02",0
"3873078","50100",15,0,1,"02",22000
"3873459","50100",21,0,4,"02",110000
"3874116","50100",11,0,5,"02",47900
"3874177","50100",43,0,5,"02",55000
"3875226","50100",27,0,1,"02",18700
"3875480","50100",58,0,3,"04",70400
"3876892","50100",5,0,5,"02",81100
"3877356","50100",16,0,2,"02",69300
"3879072","50100",31,0,4,"04",26300
"3879084","50100",11,0,2,"02",35750
"3880030","50100",0,1,1,"  ",0
"3880750","50100",21,0,2,"02",20000
"3880786","50100",32,0,2,"02",58000
"3881817","50100",11,0,2,"02",18600
"3883123","50100",11,0,2,"02",64020
"3884224","50100",16,0,1,"04",14800
"3884548","50100",10,0,2,"02",24100
"3884643","50100",11,0,4,"02",29100
"3884768","50100",16,0,2,"02",47000
"3884805","50100",10,0,2,"04",47600
"3884985","50100",11,0,2,"02",89450
"3885187","50100",16,0,2,"02",90600
"3886048","50100",11,0,3,"02",40400
"3886331","50100",16,0,3,"02",36000
"3891411","50100",11,0,2,"08",12300
"3891438","50100",16,0,1,"02",105000
"3891614","50100",0,1,1,"  ",0
"3891705","50100",11,0,3,"01",28000
"3891753","50100",31,0,1,"08",38000
"3892359","50100",10,0,4,"02",39000
"3892775","50100",11,0,2,"02",40700
"3893055","50100",10,0,3,"02",45400
"3893555","50100",22,0,0,"02",0
"3895342","50100",53,0,2,"03",85100
"3895371","50100",0,2,1,"  ",0
"3895802","50100",16,0,2,"02",9000
"3896508","50100",29,0,0,"05",0
"3897550","50100",32,0,1,"02",33000
"3897654","50100",11,0,2,"02",54000
"3897787","50100",42,0,5,"02",94000
"3898114","50100",11,0,1,"01",9000
"3899258","50100",15,0,0,"02",0
"3899672","50100",10,0,4,"02",83600
"3899904","50100",10,0,4,"02",319000
"3901970","50100",21,0,2,"02",71500
"3903016","50100",26,0,4,"02",48310
"3903202","50100",31,0,1,"04",12000
"3904302","50100",11,0,4,"02",63350
"3905892","50100",11,0,2,"02",72200
"3907244","50100",11,0,2,"02",75300
"3907451","50100",10,0,1,"01",18800
"3907966","50100",48,0,3,"06",10000
"3908068","50100",21,0,3,"02",61000
"3908558","50100",11,0,1,"02",600
"3909776","50100",32,0,2,"02",31480
"3910736","50100",11,0,4,"02",59000
"3911025","50100",32,0,1,"03",20000
"3911366","50100",26,0,2,"02",39800
"3911706","50100",10,0,1,"02",28000
"3913247","50100",11,0,2,"02",36000
"3913564","50100",10,0,2,"04",5000
"3913609","50100",15,0,0,"03",0
"3913663","50100",31,0,1,"02",44000
"3914559","50100",42,0,4,"01",81600
"3915651","50100",15,0,0,"02",0
"3916018","50100",22,0,0,"04",0
"3916569","50100",6,0,4,"02",13700
"3916842","50100",15,0,0,"02",0
"3916956","50100",26,0,5,"02",48400
"3917091","50100",29,0,0,"02",0
"3917322","50100",10,0,2,"04",19960
"3918401","50100",15,0,0,"04",0
"3919310","50100",22,0,2,"05",16000
"3919511","50100",21,0,3,"02",62810
"3920397","50100",21,0,2,"05",50000
"3920490","50100",7,0,0,"02",0
"3921425","50100",10,0,5,"02",43780
"3922519","50100",37,0,3,"05",19300
"3922931","50100",11,0,1,"05",32000
"3923346","50100",16,0,1,"02",23700
"3924495","50100",15,0,0,"02",0
"3924697","50100",37,0,0,"02",0
"3924801","50100",22,0,0,"02",0
"3925947","50100",22,0,0,"02",0
"3925956","50100",58,0,4,"06",18250
"3925962","50100",32,0,1,"04",30000
"3925969","50100",14,0,0,"02",0
"3925993","50100",11,0,2,"02",19950
"3926918","50100",11,0,4,"02",41900
"3927928","50100",16,0,1,"02",24000
"3928191","50100",5,0,3,"02",79400
"3928391","50100",42,0,3,"02",120620
"3928462","50100",10,0,2,"03",33904
"3929198","50100",16,0,4,"02",61000
"3930518","50100",0,1,1,"  ",0
"3931335","50100",16,0,1,"05",16000
"3931877","50100",48,0,2,"03",41700
"3932034","50100",15,0,0,"02",0
"3932047","50100",0,1,1,"  ",0
"3932869","50100",15,0,0,"09",0
"3932912","50100",26,0,3,"02",20830
"3933483","50100",21,0,4,"01",53400
"3933770","50100",16,0,3,"02",147200
"3934987","50100",26,0,3,"02",63400
"3936575","50100",0,2,1,"  ",0
"3937170","50100",11,0,2,"02",72030
"3938125","50100",0,2,1,"  ",0
"3938796","50100",29,0,0,"02",0
"3939391","50100",15,0,0,"02",0
"3941167","50100",16,0,2,"02",37000
"3942255","50100",0,2,1,"  ",0
"3943538","50100",42,0,2,"05",33000
"3944619","50100",11,0,2,"02",19300
"3945245","50100",16,0,2,"02",95000
"3945494","50100",11,0,2,"02",33000
"3946102","50100",31,0,1,"02",25000
"3947911","50100",22,0,0,"02",0
"3948629","50100",10,0,4,"05",40000
"3948685","50100",16,0,2,"02",32800
"3949445","50100",11,0,3,"01",49600
"3949755","50100",0,2,1,"  ",0
"3950068","50100",0,2,1,"  ",0
"3950139","50100",23,0,0,"02",0
"3950427","50100",10,0,2,"02",128400
"3951178","50100",11,0,2,"01",55000
"3951196","50100",11,0,3,"01",48600
"3951569","50100",16,0,4,"02",35600
"3952539","50100",43,0,3,"01",17100
"3952576","50100",11,0,2,"06",27000
"3953422","50100",10,0,5,"02",84900
"3953504","50100",15,0,0,"03",0
"3954084","50100",32,0,2,"03",123500
"3955326","50100",11,0,2,"02",103200
"3956706","50100",42,0,2,"02",34000
"3957631","50100",21,0,4,"02",87000
"3958959","50100",10,0,4,"02",29600
"3959350","50100",16,0,4,"02",60700
"3959619","50100",10,0,2,"02",55500
"3959971","50100",27,0,1,"02",21500
"3960936","50100",15,0,0,"02",0
"3961304","50100",21,0,2,"02",41200
"3961509","50100",11,0,2,"02",17880
"3962070","50100",22,0,2,"01",35500
"3962388","50100",37,0,4,"02",18000
"3962576","50100",15,0,6,"02",75000
"3962720","50100",22,0,0,"06",0
"3962875","50100",10,0,2,"02",39000
"3963139","50100",5,0,3,"02",48200
"3964165","50100",11,0,2,"02",36900
"3964398","50100",14,0,0,"02",0
"3966615","50100",16,0,3,"01",66000
"3968822","50100",16,0,2,"05",14600
"3969840","50100",16,0,3,"02",30860
"3971659","50100",11,0,2,"02",37000
"3971686","50100",30,0,0,"01",0
"3971990","50100",64,0,4,"04",21400
"3972099","50100",21,0,3,"02",84900
"3973978","50100",11,0,2,"04",75000
"3975631","50100",31,0,2,"02",41300
"3976835","50100",22,0,0,"02",0
"3977191","50100",16,0,2,"02",47000
"3977756","50100",11,0,2,"01",38100
"3977902","50100",10,0,3,"02",54000
"3977927","50100",11,0,5,"02",68000
"3978099","50100",10,0,3,"02",108000
"3978168","50100",10,0,2,"01",37700
"3978565","50100",11,0,2,"01",24430
"3979325","50100",10,0,2,"02",65000
"3979377","50100",0,1,1,"  ",0
"3980177","50100",27,0,7,"04",58910
"3980244","50100",32,0,2,"06",49000
"3981305","50100",26,0,2,"02",291400
"3981309","50100",63,0,4,"02",16900
"3981655","50100",16,0,4,"01",48300
"3982243","50100",37,0,1,"02",24200
"3982655","50100",37,0,1,"01",9130
"3982928","50100",15,0,1,"02",0
"3984265","50100",31,0,4,"02",50110
"3984337","50100",11,0,2,"02",88000
"3984677","50100",11,0,1,"05",35000
"3985680","50100",10,0,1,"02",51000
"3985938","50100",16,0,1,"02",18620
"3986705","50100",10,0,3,"02",46000
"3987759","50100",22,0,0,"02",0
"3989358","50100",32,0,1,"02",40700
"3990826","50100",11,0,3,"02",42960
"3990840","50100",11,0,2,"02",47100
"3991592","50100",15,0,0,"02",0
"3991685","50100",15,0,0,"08",0
"3992709","50100",45,0,0,"02",0
"3993064","50100",11,0,2,"02",77000
"3993311","50100",15,0,0,"05",0
"3994549","50100",15,0,3,"02",466100
"3994559","50100",27,0,1,"03",46000
"3997503","50100",16,0,3,"02",42560
"3998099","50100",15,0,0,"02",0
"3998595","50100",10,0,2,"02",81000
"3999848","50100",11,0,2,"02",46330
"4000788","50100",11,0,5,"02",32550
"4001409","50100",11,0,2,"04",21450
"4002218","50100",32,0,4,"02",116200
"4002239","50100",10,0,3,"02",1e+05
"4004259","50100",37,0,2,"02",46300
"4004483","50100",36,0,0,"06",0
"4005524","50100",43,0,3,"02",58000
"4005871","50100",42,0,2,"02",66900
"4006414","50100",11,0,1,"04",30000
"4006515","50100",7,0,0,"02",0
"4006649","50100",22,0,1,"05",3700
"4007044","50100",11,0,1,"02",15600
"4008537","50100",32,0,2,"05",4000
"4008578","50100",21,0,4,"02",48000
"4008696","50100",16,0,1,"01",11000
"4010098","50100",21,0,1,"02",12140
"4010640","50100",10,0,2,"02",16100
"4012409","50100",37,0,0,"06",0
"4012575","50100",10,0,6,"02",56000
"4013282","50100",11,0,2,"02",48500
"4013392","50100",30,0,0,"04",0
"4014432","50100",11,0,2,"02",36000
"4014893","50100",10,0,3,"02",197300
"4015047","50100",15,0,0,"03",0
"4015189","50100",11,0,2,"02",39700
"4015847","50100",22,0,0,"02",0
"4017623","50100",11,0,3,"02",49710
"4017764","50100",10,0,3,"02",115900
"4017786","50100",15,0,0,"08",0
"4019096","50100",22,0,0,"02",0
"4019328","50100",16,0,4,"02",32300
"4019769","50100",0,2,1,"  ",0
"4020429","50100",11,0,4,"02",51000
"4021455","50100",11,0,2,"01",25900
"4022243","50100",15,0,0,"05",0
"4022496","50100",11,0,2,"01",48800
"4022853","50100",32,0,1,"06",9900
"4023773","50100",10,0,1,"02",13120
"4024104","50100",0,1,1,"  ",0
"4025066","50100",11,0,2,"01",27900
"4026354","50100",15,0,0,"05",0
"4027318","50100",0,2,1,"  ",0
"4027375","50100",27,0,2,"02",41400
"4027558","50100",43,0,2,"01",25050
"4027908","50100",11,0,2,"02",31500
"4028541","50100",14,0,0,"02",0
"4029463","50100",15,0,4,"02",21200
"4029655","50100",15,0,0,"02",0
"4029910","50100",42,0,2,"02",32180
"4030705","50100",0,1,1,"  ",0
"4032167","50100",42,0,3,"02",78000
"4032306","50100",22,0,0,"02",0
"4033747","50100",0,2,1,"  ",0
"4035067","50100",26,0,2,"02",60200
"4037152","50100",0,2,1,"  ",0
"4037154","50100",26,0,6,"02",45200
"4037560","50100",24,0,1,"08",3700
"4038321","50100",11,0,2,"02",44600
"4038738","50100",10,0,2,"05",28000
"4039013","50100",15,0,0,"02",0
"4039461","50100",37,0,2,"03",141900
"4040399","50100",10,0,4,"02",33100
"4040436","50100",37,0,2,"01",38000
"4041350","50100",16,0,2,"02",126800
"4041940","50100",16,0,4,"02",113200
"4042107","50100",27,0,5,"02",44600
"4043492","50100",14,0,0,"02",0
"4044047","50100",22,0,0,"02",0
"4045175","50100",15,0,0,"01",0
"4045515","50100",15,0,0,"02",0
"4046137","50100",0,2,1,"  ",0
"4048151","50100",15,0,0,"02",0
"4050586","50100",16,0,4,"02",87400
"4050675","50100",16,0,4,"02",144300
"4050794","50100",10,0,6,"02",120590
"4050842","50100",14,0,0,"02",0
"4051714","50100",11,0,5,"01",89670
"4052899","50100",32,0,1,"02",19200
"4053199","50100",21,0,1,"02",34460
"4054066","50100",16,0,1,"02",5000
"4054172","50100",15,0,5,"02",51410
"4054587","50100",16,0,2,"02",64000
"4055503","50100",10,0,3,"02",32600
"4055750","50100",11,0,6,"01",53000
"4056233","50100",32,0,1,"01",13000
"4056593","50100",22,0,0,"04",0
"4057499","50100",16,0,4,"02",22920
"4057779","50100",43,0,2,"01",21200
"4058167","50100",10,0,2,"02",55600
"4058860","50100",11,0,4,"02",359000
"4059178","50100",37,0,1,"05",15300
"4059675","50100",11,0,1,"05",13600
"4062624","50100",22,0,0,"02",0
"4062989","50100",16,0,2,"02",98700
"4063276","50100",11,0,1,"02",23600
"4063300","50100",32,0,2,"02",70000
"4063338","50100",11,0,2,"02",30600
"4063938","50100",11,0,5,"02",57414
"4064151","50100",16,0,2,"02",27900
"4065665","50100",11,0,2,"02",91000
"4067188","50100",15,0,0,"03",0
"4067462","50100",10,0,2,"02",114810
"4067609","50100",16,0,5,"02",38200
"4068584","50100",37,0,1,"02",65700
"4068625","50100",37,0,6,"02",42350
"4069661","50100",32,0,2,"04",35000
"4069862","50100",47,0,1,"07",37360
"4071260","50100",11,0,2,"02",96900
"4071362","50100",16,0,2,"02",40200
"4072572","50100",31,0,1,"04",53000
"4072690","50100",10,0,2,"02",51000
"4073245","50100",11,0,1,"02",10000
"4073520","50100",53,0,2,"09",14240
"4073537","50100",32,0,4,"02",85400
"4074198","50100",15,0,0,"02",0
"4075038","50100",0,1,1,"  ",0
"4075379","50100",11,0,2,"01",41050
"4075391","50100",11,0,2,"03",26000
"4075429","50100",22,0,0,"08",0
"4077908","50100",15,0,0,"02",0
"4078837","50100",10,0,2,"01",53000
"4080307","50100",10,0,2,"02",64000
"4080342","50100",11,0,2,"02",30000
"4080571","50100",0,2,1,"  ",0
"4081701","50100",32,0,2,"02",35900
"4082401","50100",0,1,1,"  ",0
"4083634","50100",10,0,4,"02",65400
"4084018","50100",27,0,2,"02",323100
"4085290","50100",26,0,5,"02",47400
"4085534","50100",10,0,1,"01",17000
"4086780","50100",53,0,5,"02",39000
"4087236","50100",21,0,4,"02",127700
"4087887","50100",10,0,3,"02",12300
"4088346","50100",0,2,1,"  ",0
"4089376","50100",10,0,4,"02",82900
"4089469","50100",10,0,4,"02",45900
"4089810","50100",15,0,0,"07",0
"4090363","50100",11,0,4,"01",7900
"4091112","50100",11,0,4,"02",57800
"4091406","50100",10,0,3,"02",39700
"4091574","50100",16,0,2,"02",38600
"4091974","50100",53,0,1,"02",7800
"4092256","50100",16,0,5,"02",61650
"4092597","50100",48,0,3,"02",37700
"4092818","50100",14,0,0,"02",0
"4092874","50100",10,0,2,"02",39900
"4093458","50100",11,0,6,"02",65000
"4093824","50100",16,0,5,"02",50000
"4094003","50100",15,0,0,"02",0
"4094977","50100",21,0,4,"02",56000
"4095077","50100",32,0,1,"04",11000
"4095111","50100",42,0,1,"05",9300
"4095145","50100",21,0,2,"02",55000
"4096671","50100",37,0,1,"05",22000
"4096855","50100",21,0,2,"01",52300
"4097249","50100",11,0,2,"02",36600
"4097504","50100",16,0,2,"02",39000
"4098117","50100",27,0,5,"02",69600
"4099643","50100",15,0,0,"02",0
"4100464","50100",48,0,2,"06",47300
"4102028","50100",10,0,2,"02",72700
"4102728","50100",43,0,1,"08",120000
"4102777","50100",21,0,2,"02",9500
"4104583","50100",10,0,2,"02",32330
"4104799","50100",27,0,1,"02",38000
"4105403","50100",16,0,1,"05",41300
"4105557","50100",0,2,1,"  ",0
"4107162","50100",26,0,6,"02",70000
"4107870","50100",37,0,4,"02",64700
"4108067","50100",58,0,2,"05",15500
"4108118","50100",37,0,2,"04",18300
"4108196","50100",6,0,1,"02",37000
"4109375","50100",29,0,0,"09",0
"4110558","50100",15,0,0,"02",0
"4113112","50100",0,1,1,"  ",0
"4113400","50100",15,0,0,"02",0
"4113443","50100",32,0,1,"02",14600
"4114072","50100",53,0,2,"02",85000
"4114343","50100",32,0,3,"02",10900
"4114595","50100",37,0,4,"02",61500
"4115042","50100",10,0,1,"02",33100
"4115218","50100",11,0,2,"02",21000
"4115702","50100",10,0,2,"02",54700
"4116065","50100",10,0,2,"04",35500
"4116452","50100",10,0,2,"02",21700
"4116854","50100",42,0,4,"01",67000
"4117280","50100",11,0,3,"02",18600
"4117964","50100",11,0,1,"02",8100
"4118318","50100",37,0,1,"01",13750
"4118548","50100",11,0,1,"02",7000
"4119233","50100",44,0,0,"02",0
"4119249","50100",11,0,1,"02",10000
"4119459","50100",59,0,0,"03",0
"4120049","50100",11,0,2,"02",57700
"4120050","50100",21,0,2,"02",48890
"4120365","50100",43,0,2,"02",114800
"4120390","50100",7,0,0,"02",0
"4121182","50100",16,0,2,"02",50030
"4122103","50100",11,0,2,"04",31900
"4124363","50100",10,0,2,"02",32500
"4125894","50100",37,0,1,"01",21000
"4127006","50100",0,2,1,"  ",0
"4127671","50100",0,2,1,"  ",0
"4128449","50100",11,0,5,"02",64000
"4128513","50100",0,2,1,"  ",0
"4128766","50100",16,0,3,"02",40000
"4129597","50100",32,0,4,"02",69200
"4130556","50100",16,0,1,"04",5000
"4131964","50100",53,0,1,"05",29000
"4132121","50100",11,0,5,"02",38500
"4132401","50100",10,0,1,"04",14100
"4132980","50100",11,0,3,"02",41300
"4133147","50100",10,0,4,"02",111200
"4134466","50100",10,0,2,"03",28100
"4134778","50100",22,0,0,"02",0
"4135243","50100",37,0,4,"02",139800
"4137457","50100",26,0,2,"01",5300
"4139626","50100",11,0,1,"02",29900
"4140130","50100",37,0,2,"03",79000
"4141285","50100",37,0,3,"02",94120
"4141522","50100",11,0,5,"02",47000
"4141662","50100",10,0,3,"06",46000
"4141750","50100",11,0,2,"02",79500
"4142083","50100",10,0,3,"02",40000
"4142303","50100",10,0,2,"04",16280
"4142328","50100",11,0,2,"02",25420
"4143634","50100",11,0,2,"01",40100
"4143714","50100",16,0,1,"04",20400
"4143733","50100",10,0,3,"02",92000
"4144018","50100",15,0,0,"02",0
"4144211","50100",10,0,4,"02",65760
"4144600","50100",15,0,0,"02",0
"4144643","50100",32,0,5,"02",101300
"4145481","50100",14,0,0,"02",0
"4147485","50100",11,0,2,"02",39100
"4148240","50100",10,0,4,"02",33000
"4148351","50100",21,0,3,"04",93730
"4149134","50100",11,0,2,"04",43840
"4149343","50100",21,0,2,"04",48200
"4149664","50100",37,0,1,"06",23000
"4149778","50100",43,0,3,"05",0
"4150361","50100",27,0,1,"02",39500
"4150651","50100",10,0,2,"02",65000
"4151038","50100",32,0,4,"01",46000
"4151907","50100",16,0,4,"02",85000
"4152017","50100",16,0,3,"02",32500
"4152490","50100",10,0,2,"02",32000
"4153027","50100",0,2,1,"  ",0
"4155176","50100",23,0,0,"02",0
"4156027","50100",42,0,2,"02",168200
"4156092","50100",6,0,2,"02",84650
"4156487","50100",10,0,1,"08",13200
"4157773","50100",16,0,2,"02",12200
"4158105","50100",37,0,0,"06",0
"4160220","50100",58,0,1,"02",70200
"4160669","50100",15,0,0,"02",0
"4160735","50100",11,0,3,"04",36250
"4161498","50100",10,0,2,"02",28300
"4162152","50100",53,0,3,"02",157500
"4163075","50100",0,2,1,"  ",0
"4164100","50100",27,0,4,"02",73000
"4164537","50100",22,0,0,"01",0
"4164815","50100",37,0,4,"02",56700
"4166042","50100",10,0,3,"02",12000
"4167592","50100",11,0,1,"02",62300
"4168884","50100",10,0,3,"01",44500
"4168898","50100",11,0,1,"02",48000
"4169116","50100",11,0,1,"03",6400
"4169569","50100",37,0,5,"07",31700
"4169831","50100",0,2,1,"  ",0
"4171049","50100",15,0,0,"02",0
"4171551","50100",11,0,1,"02",17000
"4171701","50100",15,0,0,"02",0
"4172655","50100",11,0,1,"02",17730
"4172843","50100",21,0,3,"02",47780
"4173145","50100",37,0,1,"03",26500
"4173247","50100",64,0,3,"05",45000
"4173850","50100",16,0,1,"02",14400
"4174434","50100",30,0,0,"02",0
"4174677","50100",43,0,1,"02",28830
"4179674","50100",21,0,2,"02",66000
"4179703","50100",16,0,3,"02",69500
"4182519","50100",31,0,5,"02",148100
"4182557","50100",27,0,2,"02",41600
"4183361","50100",37,0,0,"02",0
"4184498","50100",31,0,2,"02",78300
"4184965","50100",47,0,2,"06",187800
"4186728","50100",37,0,0,"02",0
"4187103","50100",10,0,4,"02",57000
"4187151","50100",16,0,3,"02",35500
"4188482","50100",11,0,4,"02",56000
"4188564","50100",27,0,2,"04",51110
"4188618","50100",47,0,2,"02",76570
"4189729","50100",48,0,1,"06",6804
"4190026","50100",37,0,1,"02",30200
"4190854","50100",11,0,1,"02",25800
"4191056","50100",15,0,0,"02",0
"4191387","50100",11,0,3,"01",43600
"4191901","50100",14,0,0,"10",0
"4191952","50100",16,0,1,"02",18600
"4192204","50100",16,0,3,"02",53400
"4192701","50100",16,0,5,"02",102000
"4194611","50100",11,0,3,"02",50500
"4194689","50100",16,0,2,"02",60710
"4196430","50100",22,0,1,"02",8060
"4197827","50100",37,0,1,"02",24400
"4198284","50100",32,0,2,"06",15000
"4198880","50100",22,0,3,"06",6920
"4200956","50100",15,0,1,"02",150000
"4201757","50100",16,0,5,"02",107000
"4202048","50100",11,0,1,"02",47000
"4202743","50100",16,0,1,"02",9400
"4203213","50100",15,0,0,"02",0
"4205550","50100",22,0,0,"02",0
"4206323","50100",21,0,4,"02",36050
"4207351","50100",48,0,3,"04",41700
"4207586","50100",37,0,3,"02",49000
"4208646","50100",32,0,1,"02",47300
"4208726","50100",10,0,2,"02",40300
"4210207","50100",11,0,1,"02",28000
"4210450","50100",11,0,1,"02",5000
"4210477","50100",21,0,2,"02",42400
"4210635","50100",15,0,0,"02",0
"4211529","50100",14,0,0,"07",0
"4211851","50100",15,0,0,"02",0
"4212090","50100",22,0,0,"01",0
"4212116","50100",11,0,2,"01",61700
"4213005","50100",16,0,2,"02",47150
"4213769","50100",27,0,2,"02",43200
"4213772","50100",15,0,0,"02",0
"4213802","50100",37,0,2,"05",15530
"4214703","50100",11,0,2,"02",19900
"4215854","50100",0,2,1,"  ",0
"4217653","50100",26,0,2,"02",75100
"4218140","50100",14,0,0,"02",0
"4218295","50100",21,0,3,"05",40000
"4218599","50100",10,0,1,"02",24000
"4218671","50100",22,0,4,"02",71030
"4219754","50100",10,0,2,"02",56000
"4220117","50100",11,0,2,"02",70800
"4220313","50100",14,0,0,"02",0
"4220675","50100",5,0,4,"02",20710
"4222037","50100",10,0,2,"04",62600
"4222439","50100",14,0,0,"02",0
"4222963","50100",0,2,1,"  ",0
"4224991","50100",10,0,1,"02",19000
"4225165","50100",21,0,2,"05",50600
"4225212","50100",10,0,1,"02",22000
"4225395","50100",10,0,5,"02",47600
"4227794","50100",10,0,1,"06",10500
"4227943","50100",11,0,3,"02",12080
"4228080","50100",10,0,4,"02",59400
"4228151","50100",42,0,1,"09",1500
"4228918","50100",21,0,1,"04",143000
"4228949","50100",15,0,0,"03",0
"4228955","50100",21,0,2,"03",60100
"4229048","50100",37,0,2,"04",52500
"4229167","50100",10,0,4,"02",52000
"4229233","50100",0,2,1,"  ",0
"4229319","50100",43,0,1,"06",30310
"4230976","50100",15,0,0,"01",0
"4231852","50100",11,0,4,"02",59000
"4233629","50100",0,1,1,"  ",0
"4233835","50100",32,0,3,"02",114100
"4234064","50100",22,0,0,"02",0
"4234327","50100",0,1,1,"  ",0
"4235547","50100",11,0,2,"02",30600
"4236076","50100",11,0,3,"02",78100
"4237309","50100",0,1,1,"  ",0
"4237572","50100",11,0,2,"01",27440
"4239068","50100",10,0,2,"02",52440
"4239218","50100",5,0,3,"02",72900
"4239488","50100",16,0,3,"04",61500
"4240135","50100",10,0,3,"02",22820
"4240900","50100",47,0,4,"03",56900
"4241387","50100",16,0,2,"05",47590
"4242818","50100",21,0,3,"02",59000
"4243178","50100",11,0,3,"02",57000
"4243419","50100",47,0,2,"02",65200
"4243660","50100",0,1,1,"  ",0
"4244167","50100",16,0,1,"04",31000
"4245365","50100",37,0,1,"02",17300
"4245889","50100",10,0,4,"02",51000
"4246460","50100",42,0,1,"07",31600
"4246879","50100",0,1,1,"  ",0
"4249493","50100",21,0,4,"01",59600
"4251204","50100",37,0,3,"02",53100
"4252790","50100",11,0,2,"02",27200
"4254156","50100",48,0,5,"02",80000
"4254216","50100",11,0,2,"01",43500
"4255043","50100",15,0,0,"02",0
"4255152","50100",11,0,1,"02",7100
"4256791","50100",15,0,0,"02",0
"4260314","50100",16,0,4,"02",75650
"4261437","50100",16,0,2,"02",27260
"4262439","50100",47,0,4,"02",48700
"4262651","50100",11,0,2,"02",75100
"4263325","50100",15,0,0,"02",0
"4263726","50100",32,0,3,"02",55000
"4264367","50100",5,0,2,"02",24600
"4265302","50100",11,0,2,"02",55900
"4267422","50100",31,0,3,"02",50300
"4267506","50100",10,0,2,"02",19000
"4267800","50100",16,0,1,"02",15800
"4268640","50100",43,0,2,"02",207180
"4268805","50100",58,0,2,"02",18000
"4269376","50100",37,0,4,"02",45200
"4271706","50100",16,0,1,"02",25880
"4273094","50100",10,0,2,"02",50500
"4274714","50100",10,0,4,"02",53000
"4275064","50100",11,0,2,"02",27630
"4275574","50100",22,0,0,"02",0
"4276760","50100",47,0,1,"05",75000
"4276838","50100",0,2,1,"  ",0
"4278752","50100",10,0,4,"02",71600
"4278755","50100",0,2,1,"  ",0
"4278902","50100",11,0,4,"02",50300
"4279095","50100",10,0,1,"02",25500
"4279229","50100",15,0,0,"02",0
"4279951","50100",11,0,2,"02",35200
"4280138","50100",10,0,2,"02",70500
"4282523","50100",27,0,2,"01",16200
"4282583","50100",5,0,1,"05",20000
"4283397","50100",22,0,0,"06",0
"4284094","50100",0,2,1,"  ",0
"4285046","50100",58,0,5,"03",26000
"4285636","50100",22,0,0,"02",0
"4286524","50100",11,0,3,"01",36200
"4286605","50100",27,0,1,"02",6600
"4287836","50100",47,0,4,"05",32500
"4287998","50100",11,0,4,"02",173820
"4288168","50100",11,0,4,"02",60920
"4288734","50100",11,0,2,"01",41000
"4288868","50100",37,0,1,"05",25000
"4290204","50100",32,0,2,"06",19000
"4290268","50100",10,0,1,"04",57700
"4290739","50100",10,0,2,"02",16514
"4290747","50100",11,0,4,"02",85000
"4291246","50100",21,0,4,"02",29400
"4292668","50100",11,0,2,"02",7000
"4292838","50100",16,0,1,"02",15000
"4294162","50100",11,0,1,"02",83000
"4295674","50100",11,0,1,"01",30000
"4295677","50100",11,0,2,"02",31500
"4296076","50100",11,0,3,"02",77100
"4296215","50100",58,0,1,"09",36300
"4296889","50100",15,0,0,"02",0
"4296986","50100",32,0,2,"02",65000
"4299517","50100",0,2,1,"  ",0
"4299817","50100",22,0,0,"02",0
"4300052","50100",30,0,0,"02",0
"4300560","50100",14,0,0,"02",0
"4300791","50100",11,0,4,"02",55200
"4301488","50100",11,0,1,"05",11000
"4301901","50100",32,0,4,"02",734630
"4302633","50100",15,0,6,"04",31000
"4302651","50100",0,2,1,"  ",0
"4302692","50100",10,0,4,"01",25500
"4302755","50100",22,0,4,"02",90330
"4303437","50100",15,0,0,"02",0
"4303833","50100",15,0,0,"02",0
"4303886","50100",15,0,0,"02",0
"4303963","50100",16,0,1,"02",6000
"4304629","50100",15,0,4,"01",10000
"4304977","50100",10,0,4,"02",15000
"4307259","50100",5,0,5,"02",98000
"4308554","50100",15,0,0,"02",0
"4310742","50100",10,0,2,"02",43700
"4311683","50100",7,0,0,"04",0
"4312804","50100",11,0,4,"02",112400
"4313959","50100",15,0,0,"02",0
"4314414","50100",10,0,3,"02",27200
"4315286","50100",26,0,2,"01",30200
"4316261","50100",11,0,1,"01",10800
"4317588","50100",48,0,5,"02",37900
"4318474","50100",16,0,2,"03",38700
"4318568","50100",8,0,0,"02",0
"4318908","50100",11,0,3,"02",34000
"4319302","50100",14,0,0,"02",0
"4319666","50100",52,0,1,"06",16400
"4321137","50100",14,0,0,"02",0
"4321479","50100",37,0,2,"02",71900
"4321826","50100",11,0,6,"02",24710
"4322145","50100",15,0,0,"02",0
"4322675","50100",10,0,5,"02",70810
"4323321","50100",15,0,0,"04",0
"4323532","50100",11,0,1,"02",18900
"4323820","50100",31,0,2,"02",25700
"4324050","50100",10,0,4,"02",27000
"4324521","50100",10,0,3,"02",39300
"4325336","50100",0,2,1,"  ",0
"4326166","50100",16,0,6,"02",31000
"4327197","50100",10,0,2,"02",72000
"4327437","50100",16,0,2,"02",50000
"4327884","50100",11,0,1,"02",2000
"4327893","50100",15,0,0,"02",0
"4328996","50100",16,0,2,"02",36400
"4330202","50100",15,0,0,"02",0
"4331064","50100",10,0,5,"02",41800
"4332319","50100",19,0,5,"02",42000
"4332917","50100",43,0,4,"02",72050
"4334010","50100",10,0,1,"04",15600
"4335704","50100",11,0,2,"02",40600
"4336393","50100",177,0,0,"05",0
"4336730","50100",32,0,4,"02",81690
"4336847","50100",15,0,0,"02",0
"4337542","50100",11,0,2,"06",13710
"4337680","50100",10,0,4,"02",36000
"4338912","50100",44,0,0,"04",0
"4339095","50100",37,0,2,"02",37500
"4340254","50100",15,0,0,"02",0
"4340612","50100",32,0,2,"02",47000
"4340634","50100",16,0,1,"02",0
"4342494","50100",0,1,1,"  ",0
"4344613","50100",22,0,0,"02",0
"4345620","50100",10,0,3,"02",41160
"4345718","50100",32,0,2,"02",40000
"4345849","50100",11,0,1,"02",7300
"4346365","50100",22,0,0,"02",0
"4346479","50100",14,0,0,"09",0
"4346512","50100",15,0,0,"02",0
"4347525","50100",10,0,5,"01",34500
"4348168","50100",10,0,2,"05",6000
"4348635","50100",10,0,1,"02",15600
"4348977","50100",15,0,0,"01",0
"4349437","50100",16,0,5,"02",59800
"4350572","50100",0,2,1,"  ",0
"4350637","50100",16,0,5,"02",24000
"4351017","50100",11,0,2,"03",70000
"4351259","50100",10,0,2,"02",55170
"4353103","50100",21,0,2,"02",86040
"4353296","50100",11,0,4,"02",42400
"4353679","50100",37,0,1,"07",74040
"4354015","50100",15,0,2,"05",6100
"4354414","50100",16,0,2,"02",32800
"4356324","50100",16,0,3,"01",31000
"4356590","50100",11,0,2,"02",40000
"4356730","50100",10,0,2,"05",5000
"4357650","50100",16,0,5,"01",24000
"4359207","50100",10,0,2,"01",34500
"4360008","50100",42,0,1,"02",20000
"4361936","50100",16,0,8,"02",23170
"4362037","50100",8,0,0,"01",0
"4363813","50100",0,1,1,"  ",0
"4366598","50100",11,0,6,"02",63000
"4368179","50100",15,0,5,"02",10200
"4368308","50100",16,0,1,"02",19660
"4369014","50100",32,0,3,"02",25000
"4370083","50100",10,0,1,"01",7400
"4372643","50100",5,0,1,"02",15020
"4373418","50100",15,0,0,"03",0
"4373776","50100",26,0,1,"05",20500
"4375465","50100",16,0,2,"02",32000
"4376101","50100",0,2,1,"  ",0
"4376225","50100",5,0,1,"02",10800
"4376395","50100",15,0,3,"02",45000
"4377483","50100",11,0,2,"02",67170
"4378445","50100",11,0,1,"06",30200
"4379343","50100",43,0,3,"02",11900
"4382716","50100",37,0,4,"02",65200
"4382799","50100",42,0,1,"06",9450
"4383383","50100",42,0,3,"05",47620
"4384596","50100",10,0,1,"02",800
"4384662","50100",11,0,2,"01",55700
"4384689","50100",10,0,4,"02",34100
"4385222","50100",15,0,0,"02",0
"4386350","50100",32,0,4,"02",79090
"4387255","50100",16,0,1,"02",5000
"4392722","50100",42,0,1,"03",125000
"4392937","50100",21,0,3,"06",38000
"4393665","50100",11,0,5,"02",107180
"4393943","50100",11,0,3,"02",28000
"4394670","50100",11,0,4,"02",314000
"4394918","50100",37,0,2,"02",27000
"4395116","50100",21,0,1,"02",32500
"4395414","50100",15,0,0,"02",0
"4395497","50100",10,0,3,"02",27800
"4395950","50100",10,0,4,"02",36800
"4396148","50100",37,0,4,"06",29200
"4396152","50100",16,0,1,"08",770
"4396386","50100",37,0,2,"05",34300
"4396701","50100",0,2,1,"  ",0
"4396788","50100",11,0,5,"02",69600
"4397427","50100",48,0,2,"02",43300
"4397733","50100",10,0,3,"01",52400
"4398674","50100",11,0,3,"02",58500
"4398981","50100",14,0,0,"02",0
"4399183","50100",15,0,0,"02",0
"4399399","50100",15,0,0,"02",0
"4399464","50100",15,0,0,"03",0
"4399530","50100",37,0,2,"02",74000
"4400535","50100",26,0,3,"02",77270
"4400951","50100",16,0,4,"01",17800
"4401146","50100",31,0,3,"02",1e+05
"4402034","50100",11,0,2,"02",52810
"4402832","50100",10,0,3,"02",55790
"4403377","50100",11,0,4,"02",125350
"4404088","50100",15,0,2,"02",32200
"4404120","50100",16,0,1,"02",7500
"4404402","50100",16,0,4,"02",84130
"4404796","50100",10,0,1,"02",70500
"4405189","50100",16,0,2,"02",27710
"4405234","50100",32,0,1,"02",26000
"4406922","50100",32,0,4,"02",11890
"4407076","50100",32,0,2,"05",36600
"4408393","50100",31,0,2,"02",43350
"4408775","50100",10,0,1,"04",24150
"4409593","50100",10,0,3,"02",79000
"4409641","50100",11,0,3,"01",81000
"4410412","50100",11,0,5,"02",52000
"4412629","50100",11,0,2,"02",33100
"4412762","50100",59,0,0,"08",0
"4413494","50100",11,0,1,"02",30000
"4413893","50100",14,0,0,"02",0
"4414011","50100",37,0,1,"05",16100
"4414042","50100",10,0,2,"02",92000
"4414410","50100",37,0,2,"06",17770
"4414663","50100",21,0,5,"02",98000
"4415085","50100",0,1,1,"  ",0
"4415415","50100",0,1,1,"  ",0
"4415715","50100",15,0,2,"02",26300
"4416249","50100",10,0,5,"02",79000
"4416273","50100",42,0,1,"02",20000
"4416386","50100",48,0,2,"02",71600
"4417376","50100",23,0,0,"02",0
"4417793","50100",11,0,2,"02",35800
"4418601","50100",11,0,2,"02",48800
"4419764","50100",27,0,2,"02",65604
"4420090","50100",26,0,1,"02",14500
"4420295","50100",10,0,2,"02",42000
"4420510","50100",37,0,2,"06",19000
"4420601","50100",37,0,1,"05",23300
"4420973","50100",30,0,0,"04",0
"4421441","50100",11,0,3,"02",63700
"4422595","50100",14,0,0,"03",0
"4423872","50100",14,0,0,"04",0
"4424882","50100",16,0,5,"02",46000
"4427752","50100",0,2,1,"  ",0
"4427891","50100",26,0,2,"02",118000
"4430005","50100",48,0,2,"04",31900
"4430030","50100",11,0,4,"02",97120
"4430370","50100",48,0,1,"02",32400
"4431024","50100",10,0,1,"01",18500
"4431349","50100",27,0,1,"02",34500
"4431524","50100",14,0,0,"02",0
"4432188","50100",16,0,3,"02",44000
"4432694","50100",15,0,2,"02",99000
"4434900","50100",15,0,0,"02",0
"4435267","50100",37,0,1,"04",8400
"4435768","50100",11,0,6,"02",86200
"4436246","50100",15,0,0,"04",0
"4437013","50100",11,0,4,"01",71000
"4438966","50100",31,0,3,"02",112480
"4440509","50100",10,0,4,"02",83000
"4441820","50100",37,0,0,"02",0
"4443618","50100",16,0,1,"05",15000
"4444662","50100",0,2,1,"  ",0
"4445540","50100",26,0,1,"02",159000
"4446490","50100",10,0,5,"02",30200
"4447833","50100",11,0,2,"02",13300
"4449467","50100",27,0,1,"02",14300
"4450034","50100",42,0,1,"04",22800
"4450144","50100",0,1,1,"  ",0
"4450300","50100",11,0,1,"08",54000
"4450346","50100",16,0,4,"01",26700
"4451178","50100",11,0,1,"02",18700
"4452861","50100",22,0,0,"02",0
"4453248","50100",16,0,1,"02",36000
"4453992","50100",16,0,1,"02",20000
"4454381","50100",0,1,1,"  ",0
"4454992","50100",21,0,4,"02",32900
"4455188","50100",22,0,0,"02",0
"4455418","50100",16,0,1,"02",18400
"4455627","50100",22,0,0,"02",0
"4456365","50100",11,0,1,"02",35000
"4456392","50100",26,0,2,"02",43890
"4456394","50100",42,0,3,"02",81100
"4456878","50100",11,0,2,"02",53380
"4458108","50100",22,0,0,"02",0
"4458257","50100",5,0,2,"02",68000
"4459006","50100",37,0,2,"02",40000
"4459036","50100",11,0,2,"02",38220
"4459722","50100",11,0,2,"06",48510
"4459863","50100",22,0,0,"06",0
"4459934","50100",21,0,2,"02",53300
"4461731","50100",21,0,5,"01",10400
"4462240","50100",27,0,1,"02",10000
"4464560","50100",10,0,5,"02",100500
"4465024","50100",26,0,1,"02",11500
"4466011","50100",11,0,2,"02",6600
"4466199","50100",11,0,4,"02",53000
"4466441","50100",22,0,0,"02",0
"4466522","50100",11,0,6,"02",94000
"4467218","50100",42,0,2,"05",70000
"4467807","50100",0,2,1,"  ",0
"4468207","50100",11,0,1,"02",30000
"4468273","50100",16,0,3,"02",6400
"4468767","50100",11,0,1,"02",13400
"4469074","50100",37,0,0,"02",0
"4470450","50100",15,0,2,"02",10800
"4470720","50100",37,0,2,"02",39900
"4473389","50100",10,0,4,"02",24000
"4473805","50100",15,0,0,"02",0
"4474372","50100",32,0,4,"02",83000
"4474390","50100",7,0,0,"02",0
"4475037","50100",48,0,3,"02",60100
"4475415","50100",37,0,2,"01",8700
"4475717","50100",16,0,2,"02",38300
"4475860","50100",37,0,4,"02",54240
"4476501","50100",11,0,2,"02",32880
"4477183","50100",0,2,1,"  ",0
"4477252","50100",22,0,0,"06",0
"4477584","50100",23,0,0,"10",0
"4478313","50100",11,0,2,"02",24700
"4478618","50100",10,0,4,"06",13400
"4478637","50100",16,0,1,"02",17000
"4480487","50100",32,0,2,"02",36700
"4480554","50100",26,0,1,"02",9100
"4481485","50100",16,0,4,"02",54000
"4481502","50100",21,0,2,"02",28100
"4482015","50100",14,0,0,"02",0
"4482202","50100",10,0,3,"02",60000
"4482738","50100",16,0,4,"02",30200
"4484775","50100",0,2,1,"  ",0
"4485080","50100",11,0,3,"02",61000
"4485114","50100",22,0,0,"02",0
"4485370","50100",10,0,2,"02",10800
"4485798","50100",15,0,0,"03",0
"4486377","50100",15,0,0,"02",0
"4487048","50100",53,0,2,"03",37100
"4487395","50100",11,0,2,"04",74400
"4487492","50100",16,0,2,"02",25900
"4487737","50100",10,0,2,"02",31070
"4487900","50100",16,0,1,"02",125000
"4487989","50100",16,0,1,"06",16000
"4489103","50100",0,1,1,"  ",0
"4489166","50100",37,0,1,"01",26250
"4489242","50100",23,0,0,"02",0
"4489689","50100",0,2,1,"  ",0
"4490446","50100",11,0,3,"02",26000
"4491642","50100",15,0,0,"02",0
"4492527","50100",32,0,1,"02",53900
"4495218","50100",37,0,2,"04",63000
"4495690","50100",11,0,2,"02",69000
"4496087","50100",10,0,2,"02",10500
"4497067","50100",16,0,4,"02",64800
"4497829","50100",16,0,2,"04",41000
"4497849","50100",16,0,1,"02",61000
"4498152","50100",42,0,1,"09",15500
"4498420","50100",32,0,4,"02",27300
"4498917","50100",15,0,0,"01",0
"4499586","50100",11,0,2,"02",44200
"4500350","50100",15,0,0,"03",0
"4501123","50100",16,0,2,"02",76250
"4501758","50100",53,0,1,"09",3710
"4504000","50100",0,2,1,"  ",0
"4504196","50100",0,2,1,"  ",0
"4505099","50100",37,0,3,"04",61710
"4505164","50100",22,0,0,"02",0
"4506488","50100",32,0,2,"02",68800
"4508130","50100",37,0,1,"09",5100
"4508372","50100",26,0,1,"03",14510
"4508594","50100",16,0,4,"02",66000
"4508844","50100",10,0,3,"01",32000
"4509180","50100",11,0,4,"05",69000
"4509856","50100",47,0,4,"01",50500
"4509864","50100",15,0,0,"02",0
"4510341","50100",16,0,3,"02",2300
"4510453","50100",11,0,2,"04",18000
"4510679","50100",42,0,2,"01",30000
"4511429","50100",42,0,2,"06",7000
"4512574","50100",10,0,2,"02",83000
"4513089","50100",15,0,0,"02",0
"4514516","50100",42,0,1,"05",24400
"4514573","50100",10,0,1,"02",56000
"4514905","50100",10,0,1,"02",105000
"4515554","50100",21,0,4,"02",195300
"4516756","50100",26,0,1,"02",28500
"4517413","50100",22,0,0,"05",0
"4517571","50100",21,0,3,"02",91030
"4517667","50100",11,0,1,"02",35710
"4517869","50100",10,0,2,"02",72700
"4517882","50100",11,0,3,"02",15900
"4518796","50100",38,0,3,"05",25000
"4519779","50100",5,0,3,"02",41500
"4519821","50100",11,0,2,"02",23000
"4519963","50100",44,0,0,"01",0
"4520163","50100",0,2,1,"  ",0
"4520625","50100",32,0,1,"02",72050
"4520998","50100",10,0,2,"02",32760
"4521606","50100",10,0,3,"02",70000
"4521607","50100",37,0,1,"04",11000
"4521752","50100",11,0,2,"05",23500
"4521789","50100",37,0,1,"05",6600
"4521929","50100",11,0,1,"03",25700
"4522439","50100",0,2,1,"  ",0
"4523539","50100",16,0,5,"01",20200
"4523759","50100",10,0,3,"02",67600
"4524342","50100",11,0,1,"02",98000
"4524662","50100",31,0,1,"05",10000
"4525060","50100",29,0,0,"05",0
"4526966","50100",29,0,0,"02",0
"4528277","50100",11,0,2,"02",84700
"4529951","50100",26,0,1,"04",48020
"4530764","50100",10,0,2,"01",73200
"4531014","50100",48,0,2,"02",79500
"4531901","50100",11,0,1,"01",9700
"4531964","50100",32,0,2,"02",62250
"4532543","50100",11,0,2,"01",25000
"4532940","50100",15,0,0,"02",0
"4533026","50100",11,0,1,"02",12000
"4533915","50100",10,0,3,"02",46090
"4534768","50100",16,0,1,"01",9100
"4534776","50100",11,0,1,"03",15000
"4535828","50100",11,0,4,"01",35900
"4536342","50100",21,0,1,"01",32570
"4536530","50100",16,0,2,"02",97000
"4538200","50100",16,0,3,"02",65100
"4538386","50100",14,0,0,"08",0
"4538405","50100",16,0,2,"02",24204
"4538705","50100",11,0,4,"02",46900
"4540703","50100",11,0,2,"02",17300
"4541600","50100",10,0,2,"01",33900
"4542012","50100",53,0,2,"02",64100
"4542383","50100",6,0,2,"05",45100
"4544860","50100",11,0,3,"02",48060
"4547340","50100",16,0,1,"02",6600
"4549285","50100",11,0,3,"02",37800
"4549373","50100",11,0,2,"02",48700
"4549913","50100",0,2,1,"  ",0
"4550948","50100",21,0,1,"02",42000
"4551781","50100",21,0,2,"02",47000
"4551944","50100",26,0,4,"01",11700
"4552212","50100",42,0,4,"02",46900
"4552942","50100",29,0,0,"02",0
"4553067","50100",15,0,4,"02",193800
"4554281","50100",26,0,1,"05",8200
"4554422","50100",11,0,2,"02",44800
"4554799","50100",11,0,2,"02",35440
"4555627","50100",14,0,0,"02",0
"4556063","50100",22,0,0,"02",0
"4556673","50100",37,0,1,"04",13000
"4557334","50100",7,0,0,"01",0
"4557784","50100",11,0,2,"02",38200
"4557888","50100",47,0,5,"04",118400
"4557917","50100",16,0,5,"02",92800
"4558673","50100",11,0,2,"02",41800
"4560056","50100",11,0,4,"02",40000
"4560217","50100",37,0,0,"02",0
"4561005","50100",10,0,6,"05",30820
"4561564","50100",44,0,0,"03",0
"4561837","50100",10,0,1,"02",22900
"4561974","50100",10,0,4,"02",33000
"4562860","50100",11,0,2,"02",25300
"4562969","50100",0,2,1,"  ",0
"4562979","50100",10,0,1,"01",17400
"4565929","50100",31,0,2,"02",59610
"4566090","50100",37,0,1,"03",61900
"4566198","50100",37,0,1,"08",14800
"4567081","50100",43,0,1,"06",34000
"4567422","50100",5,0,4,"02",80600
"4567604","50100",0,2,1,"  ",0
"4568933","50100",0,2,1,"  ",0
"4569036","50100",15,0,0,"09",0
"4569341","50100",11,0,2,"02",34840
"4570641","50100",10,0,5,"02",20800
"4571273","50100",11,0,1,"02",43000
"4571318","50100",10,0,4,"02",51134
"4573664","50100",15,0,3,"01",50110
"4573923","50100",11,0,2,"02",53900
"4574993","50100",31,0,2,"02",139300
"4575873","50100",11,0,2,"01",14500
"4576141","50100",5,0,5,"02",112070
"4576840","50100",10,0,5,"02",90000
"4577151","50100",10,0,3,"02",80000
"4577580","50100",26,0,2,"02",11000
"4578400","50100",48,0,1,"04",7800
"4578857","50100",15,0,0,"08",0
"4579767","50100",15,0,2,"02",50000
"4581211","50100",16,0,4,"01",15600
"4583006","50100",16,0,1,"01",28000
"4583903","50100",68,0,2,"08",83460
"4583951","50100",11,0,4,"02",96000
"4584750","50100",31,0,2,"05",33100
"4585404","50100",16,0,3,"02",19600
"4585531","50100",10,0,4,"01",33000
"4585982","50100",31,0,2,"02",68000
"4586634","50100",15,0,0,"02",0
"4586710","50100",16,0,2,"02",102000
"4586970","50100",31,0,2,"06",15000
"4587914","50100",16,0,4,"02",94800
"4589302","50100",11,0,2,"02",31090
"4589913","50100",0,2,1,"  ",0
"4589949","50100",10,0,1,"02",15004
"4591469","50100",16,0,2,"02",74000
"4591893","50100",58,0,3,"05",7000
"4593171","50100",16,0,2,"03",34300
"4593974","50100",48,0,2,"01",50600
"4594720","50100",26,0,2,"02",38250
"4595216","50100",14,0,0,"08",0
"4595485","50100",11,0,1,"01",16000
"4595546","50100",16,0,3,"02",53000
"4595950","50100",16,0,1,"02",31700
"4596581","50100",11,0,4,"01",49000
"4597547","50100",43,0,3,"02",53770
"4597648","50100",5,0,3,"02",50040
"4600441","50100",10,0,2,"04",48600
"4600623","50100",22,0,1,"02",4400
"4601733","50100",11,0,5,"02",70100
"4602017","50100",26,0,2,"02",79700
"4602273","50100",11,0,4,"02",65340
"4602622","50100",11,0,5,"02",77290
"4602736","50100",10,0,1,"02",21000
"4603578","50100",53,0,1,"02",3700
"4604233","50100",14,0,0,"03",0
"4604395","50100",21,0,1,"01",19000
"4606991","50100",16,0,4,"02",60000
"4607205","50100",16,0,1,"02",31800
"4607696","50100",10,0,1,"02",4880
"4607978","50100",16,0,3,"02",48300
"4608030","50100",10,0,4,"01",18000
"4608172","50100",0,2,1,"  ",0
"4608791","50100",42,0,1,"02",5600
"4608806","50100",22,0,0,"02",0
"4608812","50100",42,0,2,"02",64000
"4608957","50100",10,0,4,"02",33000
"4609272","50100",48,0,2,"02",94800
"4609682","50100",82,0,0,"02",0
"4611670","50100",42,0,1,"06",0
"4611919","50100",32,0,1,"06",19000
"4612347","50100",15,0,0,"04",0
"4613435","50100",10,0,1,"02",47200
"4613591","50100",10,0,1,"02",7000
"4614519","50100",0,1,1,"  ",0
"4614810","50100",0,2,1,"  ",0
"4614915","50100",15,0,0,"02",0
"4615708","50100",11,0,5,"02",77900
"4617761","50100",32,0,1,"02",13000
"4619257","50100",22,0,0,"02",0
"4619505","50100",15,0,0,"02",0
"4620105","50100",15,0,0,"02",0
"4620910","50100",37,0,1,"02",57900
"4620985","50100",32,0,3,"02",51730
"4621547","50100",14,0,0,"02",0
"4624682","50100",32,0,1,"08",19000
"4625754","50100",27,0,2,"02",47000
"4626531","50100",11,0,1,"02",38320
"4626536","50100",11,0,2,"02",27510
"4626565","50100",15,0,0,"02",0
"4627207","50100",11,0,5,"02",45000
"4628008","50100",5,0,4,"02",47610
"4629595","50100",10,0,1,"01",8400
"4631034","50100",31,0,3,"03",93100
"4631191","50100",0,2,1,"  ",0
"4631780","50100",11,0,3,"02",101700
"4632517","50100",16,0,1,"02",7500
"4632653","50100",14,0,0,"06",0
"4632814","50100",10,0,2,"01",39620
"4633151","50100",42,0,1,"02",44430
"4633601","50100",44,0,0,"03",0
"4634278","50100",31,0,1,"04",20200
"4634402","50100",42,0,4,"02",54600
"4636611","50100",26,0,5,"05",22450
"4637193","50100",10,0,3,"02",32060
"4638646","50100",14,0,0,"02",0
"4639660","50100",10,0,3,"02",13200
"4639960","50100",0,2,1,"  ",0
"4640622","50100",10,0,2,"02",50500
"4641139","50100",0,2,1,"  ",0
"4641527","50100",37,0,1,"08",18000
"4641637","50100",0,2,1,"  ",0
"4642449","50100",10,0,1,"02",13000
"4643069","50100",43,0,1,"06",9800
"4643985","50100",0,1,1,"  ",0
"4644086","50100",21,0,1,"05",24800
"4645213","50100",11,0,2,"02",73900
"4646580","50100",0,2,1,"  ",0
"4646604","50100",32,0,1,"02",23800
"4647518","50100",27,0,2,"02",89000
"4648079","50100",21,0,1,"01",9200
"4648152","50100",37,0,2,"04",10300
"4648437","50100",10,0,2,"02",69000
"4648512","50100",15,0,0,"02",0
"4648836","50100",11,0,2,"02",78000
"4649381","50100",16,0,2,"02",30710
"4649985","50100",16,0,1,"02",19000
"4650035","50100",11,0,1,"05",6000
"4650609","50100",0,2,1,"  ",0
"4650853","50100",27,0,2,"01",25000
"4652966","50100",10,0,3,"01",45370
"4653535","50100",0,2,1,"  ",0
"4653931","50100",0,2,1,"  ",0
"4654702","50100",11,0,2,"02",16000
"4655292","50100",11,0,1,"01",8000
"4655329","50100",58,0,1,"02",8700
"4655906","50100",47,0,2,"07",3500
"4656220","50100",16,0,2,"02",50800
"4656625","50100",11,0,2,"04",30600
"4657171","50100",10,0,2,"02",40000
"4657181","50100",16,0,4,"02",9110
"4657877","50100",16,0,3,"02",51420
"4657918","50100",45,0,0,"03",0
"4658550","50100",10,0,3,"02",22310
"4659823","50100",14,0,0,"02",0
"4661042","50100",11,0,5,"02",102000
"4661502","50100",11,0,1,"02",23600
"4661540","50100",5,0,3,"02",130000
"4661736","50100",11,0,2,"02",48000
"4662112","50100",16,0,2,"02",127140
"4662803","50100",10,0,1,"04",13000
"4666487","50100",10,0,3,"08",160500
"4666762","50100",14,0,0,"03",0
"4667460","50100",16,0,5,"02",91100
"4668419","50100",16,0,1,"02",30600
"4668609","50100",11,0,3,"02",27200
"4668695","50100",11,0,2,"02",106700
"4669245","50100",48,0,1,"05",18700
"4670599","50100",16,0,1,"02",18000
"4671736","50100",11,0,1,"01",80500
"4672741","50100",22,0,0,"02",0
"4673100","50100",10,0,2,"02",16300
"4673828","50100",22,0,0,"02",0
"4674251","50100",37,0,2,"02",108400
"4675028","50100",11,0,1,"02",9000
"4675035","50100",14,0,0,"04",0
"4675215","50100",0,2,1,"  ",0
"4675985","50100",16,0,4,"02",65050
"4676080","50100",37,0,1,"07",7200
"4676431","50100",42,0,2,"03",41010
"4676903","50100",31,0,2,"02",124000
"4676992","50100",10,0,1,"02",110100
"4677217","50100",22,0,0,"02",0
"4677899","50100",48,0,2,"02",176100
"4677935","50100",26,0,6,"04",47400
"4678185","50100",10,0,4,"02",37190
"4678337","50100",11,0,2,"02",18130
"4678447","50100",11,0,2,"02",60370
"4679215","50100",31,0,2,"03",32600
"4679523","50100",10,0,3,"02",85400
"4679614","50100",42,0,2,"02",50000
"4680983","50100",43,0,3,"03",12500
"4682737","50100",16,0,4,"06",6700
"4683186","50100",10,0,5,"04",20800
"4683755","50100",10,0,2,"02",122000
"4684967","50100",0,1,1,"  ",0
"4685077","50100",0,2,1,"  ",0
"4686037","50100",23,0,0,"01",0
"4687011","50100",11,0,1,"02",22500
"4687429","50100",15,0,0,"02",0
"4687808","50100",42,0,5,"02",47680
"4688270","50100",10,0,2,"02",72700
"4688332","50100",10,0,2,"02",31230
"4688683","50100",0,1,1,"  ",0
"4690059","50100",0,2,1,"  ",0
"4691309","50100",16,0,3,"02",25410
"4691999","50100",32,0,2,"03",48000
"4692106","50100",22,0,0,"04",0
"4692158","50100",16,0,2,"02",134500
"4692601","50100",11,0,2,"02",60000
"4693029","50100",11,0,3,"02",143000
"4694245","50100",0,1,1,"  ",0
"4694269","50100",14,0,0,"02",0
"4695513","50100",11,0,3,"02",87000
"4695839","50100",16,0,1,"02",54300
"4696572","50100",26,0,2,"02",418900
"4696938","50100",10,0,1,"02",39500
"4698061","50100",14,0,0,"08",0
"4698399","50100",32,0,4,"02",111920
"4698475","50100",37,0,0,"02",0
"4698542","50100",16,0,4,"02",99520
"4698951","50100",10,0,1,"02",109700
"4699223","50100",10,0,1,"05",0
"4699293","50100",15,0,4,"02",50000
"4700119","50100",10,0,2,"01",13800
"4700785","50100",11,0,1,"02",6100
"4700788","50100",11,0,2,"02",79820
"4701317","50100",14,0,0,"03",0
"4701329","50100",26,0,3,"01",40000
"4701409","50100",42,0,2,"02",7200
"4702422","50100",21,0,5,"02",57750
"4703331","50100",15,0,6,"02",45000
"4703373","50100",28,0,5,"02",42000
"4704583","50100",10,0,2,"02",70000
"4704775","50100",26,0,4,"02",310500
"4707229","50100",11,0,3,"02",17500
"4707794","50100",16,0,3,"02",66040
"4707821","50100",42,0,1,"06",28300
"4708497","50100",21,0,2,"05",6000
"4708696","50100",32,0,3,"04",30000
"4709923","50100",0,2,1,"  ",0
"4710625","50100",42,0,3,"03",26600
"4710944","50100",11,0,2,"02",35400
"4712026","50100",15,0,0,"02",0
"4713707","50100",32,0,3,"04",6600
"4713824","50100",15,0,0,"02",0
"4714955","50100",14,0,0,"05",0
"4715410","50100",22,0,0,"02",0
"4717321","50100",16,0,1,"02",7100
"4719189","50100",47,0,4,"02",78150
"4720742","50100",32,0,4,"02",91300
"4720811","50100",23,0,0,"02",0
"4721047","50100",16,0,2,"01",50230
"4721182","50100",31,0,2,"02",11000
"4721706","50100",15,0,0,"01",0
"4722048","50100",11,0,3,"02",76100
"4722404","50100",16,0,2,"02",62000
"4722435","50100",0,2,1,"  ",0
"4723407","50100",23,0,0,"02",0
"4723604","50100",21,0,2,"02",92000
"4726450","50100",26,0,5,"03",122370
"4726568","50100",16,0,3,"02",32000
"4727033","50100",10,0,2,"02",53300
"4727235","50100",0,2,1,"  ",0
"4727813","50100",11,0,1,"06",33500
"4728742","50100",22,0,0,"02",0
"4728772","50100",10,0,1,"02",0
"4729089","50100",16,0,1,"02",6000
"4729541","50100",11,0,2,"04",17500
"4729605","50100",22,0,0,"02",0
"4729943","50100",0,2,1,"  ",0
"4731959","50100",11,0,4,"02",77100
"4732143","50100",15,0,0,"05",0
"4732851","50100",16,0,3,"02",31000
"4733386","50100",15,0,0,"08",0
"4734152","50100",37,0,4,"02",66040
"4735675","50100",16,0,1,"02",18000
"4735828","50100",31,0,2,"02",28000
"4735859","50100",10,0,2,"02",60100
"4736730","50100",37,0,2,"02",49140
"4737785","50100",11,0,1,"02",22500
"4738455","50100",10,0,4,"02",31000
"4739166","50100",11,0,3,"02",34000
"4739489","50100",15,0,1,"01",12000
"4740193","50100",16,0,2,"02",34000
"4741573","50100",15,0,0,"02",0
"4742382","50100",11,0,2,"02",57900
"4742509","50100",37,0,1,"09",8000
"4743671","50100",42,0,2,"02",63700
"4744069","50100",5,0,2,"02",4800
"4744173","50100",22,0,0,"02",0
"4744224","50100",10,0,1,"01",31900
"4745388","50100",6,0,6,"02",49000
"4745870","50100",16,0,2,"06",18600
"4746365","50100",11,0,1,"02",46300
"4746805","50100",5,0,2,"04",20100
"4746885","50100",15,0,0,"02",0
"4748318","50100",42,0,4,"02",64100
"4751903","50100",11,0,3,"02",87000
"4752196","50100",11,0,2,"02",66300
"4752302","50100",16,0,1,"02",26000
"4752557","50100",11,0,2,"02",33140
"4752884","50100",42,0,4,"02",51800
"4753218","50100",11,0,4,"02",132500
"4753297","50100",16,0,2,"05",49000
"4753969","50100",15,0,0,"04",0
"4754217","50100",11,0,3,"02",7700
"4754689","50100",58,0,3,"03",15510
"4754829","50100",11,0,2,"02",61000
"4756489","50100",11,0,3,"02",62200
"4759590","50100",10,0,1,"02",27750
"4759620","50100",5,0,4,"04",47170
"4759667","50100",10,0,4,"02",30920
"4760205","50100",16,0,2,"02",117070
"4760588","50100",42,0,5,"02",309000
"4760727","50100",30,0,0,"03",0
"4761883","50100",32,0,3,"02",156900
"4762204","50100",0,2,1,"  ",0
"4763375","50100",10,0,1,"02",135000
"4763821","50100",32,0,3,"05",74000
"4763896","50100",26,0,2,"02",141500
"4764171","50100",15,0,0,"02",0
"4767170","50100",16,0,3,"02",51500
"4767561","50100",0,2,1,"  ",0
"4767976","50100",11,0,2,"05",38030
"4768438","50100",16,0,1,"02",6800
"4768580","50100",14,0,0,"02",0
"4768836","50100",26,0,4,"02",54920
"4769967","50100",32,0,4,"02",31400
"4770119","50100",16,0,3,"02",58890
"4770776","50100",11,0,2,"02",88500
"4771676","50100",0,2,1,"  ",0
"4773069","50100",42,0,2,"02",40000
"4773194","50100",11,0,2,"02",63000
"4773715","50100",11,0,2,"02",78000
"4773759","50100",10,0,2,"02",85000
"4774255","50100",42,0,2,"06",49010
"4774403","50100",11,0,2,"02",24310
"4775117","50100",16,0,1,"02",25000
"4776997","50100",48,0,2,"02",31000
"4777863","50100",11,0,1,"02",10000
"4777878","50100",26,0,2,"02",92200
"4780700","50100",10,0,4,"02",62000
"4780848","50100",11,0,1,"02",105000
"4780878","50100",32,0,3,"02",19500
"4780964","50100",58,0,1,"05",36000
"4781063","50100",16,0,2,"02",13330
"4782267","50100",58,0,1,"04",25000
"4783590","50100",0,1,1,"  ",0
"4785640","50100",11,0,2,"04",30200
"4786225","50100",10,0,1,"05",14700
"4787313","50100",37,0,2,"01",49830
"4788002","50100",10,0,2,"06",7900
"4788778","50100",5,0,4,"01",49000
"4789049","50100",26,0,3,"02",64600
"4790044","50100",44,0,0,"06",0
"4790801","50100",37,0,0,"09",0
"4791006","50100",11,0,3,"02",49900
"4791044","50100",11,0,1,"03",26100
"4791050","50100",16,0,3,"02",26620
"4791111","50100",42,0,2,"02",49500
"4791703","50100",37,0,1,"02",27000
"4792276","50100",32,0,1,"07",22400
"4792659","50100",10,0,4,"01",39100
"4793118","50100",11,0,2,"02",67800
"4793159","50100",32,0,1,"02",55640
"4793286","50100",15,0,1,"06",16400
"4794221","50100",10,0,2,"02",15200
"4795731","50100",16,0,4,"06",16500
"4796556","50100",43,0,2,"02",82500
"4796793","50100",26,0,2,"02",49300
"4797900","50100",5,0,3,"01",72100
"4799263","50100",10,0,1,"02",32300
"4799858","50100",10,0,4,"02",62900
"4801707","50100",16,0,4,"01",40000
"4801781","50100",15,0,4,"05",28890
"4802180","50100",0,1,1,"  ",0
"4802424","50100",37,0,2,"02",41000
"4803198","50100",42,0,3,"02",64500
"4805307","50100",37,0,4,"02",80030
"4805895","50100",42,0,3,"02",56900
"4806321","50100",6,0,6,"02",48700
"4806940","50100",37,0,0,"06",0
"4807381","50100",16,0,1,"01",16000
"4807747","50100",0,2,1,"  ",0
"4807964","50100",10,0,3,"02",59800
"4808396","50100",11,0,3,"02",55000
"4809164","50100",0,1,1,"  ",0
"4809589","50100",10,0,5,"02",30050
"4810325","50100",22,0,3,"02",79000
"4810394","50100",27,0,2,"04",45000
"4810455","50100",16,0,2,"05",8000
"4810776","50100",48,0,2,"02",65404
"4810834","50100",22,0,0,"02",0
"4811616","50100",22,0,0,"04",0
"4814398","50100",0,2,1,"  ",0
"4814851","50100",15,0,4,"02",44300
"4815942","50100",15,0,1,"02",6660
"4816430","50100",11,0,4,"02",49200
"4816465","50100",14,0,0,"05",0
"4816651","50100",48,0,3,"06",37300
"4817045","50100",8,0,0,"02",0
"4818489","50100",11,0,2,"02",59600
"4818688","50100",22,0,0,"02",0
"4818694","50100",10,0,3,"02",80000
"4819711","50100",32,0,2,"02",56800
"4821964","50100",10,0,3,"02",296200
"4822271","50100",10,0,3,"02",65500
"4823406","50100",16,0,2,"02",43120
"4823427","50100",16,0,2,"02",92800
"4823897","50100",43,0,2,"02",67000
"4824629","50100",26,0,1,"03",12000
"4825255","50100",26,0,5,"02",52580
"4825939","50100",11,0,1,"01",20800
"4826187","50100",32,0,2,"04",76100
"4826736","50100",26,0,4,"02",100700
"4826816","50100",22,0,0,"02",0
"4826985","50100",10,0,4,"02",41000
"4828075","50100",11,0,1,"02",13300
"4828160","50100",0,2,1,"  ",0
"4828436","50100",27,0,3,"02",61500
"4829244","50100",10,0,3,"02",63540
"4829245","50100",15,0,0,"07",0
"4829471","50100",11,0,4,"02",45800
"4829696","50100",64,0,2,"05",19400
"4829723","50100",10,0,1,"02",17200
"4830517","50100",0,2,1,"  ",0
"4831642","50100",14,0,0,"02",0
"4832705","50100",10,0,4,"02",83000
"4833404","50100",42,0,2,"03",17800
"4833436","50100",22,0,0,"02",0
"4833659","50100",16,0,2,"01",42600
"4833730","50100",10,0,1,"02",40000
"4833809","50100",11,0,2,"02",22700
"4834133","50100",42,0,5,"02",80000
"4835247","50100",5,0,4,"04",96700
"4835484","50100",15,0,0,"02",0
"4836531","50100",10,0,1,"02",12450
"4836614","50100",11,0,1,"05",225000
"4836934","50100",10,0,3,"02",78000
"4837268","50100",22,0,0,"07",0
"4838015","50100",10,0,4,"01",51040
"4838232","50100",11,0,1,"02",21590
"4838365","50100",48,0,4,"05",22000
"4839185","50100",11,0,6,"01",40000
"4839191","50100",22,0,1,"05",18600
"4839867","50100",16,0,2,"02",49000
"4841947","50100",10,0,2,"02",28100
"4842090","50100",47,0,1,"06",1130
"4842920","50100",10,0,1,"02",24100
"4845409","50100",10,0,4,"02",7500
"4846077","50100",10,0,1,"02",20700
"4846673","50100",11,0,3,"02",52500
"4848306","50100",10,0,3,"05",22700
"4849158","50100",11,0,3,"02",35000
"4852314","50100",16,0,5,"02",35600
"4852319","50100",10,0,4,"02",248000
"4854733","50100",16,0,1,"04",35200
"4854835","50100",16,0,3,"01",38000
"4854861","50100",21,0,8,"02",39060
"4855024","50100",10,0,2,"02",50000
"4855302","50100",10,0,1,"02",50000
"4856178","50100",10,0,1,"02",105000
"4856317","50100",11,0,3,"02",75100
"4857035","50100",22,0,0,"02",0
"4857682","50100",37,0,1,"09",7100
"4858195","50100",43,0,1,"08",7000
"4859713","50100",38,0,5,"02",472500
"4860231","50100",11,0,1,"02",11300
"4861178","50100",16,0,2,"02",56000
"4862261","50100",10,0,1,"02",111900
"4862898","50100",32,0,2,"04",49900
"4863424","50100",15,0,0,"02",0
"4864365","50100",7,0,0,"01",0
"4864440","50100",42,0,4,"02",98200
"4864545","50100",32,0,1,"04",16000
"4865515","50100",15,0,0,"02",0
"4866486","50100",10,0,1,"02",17000
"4869156","50100",5,0,5,"02",75650
"4870143","50100",11,0,2,"02",55700
"4871574","50100",48,0,3,"02",15000
"4871971","50100",11,0,4,"02",80134
"4872103","50100",16,0,2,"02",57680
"4872824","50100",32,0,4,"02",70000
"4873050","50100",15,0,0,"05",0
"4873828","50100",32,0,3,"02",64700
"4874273","50100",11,0,1,"02",68200
"4875513","50100",31,0,2,"06",7400
"4877809","50100",11,0,2,"02",72900
"4878546","50100",48,0,2,"04",47000
"4878772","50100",11,0,1,"02",81000
"4879035","50100",21,0,4,"02",76300
"4879165","50100",11,0,2,"02",73000
"4879382","50100",0,2,1,"  ",0
"4880130","50100",47,0,2,"02",34400
"4880171","50100",10,0,2,"06",17100
"4881072","50100",27,0,1,"05",20000
"4881258","50100",16,0,1,"04",43900
"4881760","50100",11,0,1,"02",16700
"4881807","50100",0,2,1,"  ",0
"4882252","50100",10,0,2,"02",95300
"4882362","50100",21,0,1,"02",33810
"4883000","50100",11,0,1,"02",11500
"4884391","50100",27,0,2,"01",47000
"4886248","50100",10,0,2,"02",58500
"4886434","50100",29,0,0,"02",0
"4886921","50100",15,0,0,"02",0
"4887177","50100",74,0,0,"02",0
"4888811","50100",15,0,0,"02",0
"4888841","50100",10,0,1,"02",29200
"4889700","50100",30,0,0,"02",0
"4891332","50100",16,0,6,"02",64070
"4891403","50100",32,0,2,"02",60100
"4891896","50100",27,0,5,"02",50400
"4892040","50100",11,0,3,"02",31980
"4893945","50100",43,0,2,"02",57860
"4895694","50100",10,0,1,"02",5530
"4896242","50100",10,0,1,"05",34000
"4896486","50100",32,0,2,"02",66800
"4896771","50100",0,2,1,"  ",0
"4897030","50100",10,0,2,"02",62000
"4897104","50100",26,0,1,"02",24400
"4898499","50100",29,0,0,"05",0
"4898803","50100",10,0,3,"02",29300
"4899746","50100",10,0,2,"01",20210
"4900659","50100",11,0,4,"02",33000
"4901293","50100",48,0,2,"02",91000
"4902113","50100",11,0,2,"02",7600
"4902750","50100",8,0,0,"04",0
"4902995","50100",31,0,2,"05",14700
"4903304","50100",11,0,1,"02",12000
"4904699","50100",6,0,2,"02",13340
"4907537","50100",47,0,2,"02",41200
"4908152","50100",0,2,1,"  ",0
"4909237","50100",26,0,1,"06",20000
"4909801","50100",11,0,2,"02",39000
"4910024","50100",11,0,4,"03",42000
"4910085","50100",47,0,2,"02",21710
"4911541","50100",52,0,0,"08",0
"4912243","50100",48,0,2,"02",8400
"4912765","50100",10,0,1,"02",10900
"4912839","50100",11,0,2,"02",69100
"4912920","50100",10,0,1,"02",38600
"4913410","50100",16,0,4,"02",30900
"4913668","50100",10,0,2,"02",65100
"4913925","50100",0,2,1,"  ",0
"4915169","50100",5,0,3,"04",61510
"4915594","50100",15,0,1,"02",5500
"4915633","50100",10,0,2,"03",35680
"4917100","50100",21,0,3,"02",16300
"4917632","50100",10,0,2,"02",34900
"4917710","50100",16,0,1,"05",6400
"4919225","50100",16,0,1,"02",23330
"4919870","50100",16,0,1,"02",24050
"4920563","50100",11,0,2,"02",85000
"4920620","50100",11,0,2,"02",23000
"4920870","50100",27,0,4,"02",79410
"4921589","50100",6,0,3,"03",41000
"4921608","50100",10,0,2,"02",40200
"4921796","50100",32,0,2,"02",23680
"4921894","50100",32,0,3,"01",30500
"4922590","50100",10,0,4,"02",130120
"4922635","50100",26,0,2,"02",114700
"4922830","50100",15,0,0,"02",0
"4923016","50100",22,0,0,"02",0
"4923825","50100",11,0,2,"02",52000
"4924005","50100",16,0,3,"04",60000
"4924679","50100",11,0,1,"02",120500
"4925373","50100",11,0,2,"02",24704
"4925572","50100",11,0,1,"04",23900
"4925638","50100",10,0,4,"02",38720
"4925779","50100",11,0,4,"05",22004
"4925964","50100",14,0,0,"02",0
"4927367","50100",15,0,0,"02",0
"4928036","50100",37,0,4,"01",48000
"4929227","50100",42,0,2,"02",22100
"4930913","50100",10,0,4,"02",84200
"4931155","50100",26,0,1,"02",130900
"4931555","50100",11,0,2,"04",76000
"4932363","50100",37,0,2,"04",27000
"4932660","50100",0,1,1,"  ",0
"4932855","50100",15,0,0,"02",0
"4934662","50100",0,2,1,"  ",0
"4934663","50100",21,0,6,"01",77200
"4936781","50100",37,0,5,"02",17600
"4937509","50100",21,0,2,"02",53400
"4937679","50100",42,0,1,"07",18000
"4937756","50100",32,0,2,"09",19800
"4938757","50100",37,0,1,"02",22000
"4938979","50100",14,0,0,"02",0
"4939367","50100",16,0,4,"02",23260
"4942756","50100",21,0,3,"02",87960
"4942807","50100",43,0,2,"04",65700
"4944064","50100",10,0,2,"02",16300
"4947029","50100",16,0,1,"02",40200
"4948044","50100",16,0,2,"02",41000
"4948883","50100",27,0,3,"02",29400
"4950077","50100",42,0,2,"02",34700
"4950452","50100",6,0,1,"02",113300
"4951453","50100",16,0,2,"02",37590
"4952148","50100",11,0,1,"02",45850
"4952708","50100",16,0,1,"01",17900
"4952866","50100",5,0,5,"02",123600
"4953906","50100",0,2,1,"  ",0
"4954177","50100",32,0,2,"02",146000
"4954178","50100",22,0,0,"02",0
"4954344","50100",48,0,2,"02",36100
"4955560","50100",14,0,0,"05",0
"4955802","50100",16,0,2,"02",62010
"4956778","50100",22,0,0,"10",0
"4957266","50100",15,0,0,"02",0
"4958806","50100",43,0,4,"02",52000
"4959578","50100",0,2,1,"  ",0
"4959842","50100",11,0,3,"02",35500
"4960640","50100",11,0,2,"04",25200
"4964563","50100",11,0,3,"02",42200
"4966195","50100",32,0,4,"02",67700
"4966523","50100",16,0,1,"02",29300
"4967147","50100",15,0,2,"02",72640
"4967400","50100",15,0,0,"02",0
"4968122","50100",26,0,1,"02",163000
"4970168","50100",32,0,1,"06",52000
"4970814","50100",11,0,5,"01",20800
"4971186","50100",21,0,1,"02",17600
"4971421","50100",10,0,5,"01",29000
"4972050","50100",10,0,2,"02",74400
"4972818","50100",14,0,0,"04",0
"4973312","50100",0,2,1,"  ",0
"4973380","50100",11,0,2,"02",69500
"4975058","50100",11,0,3,"02",33500
"4975768","50100",42,0,2,"05",25100
"4976131","50100",15,0,0,"02",0
"4977212","50100",11,0,1,"02",10000
"4977249","50100",21,0,3,"01",25000
"4977683","50100",0,2,1,"  ",0
"4977740","50100",7,0,0,"02",0
"4977950","50100",15,0,0,"02",0
"4978389","50100",42,0,1,"04",60400
"4979951","50100",15,0,1,"09",7600
"4980467","50100",32,0,4,"04",2800
"4980667","50100",11,0,1,"02",35980
"4982282","50100",32,0,1,"04",13000
"4983964","50100",16,0,2,"02",92000
"4984384","50100",10,0,1,"02",8200
"4985134","50100",10,0,2,"02",38300
"4985190","50100",15,0,0,"02",0
"4985423","50100",11,0,2,"02",309000
"4985540","50100",32,0,2,"02",56200
"4985601","50100",16,0,2,"02",29790
"4986306","50100",48,0,4,"02",83500
"4986309","50100",37,0,2,"02",32700
"4986662","50100",29,0,0,"02",0
"4986944","50100",16,0,1,"02",28400
"4987311","50100",15,0,2,"02",62000
"4987407","50100",31,0,1,"06",-500
"4989731","50100",44,0,0,"06",0
"4990287","50100",11,0,2,"02",118900
"4990485","50100",15,0,3,"01",18600
"4990688","50100",10,0,2,"02",160300
"4991068","50100",22,0,0,"02",0
"4991153","50100",31,0,2,"02",55900
"4992086","50100",0,1,1,"  ",0
"4992180","50100",16,0,2,"02",54400
"4993608","50100",11,0,5,"02",37600
"4994562","50100",27,0,4,"02",40000
"4995757","50100",0,1,1,"  ",0
"4996356","50100",10,0,4,"02",25000
"4996962","50100",10,0,2,"04",14000
"4999583","50100",10,0,3,"02",41000
"4999911","50100",21,0,4,"02",74350
"5001496","50100",0,2,1,"  ",0
"5001893","50100",16,0,2,"06",53000
"5002705","50100",16,0,4,"02",54830
"5003075","50100",11,0,4,"02",83000
"5003362","50100",21,0,3,"02",26500
"5003760","50100",26,0,2,"01",12000
"5004701","50100",16,0,5,"02",33000
"5004702","50100",42,0,1,"02",28700
"5005404","50100",10,0,1,"02",28000
"5007794","50100",37,0,2,"02",56000
"5009729","50100",16,0,2,"01",26000
"5010773","50100",10,0,2,"01",17000
"5011904","50100",15,0,0,"08",0
"5011906","50100",11,0,3,"01",39000
"5013561","50100",6,0,1,"02",10300
"5014466","50100",11,0,2,"01",29400
"5014853","50100",0,2,1,"  ",0
"5015097","50100",22,0,0,"07",0
"5015249","50100",14,0,0,"02",0
"5015659","50100",27,0,1,"02",14000
"5015743","50100",32,0,3,"02",47890
"5016218","50100",42,0,1,"07",7500
"5016659","50100",32,0,2,"02",59600
"5016668","50100",0,2,1,"  ",0
"5016804","50100",27,0,2,"01",43040
"5017272","50100",11,0,3,"02",66900
"5017406","50100",10,0,4,"02",62030
"5017538","50100",16,0,2,"05",128100
"5018191","50100",15,0,4,"03",106000
"5018330","50100",10,0,2,"02",39700
"5019548","50100",42,0,3,"06",39400
"5020567","50100",42,0,1,"04",9300
"5020967","50100",11,0,2,"02",33000
"5021528","50100",11,0,3,"02",157504
"5021712","50100",37,0,4,"01",50200
"5022004","50100",11,0,1,"02",5700
"5024662","50100",0,2,1,"  ",0
"5026114","50100",0,2,1,"  ",0
"5026346","50100",29,0,0,"06",0
"5026459","50100",15,0,0,"02",0
"5027475","50100",10,0,3,"02",81690
"5027644","50100",32,0,2,"02",34200
"5028540","50100",11,0,2,"02",26800
"5029768","50100",22,0,0,"04",0
"5031983","50100",15,0,0,"03",0
"5033497","50100",22,0,0,"02",0
"5034213","50100",11,0,5,"01",101900
"5034730","50100",16,0,2,"02",60800
"5035466","50100",44,0,0,"02",0
"5035556","50100",15,0,0,"02",0
"5038216","50100",11,0,4,"01",13800
"5038280","50100",14,0,0,"02",0
"5038588","50100",10,0,2,"02",48100
"5038629","50100",11,0,1,"02",13600
"5039226","50100",73,0,0,"02",0
"5039387","50100",59,0,4,"02",56900
"5041037","50100",10,0,1,"02",20600
"5042634","50100",16,0,5,"02",16800
"5043559","50100",26,0,5,"02",87900
"5044938","50100",37,0,1,"02",27070
"5045921","50100",0,1,1,"  ",0
"5047027","50100",11,0,2,"02",14660
"5047300","50100",15,0,0,"02",0
"5048719","50100",10,0,5,"02",27500
"5049078","50100",43,0,1,"02",29400
"5049383","50100",32,0,3,"04",59200
"5053800","50100",11,0,2,"01",18100
"5054042","50100",11,0,2,"02",210000
"5054612","50100",11,0,3,"02",24300
"5054787","50100",0,2,1,"  ",0
"5055556","50100",5,0,5,"02",35000
"5055773","50100",59,0,0,"08",0
"5056185","50100",11,0,2,"01",59700
"5056405","50100",22,0,0,"02",0
"5057219","50100",32,0,1,"05",30000
"5060472","50100",11,0,1,"02",14000
"5062093","50100",10,0,2,"02",65950
"5063037","50100",26,0,3,"03",42350
"5063599","50100",22,0,3,"02",24000
"5064624","50100",10,0,4,"02",34300
"5065139","50100",16,0,2,"02",34540
"5065417","50100",26,0,2,"02",9010
"5065479","50100",32,0,2,"02",19000
"5065792","50100",47,0,3,"02",95900
"5066665","50100",16,0,1,"05",6890
"5067152","50100",0,2,1,"  ",0
"5067471","50100",11,0,2,"02",117000
"5067806","50100",16,0,1,"01",13200
"5068310","50100",48,0,1,"09",15820
"5069172","50100",16,0,5,"05",78900
"5070810","50100",15,0,0,"02",0
"5071045","50100",11,0,4,"01",56600
"5071103","50100",53,0,1,"07",9140
"5071898","50100",10,0,5,"01",21160
"5072388","50100",0,2,1,"  ",0
"5074335","50100",10,0,2,"02",49290
"5075593","50100",26,0,1,"02",12800
"5076731","50100",37,0,3,"02",49060
"5077063","50100",10,0,2,"03",32240
"5078172","50100",0,2,1,"  ",0
"5078314","50100",31,0,1,"02",21100
"5079151","50100",11,0,1,"07",7120
"5079424","50100",16,0,2,"02",30000
"5080359","50100",37,0,1,"05",19600
"5080376","50100",16,0,3,"02",27000
"5080607","50100",23,0,0,"02",0
"5081018","50100",16,0,2,"01",16000
"5081181","50100",37,0,3,"04",50530
"5081382","50100",0,2,1,"  ",0
"5081712","50100",10,0,3,"02",55000
"5082830","50100",21,0,1,"02",36400
"5083014","50100",11,0,2,"02",42600
"5084000","50100",16,0,3,"03",53800
"5085518","50100",5,0,3,"02",38660
"5086284","50100",11,0,1,"03",37630
"5086481","50100",14,0,0,"01",0
"5086529","50100",32,0,5,"02",48550
"5086822","50100",32,0,4,"02",63000
"5087346","50100",10,0,2,"02",25000
"5088420","50100",10,0,2,"02",18100
"5088763","50100",11,0,3,"01",54400
"5088836","50100",16,0,2,"02",39000
"5090265","50100",32,0,1,"01",57000
"5090570","50100",21,0,4,"02",160000
"5091118","50100",10,0,1,"02",11700
"5091909","50100",21,0,2,"01",45000
"5091942","50100",48,0,1,"08",8500
"5092732","50100",5,0,3,"02",86100
"5093745","50100",11,0,2,"02",11810
"5094073","50100",42,0,6,"02",63000
"5094915","50100",16,0,5,"02",56200
"5095277","50100",10,0,1,"02",1000
"5095883","50100",26,0,2,"04",43470
"5096952","50100",11,0,1,"01",0
"5097532","50100",48,0,1,"08",117400
"5097698","50100",31,0,2,"02",93200
"5098542","50100",26,0,3,"04",33000
"5098641","50100",16,0,6,"02",22100
"5098812","50100",32,0,4,"02",76380
"5099362","50100",10,0,2,"02",20000
"5101548","50100",10,0,2,"02",73060
"5102217","50100",15,0,0,"02",0
"5102355","50100",15,0,0,"04",0
"5105176","50100",21,0,2,"02",23200
"5105729","50100",11,0,2,"02",22600
"5105928","50100",11,0,4,"02",50110
"5106621","50100",53,0,5,"02",65000
"5106879","50100",32,0,2,"02",38000
"5107030","50100",31,0,4,"02",98700
"5107267","50100",16,0,2,"02",47700
"5107310","50100",22,0,0,"02",0
"5107691","50100",15,0,0,"02",0
"5107737","50100",0,2,1,"  ",0
"5107844","50100",22,0,2,"02",48600
"5108777","50100",11,0,3,"02",72000
"5109188","50100",10,0,3,"04",38500
"5109200","50100",10,0,1,"02",45200
"5109770","50100",15,0,4,"02",48500
"5109854","50100",21,0,2,"02",61500
"5110718","50100",11,0,1,"02",29700
"5110791","50100",10,0,4,"02",70500
"5111382","50100",10,0,3,"02",137800
"5111887","50100",37,0,2,"05",20430
"5112389","50100",32,0,4,"02",45000
"5112515","50100",11,0,3,"01",18490
"5113541","50100",11,0,3,"02",80800
"5114843","50100",15,0,0,"02",0
"5115118","50100",0,2,1,"  ",0
"5115127","50100",6,0,1,"02",50000
"5116870","50100",21,0,2,"02",46400
"5117624","50100",11,0,2,"02",150000
"5118252","50100",37,0,3,"05",48100
"5118480","50100",26,0,2,"08",44740
"5119037","50100",11,0,1,"01",15000
"5119534","50100",32,0,2,"05",56300
"5119596","50100",26,0,4,"02",60690
"5119752","50100",27,0,1,"02",10000
"5120850","50100",10,0,2,"01",22000
"5120903","50100",47,0,2,"02",101000
"5121392","50100",16,0,1,"02",2000
"5122438","50100",11,0,2,"02",32100
"5123472","50100",11,0,3,"04",11100
"5127108","50100",58,0,1,"06",10500
"5128782","50100",37,0,2,"06",30900
"5128909","50100",5,0,2,"02",93500
"5129175","50100",21,0,3,"02",62000
"5129678","50100",10,0,1,"01",7000
"5129819","50100",15,0,2,"02",313600
"5129902","50100",16,0,2,"02",21600
"5130248","50100",53,0,2,"02",20400
"5131225","50100",48,0,4,"01",33850
"5131532","50100",11,0,2,"02",80100
"5132124","50100",16,0,3,"06",21500
"5132711","50100",16,0,4,"02",38500
"5133095","50100",14,0,0,"01",0
"5133374","50100",10,0,1,"02",22100
"5135245","50100",11,0,4,"05",45900
"5135695","50100",43,0,1,"09",8400
"5135703","50100",16,0,1,"02",7700
"5136725","50100",16,0,2,"02",14160
"5136728","50100",22,0,0,"02",0
"5137731","50100",16,0,4,"02",46000
"5138944","50100",16,0,2,"02",48800
"5138957","50100",48,0,4,"02",115000
"5139173","50100",22,0,2,"02",24600
"5139422","50100",37,0,1,"02",60000
"5139596","50100",26,0,2,"02",72740
"5140171","50100",11,0,4,"02",58500
"5140880","50100",0,2,1,"  ",0
"5141302","50100",26,0,2,"02",41670
"5141389","50100",27,0,2,"04",28290
"5142400","50100",10,0,5,"02",57600
"5142692","50100",11,0,2,"01",29310
"5142832","50100",16,0,5,"04",40200
"5143481","50100",15,0,0,"02",0
"5144378","50100",11,0,5,"02",144060
"5144997","50100",15,0,0,"02",0
"5146803","50100",43,0,4,"02",75400
"5147101","50100",16,0,2,"08",70600
"5147488","50100",32,0,6,"04",44600
"5147980","50100",43,0,1,"05",21000
"5148401","50100",11,0,2,"02",42000
"5148425","50100",48,0,2,"05",52600
"5148865","50100",15,0,0,"03",0
"5149087","50100",15,0,0,"02",0
"5149595","50100",11,0,3,"02",37100
"5149653","50100",27,0,2,"02",47500
"5151070","50100",16,0,3,"02",31700
"5151397","50100",14,0,0,"02",0
"5152057","50100",16,0,2,"02",24190
"5153231","50100",15,0,0,"09",0
"5153357","50100",22,0,0,"02",0
"5153814","50100",14,0,0,"02",0
"5154015","50100",21,0,2,"02",23200
"5154278","50100",15,0,3,"02",56110
"5154424","50100",48,0,2,"02",71450
"5154794","50100",11,0,4,"02",56690
"5154912","50100",32,0,4,"02",94400
"5155313","50100",11,0,2,"02",84000
"5156673","50100",0,2,1,"  ",0
"5157294","50100",22,0,0,"02",0
"5158343","50100",30,0,0,"06",0
"5158704","50100",10,0,1,"01",22300
"5158796","50100",10,0,2,"02",36790
"5158828","50100",16,0,1,"02",63000
"5160896","50100",37,0,2,"02",156200
"5161502","50100",16,0,5,"02",5070
"5161687","50100",16,0,2,"02",48800
"5162582","50100",10,0,2,"02",76300
"5162897","50100",14,0,0,"02",0
"5163300","50100",23,0,0,"02",0
"5165337","50100",10,0,2,"02",26370
"5165606","50100",15,0,2,"02",90100
"5165670","50100",11,0,4,"05",192000
"5165911","50100",11,0,1,"02",24100
"5166828","50100",11,0,1,"02",179400
"5166901","50100",11,0,5,"02",54300
"5167445","50100",15,0,1,"03",20400
"5168281","50100",16,0,3,"02",116150
"5169042","50100",11,0,2,"02",76000
"5169454","50100",0,2,1,"  ",0
"5169708","50100",10,0,3,"02",84930
"5171264","50100",48,0,5,"02",108820
"5171560","50100",7,0,0,"02",0
"5171640","50100",32,0,1,"04",44000
"5171768","50100",11,0,2,"02",46000
"5171773","50100",5,0,2,"02",37760
"5172189","50100",10,0,2,"02",31500
"5173345","50100",26,0,2,"02",13500
"5173710","50100",0,2,1,"  ",0
"5174933","50100",26,0,1,"02",25000
"5175503","50100",15,0,0,"02",0
"5176658","50100",22,0,0,"02",0
"5177597","50100",53,0,3,"02",93200
"5177993","50100",11,0,2,"02",44000
"5180048","50100",14,0,0,"08",0
"5181428","50100",8,0,0,"02",0
"5183161","50100",53,0,2,"02",106100
"5184468","50100",27,0,2,"05",105200
"5185402","50100",16,0,3,"02",73500
"5185882","50100",10,0,5,"02",45600
"5186124","50100",11,0,2,"02",49570
"5186326","50100",23,0,0,"03",0
"5186699","50100",11,0,2,"01",33300
"5186951","50100",11,0,2,"02",13500
"5187866","50100",10,0,2,"02",21500
"5187994","50100",16,0,6,"02",57010
"5188483","50100",11,0,2,"02",46300
"5188556","50100",27,0,2,"02",90000
"5189633","50100",63,0,2,"02",45000
"5189661","50100",15,0,0,"02",0
"5189990","50100",27,0,1,"02",19500
"5190237","50100",16,0,2,"02",102500
"5190495","50100",15,0,0,"08",0
"5190946","50100",32,0,2,"02",30000
"5191609","50100",5,0,4,"01",27200
"5192258","50100",10,0,1,"03",40200
"5193505","50100",15,0,1,"02",42000
"5194666","50100",10,0,1,"02",23500
"5195502","50100",11,0,5,"02",105000
"5196442","50100",11,0,1,"04",55000
"5196538","50100",0,1,1,"  ",0
"5196920","50100",15,0,0,"09",0
"5197026","50100",37,0,2,"02",92400
"5198918","50100",11,0,2,"01",46500
"5199203","50100",37,0,2,"06",33000
"5199330","50100",16,0,3,"02",5600
"5202261","50100",16,0,1,"02",4800
"5203072","50100",10,0,1,"01",6800
"5203249","50100",0,1,1,"  ",0
"5204176","50100",10,0,1,"02",28500
"5205292","50100",22,0,0,"05",0
"5205476","50100",21,0,4,"06",18700
"5205508","50100",10,0,3,"02",25000
"5206830","50100",32,0,3,"02",35000
"5207686","50100",11,0,1,"02",7900
"5208230","50100",16,0,2,"02",35500
"5209658","50100",11,0,2,"02",88000
"5210289","50100",27,0,2,"02",58000
"5210744","50100",32,0,1,"05",25000
"5210797","50100",11,0,2,"02",79420
"5212284","50100",15,0,4,"02",95500
"5212841","50100",7,0,0,"02",0
"5212990","50100",59,0,0,"02",0
"5213391","50100",11,0,4,"02",133200
"5213424","50100",14,0,0,"02",0
"5213586","50100",11,0,1,"01",142700
"5215308","50100",7,0,0,"05",0
"5215832","50100",11,0,2,"01",62000
"5216243","50100",42,0,2,"01",20100
"5216471","50100",11,0,1,"01",5000
"5216481","50100",16,0,1,"02",26150
"5217409","50100",22,0,1,"01",34400
"5218242","50100",10,0,2,"02",105000
"5218409","50100",11,0,4,"02",57960
"5218837","50100",26,0,2,"02",20900
"5220579","50100",14,0,0,"06",0
"5222156","50100",37,0,4,"02",63000
"5222327","50100",15,0,0,"03",0
"5222900","50100",10,0,3,"02",83400
"5223238","50100",15,0,0,"02",0
"5223266","50100",7,0,0,"05",0
"5224042","50100",11,0,2,"02",56700
"5224438","50100",14,0,0,"02",0
"5224556","50100",16,0,3,"02",57900
"5224729","50100",37,0,4,"02",84000
"5225981","50100",14,0,0,"02",0
"5227517","50100",10,0,2,"02",51900
"5227872","50100",32,0,2,"02",41040
"5228221","50100",27,0,1,"05",0
"5229240","50100",16,0,5,"02",28470
"5229859","50100",16,0,1,"02",7350
"5230217","50100",11,0,5,"02",52400
"5230951","50100",42,0,1,"02",22500
"5230982","50100",11,0,2,"02",55500
"5231813","50100",32,0,1,"07",8100
"5231945","50100",16,0,3,"07",24500
"5232106","50100",26,0,2,"02",80100
"5232362","50100",32,0,2,"03",9900
"5232830","50100",42,0,3,"02",139600
"5232966","50100",10,0,2,"01",51400
"5233909","50100",22,0,4,"02",49200
"5233944","50100",16,0,2,"02",564000
"5234614","50100",37,0,1,"02",85000
"5235131","50100",0,2,1,"  ",0
"5235256","50100",16,0,3,"02",57000
"5235938","50100",15,0,0,"01",0
"5236140","50100",11,0,3,"02",60400
"5237307","50100",37,0,4,"02",68000
"5238822","50100",11,0,5,"04",38000
"5238858","50100",11,0,2,"01",79990
"5239125","50100",21,0,5,"01",8400
"5239520","50100",31,0,2,"05",30000
"5240367","50100",31,0,3,"02",66000
"5241473","50100",37,0,2,"02",35000
"5242318","50100",11,0,4,"02",41700
"5243596","50100",11,0,4,"02",63500
"5244108","50100",14,0,0,"02",0
"5245871","50100",11,0,3,"02",176900
"5245997","50100",11,0,1,"02",9600
"5246194","50100",15,0,0,"02",0
"5246889","50100",15,0,0,"02",0
"5248045","50100",11,0,1,"04",28300
"5248318","50100",16,0,2,"06",10000
"5248466","50100",16,0,6,"02",85400
"5248558","50100",16,0,2,"02",178100
"5249178","50100",15,0,0,"09",0
"5249512","50100",35,0,2,"05",25000
"5249682","50100",15,0,0,"02",0
"5251706","50100",10,0,1,"02",18400
"5252390","50100",15,0,0,"02",0
"5252526","50100",22,0,0,"02",0
"5255049","50100",11,0,3,"02",48000
"5256188","50100",42,0,1,"03",16400
"5257391","50100",10,0,2,"01",50670
"5258456","50100",11,0,3,"02",51000
"5258651","50100",32,0,3,"04",9300
"5258931","50100",10,0,2,"02",59350
"5259259","50100",32,0,1,"05",41000
"5259476","50100",21,0,4,"02",63200
"5260845","50100",16,0,1,"05",18700
"5261750","50100",47,0,5,"02",54040
"5261979","50100",27,0,2,"02",13500
"5261990","50100",15,0,0,"02",0
"5262613","50100",26,0,4,"02",44500
"5262843","50100",11,0,4,"02",37120
"5262918","50100",37,0,1,"02",11200
"5263150","50100",21,0,3,"01",14250
"5263641","50100",21,0,3,"03",45000
"5263934","50100",16,0,2,"02",48000
"5264622","50100",10,0,1,"02",9600
"5264966","50100",10,0,4,"02",55500
"5265935","50100",16,0,1,"04",13300
"5267270","50100",11,0,1,"02",25010
"5268859","50100",11,0,1,"01",32460
"5269216","50100",15,0,0,"02",0
"5270522","50100",22,0,4,"04",63400
"5270725","50100",37,0,1,"05",12000
"5271360","50100",42,0,3,"02",97120
"5271510","50100",15,0,0,"02",0
"5272714","50100",32,0,1,"02",36300
"5273987","50100",48,0,3,"02",48300
"5274121","50100",15,0,0,"02",0
"5274135","50100",42,0,2,"01",36300
"5274503","50100",10,0,1,"07",32700
"5274533","50100",26,0,2,"02",50300
"5274741","50100",15,0,0,"04",0
"5274802","50100",14,0,0,"04",0
"5275269","50100",14,0,0,"03",0
"5275979","50100",53,0,1,"05",11100
"5276718","50100",16,0,1,"02",7300
"5277168","50100",11,0,2,"02",19000
"5277620","50100",10,0,1,"02",8000
"5278539","50100",15,0,1,"02",1200
"5278954","50100",16,0,2,"02",156500
"5279795","50100",0,1,1,"  ",0
"5280716","50100",10,0,2,"02",79000
"5281007","50100",21,0,3,"02",110820
"5281708","50100",42,0,2,"02",59520
"5281742","50100",10,0,4,"01",54500
"5282668","50100",52,0,1,"09",10100
"5284089","50100",11,0,2,"02",39400
"5285727","50100",0,2,1,"  ",0
"5285994","50100",11,0,3,"02",85500
"5287763","50100",37,0,0,"02",0
"5288256","50100",27,0,3,"04",35000
"5288485","50100",10,0,1,"02",58004
"5288949","50100",11,0,1,"04",39560
"5288988","50100",14,0,0,"02",0
"5290008","50100",37,0,1,"05",18000
"5290589","50100",10,0,2,"02",10
"5291223","50100",16,0,2,"01",5000
"5291874","50100",16,0,5,"02",35700
"5292499","50100",10,0,3,"02",106280
"5292501","50100",42,0,1,"02",23100
"5292535","50100",15,0,0,"01",0
"5294853","50100",44,0,0,"06",0
"5295436","50100",0,2,1,"  ",0
"5295584","50100",15,0,0,"05",0
"5295890","50100",48,0,2,"02",79010
"5296079","50100",16,0,4,"02",54000
"5296857","50100",0,1,1,"  ",0
"5296925","50100",23,0,0,"02",0
"5297592","50100",32,0,3,"02",95530
"5297668","50100",11,0,5,"02",40000
"5299802","50100",14,0,0,"02",0
"5300464","50100",10,0,1,"02",11000
"5301156","50100",15,0,2,"02",23100
"5301323","50100",48,0,2,"04",90200
"5303521","50100",16,0,2,"02",42700
"5305623","50100",16,0,2,"04",3200
"5307479","50100",11,0,2,"02",220600
"5308174","50100",0,2,1,"  ",0
"5309120","50100",11,0,4,"02",35000
"5310007","50100",52,0,0,"01",0
"5310564","50100",15,0,1,"02",25000
"5312131","50100",15,0,0,"09",0
"5312614","50100",16,0,2,"02",133760
"5314531","50100",10,0,3,"02",54900
"5314902","50100",30,0,0,"02",0
"5316469","50100",16,0,2,"03",29000
"5317792","50100",37,0,2,"02",176600
"5318147","50100",16,0,4,"02",45000
"5318903","50100",0,1,1,"  ",0
"5318948","50100",22,0,0,"02",0
"5318996","50100",15,0,0,"02",0
"5319290","50100",16,0,1,"02",25000
"5319902","50100",15,0,0,"03",0
"5320216","50100",11,0,2,"02",102000
"5320915","50100",16,0,2,"02",74000
"5321346","50100",0,2,1,"  ",0
"5321531","50100",10,0,4,"02",39500
"5322947","50100",21,0,7,"02",71800
"5323413","50100",15,0,0,"02",0
"5323684","50100",0,2,1,"  ",0
"5324021","50100",26,0,1,"07",8640
"5325433","50100",10,0,1,"02",8300
"5325885","50100",11,0,1,"02",12300
"5327242","50100",14,0,0,"02",0
"5327767","50100",15,0,0,"03",0
"5329063","50100",10,0,1,"02",80
"5329402","50100",21,0,1,"02",61000
"5329477","50100",11,0,1,"02",15300
"5329972","50100",11,0,1,"02",11600
"5330095","50100",16,0,2,"01",18600
"5330120","50100",11,0,1,"01",19600
"5330744","50100",21,0,2,"02",43300
"5331943","50100",15,0,0,"02",0
"5332587","50100",11,0,1,"05",15400
"5332838","50100",26,0,2,"02",45200
"5332923","50100",31,0,2,"01",38000
"5333072","50100",11,0,1,"02",14600
"5333882","50100",10,0,8,"02",74500
"5334940","50100",32,0,2,"02",48000
"5336340","50100",11,0,1,"02",7500
"5336553","50100",42,0,2,"02",34500
"5337048","50100",37,0,1,"09",8000
"5337122","50100",11,0,4,"01",34000
"5337472","50100",22,0,0,"02",0
"5337813","50100",16,0,1,"01",24000
"5338574","50100",15,0,0,"02",0
"5338884","50100",47,0,5,"02",14200
"5339141","50100",0,1,1,"  ",0
"5341380","50100",16,0,1,"02",25700
"5342167","50100",16,0,2,"02",50050
"5342451","50100",11,0,3,"02",30900
"5342572","50100",16,0,3,"02",62200
"5343621","50100",26,0,4,"02",28000
"5343845","50100",26,0,1,"05",20600
"5343927","50100",10,0,2,"02",95000
"5344043","50100",10,0,1,"02",29500
"5344501","50100",10,0,2,"02",11200
"5345065","50100",10,0,5,"02",146000
"5345276","50100",16,0,3,"02",93500
"5345772","50100",0,2,1,"  ",0
"5347027","50100",14,0,0,"02",0
"5347483","50100",42,0,2,"02",32000
"5348033","50100",48,0,2,"03",144400
"5348497","50100",0,2,1,"  ",0
"5350004","50100",11,0,2,"01",27700
"5350389","50100",14,0,0,"02",0
"5350644","50100",11,0,4,"02",41200
"5351130","50100",11,0,1,"02",7830
"5351184","50100",15,0,0,"02",0
"5351355","50100",10,0,2,"02",55300
"5351448","50100",16,0,5,"02",35200
"5352267","50100",32,0,2,"06",39000
"5352329","50100",23,0,0,"05",0
"5353551","50100",10,0,2,"01",73600
"5354061","50100",15,0,0,"02",0
"5354536","50100",10,0,2,"02",40350
"5354755","50100",11,0,3,"02",30600
"5354800","50100",11,0,3,"02",50000
"5354847","50100",10,0,3,"02",32000
"5356733","50100",10,0,2,"02",45700
"5357378","50100",16,0,2,"02",18300
"5358132","50100",27,0,2,"02",62500
"5360668","50100",7,0,0,"02",0
"5360902","50100",0,1,1,"  ",0
"5361085","50100",11,0,1,"02",29100
"5361717","50100",10,0,2,"02",70000
"5362826","50100",16,0,5,"02",108830
"5363565","50100",32,0,2,"02",84000
"5364011","50100",15,0,0,"02",0
"5365210","50100",31,0,1,"02",11000
"5365395","50100",11,0,3,"02",26400
"5365472","50100",53,0,1,"09",10000
"5365916","50100",26,0,8,"02",46800
"5367086","50100",15,0,0,"02",0
"5367184","50100",15,0,0,"07",0
"5367715","50100",11,0,1,"02",19600
"5370210","50100",32,0,1,"01",8100
"5370908","50100",15,0,0,"03",0
"5371243","50100",27,0,2,"06",19400
"5371343","50100",16,0,6,"02",42800
"5371566","50100",53,0,4,"05",114500
"5373864","50100",15,0,0,"02",0
"5374449","50100",31,0,3,"07",110000
"5374892","50100",11,0,1,"02",1000
"5374909","50100",10,0,7,"02",27800
"5375011","50100",14,0,0,"03",0
"5375040","50100",10,0,2,"02",135000
"5375325","50100",15,0,2,"02",19340
"5375809","50100",11,0,3,"02",37940
"5376552","50100",10,0,1,"04",35000
"5377055","50100",16,0,3,"06",23500
"5377439","50100",10,0,3,"02",65500
"5379544","50100",48,0,2,"02",18930
"5380470","50100",26,0,3,"02",17600
"5381001","50100",32,0,2,"02",15900
"5381684","50100",15,0,0,"02",0
"5382587","50100",11,0,2,"01",39700
"5384561","50100",10,0,2,"02",46000
"5384600","50100",0,2,1,"  ",0
"5384680","50100",11,0,3,"02",63200
"5385200","50100",11,0,5,"02",28500
"5385454","50100",32,0,2,"02",107000
"5385515","50100",10,0,4,"02",36600
"5386542","50100",11,0,2,"02",109800
"5387873","50100",11,0,3,"02",35610
"5388567","50100",11,0,3,"02",23800
"5389130","50100",43,0,1,"06",10410
"5390066","50100",16,0,3,"06",28204
"5390187","50100",10,0,1,"02",115000
"5390562","50100",10,0,2,"02",77750
"5392534","50100",14,0,0,"02",0
"5393941","50100",10,0,4,"02",107500
"5393947","50100",16,0,1,"01",10700
"5394882","50100",48,0,1,"04",28300
"5395248","50100",0,1,1,"  ",0
"5396774","50100",59,0,2,"02",27400
"5398547","50100",10,0,4,"02",88500
"5398969","50100",10,0,3,"01",16900
"5400159","50100",11,0,4,"02",60100
"5401048","50100",16,0,4,"02",5180
"5401311","50100",5,0,6,"02",13530
"5401709","50100",81,0,0,"06",0
"5401755","50100",5,0,2,"04",35000
"5401938","50100",0,2,1,"  ",0
"5403631","50100",32,0,2,"04",23914
"5404668","50100",11,0,3,"01",45500
"5406324","50100",0,2,1,"  ",0
"5406351","50100",11,0,2,"02",115000
"5406545","50100",16,0,1,"05",13830
"5407153","50100",26,0,3,"02",205950
"5407862","50100",15,0,0,"02",0
"5407878","50100",10,0,2,"02",57100
"5408608","50100",0,2,1,"  ",0
"5409946","50100",31,0,3,"02",70000
"5410252","50100",11,0,4,"01",31000
"5411528","50100",16,0,3,"02",77000
"5412311","50100",29,0,0,"02",0
"5412659","50100",15,0,0,"02",0
"5412788","50100",11,0,1,"01",15000
"5413132","50100",16,0,3,"02",54000
"5413176","50100",10,0,6,"01",29000
"5413440","50100",43,0,2,"02",157900
"5413723","50100",0,1,1,"  ",0
"5415827","50100",43,0,1,"09",14640
"5416509","50100",16,0,5,"02",46400
"5416519","50100",0,2,1,"  ",0
"5417084","50100",21,0,2,"02",5000
"5417549","50100",11,0,4,"02",150000
"5418035","50100",10,0,1,"02",31600
"5420049","50100",11,0,3,"02",26800
"5420242","50100",10,0,2,"02",28200
"5420364","50100",7,0,0,"05",0
"5420620","50100",32,0,3,"02",72900
"5421551","50100",15,0,0,"02",0
"5421865","50100",15,0,0,"02",0
"5422936","50100",5,0,2,"02",23400
"5423089","50100",31,0,3,"02",709530
"5424191","50100",11,0,2,"01",38000
"5425436","50100",16,0,2,"02",28300
"5425663","50100",11,0,2,"02",37600
"5425806","50100",11,0,3,"02",12000
"5426082","50100",32,0,2,"02",144000
"5426394","50100",16,0,2,"02",287600
"5426647","50100",10,0,3,"02",75000
"5427120","50100",32,0,2,"06",43900
"5427133","50100",0,1,1,"  ",0
"5427500","50100",5,0,2,"02",35860
"5427574","50100",11,0,1,"02",52000
"5428433","50100",11,0,2,"05",64000
"5428589","50100",37,0,1,"02",21200
"5428664","50100",22,0,0,"02",0
"5429749","50100",11,0,2,"01",31000
"5431000","50100",11,0,2,"02",63000
"5431572","50100",27,0,2,"02",6400
"5432307","50100",11,0,3,"02",43400
"5433957","50100",11,0,3,"02",25080
"5434133","50100",11,0,2,"02",91520
"5434294","50100",15,0,0,"08",0
"5434341","50100",43,0,4,"05",40800
"5434849","50100",37,0,1,"05",31000
"5434876","50100",10,0,1,"02",19600
"5437143","50100",53,0,2,"04",14400
"5437224","50100",0,2,1,"  ",0
"5437691","50100",7,0,0,"03",0
"5437754","50100",15,0,0,"02",0
"5437877","50100",48,0,5,"02",49350
"5437892","50100",32,0,2,"07",25000
"5438509","50100",47,0,3,"05",9650
"5439051","50100",11,0,2,"01",46240
"5439246","50100",32,0,1,"02",124600
"5439483","50100",22,0,2,"02",68700
"5439849","50100",53,0,2,"02",12850
"5440702","50100",15,0,0,"06",0
"5442406","50100",14,0,0,"02",0
"5442455","50100",48,0,1,"06",27000
"5442600","50100",22,0,0,"02",0
"5442708","50100",11,0,3,"02",66800
"5444609","50100",43,0,1,"04",16000
"5445348","50100",10,0,4,"02",41440
"5445357","50100",42,0,2,"02",58420
"5447073","50100",15,0,0,"02",0
"5449917","50100",0,1,1,"  ",0
"5453397","50100",11,0,2,"02",67800
"5454317","50100",10,0,1,"02",9990
"5454336","50100",21,0,5,"01",10500
"5455037","50100",26,0,4,"02",99300
"5455425","50100",22,0,0,"02",0
"5456461","50100",15,0,0,"05",0
"5456703","50100",11,0,4,"02",87000
"5457652","50100",11,0,2,"02",101500
"5457655","50100",11,0,2,"02",36500
"5460615","50100",15,0,0,"02",0
"5460626","50100",10,0,1,"02",15000
"5460858","50100",10,0,6,"02",65000
"5461055","50100",11,0,4,"02",68300
"5461901","50100",47,0,1,"09",7220
"5461949","50100",0,1,1,"  ",0
"5462140","50100",59,0,1,"08",27200
"5462360","50100",26,0,2,"02",33600
"5462585","50100",0,2,1,"  ",0
"5462767","50100",32,0,2,"07",21000
"5463173","50100",15,0,0,"02",0
"5463264","50100",11,0,3,"02",63000
"5463881","50100",37,0,2,"05",22700
"5464010","50100",22,0,0,"02",0
"5464285","50100",11,0,5,"02",83500
"5465545","50100",16,0,4,"02",50100
"5467354","50100",16,0,4,"02",24800
"5467931","50100",37,0,1,"02",51000
"5468333","50100",11,0,2,"02",28200
"5468923","50100",11,0,1,"02",18500
"5469131","50100",15,0,0,"02",0
"5469387","50100",0,2,1,"  ",0
"5470510","50100",43,0,4,"02",200200
"5470558","50100",11,0,2,"02",25520
"5471053","50100",27,0,3,"02",73000
"5471886","50100",10,0,1,"02",69000
"5472126","50100",15,0,3,"05",28300
"5472593","50100",31,0,2,"02",52100
"5472748","50100",21,0,2,"02",62000
"5473770","50100",32,0,1,"02",27700
"5474245","50100",21,0,1,"02",26000
"5474510","50100",16,0,1,"02",6600
"5475095","50100",26,0,2,"02",88000
"5476184","50100",16,0,4,"01",42000
"5477503","50100",10,0,2,"02",137700
"5479340","50100",10,0,5,"02",45800
"5479436","50100",42,0,3,"02",161300
"5479992","50100",26,0,3,"06",15300
"5480116","50100",11,0,2,"02",5900
"5481503","50100",27,0,5,"04",23470
"5481820","50100",48,0,2,"06",3500
"5483451","50100",16,0,2,"06",22000
"5483674","50100",27,0,2,"02",50600
"5483929","50100",32,0,1,"04",690
"5483982","50100",21,0,1,"02",27020
"5484687","50100",37,0,2,"05",36110
"5485436","50100",0,1,1,"  ",0
"5486509","50100",10,0,3,"02",41004
"5487472","50100",42,0,1,"03",35300
"5488283","50100",16,0,2,"02",52000
"5490750","50100",10,0,1,"04",1080
"5490924","50100",11,0,2,"02",14900
"5492521","50100",15,0,0,"03",0
"5493134","50100",14,0,0,"02",0
"5494318","50100",0,2,1,"  ",0
"5494628","50100",22,0,0,"02",0
"5494977","50100",10,0,2,"02",46300
"5495313","50100",0,1,1,"  ",0
"5495786","50100",31,0,2,"02",35100
"5496887","50100",15,0,0,"02",0
"5497228","50100",11,0,3,"04",27700
"5498790","50100",10,0,1,"02",56500
"5499481","50100",11,0,1,"05",37100
"5499512","50100",10,0,4,"02",95000
"5501403","50100",29,0,0,"02",0
"5502153","50100",21,0,2,"01",37000
"5503003","50100",0,1,1,"  ",0
"5503856","50100",11,0,1,"02",11300
"5503936","50100",15,0,0,"02",0
"5504464","50100",11,0,4,"02",105000
"5504999","50100",16,0,2,"02",60000
"5505352","50100",10,0,2,"02",60200
"5507450","50100",16,0,2,"02",123000
"5507892","50100",15,0,0,"02",0
"5508969","50100",11,0,2,"02",126500
"5509527","50100",10,0,3,"02",24900
"5510477","50100",11,0,4,"02",59930
"5510630","50100",0,2,1,"  ",0
"5510998","50100",11,0,4,"02",16100
"5511009","50100",11,0,2,"02",310400
"5511048","50100",16,0,1,"02",32500
"5511135","50100",32,0,5,"02",0
"5511260","50100",0,1,1,"  ",0
"5512013","50100",15,0,1,"02",15600
"5512316","50100",16,0,5,"02",99150
"5512816","50100",15,0,0,"02",0
"5512996","50100",15,0,0,"02",0
"5513329","50100",0,2,1,"  ",0
"5514092","50100",11,0,3,"04",28000
"5514401","50100",16,0,3,"02",42550
"5514827","50100",15,0,0,"09",0
"5515869","50100",21,0,1,"02",47600
"5515930","50100",37,0,4,"02",105000
"5516813","50100",11,0,1,"04",7960
"5517114","50100",15,0,0,"02",0
"5517644","50100",11,0,4,"02",50000
"5517708","50100",37,0,2,"02",51810
"5518189","50100",10,0,2,"02",43000
"5519898","50100",21,0,1,"06",2100
"5520451","50100",32,0,1,"05",27000
"5520777","50100",0,2,1,"  ",0
"5520935","50100",16,0,1,"02",6350
"5520960","50100",0,1,1,"  ",0
"5521191","50100",15,0,0,"03",0
"5521226","50100",10,0,2,"02",36000
"5523307","50100",14,0,0,"02",0
"5523616","50100",32,0,4,"02",44200
"5525020","50100",15,0,0,"02",0
"5527740","50100",21,0,2,"02",16500
"5527984","50100",11,0,2,"02",158500
"5529316","50100",16,0,2,"02",69000
"5529569","50100",11,0,1,"04",0
"5530903","50100",21,0,2,"02",33100
"5532391","50100",11,0,2,"04",66600
"5532486","50100",31,0,2,"02",25500
"5532762","50100",15,0,0,"02",0
"5532998","50100",10,0,2,"02",35910
"5533662","50100",37,0,3,"02",86000
"5533705","50100",11,0,3,"02",84000
"5534990","50100",11,0,1,"05",12000
"5535188","50100",15,0,0,"02",0
"5535222","50100",10,0,2,"04",20800
"5536448","50100",11,0,2,"02",28100
"5537742","50100",42,0,2,"03",83500
"5538369","50100",47,0,2,"05",9700
"5538431","50100",14,0,0,"02",0
"5539080","50100",16,0,4,"06",10900
"5539091","50100",48,0,3,"02",37300
"5540266","50100",53,0,1,"05",70000
"5540598","50100",10,0,3,"02",64000
"5540610","50100",11,0,3,"01",18930
"5542406","50100",37,0,4,"02",31100
"5543281","50100",11,0,2,"01",15200
"5543834","50100",37,0,4,"02",91000
"5544228","50100",15,0,0,"02",0
"5544489","50100",15,0,0,"02",0
"5544908","50100",5,0,4,"02",24700
"5545096","50100",32,0,2,"02",41710
"5545550","50100",47,0,3,"01",26000
"5546541","50100",26,0,6,"02",31400
"5546550","50100",16,0,1,"02",35000
"5550021","50100",0,1,1,"  ",0
"5550552","50100",37,0,1,"02",20
"5551792","50100",10,0,4,"02",65000
"5551796","50100",37,0,4,"01",35000
"5552153","50100",11,0,4,"04",8000
"5553127","50100",44,0,0,"05",0
"5553472","50100",15,0,0,"03",0
"5554082","50100",32,0,1,"02",35100
"5555089","50100",0,1,1,"  ",0
"5555138","50100",15,0,0,"02",0
"5555506","50100",11,0,2,"02",57050
"5556128","50100",16,0,1,"01",15280
"5556571","50100",10,0,5,"02",303500
"5556865","50100",10,0,4,"02",47700
"5558434","50100",5,0,3,"02",26150
"5559202","50100",16,0,4,"02",89500
"5561232","50100",10,0,1,"01",39510
"5561440","50100",0,1,1,"  ",0
"5561546","50100",31,0,2,"02",62730
"5561881","50100",15,0,0,"05",0
"5561943","50100",32,0,2,"01",51600
"5561954","50100",15,0,0,"02",0
"5562467","50100",10,0,1,"03",20250
"5562476","50100",37,0,3,"02",31190
"5563140","50100",21,0,4,"01",44500
"5563971","50100",11,0,1,"06",25000
"5564167","50100",14,0,0,"02",0
"5564431","50100",15,0,0,"01",0
"5567630","50100",21,0,1,"01",11730
"5569806","50100",10,0,2,"04",62600
"5570226","50100",37,0,1,"07",24780
"5570462","50100",10,0,4,"02",48190
"5571806","50100",10,0,2,"02",30000
"5572399","50100",11,0,3,"02",30100
"5572572","50100",5,0,3,"02",148400
"5572591","50100",11,0,4,"02",41200
"5572809","50100",11,0,2,"03",23000
"5573827","50100",0,1,1,"  ",0
"5575344","50100",21,0,2,"02",38000
"5575589","50100",16,0,1,"02",53000
"5576774","50100",10,0,5,"03",35000
"5576846","50100",10,0,2,"06",47200
"5577345","50100",16,0,4,"01",196250
"5577673","50100",11,0,1,"02",10900
"5579797","50100",10,0,4,"02",25700
"5579983","50100",11,0,2,"04",39000
"5580768","50100",14,0,0,"03",0
"5581018","50100",11,0,1,"07",15820
"5581196","50100",21,0,4,"02",49000
"5582028","50100",10,0,5,"02",99000
"5582149","50100",32,0,2,"01",49000
"5582935","50100",10,0,5,"02",29300
"5583221","50100",21,0,3,"02",61000
"5584019","50100",37,0,3,"04",26700
"5584129","50100",10,0,2,"02",71840
"5584141","50100",88,0,0,"07",0
"5585705","50100",16,0,3,"02",66550
"5586455","50100",11,0,6,"02",61200
"5587113","50100",11,0,4,"02",58600
"5588112","50100",32,0,1,"02",24700
"5588124","50100",21,0,1,"01",34200
"5589199","50100",5,0,5,"02",51000
"5589394","50100",37,0,3,"04",4910
"5589638","50100",11,0,2,"02",49900
"5590446","50100",11,0,2,"02",125800
"5591057","50100",11,0,1,"02",110000
"5592154","50100",53,0,2,"06",26300
"5592419","50100",42,0,1,"08",9020
"5592753","50100",0,2,1,"  ",0
"5593373","50100",0,2,1,"  ",0
"5593650","50100",16,0,2,"02",56000
"5594267","50100",22,0,0,"02",0
"5595068","50100",31,0,2,"02",290740
"5595438","50100",15,0,0,"03",0
"5595910","50100",11,0,2,"02",62600
"5596408","50100",16,0,2,"01",10800
"5597470","50100",15,0,0,"01",0
"5599973","50100",14,0,0,"02",0
"5600377","50100",27,0,2,"02",46750
"5600957","50100",53,0,4,"04",24340
"5601347","50100",16,0,2,"02",26500
"5601654","50100",21,0,3,"02",50900
"5602061","50100",27,0,2,"02",11900
"5602142","50100",43,0,2,"02",26700
"5603374","50100",16,0,5,"02",15940
"5603376","50100",10,0,2,"02",22000
"5604540","50100",11,0,4,"02",50070
"5604627","50100",11,0,1,"02",9200
"5604949","50100",10,0,3,"02",94250
"5605142","50100",26,0,1,"04",24000
"5606203","50100",10,0,1,"04",19030
"5606216","50100",6,0,2,"03",59000
"5606541","50100",11,0,3,"04",58700
"5606776","50100",15,0,0,"02",0
"5607108","50100",22,0,0,"02",0
"5608812","50100",13,0,3,"02",12000
"5609138","50100",16,0,3,"05",41350
"5609249","50100",10,0,4,"01",55000
"5609371","50100",21,0,2,"02",21050
"5610453","50100",15,0,2,"02",68600
"5610520","50100",37,0,1,"04",10600
"5611899","50100",10,0,2,"02",19000
"5612151","50100",21,0,3,"02",32700
"5613085","50100",22,0,2,"02",114900
"5614725","50100",42,0,2,"02",72750
"5615142","50100",26,0,2,"02",38780
"5615484","50100",11,0,3,"04",33650
"5615576","50100",32,0,1,"02",72500
"5615726","50100",26,0,2,"04",16100
"5616803","50100",47,0,2,"02",65000
"5617506","50100",10,0,2,"05",38440
"5617816","50100",0,1,1,"  ",0
"5618405","50100",23,0,0,"02",0
"5618508","50100",47,0,2,"02",153180
"5618525","50100",11,0,2,"01",33000
"5618668","50100",21,0,4,"01",35800
"5618914","50100",26,0,2,"02",69610
"5618995","50100",11,0,2,"02",148300
"5620215","50100",27,0,1,"04",23090
"5621438","50100",21,0,1,"02",19630
"5623231","50100",15,0,0,"02",0
"5624269","50100",0,2,1,"  ",0
"5624811","50100",10,0,2,"02",36000
"5624963","50100",0,1,1,"  ",0
"5625018","50100",37,0,1,"05",18000
"5626281","50100",11,0,4,"04",41400
"5626845","50100",11,0,3,"02",9300
"5628313","50100",16,0,4,"02",40000
"5628422","50100",21,0,1,"04",10900
"5629551","50100",11,0,1,"02",12300
"5629958","50100",16,0,4,"02",76000
"5629986","50100",44,0,0,"06",0
"5631196","50100",10,0,4,"02",40600
"5632900","50100",48,0,2,"07",8700
"5633678","50100",22,0,0,"02",0
"5633813","50100",21,0,2,"01",17250
"5634749","50100",14,0,0,"02",0
"5635195","50100",42,0,2,"02",50600
"5635643","50100",11,0,2,"02",34400
"5635721","50100",27,0,1,"06",47000
"5636642","50100",26,0,2,"02",88000
"5637969","50100",15,0,0,"08",0
"5638165","50100",37,0,2,"01",44360
"5639435","50100",53,0,4,"04",18200
"5640031","50100",15,0,0,"02",0
"5640782","50100",14,0,0,"02",0
"5641742","50100",10,0,1,"07",14900
"5642865","50100",10,0,4,"05",23200
"5643552","50100",15,0,0,"04",0
"5644661","50100",11,0,2,"04",19500
"5644872","50100",10,0,3,"02",62000
"5645322","50100",10,0,4,"02",61000
"5645761","50100",22,0,1,"02",18980
"5646792","50100",32,0,2,"04",41100
"5647759","50100",22,0,0,"02",0
"5647934","50100",10,0,2,"01",53900
"5648026","50100",15,0,3,"02",46900
"5649510","50100",11,0,3,"02",73820
"5650751","50100",32,0,1,"02",0
"5651661","50100",15,0,4,"02",39000
"5651909","50100",21,0,4,"02",62040
"5652383","50100",0,1,1,"  ",0
"5652980","50100",26,0,4,"02",55050
"5652993","50100",10,0,1,"03",26200
"5653185","50100",11,0,2,"02",49600
"5653527","50100",11,0,1,"02",40000
"5653981","50100",11,0,1,"07",34700
"5654681","50100",15,0,0,"07",0
"5655809","50100",15,0,0,"02",0
"5655834","50100",11,0,2,"02",55500
"5656654","50100",11,0,2,"02",32800
"5657632","50100",10,0,1,"02",30320
"5657959","50100",14,0,0,"02",0
"5660916","50100",11,0,2,"03",243900
"5662761","50100",27,0,1,"02",15000
"5663025","50100",27,0,3,"02",78700
"5663262","50100",15,0,0,"01",0
"5663509","50100",22,0,0,"03",0
"5665325","50100",11,0,1,"02",13600
"5665955","50100",10,0,2,"01",30800
"5666169","50100",11,0,3,"02",43800
"5666867","50100",11,0,5,"05",34000
"5667039","50100",10,0,4,"02",88000
"5669127","50100",5,0,2,"02",43400
"5669393","50100",26,0,3,"02",54100
"5669542","50100",32,0,3,"07",59200
"5669646","50100",16,0,2,"02",55000
"5670008","50100",37,0,2,"05",113000
"5670087","50100",11,0,6,"02",59600
"5670375","50100",0,1,1,"  ",0
"5671119","50100",11,0,3,"01",22680
"5671606","50100",11,0,1,"02",22500
"5673882","50100",16,0,3,"02",56300
"5674225","50100",14,0,0,"08",0
"5674377","50100",10,0,1,"02",133000
"5674397","50100",16,0,1,"09",11500
"5675844","50100",37,0,0,"02",0
"5676529","50100",10,0,2,"02",33660
"5677205","50100",21,0,2,"02",59900
"5677361","50100",15,0,4,"02",70000
"5678317","50100",10,0,2,"02",6700
"5680557","50100",14,0,0,"02",0
"5681554","50100",48,0,2,"02",50500
"5681881","50100",53,0,5,"02",110700
"5682496","50100",21,0,2,"02",48500
"5683453","50100",5,0,3,"04",52800
"5683780","50100",37,0,2,"09",20400
"5684117","50100",10,0,2,"01",50000
"5684433","50100",11,0,5,"02",63500
"5684728","50100",11,0,4,"02",60000
"5684793","50100",11,0,3,"02",13150
"5685357","50100",43,0,4,"04",20760
"5685552","50100",11,0,2,"02",20940
"5686360","50100",15,0,5,"02",115200
"5686720","50100",22,0,0,"02",0
"5688675","50100",10,0,2,"02",50400
"5688911","50100",53,0,1,"04",24000
"5689344","50100",11,0,2,"02",49500
"5689567","50100",22,0,0,"02",0
"5689692","50100",16,0,1,"01",21000
"5690350","50100",27,0,3,"02",81800
"5690787","50100",0,2,1,"  ",0
"5690867","50100",16,0,3,"02",48000
"5691182","50100",0,1,1,"  ",0
"5691491","50100",11,0,4,"02",139200
"5691550","50100",16,0,5,"04",32000
"5691854","50100",23,0,0,"03",0
"5691946","50100",10,0,4,"02",22900
"5692057","50100",10,0,2,"02",52000
"5693026","50100",37,0,2,"05",7700
"5693397","50100",10,0,3,"02",75800
"5693958","50100",14,0,0,"01",0
"5694244","50100",27,0,4,"02",50600
"5694383","50100",11,0,2,"02",222700
"5694524","50100",11,0,3,"02",40000
"5696192","50100",16,0,2,"02",50000
"5696983","50100",37,0,0,"06",0
"5698499","50100",16,0,3,"02",6000
"5699938","50100",15,0,6,"02",35400
"5700046","50100",32,0,3,"02",133900
"5700428","50100",15,0,0,"02",0
"5701143","50100",11,0,1,"02",26860
"5701256","50100",11,0,2,"02",12190
"5701324","50100",32,0,1,"06",30100
"5701345","50100",21,0,2,"02",42250
"5701816","50100",15,0,1,"02",33130
"5702150","50100",10,0,3,"02",11400
"5703925","50100",10,0,4,"01",45200
"5703984","50100",16,0,3,"01",52300
"5704018","50100",5,0,1,"02",35300
"5704259","50100",10,0,1,"04",20400
"5704844","50100",11,0,4,"02",37100
"5705355","50100",16,0,1,"02",40750
"5705560","50100",5,0,4,"01",13000
"5706376","50100",15,0,0,"02",0
"5707564","50100",15,0,2,"02",8800
"5708221","50100",14,0,0,"02",0
"5708288","50100",0,2,1,"  ",0
"5708306","50100",11,0,4,"05",46360
"5708383","50100",32,0,4,"02",93000
"5709780","50100",32,0,4,"04",45800
"5709792","50100",59,0,1,"07",25000
"5709917","50100",48,0,2,"02",96100
"5710172","50100",10,0,1,"02",81200
"5710234","50100",0,2,1,"  ",0
"5711759","50100",10,0,1,"02",29790
"5712880","50100",16,0,3,"02",51300
"5713906","50100",43,0,3,"01",40700
"5713931","50100",16,0,2,"02",61000
"5714288","50100",0,2,1,"  ",0
"5714773","50100",11,0,2,"02",245000
"5715366","50100",43,0,4,"02",79300
"5715595","50100",43,0,4,"02",56060
"5715912","50100",15,0,0,"02",0
"5716351","50100",21,0,1,"06",18160
"5716518","50100",37,0,2,"02",83000
"5717692","50100",10,0,4,"02",90000
"5718216","50100",26,0,3,"02",76000
"5718602","50100",5,0,4,"02",97000
"5718716","50100",11,0,2,"02",25600
"5718978","50100",10,0,2,"02",68000
"5719114","50100",11,0,1,"02",4400
"5719676","50100",32,0,4,"02",112450
"5720212","50100",11,0,2,"02",157800
"5720778","50100",21,0,1,"02",32000
"5720957","50100",48,0,2,"02",143500
"5722397","50100",11,0,4,"02",41200
"5722519","50100",11,0,3,"02",46000
"5723081","50100",11,0,4,"01",78140
"5725085","50100",11,0,3,"02",26400
"5725907","50100",0,1,1,"  ",0
"5726322","50100",31,0,2,"05",13600
"5726492","50100",15,0,2,"02",58500
"5727476","50100",0,1,1,"  ",0
"5728121","50100",16,0,5,"02",13800
"5728200","50100",11,0,3,"02",91000
"5728603","50100",11,0,7,"01",13300
"5729124","50100",21,0,2,"02",32790
"5729436","50100",15,0,0,"04",0
"5730042","50100",10,0,4,"01",29890
"5730723","50100",0,2,1,"  ",0
"5731019","50100",42,0,1,"02",119300
"5731860","50100",10,0,5,"02",13000
"5733101","50100",6,0,4,"02",55600
"5733184","50100",10,0,1,"02",14200
"5733194","50100",16,0,5,"02",59080
"5734114","50100",10,0,4,"02",49640
"5734871","50100",11,0,1,"07",27500
"5735294","50100",11,0,2,"02",40000
"5735647","50100",37,0,3,"02",44300
"5737075","50100",10,0,3,"02",53000
"5737592","50100",15,0,0,"02",0
"5738599","50100",11,0,2,"04",68000
"5738606","50100",7,0,0,"02",0
"5739043","50100",26,0,1,"02",6900
"5739121","50100",0,2,1,"  ",0
"5739347","50100",10,0,1,"02",29200
"5740091","50100",10,0,2,"02",20000
"5742035","50100",37,0,1,"01",8400
"5742512","50100",30,0,0,"02",0
"5742768","50100",15,0,2,"02",62000
"5742852","50100",11,0,1,"03",45000
"5743340","50100",10,0,1,"02",5200
"5744331","50100",10,0,4,"02",66684
"5744443","50100",11,0,1,"01",7000
"5744537","50100",14,0,0,"02",0
"5744601","50100",10,0,3,"02",65000
"5744940","50100",0,2,1,"  ",0
"5746245","50100",37,0,1,"02",14800
"5746755","50100",11,0,5,"02",72300
"5747319","50100",26,0,2,"06",16500
"5747474","50100",22,0,0,"02",0
"5748062","50100",11,0,5,"02",188320
"5749179","50100",15,0,0,"02",0
"5749290","50100",22,0,0,"02",0
"5749711","50100",10,0,1,"02",68000
"5751122","50100",32,0,2,"04",25000
"5751613","50100",16,0,2,"01",44650
"5752452","50100",16,0,2,"05",26400
"5752541","50100",10,0,2,"04",54500
"5754199","50100",16,0,3,"02",40600
"5754457","50100",11,0,4,"02",28070
"5755232","50100",15,0,0,"08",0
"5755363","50100",0,2,1,"  ",0
"5755737","50100",11,0,2,"06",19090
"5755849","50100",14,0,0,"02",0
"5756281","50100",15,0,0,"02",0
"5757108","50100",10,0,3,"01",10900
"5757849","50100",15,0,0,"02",0
"5758278","50100",11,0,4,"02",51700
"5758456","50100",16,0,3,"02",31900
"5759551","50100",16,0,5,"02",60500
"5760004","50100",31,0,1,"02",10800
"5760663","50100",21,0,4,"05",64000
"5762185","50100",42,0,4,"02",95000
"5762361","50100",11,0,3,"01",64500
"5762722","50100",16,0,2,"03",104600
"5763525","50100",16,0,4,"02",25000
"5763670","50100",15,0,1,"02",41100
"5764435","50100",11,0,1,"02",7000
"5765068","50100",16,0,4,"04",23800
"5765134","50100",16,0,2,"02",36700
"5765189","50100",16,0,2,"02",123000
"5765667","50100",15,0,0,"02",0
"5767210","50100",21,0,3,"01",32500
"5767706","50100",16,0,2,"01",18460
"5767793","50100",21,0,1,"02",74840
"5768884","50100",16,0,5,"02",67000
"5769097","50100",10,0,1,"02",37000
"5769848","50100",16,0,1,"02",3000
"5770504","50100",11,0,2,"04",38980
"5770519","50100",5,0,3,"02",48200
"5770608","50100",11,0,2,"02",55000
"5771886","50100",21,0,2,"01",18700
"5772359","50100",10,0,3,"02",41700
"5773176","50100",32,0,1,"09",8200
"5773253","50100",0,2,1,"  ",0
"5774139","50100",0,2,1,"  ",0
"5774924","50100",16,0,4,"01",37410
"5775983","50100",10,0,1,"01",12200
"5776185","50100",66,0,0,"02",0
"5776500","50100",15,0,0,"02",0
"5778592","50100",44,0,0,"02",0
"5778625","50100",48,0,3,"01",30800
"5778876","50100",16,0,4,"02",86000
"5779330","50100",27,0,2,"02",45200
"5779398","50100",10,0,2,"01",83180
"5780002","50100",11,0,1,"02",9400
"5780281","50100",11,0,2,"02",113000
"5780409","50100",10,0,3,"01",59000
"5781613","50100",15,0,0,"02",0
"5783458","50100",37,0,0,"02",0
"5784173","50100",10,0,1,"04",28000
"5785028","50100",10,0,1,"01",38200
"5785367","50100",15,0,0,"05",0
"5785507","50100",37,0,3,"06",23170
"5788669","50100",22,0,5,"02",26400
"5788777","50100",16,0,4,"02",86700
"5788789","50100",42,0,4,"02",70000
"5788987","50100",42,0,3,"02",104600
"5789423","50100",11,0,1,"03",18600
"5790535","50100",11,0,2,"02",40600
"5790741","50100",31,0,3,"02",49000
"5791545","50100",16,0,4,"02",121250
"5792835","50100",0,2,1,"  ",0
"5792897","50100",10,0,1,"03",28020
"5793019","50100",16,0,1,"02",3000
"5794589","50100",32,0,2,"02",127100
"5794714","50100",16,0,2,"02",68000
"5795601","50100",14,0,0,"02",0
"5796802","50100",11,0,2,"02",20400
"5796848","50100",27,0,1,"05",40200
"5797407","50100",11,0,4,"01",95000
"5797660","50100",48,0,1,"05",8400
"5798582","50100",7,0,0,"02",0
"5798657","50100",22,0,0,"05",0
"5798767","50100",10,0,1,"02",29200
"5798853","50100",11,0,2,"02",34000
"5800812","50100",27,0,2,"02",43260
"5802195","50100",11,0,1,"02",14100
"5802961","50100",15,0,0,"02",0
"5803741","50100",14,0,0,"04",0
"5803856","50100",37,0,1,"06",13500
"5804497","50100",10,0,3,"02",24450
"5804888","50100",15,0,0,"07",0
"5805067","50100",11,0,4,"01",25900
"5805797","50100",11,0,4,"02",37200
"5806007","50100",22,0,0,"03",0
"5806222","50100",14,0,0,"02",0
"5806495","50100",11,0,5,"02",52500
"5807205","50100",14,0,0,"01",0
"5807525","50100",21,0,1,"02",40160
"5808072","50100",10,0,6,"02",3e+05
"5808407","50100",10,0,3,"02",33700
"5809808","50100",11,0,2,"02",54710
"5811085","50100",11,0,1,"02",37400
"5811799","50100",42,0,3,"02",83970
"5811950","50100",42,0,2,"05",14500
"5812561","50100",6,0,2,"02",32000
"5814183","50100",10,0,3,"02",48500
"5815525","50100",11,0,6,"02",61000
"5815622","50100",10,0,2,"02",48300
"5815677","50100",16,0,1,"02",18200
"5816195","50100",27,0,5,"02",67500
"5816777","50100",32,0,2,"04",27000
"5817550","50100",11,0,1,"02",32000
"5820837","50100",16,0,3,"02",55000
"5820923","50100",26,0,2,"02",27600
"5822137","50100",22,0,0,"02",0
"5822562","50100",26,0,2,"02",25500
"5822681","50100",10,0,2,"02",9900
"5824104","50100",37,0,1,"04",16900
"5824124","50100",15,0,0,"02",0
"5824547","50100",11,0,2,"02",36900
"5824819","50100",14,0,0,"02",0
"5825234","50100",10,0,2,"04",23900
"5825684","50100",32,0,2,"02",23900
"5826217","50100",16,0,2,"02",15020
"5826260","50100",21,0,4,"02",22650
"5828441","50100",11,0,2,"02",29510
"5828682","50100",22,0,1,"04",51100
"5829748","50100",0,2,1,"  ",0
"5830479","50100",11,0,3,"02",17500
"5830756","50100",11,0,2,"02",277100
"5830806","50100",15,0,0,"07",0
"5832246","50100",14,0,0,"04",0
"5832470","50100",21,0,3,"04",28000
"5832582","50100",11,0,2,"02",102960
"5832681","50100",14,0,0,"02",0
"5832697","50100",11,0,2,"02",6000
"5835461","50100",16,0,3,"02",10950
"5835466","50100",48,0,3,"02",57400
"5835697","50100",42,0,1,"09",10300
"5838265","50100",15,0,0,"02",0
"5839465","50100",48,0,5,"02",56000
"5839545","50100",10,0,1,"02",7200
"5839985","50100",43,0,5,"02",95150
"5840285","50100",16,0,3,"01",30500
"5840357","50100",53,0,2,"04",47400
"5841801","50100",32,0,3,"02",109700
"5842137","50100",32,0,4,"02",35000
"5842261","50100",16,0,2,"03",27400
"5842777","50100",11,0,4,"02",73000
"5845497","50100",14,0,0,"02",0
"5846035","50100",10,0,5,"02",2600
"5846267","50100",11,0,2,"02",31100
"5846774","50100",15,0,0,"07",0
"5847318","50100",43,0,3,"04",38200
"5847881","50100",10,0,2,"02",26000
"5848053","50100",16,0,1,"07",8610
"5848986","50100",21,0,3,"02",75000
"5849125","50100",16,0,4,"02",63050
"5849776","50100",48,0,2,"02",53600
"5849938","50100",0,2,1,"  ",0
"5850365","50100",16,0,2,"02",26060
"5850735","50100",21,0,1,"02",13000
"5850794","50100",14,0,0,"02",0
"5851179","50100",14,0,0,"02",0
"5852866","50100",31,0,4,"02",50000
"5853303","50100",53,0,1,"05",18200
"5853964","50100",11,0,4,"02",49364
"5854034","50100",11,0,5,"02",75500
"5854386","50100",11,0,2,"02",34700
"5854397","50100",15,0,4,"02",38000
"5855573","50100",14,0,0,"02",0
"5855888","50100",38,0,2,"07",45000
"5856346","50100",0,1,1,"  ",0
"5856498","50100",37,0,2,"02",55000
"5857162","50100",42,0,4,"05",21200
"5857168","50100",10,0,3,"02",91940
"5857816","50100",37,0,0,"06",0
"5857830","50100",0,2,1,"  ",0
"5858924","50100",16,0,2,"05",17500
"5859114","50100",11,0,1,"02",44900
"5859121","50100",16,0,2,"02",64100
"5859775","50100",11,0,2,"02",36200
"5860615","50100",11,0,2,"04",58100
"5861059","50100",10,0,1,"03",17140
"5861467","50100",11,0,1,"02",32600
"5861600","50100",11,0,3,"02",32200
"5862017","50100",11,0,3,"02",134000
"5862669","50100",37,0,4,"02",339000
"5863235","50100",37,0,2,"02",43120
"5864009","50100",10,0,2,"02",56490
"5864262","50100",22,0,2,"08",158500
"5864624","50100",14,0,0,"02",0
"5864638","50100",11,0,1,"05",40000
"5866270","50100",11,0,1,"04",19400
"5866305","50100",15,0,0,"02",0
"5867018","50100",11,0,2,"02",13000
"5867022","50100",27,0,1,"02",12000
"5867929","50100",0,2,1,"  ",0
"5868240","50100",27,0,4,"04",44000
"5868352","50100",11,0,1,"04",18530
"5868632","50100",10,0,1,"02",34940
"5868791","50100",15,0,0,"02",0
"5869202","50100",16,0,2,"02",65000
"5869716","50100",16,0,3,"02",50000
"5869758","50100",11,0,1,"02",3200
"5871241","50100",10,0,1,"02",21000
"5871443","50100",10,0,4,"02",54600
"5871981","50100",10,0,1,"02",6500
"5872039","50100",10,0,2,"02",30300
"5872624","50100",32,0,2,"02",64500
"5872628","50100",37,0,3,"02",77000
"5873470","50100",21,0,4,"02",58000
"5873594","50100",0,2,1,"  ",0
"5873599","50100",42,0,2,"06",27900
"5874188","50100",11,0,1,"03",44200
"5874553","50100",16,0,4,"02",14200
"5875256","50100",31,0,3,"02",80000
"5875756","50100",16,0,5,"02",47820
"5876737","50100",0,1,1,"  ",0
"5877065","50100",37,0,3,"02",160000
"5877589","50100",47,0,1,"04",8800
"5878145","50100",22,0,0,"02",0
"5878467","50100",32,0,1,"02",26700
"5878696","50100",10,0,2,"02",36400
"5879043","50100",0,2,1,"  ",0
"5879190","50100",0,1,1,"  ",0
"5880040","50100",31,0,3,"02",55800
"5880720","50100",22,0,4,"01",64000
"5881788","50100",21,0,3,"05",16000
"5881938","50100",15,0,0,"02",0
"5883369","50100",11,0,4,"02",21500
"5883636","50100",10,0,1,"03",32500
"5884287","50100",11,0,1,"02",101000
"5885305","50100",16,0,2,"01",54000
"5886412","50100",11,0,2,"02",25200
"5886507","50100",16,0,1,"02",83000
"5887444","50100",10,0,2,"02",76600
"5887941","50100",10,0,5,"03",28080
"5888070","50100",32,0,4,"02",50600
"5888890","50100",16,0,1,"04",0
"5889705","50100",0,2,1,"  ",0
"5891008","50100",11,0,2,"02",40100
"5891036","50100",63,0,4,"02",39100
"5891067","50100",15,0,0,"02",0
"5891263","50100",16,0,2,"02",67600
"5891863","50100",11,0,3,"02",166500
"5891880","50100",16,0,1,"01",22000
"5892569","50100",0,1,1,"  ",0
"5894970","50100",11,0,1,"02",107000
"5894996","50100",27,0,2,"02",38100
"5895731","50100",15,0,0,"09",0
"5895844","50100",16,0,2,"02",25900
"5895965","50100",10,0,1,"01",42000
"5896656","50100",21,0,7,"02",107900
"5898657","50100",10,0,5,"01",88720
"5899130","50100",11,0,4,"01",24890
"5899260","50100",11,0,4,"02",90000
"5899341","50100",32,0,4,"02",47000
"5899364","50100",11,0,4,"02",72900
"5899375","50100",14,0,0,"02",0
"5899645","50100",11,0,1,"02",7000
"5899738","50100",7,0,0,"07",0
"5900129","50100",42,0,1,"04",26500
"5901152","50100",10,0,1,"06",20000
"5901181","50100",11,0,1,"02",9400
"5901376","50100",37,0,2,"02",61160
"5901803","50100",11,0,4,"06",58840
"5902260","50100",10,0,4,"02",48000
"5902728","50100",16,0,3,"02",49730
"5903041","50100",10,0,1,"05",151500
"5903172","50100",11,0,5,"02",118400
"5903311","50100",32,0,3,"02",143100
"5903449","50100",0,2,1,"  ",0
"5903688","50100",21,0,2,"04",52000
"5903769","50100",11,0,2,"04",28130
"5906019","50100",16,0,2,"02",51620
"5906262","50100",10,0,1,"02",27000
"5906735","50100",11,0,2,"02",167200
"5907313","50100",10,0,2,"01",28570
"5907333","50100",10,0,1,"02",117500
"5907757","50100",32,0,2,"02",50580
"5908228","50100",22,0,0,"01",0
"5908638","50100",11,0,1,"02",56200
"5908713","50100",10,0,1,"02",91900
"5908724","50100",37,0,2,"05",40200
"5908829","50100",16,0,2,"02",35200
"5910104","50100",22,0,0,"01",0
"5912286","50100",15,0,0,"02",0
"5912317","50100",16,0,4,"02",42300
"5913137","50100",26,0,4,"02",35700
"5913329","50100",15,0,0,"02",0
"5913591","50100",37,0,3,"02",131500
"5915007","50100",10,0,4,"02",61000
"5916641","50100",31,0,2,"05",22000
"5917263","50100",11,0,2,"02",142000
"5918980","50100",10,0,2,"02",70800
"5919748","50100",42,0,5,"02",62300
"5920523","50100",11,0,3,"02",163900
"5921080","50100",10,0,3,"02",53650
"5921378","50100",16,0,2,"02",76910
"5921473","50100",27,0,2,"02",26980
"5922607","50100",11,0,3,"04",105500
"5924828","50100",15,0,0,"02",0
"5924877","50100",15,0,0,"02",0
"5925600","50100",11,0,4,"02",38340
"5925767","50100",0,2,1,"  ",0
"5926349","50100",16,0,2,"02",54100
"5926931","50100",21,0,3,"02",96260
"5927829","50100",10,0,1,"02",25000
"5927958","50100",32,0,3,"04",309000
"5928055","50100",32,0,2,"04",37800
"5928070","50100",37,0,2,"02",67370
"5931529","50100",27,0,2,"02",66800
"5932149","50100",15,0,0,"02",0
"5932370","50100",10,0,2,"04",60300
"5932755","50100",43,0,4,"04",44900
"5933885","50100",0,2,1,"  ",0
"5934346","50100",10,0,2,"02",109000
"5934924","50100",16,0,2,"02",9950
"5935156","50100",16,0,1,"02",11200
"5935780","50100",15,0,0,"02",0
"5937143","50100",11,0,5,"02",24400
"5937476","50100",26,0,1,"02",20000
"5938025","50100",26,0,2,"02",61600
"5938179","50100",10,0,2,"02",29500
"5938205","50100",27,0,2,"04",17700
"5938366","50100",0,2,1,"  ",0
"5938433","50100",14,0,0,"02",0
"5938705","50100",37,0,1,"09",15300
"5939097","50100",11,0,5,"02",45300
"5939290","50100",15,0,0,"02",0
"5939328","50100",15,0,0,"03",0
"5939855","50100",32,0,2,"02",196000
"5940116","50100",26,0,1,"01",15500
"5940938","50100",10,0,3,"02",56000
"5941552","50100",11,0,1,"02",50100
"5942916","50100",10,0,2,"01",63700
"5945635","50100",23,0,0,"03",0
"5945715","50100",0,2,1,"  ",0
"5946670","50100",16,0,1,"01",0
"5946703","50100",5,0,1,"04",58350
"5948518","50100",31,0,2,"02",59200
"5949221","50100",15,0,0,"02",0
"5949318","50100",11,0,4,"02",46860
"5949370","50100",27,0,3,"02",45100
"5949546","50100",15,0,0,"02",0
"5949681","50100",21,0,4,"02",121500
"5949683","50100",26,0,5,"02",14570
"5950151","50100",5,0,4,"02",102300
"5950461","50100",11,0,2,"02",10000
"5950518","50100",21,0,1,"02",15300
"5950587","50100",42,0,1,"05",6420
"5952211","50100",10,0,2,"01",18200
"5952311","50100",15,0,0,"02",0
"5952522","50100",32,0,5,"02",35600
"5952729","50100",10,0,2,"02",10460
"5955111","50100",0,2,1,"  ",0
"5955176","50100",11,0,3,"02",75040
"5956785","50100",32,0,3,"01",27500
"5956988","50100",0,2,1,"  ",0
"5957340","50100",26,0,1,"02",44300
"5957953","50100",0,1,1,"  ",0
"5959248","50100",16,0,6,"02",39700
"5959509","50100",32,0,3,"02",29200
"5959550","50100",42,0,4,"03",49410
"5959563","50100",0,1,1,"  ",0
"5961923","50100",11,0,5,"02",47130
"5962166","50100",15,0,0,"02",0
"5963931","50100",42,0,1,"05",0
"5964403","50100",22,0,0,"03",0
"5966397","50100",16,0,2,"02",69300
"5966730","50100",11,0,2,"02",30000
"5967453","50100",31,0,2,"02",55120
"5968309","50100",11,0,4,"04",23650
"5968400","50100",5,0,3,"02",87400
"5968753","50100",26,0,7,"02",42300
"5968787","50100",16,0,5,"02",28000
"5969097","50100",10,0,3,"02",54400
"5970025","50100",47,0,2,"02",31800
"5971029","50100",26,0,2,"01",19200
"5971912","50100",22,0,0,"01",0
"5971936","50100",5,0,6,"02",36200
"5972967","50100",11,0,3,"02",91000
"5973196","50100",11,0,5,"02",43500
"5973304","50100",5,0,4,"02",238000
"5973814","50100",11,0,1,"02",105000
"5974455","50100",15,0,1,"02",12000
"5974656","50100",37,0,2,"02",53000
"5974918","50100",32,0,3,"04",46000
"5975187","50100",31,0,4,"02",32200
"5976338","50100",10,0,2,"02",312000
"5976892","50100",22,0,0,"02",0
"5976953","50100",16,0,6,"04",29000
"5978041","50100",11,0,4,"02",17000
"5978781","50100",32,0,2,"02",25700
"5979662","50100",10,0,2,"02",27600
"5979795","50100",27,0,2,"02",25000
"5980252","50100",16,0,3,"02",66000
"5980617","50100",11,0,2,"07",152500
"5981044","50100",27,0,1,"07",26000
"5981508","50100",15,0,0,"02",0
"5982168","50100",15,0,0,"02",0
"5983245","50100",15,0,0,"10",0
"5984733","50100",11,0,4,"02",79400
"5984810","50100",11,0,2,"02",160000
"5985005","50100",15,0,0,"03",0
"5986413","50100",11,0,4,"02",41000
"5987152","50100",10,0,4,"02",104800
"5987369","50100",0,2,1,"  ",0
"5988840","50100",16,0,2,"02",17000
"5989346","50100",16,0,2,"05",34260
"5989524","50100",15,0,2,"04",76100
"5989828","50100",10,0,5,"02",47000
"5990132","50100",10,0,1,"06",7170
"5990529","50100",32,0,1,"02",85000
"5990770","50100",11,0,2,"02",58400
"5990811","50100",81,0,0,"02",0
"5991189","50100",10,0,2,"02",28870
"5991530","50100",16,0,2,"02",35308
"5997296","50100",11,0,3,"02",12000
"5997627","50100",32,0,2,"02",88000
"5998110","50100",11,0,2,"01",349000
"5999384","50100",22,0,0,"06",0
"5999750","50100",26,0,4,"02",43000
"5999840","50100",11,0,2,"02",40100
"6000086","50100",37,0,0,"04",0
"6001505","50100",48,0,1,"09",194400
"6002788","50100",30,0,0,"01",0
"6002835","50100",11,0,9,"02",23700
"6003653","50100",0,2,1,"  ",0
"6003843","50100",38,0,2,"02",33100
"6004039","50100",11,0,2,"02",30000
"6004252","50100",16,0,6,"02",54300
"6004327","50100",11,0,2,"02",1e+05
"6005022","50100",26,0,3,"02",49000
"6005215","50100",47,0,1,"05",48000
"6006139","50100",11,0,1,"05",9900
"6006451","50100",11,0,2,"02",49000
"6007209","50100",10,0,5,"02",53200
"6007696","50100",11,0,1,"02",38000
"6007952","50100",31,0,4,"02",72000
"6008571","50100",15,0,0,"02",0
"6008954","50100",10,0,4,"02",73000
"6009254","50100",31,0,1,"06",6900
"6009836","50100",16,0,2,"02",27460
"6009879","50100",11,0,4,"02",58000
"6010018","50100",21,0,3,"02",93000
"6010306","50100",11,0,3,"02",82670
"6010332","50100",11,0,3,"02",35600
"6011079","50100",6,0,4,"01",29800
"6011143","50100",14,0,0,"09",0
"6011868","50100",22,0,0,"02",0
"6012402","50100",45,0,0,"02",0
"6014599","50100",11,0,1,"05",6600
"6015523","50100",16,0,1,"02",8470
"6016061","50100",10,0,4,"02",29000
"6016379","50100",21,0,2,"02",33080
"6016669","50100",11,0,3,"02",68600
"6016934","50100",15,0,0,"02",0
"6018008","50100",11,0,5,"02",55810
"6018101","50100",0,2,1,"  ",0
"6018957","50100",11,0,4,"01",316500
"6020370","50100",10,0,1,"02",21000
"6023606","50100",11,0,4,"02",23440
"6024695","50100",14,0,0,"02",0
"6024933","50100",10,0,4,"02",112500
"6025227","50100",16,0,2,"02",19400
"6025417","50100",37,0,0,"02",0
"6025632","50100",27,0,5,"02",99800
"6026607","50100",23,0,0,"02",0
"6026802","50100",11,0,2,"02",5700
"6027766","50100",16,0,4,"01",19030
"6028077","50100",10,0,2,"02",73280
"6029571","50100",11,0,4,"02",73100
"6030465","50100",11,0,2,"04",37300
"6030710","50100",15,0,0,"08",0
"6031021","50100",10,0,3,"02",13580
"6031984","50100",16,0,1,"02",20790
"6032336","50100",10,0,2,"02",129500
"6033320","50100",0,1,1,"  ",0
"6033333","50100",15,0,0,"02",0
"6034136","50100",0,2,1,"  ",0
"6034417","50100",15,0,0,"03",0
"6034865","50100",26,0,2,"01",74800
"6035069","50100",22,0,2,"01",58700
"6035636","50100",16,0,3,"02",135000
"6036172","50100",11,0,2,"02",22800
"6038154","50100",16,0,2,"02",19500
"6039242","50100",0,2,1,"  ",0
"6039974","50100",16,0,4,"02",174400
"6040809","50100",27,0,2,"02",48900
"6040907","50100",21,0,4,"05",9400
"6043094","50100",21,0,4,"02",20400
"6043859","50100",0,2,1,"  ",0
"6044337","50100",10,0,3,"02",34500
"6044743","50100",11,0,1,"06",30500
"6045559","50100",26,0,1,"02",48000
"6045579","50100",0,1,1,"  ",0
"6045828","50100",0,2,1,"  ",0
"6047972","50100",11,0,1,"02",19400
"6048069","50100",15,0,0,"02",0
"6048280","50100",11,0,2,"02",31600
"6048845","50100",32,0,1,"02",49200
"6049183","50100",11,0,3,"02",40900
"6049461","50100",63,0,4,"02",100500
"6049480","50100",11,0,2,"02",72000
"6049633","50100",15,0,0,"02",0
"6050309","50100",16,0,3,"02",111700
"6050644","50100",10,0,4,"02",5200
"6051119","50100",5,0,2,"02",167500
"6051337","50100",14,0,0,"02",0
"6051566","50100",16,0,5,"02",37070
"6052433","50100",11,0,3,"02",225000
"6052541","50100",16,0,1,"02",35200
"6053182","50100",31,0,2,"06",37900
"6053269","50100",15,0,0,"02",0
"6053549","50100",10,0,3,"02",59000
"6056648","50100",16,0,2,"02",34300
"6057995","50100",22,0,0,"06",0
"6059864","50100",22,0,0,"02",0
"6059937","50100",27,0,2,"02",1e+05
"6060060","50100",0,2,1,"  ",0
"6061201","50100",10,0,2,"02",60000
"6061267","50100",47,0,2,"02",31000
"6061662","50100",10,0,1,"02",37800
"6063102","50100",27,0,3,"02",57000
"6063953","50100",42,0,3,"02",49000
"6063987","50100",0,2,1,"  ",0
"6064288","50100",21,0,2,"02",323900
"6064692","50100",38,0,6,"02",56600
"6065402","50100",37,0,2,"02",40500
"6067106","50100",10,0,3,"02",69500
"6067767","50100",22,0,0,"02",0
"6067778","50100",5,0,3,"02",74200
"6067888","50100",26,0,2,"06",29100
"6068815","50100",10,0,2,"02",55000
"6069740","50100",10,0,2,"01",20490
"6069762","50100",14,0,0,"02",0
"6069828","50100",31,0,1,"02",24600
"6070342","50100",37,0,0,"02",0
"6070608","50100",37,0,2,"02",65600
"6070623","50100",16,0,3,"01",14250
"6071003","50100",58,0,1,"02",8950
"6072662","50100",26,0,2,"02",125010
"6072736","50100",11,0,2,"02",139400
"6073056","50100",10,0,3,"02",21300
"6073374","50100",15,0,0,"02",0
"6073509","50100",10,0,4,"02",49800
"6074324","50100",16,0,4,"02",85000
"6074538","50100",23,0,0,"02",0
"6074727","50100",15,0,0,"03",0
"6076572","50100",27,0,2,"02",50000
"6076784","50100",10,0,2,"02",69960
"6078921","50100",16,0,1,"02",29900
"6079706","50100",10,0,5,"02",40900
"6079727","50100",5,0,3,"02",67600
"6080239","50100",11,0,2,"02",155700
"6080382","50100",42,0,2,"02",49254
"6080824","50100",15,0,0,"02",0
"6081097","50100",15,0,0,"02",0
"6082142","50100",11,0,2,"02",100660
"6083225","50100",16,0,1,"05",18000
"6083572","50100",11,0,3,"02",70110
"6084825","50100",16,0,4,"02",47450
"6085425","50100",10,0,2,"02",9700
"6085769","50100",29,0,0,"01",0
"6085781","50100",10,0,3,"02",16830
"6087206","50100",0,2,1,"  ",0
"6088635","50100",43,0,2,"02",17900
"6089176","50100",37,0,2,"07",31600
"6089872","50100",11,0,3,"01",48000
"6089984","50100",11,0,4,"02",56200
"6089993","50100",52,0,1,"05",27000
"6091332","50100",10,0,1,"02",32000
"6091441","50100",11,0,2,"02",41004
"6091793","50100",42,0,2,"02",32970
"6091928","50100",11,0,2,"01",19050
"6092090","50100",10,0,2,"02",177300
"6092170","50100",14,0,0,"02",0
"6092319","50100",15,0,2,"02",79000
"6092846","50100",15,0,0,"01",0
"6093458","50100",37,0,2,"02",28300
"6095947","50100",26,0,2,"02",45040
"6096082","50100",22,0,0,"02",0
"6096344","50100",11,0,4,"02",103010
"6096799","50100",14,0,0,"07",0
"6097160","50100",14,0,0,"02",0
"6097488","50100",11,0,4,"02",18800
"6099174","50100",14,0,0,"02",0
"6099408","50100",11,0,2,"02",82400
"6099949","50100",133,0,3,"02",57560
"6100559","50100",0,1,1,"  ",0
"6100676","50100",10,0,4,"05",28100
"6100898","50100",37,0,3,"03",25900
"6102150","50100",37,0,1,"04",5400
"6102891","50100",11,0,4,"01",92000
"6103279","50100",11,0,4,"02",30000
"6104026","50100",16,0,2,"02",54000
"6105745","50100",11,0,2,"02",50000
"6106758","50100",22,0,0,"02",0
"6107045","50100",15,0,0,"02",0
"6107496","50100",37,0,4,"02",39000
"6107925","50100",16,0,3,"02",205000
"6109496","50100",11,0,2,"02",36700
"6112018","50100",32,0,3,"02",71910
"6112650","50100",11,0,1,"01",28000
"6113754","50100",14,0,0,"01",0
"6113880","50100",32,0,2,"04",58000
"6114792","50100",7,0,0,"02",0
"6114990","50100",21,0,3,"02",55800
"6115592","50100",37,0,1,"02",43000
"6115781","50100",11,0,2,"02",49900
"6115846","50100",16,0,2,"02",73400
"6116060","50100",22,0,2,"01",43000
"6116329","50100",37,0,2,"02",43500
"6116459","50100",22,0,0,"02",0
"6117440","50100",10,0,4,"02",77000
"6117815","50100",11,0,2,"02",56770
"6118145","50100",14,0,0,"02",0
"6119006","50100",16,0,2,"01",63500
"6119271","50100",21,0,1,"02",28000
"6119557","50100",11,0,4,"02",53810
"6119710","50100",11,0,4,"02",37000
"6120109","50100",10,0,4,"02",73700
"6121493","50100",15,0,0,"06",0
"6121862","50100",47,0,3,"02",117200
"6122454","50100",32,0,2,"02",38800
"6122623","50100",0,2,1,"  ",0
"6122933","50100",22,0,0,"02",0
"6123533","50100",15,0,0,"02",0
"6123630","50100",10,0,2,"02",59500
"6124470","50100",10,0,2,"03",50000
"6124828","50100",0,2,1,"  ",0
"6124946","50100",27,0,2,"02",59000
"6126340","50100",11,0,3,"04",24000
"6126372","50100",16,0,5,"02",29970
"6126452","50100",21,0,3,"01",13600
"6126482","50100",15,0,0,"07",0
"6126821","50100",0,2,1,"  ",0
"6126952","50100",14,0,0,"02",0
"6127131","50100",11,0,2,"02",93000
"6127482","50100",0,1,1,"  ",0
"6128340","50100",0,2,1,"  ",0
"6128357","50100",32,0,4,"01",40000
"6129446","50100",11,0,3,"06",92000
"6131456","50100",25,0,4,"02",68000
"6131614","50100",0,2,1,"  ",0
"6131732","50100",27,0,1,"05",4500
"6132072","50100",11,0,2,"02",81630
"6133736","50100",15,0,0,"09",0
"6135639","50100",11,0,2,"02",40300
"6137167","50100",15,0,0,"02",0
"6137899","50100",27,0,4,"02",165000
"6138326","50100",16,0,2,"02",54280
"6141506","50100",16,0,2,"01",31200
"6144045","50100",10,0,1,"02",5000
"6144359","50100",48,0,1,"05",2300
"6144640","50100",26,0,3,"03",34000
"6144898","50100",15,0,0,"01",0
"6145009","50100",15,0,0,"02",0
"6145219","50100",10,0,2,"01",12000
"6146086","50100",42,0,1,"04",6700
"6147046","50100",37,0,4,"02",102610
"6147780","50100",10,0,2,"04",31600
"6147974","50100",10,0,1,"05",12900
"6148113","50100",10,0,1,"02",36840
"6148727","50100",31,0,2,"02",136000
"6150323","50100",16,0,2,"06",145000
"6150574","50100",5,0,3,"02",117570
"6151340","50100",0,1,1,"  ",0
"6151347","50100",26,0,2,"04",25000
"6151487","50100",47,0,1,"02",60500
"6151801","50100",11,0,2,"02",43000
"6152715","50100",11,0,2,"02",21400
"6154206","50100",32,0,2,"02",41400
"6154288","50100",0,1,1,"  ",0
"6155178","50100",22,0,0,"05",0
"6156077","50100",48,0,3,"02",61990
"6156123","50100",26,0,2,"02",67500
"6156349","50100",31,0,4,"02",74000
"6156706","50100",31,0,4,"02",62300
"6156843","50100",32,0,1,"07",12260
"6157523","50100",48,0,5,"02",67000
"6158125","50100",10,0,2,"02",12330
"6158253","50100",16,0,1,"05",30300
"6158395","50100",0,1,1,"  ",0
"6158609","50100",37,0,2,"02",78000
"6158958","50100",16,0,1,"06",19500
"6159125","50100",42,0,5,"02",295000
"6159147","50100",16,0,2,"03",12580
"6159216","50100",0,2,1,"  ",0
"6159351","50100",0,2,1,"  ",0
"6159707","50100",30,0,0,"06",0
"6160821","50100",15,0,0,"02",0
"6163630","50100",10,0,1,"04",29900
"6164213","50100",32,0,2,"05",46200
"6164657","50100",15,0,4,"02",308000
"6164752","50100",10,0,1,"02",9500
"6164952","50100",16,0,3,"02",79500
"6165938","50100",11,0,5,"02",22110
"6165981","50100",16,0,2,"02",66320
"6166104","50100",14,0,0,"02",0
"6167992","50100",53,0,3,"04",40400
"6169113","50100",16,0,3,"02",50700
"6169355","50100",96,0,0,"02",0
"6170673","50100",42,0,3,"06",18600
"6170727","50100",11,0,2,"02",96300
"6172225","50100",11,0,4,"01",59200
"6172233","50100",11,0,1,"06",11970
"6173166","50100",22,0,0,"02",0
"6174168","50100",11,0,5,"02",56200
"6174904","50100",37,0,2,"04",54400
"6175344","50100",26,0,5,"02",61400
"6175849","50100",15,0,0,"02",0
"6176866","50100",11,0,3,"01",38500
"6176984","50100",11,0,4,"02",16900
"6179095","50100",11,0,2,"02",34200
"6179356","50100",6,0,4,"04",45200
"6179456","50100",5,0,4,"02",80000
"6179934","50100",11,0,2,"02",36100
"6180404","50100",15,0,0,"02",0
"6181132","50100",11,0,2,"05",37000
"6181547","50100",22,0,4,"02",58000
"6183474","50100",11,0,5,"02",9500
"6183666","50100",16,0,1,"01",17000
"6183825","50100",37,0,3,"02",34000
"6185395","50100",11,0,1,"01",14000
"6185570","50100",26,0,1,"06",10700
"6185934","50100",58,0,3,"03",45320
"6186185","50100",42,0,1,"02",14100
"6186310","50100",16,0,2,"06",22000
"6186658","50100",15,0,4,"02",110000
"6187672","50100",22,0,0,"10",0
"6187860","50100",16,0,2,"02",25750
"6188054","50100",29,0,0,"02",0
"6190619","50100",42,0,4,"02",60400
"6191041","50100",47,0,1,"01",7300
"6192341","50100",15,0,0,"04",0
"6192904","50100",29,0,0,"02",0
"6193622","50100",16,0,3,"02",48000
"6194541","50100",15,0,0,"02",0
"6194604","50100",11,0,1,"02",11250
"6195167","50100",0,2,1,"  ",0
"6195648","50100",10,0,3,"02",22840
"6196153","50100",37,0,3,"02",102200
"6196224","50100",27,0,3,"02",69000
"6196348","50100",10,0,3,"02",36000
"6196880","50100",15,0,3,"02",121000
"6198460","50100",22,0,3,"02",43750
"6198568","50100",15,0,0,"02",0
"6199457","50100",15,0,0,"02",0
"6200841","50100",21,0,2,"02",17630
"6200976","50100",48,0,2,"04",36000
"6203330","50100",37,0,4,"02",76000
"6203612","50100",11,0,1,"03",35000
"6203797","50100",11,0,1,"02",10480
"6204403","50100",31,0,2,"04",34900
"6205151","50100",16,0,2,"05",18800
"6205287","50100",21,0,4,"02",106200
"6205331","50100",15,0,0,"02",0
"6205368","50100",11,0,2,"04",48000
"6205512","50100",11,0,2,"01",59800
"6205761","50100",11,0,2,"02",60900
"6206085","50100",11,0,4,"01",49000
"6206167","50100",15,0,2,"01",15220
"6207522","50100",27,0,1,"02",24004
"6208342","50100",5,0,2,"03",43000
"6208724","50100",0,2,1,"  ",0
"6210685","50100",10,0,1,"02",17000
"6210726","50100",32,0,2,"01",35500
"6212305","50100",0,2,1,"  ",0
"6214143","50100",15,0,0,"06",0
"6215073","50100",16,0,4,"02",58100
"6217541","50100",11,0,2,"02",96800
"6217941","50100",32,0,1,"02",31300
"6218269","50100",22,0,0,"02",0
"6218493","50100",11,0,1,"04",8420
"6218770","50100",38,0,2,"05",41840
"6219287","50100",15,0,0,"03",0
"6219430","50100",15,0,0,"02",0
"6220185","50100",11,0,3,"02",13300
"6220761","50100",11,0,4,"02",42950
"6221188","50100",11,0,4,"02",45000
"6222529","50100",11,0,1,"02",63100
"6223252","50100",16,0,1,"02",32900
"6224620","50100",16,0,5,"02",49500
"6224706","50100",11,0,2,"02",48000
"6224719","50100",37,0,5,"02",84330
"6224835","50100",11,0,1,"04",26300
"6225060","50100",11,0,2,"02",65290
"6225649","50100",21,0,6,"02",69200
"6226085","50100",43,0,4,"02",48400
"6226777","50100",21,0,3,"02",32770
"6226940","50100",22,0,0,"02",0
"6229124","50100",59,0,0,"07",0
"6229207","50100",10,0,3,"02",59080
"6229791","50100",10,0,3,"02",44600
"6230964","50100",0,2,1,"  ",0
"6231845","50100",10,0,2,"02",28500
"6232253","50100",23,0,0,"10",0
"6233598","50100",16,0,3,"02",34400
"6235374","50100",37,0,2,"05",43520
"6235646","50100",10,0,2,"02",82700
"6235909","50100",10,0,2,"02",50100
"6235968","50100",32,0,3,"02",59830
"6236580","50100",31,0,3,"04",41700
"6237687","50100",67,0,0,"03",0
"6238029","50100",11,0,3,"01",35100
"6238079","50100",22,0,4,"02",75800
"6238482","50100",10,0,2,"02",173080
"6238622","50100",26,0,1,"02",27900
"6238690","50100",22,0,2,"02",51610
"6238694","50100",15,0,2,"02",36600
"6238789","50100",15,0,0,"03",0
"6239323","50100",32,0,2,"01",63000
"6241725","50100",11,0,4,"04",20190
"6242275","50100",26,0,4,"02",26000
"6242871","50100",16,0,4,"02",15500
"6244474","50100",15,0,0,"02",0
"6245667","50100",32,0,1,"02",45900
"6246932","50100",37,0,2,"02",66100
"6247171","50100",21,0,2,"02",11600
"6247179","50100",15,0,0,"03",0
"6247546","50100",21,0,2,"01",42200
"6247688","50100",16,0,2,"02",48500
"6249048","50100",14,0,0,"02",0
"6249635","50100",11,0,3,"01",45600
"6249692","50100",10,0,2,"02",121600
"6249947","50100",27,0,1,"03",255000
"6250629","50100",5,0,5,"02",47600
"6251402","50100",0,2,1,"  ",0
"6252079","50100",48,0,1,"02",31000
"6252588","50100",15,0,0,"02",0
"6252823","50100",31,0,1,"02",18100
"6252939","50100",16,0,4,"02",88200
"6253536","50100",26,0,2,"02",55930
"6253893","50100",26,0,2,"02",32500
"6253911","50100",15,0,0,"02",0
"6254772","50100",11,0,2,"02",28870
"6254894","50100",15,0,0,"02",0
"6255579","50100",43,0,4,"02",69500
"6256615","50100",6,0,2,"02",55000
"6256718","50100",16,0,2,"02",72120
"6257012","50100",30,0,0,"02",0
"6257710","50100",10,0,2,"01",24900
"6259365","50100",30,0,0,"05",0
"6259417","50100",26,0,2,"02",33600
"6259742","50100",11,0,4,"02",30614
"6260072","50100",32,0,2,"02",39800
"6261185","50100",14,0,0,"02",0
"6261661","50100",10,0,2,"02",39600
"6263523","50100",0,1,1,"  ",0
"6263757","50100",11,0,4,"02",121400
"6263835","50100",26,0,2,"02",22500
"6265393","50100",43,0,5,"04",22100
"6266109","50100",11,0,2,"02",49300
"6266383","50100",15,0,0,"02",0
"6266632","50100",37,0,1,"05",14100
"6267817","50100",29,0,0,"06",0
"6268380","50100",42,0,2,"05",17000
"6268456","50100",10,0,2,"02",21800
"6268512","50100",15,0,0,"02",0
"6269880","50100",10,0,2,"02",65500
"6270208","50100",11,0,2,"02",32300
"6270508","50100",0,1,1,"  ",0
"6271388","50100",11,0,3,"02",71080
"6272392","50100",10,0,1,"02",13260
"6272729","50100",31,0,3,"03",41000
"6272810","50100",15,0,0,"02",0
"6276476","50100",10,0,2,"02",296300
"6276806","50100",43,0,1,"02",102200
"6276895","50100",10,0,3,"02",34100
"6277045","50100",15,0,0,"02",0
"6278085","50100",21,0,4,"01",32900
"6278208","50100",16,0,2,"02",40000
"6278705","50100",11,0,2,"02",15100
"6278738","50100",48,0,1,"02",21000
"6279942","50100",10,0,8,"02",13000
"6282037","50100",10,0,2,"02",92400
"6282071","50100",11,0,3,"02",64220
"6282453","50100",42,0,1,"02",22400
"6282834","50100",29,0,0,"02",0
"6282841","50100",58,0,4,"04",33800
"6283128","50100",32,0,2,"02",51800
"6283235","50100",11,0,1,"05",31200
"6283427","50100",16,0,6,"02",63350
"6283568","50100",11,0,1,"02",10094
"6284525","50100",11,0,2,"02",19600
"6285026","50100",16,0,3,"04",14200
"6285854","50100",26,0,2,"02",83700
"6286559","50100",11,0,2,"03",48250
"6286662","50100",37,0,1,"02",14600
"6286847","50100",5,0,3,"02",105430
"6287090","50100",0,1,1,"  ",0
"6287362","50100",0,2,1,"  ",0
"6287631","50100",11,0,2,"02",120700
"6288883","50100",16,0,2,"02",8200
"6289695","50100",0,2,1,"  ",0
"6290346","50100",16,0,1,"02",90000
"6290645","50100",14,0,0,"02",0
"6293266","50100",16,0,2,"02",112500
"6293548","50100",32,0,1,"04",20710
"6294891","50100",10,0,2,"02",25020
"6294965","50100",53,0,1,"01",8100
"6295087","50100",32,0,5,"02",72500
"6296898","50100",10,0,2,"02",52970
"6297053","50100",10,0,3,"02",37000
"6298274","50100",11,0,3,"04",31900
"6298315","50100",0,1,1,"  ",0
"6298557","50100",5,0,5,"02",69000
"6299661","50100",5,0,3,"04",38000
"6299753","50100",11,0,3,"02",56100
"6299788","50100",11,0,5,"02",68600
"6301359","50100",22,0,0,"02",0
"6302777","50100",43,0,1,"01",6200
"6303852","50100",42,0,2,"02",105400
"6303944","50100",11,0,1,"02",29220
"6305717","50100",32,0,4,"02",61600
"6306208","50100",10,0,2,"02",22000
"6306512","50100",21,0,2,"04",29000
"6307752","50100",10,0,2,"02",199700
"6308652","50100",37,0,4,"02",84000
"6308917","50100",24,0,2,"05",29700
"6309103","50100",11,0,1,"02",13000
"6309274","50100",22,0,0,"02",0
"6309476","50100",0,2,1,"  ",0
"6309592","50100",80,0,3,"02",160000
"6309601","50100",42,0,1,"02",50600
"6309703","50100",21,0,1,"01",44300
"6310461","50100",16,0,2,"05",24600
"6311254","50100",26,0,1,"05",16700
"6311671","50100",37,0,4,"02",66700
"6312331","50100",7,0,0,"05",0
"6313289","50100",22,0,0,"02",0
"6313390","50100",14,0,0,"02",0
"6313992","50100",11,0,4,"02",283800
"6315621","50100",14,0,0,"02",0
"6315842","50100",53,0,2,"02",94900
"6316242","50100",11,0,4,"02",59000
"6316898","50100",16,0,2,"04",30000
"6316916","50100",26,0,1,"02",6820
"6317008","50100",10,0,2,"03",12800
"6318223","50100",26,0,5,"02",61000
"6318545","50100",15,0,0,"02",0
"6318912","50100",0,2,1,"  ",0
"6319424","50100",11,0,1,"02",34150
"6319548","50100",11,0,3,"02",39150
"6319814","50100",16,0,1,"02",12500
"6320301","50100",0,2,1,"  ",0
"6320532","50100",11,0,2,"01",45700
"6320901","50100",10,0,1,"02",35700
"6321153","50100",43,0,1,"08",9600
"6321504","50100",11,0,2,"02",3060
"6321681","50100",18,0,4,"07",56200
"6321800","50100",11,0,1,"02",27420
"6322111","50100",10,0,4,"02",61400
"6323667","50100",10,0,5,"02",114400
"6324065","50100",15,0,2,"01",19700
"6324199","50100",74,0,0,"09",0
"6324904","50100",31,0,3,"02",71720
"6326899","50100",10,0,1,"06",7000
"6329454","50100",22,0,0,"02",0
"6330293","50100",22,0,0,"04",0
"6332040","50100",0,2,1,"  ",0
"6332304","50100",10,0,2,"02",42500
"6332435","50100",42,0,2,"06",14140
"6336069","50100",32,0,3,"02",69200
"6336785","50100",15,0,0,"02",0
"6336938","50100",16,0,3,"07",18000
"6337909","50100",16,0,1,"02",1000
"6338007","50100",16,0,3,"02",47000
"6338619","50100",11,0,4,"02",28300
"6339631","50100",15,0,0,"01",0
"6340984","50100",15,0,0,"02",0
"6341011","50100",0,2,1,"  ",0
"6341662","50100",15,0,0,"02",0
"6342877","50100",27,0,1,"08",22000
"6343190","50100",11,0,2,"02",36800
"6343224","50100",22,0,0,"02",0
"6343808","50100",37,0,1,"08",28000
"6343901","50100",16,0,1,"02",131400
"6344072","50100",11,0,2,"02",46400
"6344861","50100",37,0,4,"02",44900
"6346130","50100",0,1,1,"  ",0
"6347196","50100",11,0,1,"02",6200
"6347767","50100",43,0,4,"02",34000
"6349352","50100",0,2,1,"  ",0
"6349788","50100",26,0,3,"02",71400
"6350020","50100",43,0,1,"05",33100
"6350039","50100",0,2,1,"  ",0
"6350447","50100",0,2,1,"  ",0
"6350509","50100",31,0,2,"02",115400
"6351322","50100",10,0,2,"02",20300
"6351517","50100",11,0,1,"01",12000
"6352551","50100",42,0,2,"04",44150
"6353243","50100",0,2,1,"  ",0
"6353406","50100",10,0,3,"02",70300
"6353494","50100",18,0,5,"01",20800
"6353878","50100",11,0,4,"02",255200
"6354040","50100",37,0,1,"02",30800
"6354541","50100",0,1,1,"  ",0
"6355029","50100",11,0,1,"02",17700
"6355256","50100",10,0,4,"02",39800
"6355307","50100",52,0,3,"02",129000
"6355558","50100",10,0,1,"02",17660
"6356629","50100",16,0,4,"02",30400
"6357121","50100",15,0,0,"04",0
"6357377","50100",10,0,1,"02",47000
"6357796","50100",48,0,1,"03",44000
"6358520","50100",22,0,0,"02",0
"6359535","50100",15,0,0,"02",0
"6359972","50100",42,0,1,"03",24000
"6360756","50100",0,2,1,"  ",0
"6361153","50100",0,2,1,"  ",0
"6361159","50100",16,0,2,"02",91300
"6361247","50100",37,0,2,"07",38300
"6361312","50100",5,0,3,"01",50000
"6361664","50100",32,0,1,"05",10880
"6361849","50100",10,0,2,"02",80000
"6362398","50100",11,0,3,"01",67200
"6362576","50100",42,0,2,"02",66500
"6363193","50100",42,0,4,"02",13000
"6363480","50100",11,0,2,"02",95300
"6363719","50100",11,0,4,"02",28000
"6363786","50100",42,0,1,"09",5000
"6364107","50100",11,0,1,"02",30400
"6364404","50100",32,0,6,"02",65000
"6364633","50100",11,0,4,"02",51000
"6365816","50100",42,0,1,"02",27100
"6366118","50100",32,0,4,"02",100300
"6366180","50100",11,0,3,"02",51750
"6369072","50100",53,0,1,"02",21800
"6369167","50100",0,2,1,"  ",0
"6369187","50100",10,0,3,"02",57000
"6369430","50100",22,0,0,"01",0
"6369530","50100",10,0,1,"02",22500
"6369654","50100",32,0,2,"04",61000
"6369759","50100",11,0,3,"04",43000
"6370504","50100",22,0,0,"02",0
"6371999","50100",11,0,4,"02",92300
"6372527","50100",11,0,1,"05",18400
"6372916","50100",10,0,1,"02",12000
"6373184","50100",11,0,2,"03",31200
"6375368","50100",27,0,2,"02",28680
"6375501","50100",15,0,0,"02",0
"6376925","50100",15,0,2,"02",12200
"6377676","50100",37,0,4,"02",35000
"6378506","50100",37,0,4,"02",76000
"6380046","50100",16,0,4,"02",71600
"6381709","50100",0,1,1,"  ",0
"6383513","50100",15,0,0,"02",0
"6383772","50100",10,0,4,"02",46000
"6385036","50100",10,0,3,"02",56000
"6385125","50100",26,0,6,"02",52300
"6385791","50100",22,0,4,"02",65600
"6386927","50100",10,0,4,"02",32300
"6386956","50100",15,0,5,"02",112610
"6387012","50100",11,0,1,"01",4000
"6387022","50100",11,0,2,"02",85500
"6387848","50100",22,0,0,"02",0
"6389091","50100",10,0,2,"02",85940
"6389484","50100",16,0,5,"02",75120
"6392517","50100",21,0,2,"02",40350
"6392703","50100",10,0,1,"01",15000
"6393381","50100",27,0,3,"05",15600
"6393708","50100",22,0,0,"02",0
"6393716","50100",43,0,4,"04",14930
"6393897","50100",11,0,1,"02",51500
"6394968","50100",10,0,4,"02",33800
"6395709","50100",14,0,0,"02",0
"6396530","50100",16,0,1,"02",28200
"6396786","50100",47,0,2,"02",72000
"6397123","50100",11,0,1,"02",6000
"6397479","50100",10,0,3,"02",62550
"6398302","50100",43,0,4,"02",65000
"6398784","50100",16,0,1,"02",45000
"6399183","50100",5,0,2,"02",52000
"6399515","50100",32,0,3,"01",67500
"6400421","50100",6,0,2,"02",31200
"6401286","50100",15,0,0,"01",0
"6401582","50100",26,0,1,"02",16400
"6401829","50100",10,0,3,"02",47300
"6402280","50100",37,0,3,"01",36000
"6402289","50100",0,1,1,"  ",0
"6402328","50100",0,2,1,"  ",0
"6402483","50100",32,0,3,"06",35200
"6404540","50100",5,0,1,"02",750
"6406536","50100",16,0,3,"03",135750
"6406918","50100",11,0,4,"01",5010
"6407796","50100",0,2,1,"  ",0
"6409533","50100",16,0,2,"02",97000
"6409759","50100",0,2,1,"  ",0
"6410066","50100",11,0,1,"02",0
"6410111","50100",22,0,2,"02",39400
"6412261","50100",21,0,1,"01",31000
"6412444","50100",14,0,0,"07",0
"6413055","50100",42,0,2,"02",59000
"6413483","50100",16,0,1,"01",20000
"6413639","50100",0,1,1,"  ",0
"6413969","50100",162,0,0,"02",0
"6414814","50100",10,0,3,"04",57700
"6415451","50100",11,0,6,"02",55600
"6415824","50100",11,0,2,"02",43000
"6416442","50100",27,0,2,"02",59400
"6416525","50100",0,2,1,"  ",0
"6416610","50100",26,0,2,"03",28000
"6416673","50100",26,0,4,"02",94300
"6417185","50100",22,0,0,"02",0
"6417534","50100",11,0,2,"02",22780
"6419668","50100",11,0,2,"02",108000
"6420197","50100",11,0,4,"02",62200
"6420227","50100",43,0,4,"02",133190
"6420395","50100",10,0,4,"02",42500
"6420473","50100",10,0,1,"06",13800
"6420668","50100",48,0,2,"02",40600
"6420672","50100",15,0,0,"02",0
"6423126","50100",11,0,4,"02",58800
"6424446","50100",37,0,2,"05",177020
"6425470","50100",14,0,0,"04",0
"6425577","50100",0,1,1,"  ",0
"6426696","50100",11,0,1,"04",7350
"6426785","50100",11,0,2,"02",86000
"6426887","50100",11,0,2,"02",32000
"6426990","50100",0,2,1,"  ",0
"6427881","50100",14,0,0,"06",0
"6428873","50100",22,0,0,"02",0
"6429101","50100",10,0,1,"02",25000
"6429665","50100",15,0,0,"01",0
"6430270","50100",11,0,4,"02",76700
"6430288","50100",11,0,7,"02",83470
"6431399","50100",10,0,5,"02",75200
"6431613","50100",27,0,4,"02",79700
"6431840","50100",14,0,0,"02",0
"6432002","50100",10,0,4,"02",56690
"6432187","50100",11,0,3,"02",12600
"6433770","50100",32,0,1,"06",8600
"6435000","50100",42,0,2,"02",295400
"6436103","50100",5,0,4,"02",35200
"6436171","50100",10,0,1,"02",61000
"6436360","50100",15,0,0,"02",0
"6437515","50100",42,0,1,"01",13790
"6438256","50100",16,0,1,"02",1100
"6438289","50100",10,0,1,"02",15800
"6438659","50100",22,0,4,"01",23200
"6439478","50100",26,0,1,"05",0
"6441033","50100",11,0,2,"04",78000
"6441312","50100",10,0,3,"02",24000
"6441998","50100",10,0,1,"03",29600
"6442115","50100",22,0,1,"02",28000
"6444911","50100",79,0,5,"02",76000
"6445421","50100",15,0,0,"02",0
"6445546","50100",11,0,2,"02",37700
"6446175","50100",15,0,0,"02",0
"6446226","50100",15,0,0,"02",0
"6448095","50100",10,0,4,"02",34100
"6449330","50100",15,0,0,"02",0
"6449530","50100",37,0,2,"03",111180
"6450094","50100",11,0,1,"01",12600
"6450286","50100",22,0,0,"02",0
"6451131","50100",26,0,4,"04",54200
"6451888","50100",11,0,4,"02",305000
"6452672","50100",52,0,0,"04",0
"6452915","50100",11,0,2,"01",29600
"6453071","50100",0,2,1,"  ",0
"6453324","50100",10,0,2,"05",45400
"6456830","50100",11,0,1,"06",22700
"6457099","50100",47,0,1,"03",50000
"6457444","50100",48,0,1,"02",121900
"6457601","50100",21,0,1,"01",10000
"6458195","50100",10,0,2,"01",28900
"6458931","50100",11,0,4,"02",138700
"6459333","50100",27,0,1,"03",46810
"6459879","50100",0,1,1,"  ",0
"6459996","50100",21,0,2,"01",24000
"6460055","50100",32,0,2,"02",55290
"6461338","50100",11,0,2,"01",51600
"6461361","50100",48,0,5,"04",57000
"6461666","50100",10,0,4,"02",135000
"6462578","50100",6,0,4,"01",28700
"6463269","50100",11,0,3,"01",46400
"6463935","50100",10,0,2,"02",97500
"6463988","50100",10,0,3,"02",69000
"6464024","50100",10,0,1,"06",10400
"6465884","50100",14,0,0,"02",0
"6466087","50100",27,0,1,"01",22800
"6467714","50100",29,0,0,"02",0
"6469444","50100",0,1,1,"  ",0
"6469527","50100",21,0,5,"02",51700
"6470825","50100",11,0,5,"02",76400
"6471033","50100",11,0,2,"06",67000
"6471128","50100",16,0,4,"02",63800
"6471741","50100",10,0,4,"02",48000
"6472830","50100",29,0,0,"03",0
"6473351","50100",11,0,1,"02",11300
"6473446","50100",11,0,3,"04",23200
"6473501","50100",42,0,3,"04",12000
"6474559","50100",48,0,1,"05",6000
"6475030","50100",11,0,2,"02",69000
"6475128","50100",16,0,1,"05",6400
"6476254","50100",16,0,1,"02",40000
"6477272","50100",42,0,4,"05",28000
"6477474","50100",15,0,0,"03",0
"6480307","50100",16,0,2,"02",57000
"6480699","50100",23,0,0,"02",0
"6481170","50100",29,0,0,"02",0
"6483249","50100",21,0,1,"08",5600
"6483939","50100",15,0,0,"02",0
"6484136","50100",15,0,0,"02",0
"6484849","50100",0,2,1,"  ",0
"6486019","50100",0,1,1,"  ",0
"6486084","50100",37,0,2,"02",100060
"6486428","50100",11,0,3,"02",27400
"6486607","50100",16,0,2,"02",25300
"6487082","50100",10,0,3,"02",86400
"6487568","50100",22,0,0,"02",0
"6487830","50100",37,0,4,"02",29500
"6489650","50100",16,0,3,"02",66000
"6491235","50100",0,1,1,"  ",0
"6491475","50100",27,0,2,"02",7600
"6491975","50100",11,0,4,"02",40000
"6493364","50100",11,0,3,"02",60000
"6494651","50100",0,2,1,"  ",0
"6497999","50100",11,0,2,"02",51400
"6498216","50100",42,0,2,"03",115000
"6498243","50100",14,0,0,"10",0
"6498293","50100",21,0,2,"07",138600
"6498745","50100",10,0,2,"02",51500
"6499017","50100",16,0,3,"02",68000
"6499616","50100",16,0,3,"04",65280
"6500241","50100",10,0,1,"02",40000
"6500346","50100",10,0,1,"02",7500
"6501124","50100",10,0,2,"02",32800
"6501325","50100",11,0,5,"02",76500
"6501335","50100",10,0,3,"02",77000
"6501426","50100",15,0,0,"02",0
"6501625","50100",10,0,1,"02",37100
"6502734","50100",11,0,5,"02",44020
"6503302","50100",11,0,2,"02",20600
"6505454","50100",10,0,5,"02",79700
"6505845","50100",11,0,2,"02",17600
"6506617","50100",11,0,2,"02",97460
"6508221","50100",48,0,1,"04",14000
"6508756","50100",27,0,2,"02",47000
"6510527","50100",0,2,1,"  ",0
"6510740","50100",10,0,2,"02",43710
"6511324","50100",37,0,2,"02",21000
"6512606","50100",22,0,0,"02",0
"6512922","50100",10,0,2,"02",34300
"6513237","50100",10,0,1,"01",27000
"6513403","50100",5,0,2,"02",30700
"6513678","50100",15,0,0,"02",0
"6514230","50100",11,0,2,"02",102800
"6514966","50100",42,0,1,"01",10770
"6514985","50100",10,0,2,"02",3990
"6515952","50100",14,0,0,"02",0
"6516113","50100",15,0,0,"02",0
"6518123","50100",16,0,2,"01",47400
"6518937","50100",11,0,3,"02",80500
"6519860","50100",42,0,4,"02",81434
"6520348","50100",16,0,5,"02",40600
"6520468","50100",0,2,1,"  ",0
"6522063","50100",53,0,2,"02",29200
"6522088","50100",11,0,2,"02",63500
"6522681","50100",11,0,4,"02",115000
"6523117","50100",32,0,2,"04",25700
"6523967","50100",16,0,5,"02",41000
"6524084","50100",0,2,1,"  ",0
"6524412","50100",10,0,1,"02",18800
"6525169","50100",10,0,5,"02",28100
"6526952","50100",11,0,1,"02",7700
"6527672","50100",11,0,1,"05",9900
"6527908","50100",0,1,1,"  ",0
"6527956","50100",16,0,5,"02",62000
"6529222","50100",48,0,3,"04",41000
"6529435","50100",11,0,2,"02",97800
"6530628","50100",22,0,2,"02",88900
"6530822","50100",37,0,3,"02",58700
"6532365","50100",15,0,0,"05",0
"6532949","50100",15,0,0,"02",0
"6533313","50100",0,2,1,"  ",0
"6533341","50100",15,0,0,"02",0
"6533913","50100",11,0,2,"02",36000
"6534012","50100",37,0,5,"01",49600
"6534124","50100",11,0,1,"02",26000
"6534344","50100",53,0,2,"02",30500
"6536075","50100",15,0,0,"01",0
"6536953","50100",10,0,1,"03",18570
"6537029","50100",11,0,1,"01",13500
"6537457","50100",32,0,2,"01",46000
"6538275","50100",37,0,3,"02",47700
"6538432","50100",5,0,2,"02",56100
"6539648","50100",21,0,6,"02",52950
"6540094","50100",5,0,5,"02",28100
"6540746","50100",11,0,2,"01",28800
"6542573","50100",10,0,3,"05",74000
"6543890","50100",10,0,1,"02",46000
"6544060","50100",37,0,5,"02",43000
"6546173","50100",11,0,1,"06",6920
"6546878","50100",32,0,2,"01",13200
"6547049","50100",16,0,4,"02",70000
"6547216","50100",11,0,4,"02",37600
"6547622","50100",10,0,1,"02",113900
"6547740","50100",15,0,0,"02",0
"6548616","50100",22,0,0,"03",0
"6548893","50100",10,0,2,"02",50000
"6549217","50100",11,0,6,"01",57800
"6550483","50100",16,0,2,"02",21800
"6551723","50100",11,0,4,"05",25300
"6553374","50100",37,0,2,"02",29700
"6554686","50100",11,0,1,"02",123800
"6555301","50100",10,0,1,"05",17000
"6555719","50100",44,0,0,"01",0
"6557018","50100",32,0,1,"02",78400
"6558011","50100",31,0,2,"02",25950
"6558636","50100",47,0,4,"02",106400
"6560752","50100",32,0,4,"01",31000
"6560822","50100",0,1,1,"  ",0
"6564043","50100",0,1,1,"  ",0
"6565737","50100",10,0,5,"03",105000
"6566802","50100",10,0,4,"06",14280
"6567117","50100",31,0,2,"06",29000
"6567490","50100",10,0,2,"02",17800
"6567992","50100",11,0,1,"06",18300
"6568091","50100",15,0,2,"02",96420
"6568573","50100",0,2,1,"  ",0
"6568816","50100",37,0,2,"02",57600
"6569228","50100",16,0,4,"01",45000
"6571431","50100",53,0,1,"06",15000
"6571557","50100",32,0,2,"04",32000
"6571819","50100",0,2,1,"  ",0
"6572091","50100",10,0,1,"06",27600
"6573042","50100",15,0,0,"02",0
"6573279","50100",37,0,5,"02",46850
"6574044","50100",11,0,4,"02",75700
"6574784","50100",22,0,0,"02",0
"6576891","50100",11,0,3,"02",58970
"6577244","50100",31,0,3,"02",72100
"6578191","50100",37,0,1,"02",7220
"6578755","50100",37,0,2,"07",10500
"6581117","50100",16,0,2,"02",42660
"6581785","50100",14,0,0,"01",0
"6581838","50100",15,0,0,"02",0
"6582986","50100",42,0,2,"05",55810
"6583545","50100",15,0,0,"06",0
"6584051","50100",21,0,2,"04",56160
"6584838","50100",0,1,1,"  ",0
"6585142","50100",0,2,1,"  ",0
"6586148","50100",0,2,1,"  ",0
"6586199","50100",10,0,1,"02",5700
"6586641","50100",43,0,3,"02",49100
"6587318","50100",0,2,1,"  ",0
"6588447","50100",14,0,0,"08",0
"6588983","50100",6,0,2,"02",64000
"6590343","50100",16,0,2,"02",54580
"6590439","50100",10,0,2,"02",182400
"6590542","50100",37,0,0,"02",0
"6590938","50100",16,0,1,"04",30000
"6591906","50100",32,0,2,"02",35000
"6593167","50100",10,0,4,"02",85060
"6593486","50100",42,0,3,"02",22200
"6593836","50100",21,0,2,"02",32100
"6594146","50100",15,0,3,"02",299600
"6594188","50100",10,0,2,"02",6600
"6595039","50100",16,0,2,"02",211800
"6595346","50100",59,0,0,"02",0
"6597025","50100",11,0,1,"04",8500
"6597379","50100",10,0,2,"02",122200
"6597736","50100",30,0,0,"02",0
"6598353","50100",10,0,4,"01",63400
"6598456","50100",11,0,1,"02",3500
"6598693","50100",51,0,0,"02",0
"6598971","50100",43,0,1,"02",19200
"6599978","50100",47,0,2,"02",39000
"6600725","50100",0,2,1,"  ",0
"6600899","50100",14,0,0,"04",0
"6601348","50100",21,0,4,"02",61500
"6601358","50100",29,0,0,"02",0
"6601428","50100",11,0,5,"02",1e+05
"6601722","50100",11,0,2,"02",24600
"6602565","50100",11,0,4,"02",53000
"6608933","50100",11,0,2,"02",95000
"6610534","50100",11,0,2,"02",74000
"6611265","50100",10,0,1,"02",8030
"6612032","50100",32,0,2,"02",28240
"6613444","50100",10,0,1,"02",33900
"6613943","50100",16,0,1,"02",8000
"6613996","50100",48,0,2,"02",175100
"6614077","50100",11,0,1,"01",29000
"6614132","50100",11,0,2,"01",45000
"6614447","50100",5,0,5,"05",30400
"6614620","50100",15,0,0,"02",0
"6614886","50100",11,0,1,"05",21000
"6615001","50100",0,2,1,"  ",0
"6615166","50100",11,0,2,"03",24330
"6615815","50100",11,0,2,"02",32800
"6616304","50100",10,0,3,"02",18900
"6616616","50100",11,0,2,"02",40000
"6616981","50100",32,0,4,"02",44500
"6617397","50100",26,0,4,"02",63400
"6617755","50100",5,0,4,"02",38400
"6617991","50100",10,0,6,"02",33500
"6618775","50100",16,0,1,"02",9800
"6619047","50100",16,0,2,"02",28200
"6620865","50100",37,0,2,"02",25500
"6621672","50100",10,0,2,"02",23100
"6621703","50100",10,0,2,"02",49700
"6622721","50100",11,0,1,"02",9120
"6624584","50100",11,0,2,"02",96000
"6625383","50100",10,0,2,"07",13100
"6625623","50100",29,0,0,"02",0
"6625757","50100",11,0,1,"02",32000
"6626247","50100",11,0,1,"02",20300
"6626408","50100",37,0,2,"02",23360
"6626981","50100",10,0,1,"02",9200
"6627137","50100",11,0,2,"02",21000
"6628152","50100",11,0,2,"02",41180
"6628267","50100",5,0,3,"02",47500
"6628453","50100",31,0,2,"04",34000
"6629212","50100",42,0,2,"02",25100
"6629708","50100",0,1,1,"  ",0
"6630208","50100",5,0,3,"02",89700
"6630621","50100",5,0,5,"02",41000
"6631525","50100",27,0,1,"04",62000
"6632005","50100",10,0,1,"02",72000
"6633213","50100",15,0,0,"02",0
"6634050","50100",10,0,2,"01",22600
"6634240","50100",0,2,1,"  ",0
"6634664","50100",21,0,3,"01",28200
"6635389","50100",11,0,1,"02",28020
"6635496","50100",47,0,2,"02",20400
"6637302","50100",48,0,1,"06",18000
"6638073","50100",10,0,1,"07",50800
"6639687","50100",15,0,0,"02",0
"6640216","50100",21,0,4,"02",140000
"6641577","50100",11,0,3,"02",76300
"6642374","50100",42,0,5,"02",65200
"6643306","50100",10,0,3,"02",37010
"6643766","50100",21,0,1,"04",6900
"6645824","50100",53,0,1,"08",20804
"6645968","50100",10,0,2,"02",70700
"6646121","50100",16,0,1,"02",55900
"6646872","50100",11,0,2,"01",7200
"6647337","50100",10,0,5,"02",12000
"6647866","50100",21,0,5,"02",40300
"6648374","50100",11,0,2,"02",47420
"6650096","50100",16,0,6,"02",15020
"6650795","50100",10,0,3,"02",28600
"6650891","50100",53,0,3,"02",83200
"6651840","50100",11,0,1,"02",59450
"6652079","50100",15,0,0,"02",0
"6652452","50100",37,0,1,"04",32000
"6652810","50100",0,2,1,"  ",0
"6652981","50100",177,0,0,"02",0
"6654464","50100",32,0,2,"02",42320
"6655981","50100",11,0,3,"02",290000
"6657601","50100",16,0,1,"02",0
"6657862","50100",21,0,5,"02",48000
"6657949","50100",10,0,1,"02",25000
"6658648","50100",10,0,1,"04",26100
"6659341","50100",11,0,1,"03",13700
"6659379","50100",11,0,2,"02",26100
"6659627","50100",11,0,5,"02",31000
"6660354","50100",37,0,3,"04",74000
"6662135","50100",5,0,3,"02",32700
"6662456","50100",47,0,1,"06",20000
"6662646","50100",15,0,0,"02",0
"6663118","50100",27,0,2,"01",17300
"6664068","50100",10,0,4,"02",74000
"6664862","50100",10,0,5,"02",53200
"6665501","50100",16,0,1,"02",26000
"6666454","50100",11,0,3,"02",32800
"6666593","50100",32,0,1,"01",10200
"6667915","50100",15,0,0,"01",0
"6668825","50100",10,0,1,"02",7000
"6669086","50100",0,2,1,"  ",0
"6669468","50100",0,2,1,"  ",0
"6670344","50100",11,0,2,"02",41400
"6670510","50100",16,0,3,"02",130100
"6670763","50100",16,0,1,"01",13500
"6670959","50100",16,0,2,"02",41100
"6671474","50100",10,0,4,"02",102100
"6671618","50100",27,0,2,"02",76000
"6671897","50100",16,0,2,"02",6800
"6673067","50100",5,0,5,"04",53000
"6673122","50100",0,2,1,"  ",0
"6673550","50100",11,0,1,"02",13000
"6674308","50100",15,0,0,"03",0
"6674704","50100",10,0,3,"06",18600
"6677076","50100",16,0,3,"02",63390
"6677690","50100",0,1,1,"  ",0
"6680395","50100",16,0,2,"01",25500
"6681527","50100",29,0,0,"02",0
"6681998","50100",27,0,4,"02",44110
"6682138","50100",37,0,1,"04",339000
"6682932","50100",22,0,0,"03",0
"6683128","50100",43,0,1,"02",16000
"6684230","50100",11,0,1,"08",7800
"6684549","50100",16,0,4,"02",460300
"6686257","50100",15,0,0,"02",0
"6686269","50100",10,0,4,"02",16000
"6687814","50100",16,0,4,"01",94000
"6688041","50100",11,0,2,"02",62010
"6688896","50100",15,0,1,"03",309000
"6690048","50100",37,0,2,"02",36420
"6690173","50100",11,0,4,"02",51200
"6690663","50100",0,2,1,"  ",0
"6692306","50100",15,0,4,"02",79500
"6692974","50100",14,0,0,"02",0
"6693080","50100",6,0,2,"02",90080
"6695448","50100",26,0,2,"02",37800
"6695491","50100",16,0,5,"01",19300
"6695548","50100",11,0,4,"02",72600
"6695637","50100",21,0,2,"02",9000
"6697039","50100",32,0,3,"02",52000
"6697061","50100",0,2,1,"  ",0
"6697070","50100",31,0,2,"01",52000
"6697251","50100",10,0,3,"02",55150
"6698241","50100",15,0,0,"03",0
"6698700","50100",32,0,1,"02",44300
"6699009","50100",42,0,1,"08",31700
"6699518","50100",10,0,2,"02",36500
"6700086","50100",26,0,5,"02",54000
"6701225","50100",32,0,2,"02",20550
"6701791","50100",43,0,2,"02",39100
"6703231","50100",11,0,2,"02",66700
"6703792","50100",21,0,1,"02",30000
"6703874","50100",11,0,2,"02",87670
"6704670","50100",16,0,3,"01",16000
"6705329","50100",11,0,3,"02",60200
"6705403","50100",11,0,4,"02",42300
"6705434","50100",11,0,2,"02",24500
"6709666","50100",11,0,5,"05",59000
"6711540","50100",16,0,7,"02",42800
"6711802","50100",10,0,1,"02",23000
"6711809","50100",15,0,1,"02",10400
"6712439","50100",26,0,2,"02",38000
"6712557","50100",26,0,5,"02",20000
"6714453","50100",0,2,1,"  ",0
"6714591","50100",14,0,0,"02",0
"6715159","50100",37,0,1,"06",29000
"6716908","50100",22,0,0,"02",0
"6717159","50100",15,0,4,"02",73000
"6717298","50100",10,0,2,"02",38000
"6717860","50100",31,0,1,"08",9750
"6718272","50100",22,0,0,"02",0
"6718282","50100",10,0,5,"04",17020
"6721152","50100",16,0,3,"02",81000
"6721540","50100",22,0,0,"02",0
"6722173","50100",10,0,4,"02",43000
"6722982","50100",22,0,3,"02",28900
"6723736","50100",32,0,1,"02",12800
"6724132","50100",11,0,1,"02",22900
"6725406","50100",32,0,4,"04",47500
"6725550","50100",11,0,2,"02",25300
"6725969","50100",21,0,3,"02",68000
"6726297","50100",11,0,1,"05",27000
"6727340","50100",16,0,1,"02",8050
"6728095","50100",31,0,1,"09",13000
"6730178","50100",10,0,4,"02",54450
"6730606","50100",10,0,3,"02",6500
"6732691","50100",16,0,4,"02",76000
"6733269","50100",42,0,2,"01",23100
"6733664","50100",11,0,2,"02",174050
"6734662","50100",15,0,2,"02",67800
"6734814","50100",48,0,2,"05",10400
"6735435","50100",0,1,1,"  ",0
"6736504","50100",10,0,2,"02",18000
"6737788","50100",21,0,4,"02",41800
"6738408","50100",11,0,3,"03",50000
"6738583","50100",26,0,2,"01",19300
"6738717","50100",42,0,3,"01",28090
"6739012","50100",63,0,3,"04",860
"6739958","50100",21,0,1,"06",18300
"6740384","50100",15,0,0,"03",0
"6740527","50100",0,1,1,"  ",0
"6741350","50100",22,0,0,"06",0
"6742037","50100",15,0,0,"02",0
"6745082","50100",15,0,0,"02",0
"6746306","50100",6,0,4,"02",84280
"6746636","50100",37,0,1,"07",8700
"6749062","50100",11,0,1,"04",5300
"6749542","50100",42,0,1,"02",27900
"6750174","50100",0,2,1,"  ",0
"6750510","50100",11,0,2,"02",21600
"6750666","50100",22,0,0,"02",0
"6750970","50100",16,0,4,"02",73100
"6751099","50100",11,0,3,"05",23000
"6752691","50100",15,0,0,"02",0
"6753044","50100",22,0,0,"02",0
"6753547","50100",43,0,6,"02",27900
"6753595","50100",0,2,1,"  ",0
"6753935","50100",16,0,1,"02",15610
"6754348","50100",15,0,0,"01",0
"6754810","50100",16,0,5,"02",18340
"6756592","50100",27,0,2,"06",29000
"6756621","50100",0,1,1,"  ",0
"6757794","50100",16,0,3,"02",53600
"6758434","50100",10,0,5,"02",50800
"6758680","50100",16,0,3,"02",80700
"6760225","50100",10,0,3,"02",43000
"6760317","50100",37,0,1,"02",8370
"6760326","50100",10,0,1,"04",38050
"6761152","50100",10,0,4,"02",62000
"6761446","50100",42,0,2,"02",40000
"6761600","50100",11,0,4,"02",121500
"6761916","50100",10,0,4,"05",46400
"6763863","50100",15,0,0,"02",0
"6765289","50100",16,0,3,"02",50000
"6765613","50100",43,0,1,"02",13300
"6765741","50100",63,0,3,"02",75550
"6766175","50100",10,0,1,"04",7900
"6766249","50100",10,0,4,"02",41500
"6766507","50100",16,0,2,"02",35740
"6769257","50100",7,0,0,"02",0
"6769396","50100",11,0,4,"02",55400
"6769401","50100",11,0,4,"02",26400
"6771196","50100",22,0,0,"02",0
"6771885","50100",10,0,3,"02",43520
"6774003","50100",10,0,2,"02",52500
"6774137","50100",43,0,1,"02",88400
"6774513","50100",37,0,4,"02",68000
"6774652","50100",27,0,4,"02",17400
"6775261","50100",10,0,3,"03",12530
"6775598","50100",10,0,4,"02",65600
"6776208","50100",11,0,4,"02",70300
"6776231","50100",11,0,4,"02",41500
"6776598","50100",16,0,1,"06",8010
"6776731","50100",21,0,3,"02",62400
"6776903","50100",11,0,3,"02",41500
"6777202","50100",15,0,0,"02",0
"6777354","50100",26,0,2,"02",14400
"6778720","50100",15,0,0,"02",0
"6778868","50100",11,0,3,"02",61000
"6779300","50100",16,0,4,"05",24100
"6780651","50100",0,1,1,"  ",0
"6780829","50100",27,0,5,"02",79120
"6781252","50100",14,0,0,"02",0
"6782101","50100",16,0,2,"02",29000
"6783137","50100",11,0,2,"02",47110
"6783190","50100",0,2,1,"  ",0
"6783320","50100",47,0,2,"02",26200
"6784319","50100",26,0,4,"02",89400
"6784531","50100",22,0,0,"10",0
"6784649","50100",11,0,1,"02",15000
"6784663","50100",11,0,2,"02",90000
"6784866","50100",47,0,4,"02",69000
"6785090","50100",10,0,2,"02",21000
"6785309","50100",11,0,3,"02",45260
"6785575","50100",10,0,3,"02",55000
"6785837","50100",11,0,2,"02",43000
"6786862","50100",5,0,2,"02",29530
"6788112","50100",16,0,6,"02",170730
"6788742","50100",22,0,0,"02",0
"6788897","50100",11,0,1,"02",26800
"6789122","50100",11,0,2,"04",38800
"6789341","50100",37,0,2,"02",77100
"6789541","50100",5,0,2,"02",6000
"6790526","50100",11,0,5,"05",91600
"6791335","50100",11,0,1,"08",6800
"6792678","50100",16,0,2,"01",32000
"6792699","50100",22,0,0,"02",0
"6793486","50100",11,0,3,"02",632500
"6793766","50100",37,0,2,"02",70800
"6794460","50100",22,0,1,"02",27200
"6794743","50100",27,0,1,"05",290000
"6795827","50100",15,0,0,"02",0
"6796150","50100",16,0,2,"02",70000
"6796299","50100",11,0,4,"02",21000
"6797117","50100",10,0,4,"02",45000
"6798549","50100",15,0,0,"02",0
"6798628","50100",0,2,1,"  ",0
"6798819","50100",0,2,1,"  ",0
"6798970","50100",0,2,1,"  ",0
"6799056","50100",11,0,2,"02",80300
"6802784","50100",11,0,1,"02",5800
"6802790","50100",16,0,2,"02",46000
"6803371","50100",0,1,1,"  ",0
"6803552","50100",53,0,1,"05",21300
"6803914","50100",10,0,2,"02",38870
"6804868","50100",32,0,2,"02",43100
"6805596","50100",10,0,2,"02",17700
"6806006","50100",15,0,0,"08",0
"6806078","50100",11,0,2,"02",16700
"6807283","50100",10,0,2,"02",52810
"6807423","50100",16,0,2,"02",59000
"6808548","50100",11,0,2,"02",61200
"6809963","50100",15,0,0,"02",0
"6811381","50100",21,0,3,"02",51150
"6811414","50100",15,0,0,"06",0
"6811580","50100",10,0,3,"02",75000
"6811732","50100",48,0,4,"02",68900
"6812418","50100",15,0,0,"03",0
"6812527","50100",22,0,0,"02",0
"6812545","50100",14,0,0,"05",0
"6813006","50100",48,0,5,"01",67420
"6813298","50100",38,0,1,"05",11300
"6815334","50100",0,2,1,"  ",0
"6815486","50100",0,2,1,"  ",0
"6816048","50100",22,0,0,"01",0
"6816080","50100",16,0,1,"02",36000
"6816544","50100",11,0,2,"01",13900
"6816666","50100",16,0,1,"02",17000
"6817426","50100",15,0,0,"02",0
"6819102","50100",11,0,1,"02",37200
"6819496","50100",43,0,1,"06",0
"6819595","50100",11,0,3,"01",15100
"6819748","50100",15,0,0,"01",0
"6819794","50100",37,0,2,"04",44004
"6820475","50100",11,0,5,"01",62020
"6820847","50100",0,2,1,"  ",0
"6820909","50100",5,0,2,"02",42920
"6821268","50100",10,0,1,"02",35700
"6821388","50100",14,0,0,"02",0
"6821941","50100",31,0,2,"02",27900
"6822557","50100",10,0,3,"02",65200
"6822692","50100",11,0,2,"02",20710
"6823140","50100",0,2,1,"  ",0
"6824175","50100",32,0,3,"02",108800
"6824563","50100",16,0,4,"02",47000
"6825051","50100",22,0,0,"02",0
"6825146","50100",30,0,0,"02",0
"6825196","50100",16,0,2,"02",79000
"6825815","50100",11,0,3,"02",35730
"6826111","50100",11,0,4,"02",22000
"6826324","50100",30,0,0,"02",0
"6826809","50100",10,0,4,"02",48680
"6827228","50100",14,0,0,"02",0
"6827470","50100",11,0,5,"01",12920
"6827565","50100",21,0,2,"01",27200
"6827609","50100",11,0,4,"01",20000
"6828039","50100",15,0,2,"04",30000
"6828610","50100",10,0,1,"02",11000
"6830545","50100",23,0,0,"02",0
"6832242","50100",14,0,0,"02",0
"6832826","50100",10,0,1,"05",6300
"6833152","50100",47,0,1,"02",70400
"6833563","50100",29,0,0,"02",0
"6834461","50100",10,0,2,"01",35000
"6834921","50100",11,0,1,"02",19580
"6835122","50100",11,0,3,"02",48100
"6835910","50100",30,0,0,"06",0
"6835919","50100",15,0,0,"01",0
"6837415","50100",47,0,2,"02",2e+05
"6837795","50100",10,0,1,"02",1100
"6838011","50100",27,0,8,"06",19150
"6838027","50100",37,0,0,"02",0
"6840200","50100",15,0,0,"02",0
"6840702","50100",15,0,0,"02",0
"6840961","50100",5,0,2,"04",36700
"6841070","50100",26,0,1,"02",25000
"6841299","50100",10,0,1,"02",14000
"6841569","50100",10,0,4,"02",62020
"6843965","50100",11,0,2,"03",101600
"6844234","50100",53,0,2,"03",58900
"6844477","50100",43,0,3,"05",30500
"6844843","50100",10,0,1,"02",17430
"6844918","50100",0,2,1,"  ",0
"6847061","50100",15,0,0,"02",0
"6848095","50100",10,0,2,"05",10200
"6848155","50100",11,0,2,"02",71100
"6848929","50100",26,0,1,"02",12300
"6848975","50100",26,0,4,"02",56100
"6851485","50100",11,0,2,"02",70500
"6853665","50100",0,1,1,"  ",0
"6854733","50100",10,0,1,"02",38500
"6855026","50100",16,0,1,"02",9800
"6855849","50100",15,0,0,"02",0
"6855920","50100",16,0,1,"08",11870
"6856092","50100",10,0,5,"02",77750
"6856172","50100",53,0,4,"02",50700
"6856474","50100",16,0,1,"02",17700
"6856734","50100",43,0,1,"08",10400
"6857564","50100",37,0,3,"02",60100
"6857838","50100",48,0,2,"02",75200
"6858296","50100",16,0,2,"02",87230
"6859751","50100",11,0,3,"02",49800
"6860626","50100",47,0,3,"01",32900
"6861879","50100",32,0,6,"05",12800
"6861961","50100",15,0,0,"02",0
"6862241","50100",27,0,2,"04",39500
"6863728","50100",11,0,6,"02",70100
"6864306","50100",32,0,2,"02",40100
"6864575","50100",48,0,3,"02",89000
"6865193","50100",0,2,1,"  ",0
"6865473","50100",11,0,2,"05",26600
"6867798","50100",11,0,2,"02",26510
"6867880","50100",42,0,4,"02",62150
"6868379","50100",11,0,3,"02",60420
"6869641","50100",15,0,0,"02",0
"6871185","50100",32,0,5,"02",99050
"6871194","50100",27,0,3,"01",52000
"6871701","50100",0,2,1,"  ",0
"6872215","50100",37,0,1,"05",20000
"6872822","50100",16,0,1,"04",7200
"6873431","50100",16,0,2,"05",36000
"6873910","50100",10,0,5,"02",77200
"6874971","50100",22,0,0,"02",0
"6875600","50100",37,0,4,"02",45110
"6877027","50100",10,0,3,"02",16800
"6877320","50100",10,0,4,"02",18600
"6877424","50100",16,0,2,"02",81300
"6877638","50100",42,0,1,"06",14000
"6878574","50100",37,0,6,"06",43050
"6879439","50100",32,0,2,"02",31000
"6880340","50100",11,0,2,"02",41000
"6880646","50100",11,0,2,"02",38670
"6883739","50100",15,0,0,"02",0
"6883949","50100",44,0,0,"02",0
"6885609","50100",10,0,6,"02",50700
"6885917","50100",32,0,4,"02",78300
"6886606","50100",14,0,0,"09",0
"6887071","50100",32,0,2,"01",10120
"6888276","50100",27,0,1,"06",30000
"6888415","50100",42,0,2,"02",135700
"6888836","50100",58,0,2,"02",145500
"6889008","50100",11,0,2,"02",39800
"6889023","50100",15,0,0,"02",0
"6889285","50100",15,0,0,"02",0
"6889301","50100",15,0,2,"02",18000
"6889828","50100",42,0,1,"07",16500
"6891245","50100",10,0,4,"02",34500
"6892602","50100",7,0,0,"02",0
"6892908","50100",10,0,1,"02",69100
"6893127","50100",21,0,1,"04",50
"6893844","50100",16,0,3,"02",40790
"6894716","50100",10,0,4,"01",25000
"6895556","50100",21,0,3,"02",23300
"6895799","50100",11,0,1,"02",23220
"6895899","50100",10,0,5,"02",82500
"6895981","50100",42,0,3,"02",61060
"6895983","50100",26,0,2,"03",76000
"6896929","50100",52,0,0,"04",0
"6898011","50100",10,0,5,"02",52560
"6900500","50100",15,0,0,"02",0
"6902494","50100",15,0,0,"02",0
"6903987","50100",16,0,3,"02",49980
"6904626","50100",11,0,4,"01",47000
"6904700","50100",16,0,2,"02",38000
"6905588","50100",11,0,2,"02",33100
"6908339","50100",0,2,1,"  ",0
"6908424","50100",11,0,2,"01",16110
"6910551","50100",10,0,4,"02",54610
"6911102","50100",26,0,2,"02",69560
"6911140","50100",48,0,1,"06",37000
"6913225","50100",10,0,1,"01",9800
"6913245","50100",10,0,3,"04",41300
"6913618","50100",11,0,1,"02",37100
"6914255","50100",11,0,2,"02",45340
"6914730","50100",11,0,3,"02",29200
"6916332","50100",16,0,2,"02",62170
"6917220","50100",16,0,1,"02",56000
"6917873","50100",11,0,4,"02",94000
"6918044","50100",42,0,5,"04",29700
"6918209","50100",11,0,2,"02",38800
"6920667","50100",16,0,5,"04",38000
"6921029","50100",21,0,3,"02",50400
"6921162","50100",16,0,3,"02",20300
"6921230","50100",15,0,0,"03",0
"6922385","50100",10,0,2,"02",14300
"6923396","50100",38,0,2,"02",64700
"6923478","50100",22,0,0,"06",0
"6923977","50100",15,0,0,"02",0
"6924184","50100",22,0,0,"02",0
"6924815","50100",11,0,2,"02",66200
"6926206","50100",15,0,0,"02",0
"6926323","50100",16,0,1,"08",19000
"6926403","50100",15,0,4,"02",40400
"6927273","50100",32,0,3,"01",25400
"6928501","50100",0,2,1,"  ",0
"6928719","50100",10,0,2,"01",44650
"6928835","50100",80,0,3,"02",211300
"6928969","50100",15,0,0,"02",0
"6929111","50100",10,0,3,"01",20580
"6929737","50100",16,0,3,"02",77500
"6930096","50100",15,0,0,"04",0
"6930151","50100",15,0,0,"02",0
"6930968","50100",37,0,3,"02",56100
"6931235","50100",16,0,1,"02",22000
"6931370","50100",10,0,3,"02",32600
"6931761","50100",0,2,1,"  ",0
"6932013","50100",10,0,3,"02",31920
"6932758","50100",15,0,0,"07",0
"6933390","50100",37,0,1,"02",30000
"6934394","50100",15,0,2,"02",43300
"6935013","50100",22,0,2,"02",46800
"6935086","50100",16,0,1,"02",109100
"6935682","50100",10,0,1,"02",35000
"6935789","50100",16,0,2,"02",58600
"6936019","50100",16,0,4,"02",48900
"6936378","50100",11,0,2,"02",14200
"6937170","50100",11,0,1,"02",48000
"6937549","50100",81,0,0,"02",0
"6937586","50100",37,0,1,"02",18100
"6937677","50100",11,0,2,"02",37000
"6937877","50100",16,0,1,"04",14000
"6938513","50100",10,0,2,"02",53200
"6938663","50100",16,0,1,"07",11700
"6939528","50100",16,0,4,"01",18258
"6941647","50100",16,0,3,"02",45000
"6943261","50100",14,0,0,"02",0
"6943410","50100",15,0,0,"06",0
"6943977","50100",22,0,0,"02",0
"6944572","50100",11,0,3,"02",78000
"6944856","50100",37,0,1,"02",28000
"6948311","50100",0,2,1,"  ",0
"6949686","50100",11,0,1,"02",42000
"6950164","50100",37,0,5,"02",35000
"6950249","50100",15,0,0,"02",0
"6950568","50100",37,0,1,"04",16000
"6951651","50100",38,0,3,"02",60000
"6953333","50100",0,2,1,"  ",0
"6953792","50100",11,0,1,"02",20700
"6954072","50100",10,0,3,"02",42000
"6954130","50100",10,0,3,"04",333200
"6954813","50100",37,0,1,"04",16100
"6956400","50100",10,0,2,"02",21000
"6956513","50100",10,0,5,"02",86200
"6959067","50100",22,0,2,"02",40000
"6959408","50100",11,0,2,"02",25220
"6959807","50100",30,0,0,"02",0
"6959988","50100",22,0,1,"05",33790
"6960241","50100",26,0,4,"02",57000
"6960880","50100",37,0,5,"04",59000
"6960911","50100",48,0,2,"02",70550
"6961112","50100",42,0,1,"03",121100
"6961669","50100",10,0,5,"02",20000
"6962783","50100",37,0,1,"01",6200
"6963954","50100",11,0,1,"02",9500
"6964081","50100",11,0,2,"02",37930
"6964697","50100",16,0,1,"02",11000
"6964765","50100",32,0,1,"02",10800
"6965577","50100",11,0,2,"02",45200
"6965869","50100",0,1,1,"  ",0
"6966011","50100",0,1,1,"  ",0
"6967049","50100",11,0,4,"02",47000
"6967057","50100",11,0,2,"02",26000
"6967296","50100",37,0,3,"02",80390
"6967322","50100",0,1,1,"  ",0
"6968199","50100",15,0,0,"02",0
"6968737","50100",53,0,3,"02",98300
"6969165","50100",0,2,1,"  ",0
"6969216","50100",10,0,2,"02",13500
"6969472","50100",59,0,0,"02",0
"6969855","50100",5,0,4,"02",21700
"6971295","50100",53,0,1,"04",5000
"6971780","50100",10,0,3,"02",74000
"6972750","50100",26,0,1,"02",34600
"6973144","50100",15,0,0,"05",0
"6973984","50100",22,0,0,"02",0
"6974234","50100",11,0,3,"02",16000
"6974768","50100",16,0,3,"02",33000
"6974876","50100",22,0,4,"02",83000
"6975674","50100",0,1,1,"  ",0
"6975937","50100",21,0,2,"02",155700
"6976018","50100",16,0,3,"01",38000
"6976899","50100",11,0,3,"02",38600
"6977423","50100",32,0,2,"02",10940
"6977604","50100",37,0,2,"02",31900
"6978284","50100",53,0,1,"09",11800
"6980294","50100",37,0,2,"02",103000
"6980520","50100",16,0,3,"02",35500
"6980545","50100",11,0,1,"02",25260
"6981076","50100",10,0,3,"02",10000
"6981246","50100",37,0,4,"02",74000
"6981740","50100",16,0,1,"01",9900
"6981761","50100",16,0,2,"02",13300
"6982558","50100",48,0,2,"04",55000
"6982911","50100",32,0,2,"02",290000
"6983280","50100",27,0,1,"01",17500
"6983906","50100",11,0,3,"02",55000
"6983922","50100",11,0,2,"02",167400
"6983938","50100",11,0,4,"02",196640
"6984874","50100",0,2,1,"  ",0
"6985436","50100",26,0,2,"02",21200
"6985709","50100",16,0,2,"02",32900
"6986028","50100",0,1,1,"  ",0
"6986227","50100",10,0,5,"02",144200
"6986816","50100",15,0,0,"07",0
"6986903","50100",14,0,0,"05",0
"6987763","50100",10,0,2,"01",9000
"6987967","50100",10,0,1,"02",37760
"6988172","50100",10,0,4,"01",59540
"6988752","50100",11,0,2,"02",69500
"6989737","50100",0,2,1,"  ",0
"6990376","50100",11,0,4,"02",69000
"6991967","50100",0,1,1,"  ",0
"6993138","50100",16,0,2,"07",185000
"6994469","50100",21,0,7,"02",378000
"6994666","50100",11,0,2,"06",20790
"6994894","50100",16,0,4,"02",13000
"6995133","50100",31,0,1,"05",22900
"6995759","50100",29,0,0,"02",0
"6996073","50100",5,0,2,"02",35290
"6996576","50100",15,0,0,"02",0
"6996802","50100",22,0,0,"02",0
"6996888","50100",16,0,4,"01",12500
"6997077","50100",30,0,0,"02",0
"6997093","50100",15,0,0,"01",0
"6997373","50100",37,0,1,"02",55000
"6997439","50100",14,0,0,"06",0
"6997676","50100",67,0,0,"04",0
"6998191","50100",10,0,1,"02",10600
"6999283","50100",10,0,2,"02",65300
"7000647","50100",27,0,2,"02",41000
"7000879","50100",11,0,4,"02",50900
"7001442","50100",48,0,1,"05",11000
"7001512","50100",42,0,5,"02",69400
"7001781","50100",15,0,0,"02",0
"7001815","50100",7,0,0,"02",0
"7001833","50100",0,1,1,"  ",0
"7001869","50100",37,0,1,"02",4300
"7001958","50100",42,0,1,"02",8600
"7001996","50100",15,0,0,"02",0
"7002008","50100",16,0,2,"06",41000
"7002529","50100",15,0,0,"02",0
"7005724","50100",10,0,3,"02",50700
"7005913","50100",16,0,2,"02",36000
"7007847","50100",11,0,4,"02",54800
"7008492","50100",11,0,1,"05",0
"7008789","50100",11,0,1,"07",11770
"7008862","50100",21,0,2,"05",37200
"7009226","50100",16,0,2,"02",61000
"7009841","50100",29,0,0,"02",0
"7010026","50100",16,0,5,"02",309000
"7010677","50100",22,0,0,"03",0
"7011095","50100",16,0,3,"01",37580
"7011690","50100",11,0,2,"02",39300
"7012052","50100",37,0,4,"02",54000
"7012684","50100",11,0,6,"06",27000
"7014059","50100",37,0,2,"02",33000
"7014808","50100",16,0,3,"02",29650
"7014922","50100",32,0,2,"02",39400
"7015766","50100",10,0,2,"02",48120
"7018977","50100",15,0,0,"02",0
"7019398","50100",42,0,4,"02",113500
"7019407","50100",27,0,4,"02",2240
"7019465","50100",59,0,0,"04",0
"7020322","50100",10,0,2,"02",16290
"7020748","50100",27,0,2,"01",60000
"7022144","50100",10,0,4,"01",38000
"7022337","50100",11,0,2,"02",18600
"7022503","50100",11,0,1,"02",6920
"7022525","50100",14,0,0,"02",0
"7023273","50100",11,0,4,"02",57800
"7023978","50100",52,0,0,"02",0
"7024123","50100",15,0,5,"01",39000
"7024355","50100",16,0,2,"02",19470
"7025418","50100",10,0,3,"02",32000
"7025838","50100",32,0,2,"02",68100
"7026819","50100",10,0,3,"02",31000
"7027618","50100",16,0,3,"02",65000
"7027676","50100",15,0,0,"06",0
"7028844","50100",15,0,0,"09",0
"7029696","50100",37,0,3,"02",375010
"7030127","50100",21,0,1,"04",27030
"7030277","50100",16,0,1,"01",42200
"7030876","50100",29,0,0,"02",0
"7031697","50100",16,0,5,"02",90370
"7031732","50100",30,0,0,"02",0
"7031930","50100",16,0,3,"02",148500
"7032002","50100",10,0,2,"02",27600
"7033049","50100",37,0,1,"05",43100
"7033219","50100",10,0,4,"02",38000
"7033340","50100",43,0,1,"02",15700
"7033402","50100",27,0,1,"06",22500
"7033738","50100",48,0,2,"04",80000
"7034940","50100",28,0,4,"02",94000
"7036381","50100",15,0,0,"03",0
"7037122","50100",15,0,0,"01",0
"7038383","50100",31,0,2,"02",26610
"7038554","50100",0,2,1,"  ",0
"7038587","50100",37,0,0,"02",0
"7039171","50100",11,0,5,"02",96350
"7040925","50100",16,0,5,"01",48900
"7041015","50100",10,0,2,"02",71500
"7041194","50100",11,0,2,"02",71220
"7041497","50100",16,0,4,"02",74800
"7041961","50100",10,0,2,"02",63360
"7042104","50100",21,0,1,"02",105100
"7042144","50100",11,0,2,"02",22610
"7043715","50100",15,0,0,"03",0
"7044118","50100",11,0,3,"02",70000
"7045069","50100",6,0,6,"02",84800
"7045631","50100",15,0,0,"02",0
"7047364","50100",37,0,6,"02",45000
"7048525","50100",16,0,1,"06",12210
"7049099","50100",11,0,6,"01",61200
"7049256","50100",32,0,3,"02",142600
"7049553","50100",16,0,2,"01",38500
"7049852","50100",16,0,1,"02",11100
"7050541","50100",10,0,4,"05",17700
"7052700","50100",48,0,4,"02",169200
"7054871","50100",10,0,3,"02",66150
"7055286","50100",21,0,4,"02",82500
"7055549","50100",16,0,2,"02",18670
"7056331","50100",10,0,4,"02",21020
"7056357","50100",21,0,2,"02",55200
"7057818","50100",42,0,2,"02",32000
"7059326","50100",15,0,0,"08",0
"7059489","50100",16,0,5,"02",81700
"7061430","50100",26,0,4,"02",52900
"7061821","50100",15,0,0,"02",0
"7061828","50100",32,0,2,"02",47610
"7061914","50100",21,0,1,"02",86700
"7065230","50100",0,2,1,"  ",0
"7065308","50100",21,0,4,"02",122500
"7067019","50100",11,0,1,"02",8300
"7067049","50100",14,0,0,"02",0
"7068274","50100",21,0,4,"02",58400
"7068303","50100",16,0,5,"02",108000
"7068720","50100",11,0,4,"02",12880
"7068980","50100",32,0,3,"02",41500
"7069043","50100",15,0,0,"02",0
"7069693","50100",15,0,0,"02",0
"7070295","50100",10,0,2,"03",50400
"7070844","50100",59,0,0,"02",0
"7072033","50100",16,0,1,"02",32000
"7072724","50100",15,0,0,"03",0
"7072859","50100",14,0,0,"02",0
"7073473","50100",11,0,1,"02",61300
"7075619","50100",14,0,0,"02",0
"7075739","50100",10,0,2,"01",34000
"7076422","50100",21,0,1,"07",19880
"7076597","50100",16,0,3,"02",76000
"7077795","50100",5,0,2,"01",45000
"7078071","50100",15,0,0,"03",0
"7078670","50100",16,0,1,"01",28100
"7079033","50100",37,0,3,"02",88460
"7079073","50100",11,0,5,"01",30700
"7079281","50100",26,0,1,"02",15000
"7079646","50100",0,2,1,"  ",0
"7079678","50100",0,1,1,"  ",0
"7081799","50100",10,0,4,"02",63400
"7081911","50100",11,0,1,"02",10530
"7082064","50100",11,0,3,"02",27084
"7082088","50100",16,0,5,"02",61800
"7082573","50100",42,0,2,"03",65800
"7082898","50100",32,0,1,"04",-1070
"7083111","50100",64,0,3,"02",30220
"7083155","50100",16,0,2,"02",69400
"7084197","50100",16,0,2,"06",20000
"7084526","50100",11,0,1,"02",18500
"7084921","50100",26,0,2,"02",112000
"7085424","50100",21,0,4,"04",106680
"7086081","50100",16,0,1,"01",20
"7086592","50100",11,0,2,"02",25600
"7089166","50100",37,0,1,"06",20000
"7089276","50100",11,0,4,"01",50400
"7089341","50100",53,0,1,"08",34500
"7090326","50100",10,0,1,"04",12200
"7090448","50100",53,0,2,"02",45100
"7090708","50100",6,0,4,"01",25000
"7092611","50100",16,0,2,"01",37000
"7093565","50100",10,0,4,"02",48000
"7094423","50100",15,0,0,"08",0
"7095666","50100",37,0,2,"02",61000
"7095803","50100",15,0,0,"02",0
"7096225","50100",11,0,2,"02",21400
"7096274","50100",11,0,1,"01",16000
"7096730","50100",22,0,0,"02",0
"7096926","50100",10,0,2,"01",13600
"7097195","50100",10,0,2,"02",57000
"7098546","50100",16,0,1,"02",19700
"7098628","50100",10,0,3,"02",55500
"7098867","50100",11,0,6,"02",40000
"7099656","50100",11,0,2,"02",34600
"7099859","50100",10,0,3,"02",68400
"7099877","50100",42,0,2,"05",22000
"7100043","50100",11,0,2,"02",84304
"7100650","50100",10,0,2,"01",24100
"7100723","50100",15,0,1,"01",6700
"7101585","50100",15,0,0,"01",0
"7102002","50100",37,0,5,"04",24000
"7102318","50100",15,0,0,"02",0
"7102728","50100",21,0,2,"02",31000
"7102902","50100",37,0,3,"02",45000
"7104584","50100",30,0,0,"02",0
"7104912","50100",14,0,0,"03",0
"7104971","50100",0,2,1,"  ",0
"7105360","50100",14,0,0,"02",0
"7108030","50100",11,0,1,"05",0
"7108222","50100",16,0,4,"02",65000
"7108457","50100",51,0,0,"08",0
"7110391","50100",22,0,2,"02",113000
"7111489","50100",11,0,3,"02",96730
"7111783","50100",26,0,4,"02",68500
"7112079","50100",15,0,0,"02",0
"7112200","50100",10,0,7,"02",45000
"7112548","50100",31,0,3,"01",6600
"7113556","50100",11,0,4,"02",59500
"7114165","50100",15,0,0,"01",0
"7114942","50100",42,0,3,"05",32500
"7115475","50100",53,0,1,"01",12200
"7115790","50100",11,0,5,"02",38000
"7115904","50100",16,0,3,"02",100200
"7116859","50100",10,0,5,"02",80650
"7117203","50100",43,0,4,"02",26150
"7117262","50100",16,0,2,"01",-8500
"7118438","50100",26,0,5,"02",44000
"7118812","50100",10,0,2,"02",101500
"7119323","50100",10,0,3,"02",60200
"7120182","50100",10,0,2,"02",41000
"7120807","50100",11,0,2,"02",6800
"7121890","50100",11,0,4,"02",49100
"7121917","50100",42,0,1,"05",45000
"7122507","50100",5,0,3,"04",46460
"7122630","50100",11,0,1,"02",31400
"7123113","50100",10,0,1,"04",25900
"7123905","50100",11,0,1,"02",26400
"7124789","50100",23,0,0,"03",0
"7125154","50100",11,0,2,"02",43000
"7126090","50100",43,0,1,"02",35600
"7126798","50100",37,0,3,"02",69000
"7127037","50100",15,0,0,"02",0
"7127721","50100",23,0,0,"06",0
"7129221","50100",16,0,3,"06",25000
"7131382","50100",47,0,2,"02",81650
"7131601","50100",11,0,4,"02",151800
"7131894","50100",0,2,1,"  ",0
"7133149","50100",22,0,0,"02",0
"7133526","50100",32,0,2,"01",37910
"7133926","50100",10,0,2,"02",12450
"7134055","50100",14,0,0,"02",0
"7134887","50100",16,0,2,"02",18240
"7135579","50100",10,0,3,"02",77200
"7135595","50100",16,0,1,"02",13500
"7135758","50100",16,0,1,"02",19500
"7136868","50100",37,0,2,"05",10600
"7138099","50100",16,0,4,"02",73100
"7138951","50100",48,0,1,"04",42100
"7138975","50100",27,0,2,"04",44400
"7139507","50100",59,0,3,"04",35670
"7139768","50100",10,0,2,"01",26910
"7140286","50100",11,0,1,"05",18900
"7140677","50100",16,0,4,"02",46000
"7141816","50100",16,0,2,"02",23300
"7142456","50100",10,0,4,"01",39000
"7142579","50100",148,0,0,"03",0
"7142689","50100",37,0,3,"04",37800
"7144079","50100",21,0,2,"02",32800
"7144659","50100",30,0,0,"06",0
"7144709","50100",11,0,2,"02",49000
"7145077","50100",37,0,0,"06",0
"7145317","50100",26,0,2,"02",205000
"7146473","50100",11,0,5,"02",14300
"7146628","50100",37,0,2,"02",26500
"7147903","50100",26,0,2,"02",41500
"7149960","50100",11,0,1,"01",12000
"7151072","50100",16,0,4,"02",38000
"7151119","50100",10,0,4,"02",61500
"7151285","50100",43,0,1,"03",52300
"7151414","50100",32,0,2,"02",19200
"7152336","50100",10,0,2,"02",96200
"7152554","50100",10,0,3,"02",41000
"7152597","50100",15,0,0,"02",0
"7153173","50100",32,0,2,"02",78000
"7153680","50100",11,0,2,"02",79000
"7155043","50100",27,0,1,"04",15600
"7155166","50100",11,0,4,"02",12000
"7155952","50100",11,0,1,"02",14100
"7156071","50100",15,0,0,"03",0
"7156794","50100",0,2,1,"  ",0
"7157027","50100",15,0,0,"05",0
"7158086","50100",10,0,5,"02",88000
"7158863","50100",0,1,1,"  ",0
"7159057","50100",11,0,5,"02",20100
"7160098","50100",10,0,1,"02",70000
"7161002","50100",11,0,2,"08",58000
"7162559","50100",10,0,2,"02",46250
"7163953","50100",21,0,2,"02",309000
"7164366","50100",5,0,3,"01",43600
"7164687","50100",37,0,2,"08",24600
"7164998","50100",15,0,0,"02",0
"7165176","50100",22,0,1,"02",35400
"7165244","50100",47,0,1,"05",80600
"7166444","50100",10,0,2,"02",18400
"7166590","50100",21,0,4,"01",68000
"7166991","50100",15,0,2,"02",17000
"7167658","50100",11,0,5,"02",558000
"7168185","50100",15,0,0,"02",0
"7168268","50100",15,0,0,"04",0
"7169298","50100",47,0,2,"02",34300
"7170302","50100",37,0,2,"02",105000
"7170801","50100",15,0,0,"03",0
"7171232","50100",48,0,2,"02",45800
"7171288","50100",11,0,2,"02",63360
"7171663","50100",15,0,3,"01",13440
"7172240","50100",10,0,1,"02",10000
"7173377","50100",11,0,1,"02",67000
"7174037","50100",31,0,6,"02",44000
"7176260","50100",32,0,1,"02",10800
"7176341","50100",0,2,1,"  ",0
"7176582","50100",38,0,3,"02",83000
"7176666","50100",21,0,2,"02",15700
"7177214","50100",11,0,1,"02",14500
"7177375","50100",30,0,0,"02",0
"7177880","50100",15,0,0,"02",0
"7177911","50100",16,0,1,"05",1200
"7178337","50100",16,0,2,"02",20400
"7179033","50100",10,0,2,"05",21270
"7179811","50100",10,0,4,"02",187300
"7180262","50100",27,0,4,"02",95520
"7180800","50100",16,0,2,"04",47000
"7181821","50100",11,0,1,"02",39000
"7182039","50100",14,0,0,"02",0
"7183624","50100",15,0,0,"02",0
"7184249","50100",5,0,4,"02",23900
"7184451","50100",43,0,5,"02",78000
"7185797","50100",21,0,5,"02",151400
"7187413","50100",15,0,0,"03",0
"7187676","50100",26,0,2,"02",21000
"7188599","50100",21,0,1,"02",122700
"7190002","50100",11,0,5,"02",44000
"7190055","50100",11,0,1,"04",7000
"7193620","50100",16,0,1,"02",105000
"7194692","50100",10,0,2,"02",145600
"7194962","50100",10,0,2,"02",25400
"7195003","50100",32,0,1,"02",24000
"7197008","50100",43,0,1,"01",11900
"7197106","50100",15,0,0,"02",0
"7198270","50100",37,0,4,"02",2900
"7199451","50100",22,0,3,"03",36000
"7199592","50100",47,0,2,"05",16500
"7199841","50100",11,0,3,"01",119000
"7200349","50100",30,0,0,"02",0
"7202689","50100",42,0,4,"04",24200
"7202835","50100",11,0,3,"01",94400
"7203723","50100",48,0,1,"03",13500
"7204476","50100",11,0,2,"02",36700
"7205475","50100",0,1,1,"  ",0
"7206301","50100",10,0,2,"01",41500
"7206511","50100",16,0,2,"02",153300
"7207222","50100",27,0,4,"01",45920
"7207254","50100",15,0,0,"10",0
"7207319","50100",37,0,3,"05",26000
"7207868","50100",15,0,0,"02",0
"7208025","50100",10,0,4,"02",25610
"7208042","50100",37,0,3,"02",28160
"7208505","50100",15,0,0,"02",0
"7210074","50100",16,0,3,"02",70900
"7210674","50100",10,0,4,"02",61930
"7210847","50100",27,0,2,"02",81390
"7210908","50100",15,0,0,"02",0
"7211998","50100",29,0,0,"02",0
"7213719","50100",0,2,1,"  ",0
"7213791","50100",22,0,2,"02",67000
"7214067","50100",16,0,3,"02",85000
"7215510","50100",32,0,1,"05",0
"7215698","50100",21,0,2,"05",45200
"7216135","50100",10,0,4,"02",72000
"7216518","50100",37,0,2,"01",39600
"7218139","50100",10,0,4,"02",60000
"7218198","50100",10,0,3,"02",45200
"7218200","50100",42,0,5,"02",21300
"7220794","50100",5,0,2,"02",101000
"7220882","50100",16,0,4,"02",31300
"7221688","50100",15,0,0,"07",0
"7222126","50100",10,0,2,"02",105000
"7222210","50100",16,0,1,"02",43200
"7222305","50100",10,0,2,"02",49000
"7225675","50100",48,0,4,"04",63400
"7226031","50100",0,2,1,"  ",0
"7227167","50100",32,0,4,"02",45500
"7227882","50100",10,0,4,"02",24190
"7227993","50100",21,0,3,"02",42000
"7228421","50100",16,0,2,"02",0
"7229030","50100",15,0,0,"02",0
"7229957","50100",0,2,1,"  ",0
"7230405","50100",11,0,2,"02",51250
"7231024","50100",0,2,1,"  ",0
"7231383","50100",27,0,1,"02",6550
"7231451","50100",58,0,1,"02",35000
"7233535","50100",22,0,0,"02",0
"7234554","50100",11,0,3,"05",17400
"7235415","50100",21,0,3,"03",20720
"7236066","50100",15,0,0,"05",0
"7236261","50100",27,0,1,"02",12000
"7236979","50100",37,0,1,"04",27000
"7238627","50100",10,0,4,"04",32000
"7238808","50100",27,0,3,"02",53500
"7239004","50100",0,2,1,"  ",0
"7239916","50100",0,2,1,"  ",0
"7240705","50100",15,0,0,"05",0
"7241571","50100",0,2,1,"  ",0
"7241574","50100",22,0,0,"02",0
"7241893","50100",16,0,1,"01",19000
"7242703","50100",43,0,3,"04",41100
"7243365","50100",15,0,0,"02",0
"7244657","50100",16,0,4,"02",29508
"7244871","50100",23,0,0,"02",0
"7245081","50100",16,0,1,"04",26540
"7245555","50100",11,0,2,"02",73800
"7246530","50100",0,2,1,"  ",0
"7247409","50100",11,0,2,"02",211200
"7247523","50100",11,0,5,"04",59900
"7247545","50100",0,1,1,"  ",0
"7248013","50100",22,0,0,"02",0
"7248206","50100",15,0,0,"02",0
"7248836","50100",16,0,3,"02",71000
"7249901","50100",10,0,1,"01",25500
"7251054","50100",0,2,1,"  ",0
"7251065","50100",10,0,1,"02",0
"7251479","50100",11,0,2,"02",39800
"7253691","50100",22,0,0,"02",0
"7254283","50100",11,0,3,"02",110400
"7255663","50100",21,0,3,"02",47700
"7256987","50100",37,0,3,"02",92000
"7257180","50100",27,0,6,"02",28760
"7257368","50100",32,0,4,"02",105000
"7258793","50100",37,0,5,"02",55000
"7259378","50100",16,0,2,"02",73000
"7260273","50100",11,0,4,"02",66000
"7260462","50100",47,0,4,"02",65100
"7261827","50100",10,0,3,"04",93800
"7262221","50100",10,0,2,"02",49050
"7262517","50100",21,0,1,"01",9200
"7262522","50100",11,0,2,"05",25000
"7263305","50100",11,0,2,"01",22420
"7263996","50100",15,0,0,"03",0
"7264790","50100",16,0,2,"06",5900
"7265699","50100",15,0,1,"02",32980
"7267021","50100",31,0,2,"02",10100
"7267764","50100",11,0,2,"02",48000
"7268461","50100",32,0,1,"02",9800
"7269775","50100",10,0,1,"02",3800
"7270013","50100",10,0,6,"02",94000
"7270224","50100",10,0,3,"02",132000
"7270550","50100",11,0,2,"02",113100
"7271447","50100",16,0,1,"05",20100
"7271874","50100",21,0,1,"02",25000
"7272136","50100",10,0,5,"02",84600
"7272159","50100",10,0,2,"02",3000
"7272868","50100",16,0,1,"06",23100
"7274052","50100",11,0,3,"02",54800
"7274246","50100",15,0,0,"02",0
"7275234","50100",10,0,2,"02",20000
"7276121","50100",42,0,2,"08",40200
"7276833","50100",32,0,5,"02",116000
"7276874","50100",23,0,0,"02",0
"7277282","50100",6,0,2,"02",53150
"7277619","50100",37,0,1,"02",35000
"7277922","50100",16,0,2,"01",309000
"7282402","50100",26,0,3,"02",182500
"7282541","50100",11,0,3,"02",52200
"7283481","50100",11,0,4,"02",62200
"7285048","50100",14,0,0,"02",0
"7285437","50100",15,0,0,"02",0
"7285812","50100",15,0,0,"02",0
"7286097","50100",37,0,1,"09",6970
"7287098","50100",7,0,0,"09",0
"7287206","50100",11,0,3,"02",64600
"7287619","50100",15,0,0,"02",0
"7287791","50100",10,0,2,"02",74300
"7289666","50100",26,0,2,"02",21000
"7291292","50100",53,0,1,"06",26500
"7291545","50100",10,0,1,"02",126000
"7293108","50100",37,0,0,"04",0
"7293121","50100",0,2,1,"  ",0
"7293707","50100",10,0,1,"02",27600
"7294152","50100",16,0,5,"02",50000
"7294471","50100",10,0,4,"04",36920
"7294496","50100",22,0,0,"02",0
"7295381","50100",15,0,0,"02",0
"7295622","50100",11,0,1,"05",40000
"7296443","50100",10,0,2,"02",25600
"7296895","50100",21,0,5,"02",156700
"7297742","50100",10,0,1,"07",7000
"7298154","50100",27,0,3,"07",12000
"7298262","50100",11,0,2,"01",20050
"7298636","50100",11,0,3,"02",62600
"7299479","50100",44,0,0,"02",0
"7300054","50100",22,0,0,"02",0
"7300098","50100",11,0,1,"01",16000
"7300183","50100",10,0,1,"02",27970
"7301141","50100",16,0,1,"02",16004
"7303180","50100",11,0,4,"02",48800
"7303789","50100",10,0,2,"02",81000
"7303826","50100",11,0,3,"02",26950
"7303843","50100",11,0,2,"02",108000
"7304203","50100",11,0,5,"01",22600
"7304227","50100",47,0,1,"02",16100
"7304943","50100",11,0,3,"02",85100
"7305075","50100",16,0,1,"02",40000
"7305101","50100",16,0,1,"06",15800
"7305148","50100",11,0,5,"01",34200
"7305283","50100",37,0,1,"02",36600
"7305344","50100",11,0,4,"02",53620
"7307331","50100",16,0,1,"02",20240
"7307340","50100",11,0,1,"02",12100
"7308789","50100",15,0,0,"02",0
"7308794","50100",15,0,0,"05",0
"7308820","50100",11,0,4,"02",23900
"7308946","50100",47,0,2,"06",17100
"7309037","50100",16,0,3,"02",40710
"7309592","50100",5,0,3,"02",147300
"7309971","50100",11,0,1,"02",8210
"7310176","50100",11,0,1,"08",7100
"7311800","50100",10,0,1,"08",7300
"7312539","50100",11,0,1,"01",11570
"7312900","50100",7,0,0,"02",0
"7312989","50100",11,0,2,"02",36700
"7313281","50100",11,0,2,"02",48900
"7313998","50100",37,0,0,"02",0
"7314182","50100",32,0,1,"09",10170
"7314412","50100",32,0,1,"02",19510
"7314615","50100",0,2,1,"  ",0
"7314664","50100",10,0,3,"02",52000
"7315089","50100",0,2,1,"  ",0
"7315421","50100",27,0,1,"07",6420
"7316858","50100",14,0,0,"02",0
"7317214","50100",5,0,3,"02",71000
"7317827","50100",0,2,1,"  ",0
"7318032","50100",32,0,1,"09",7400
"7318151","50100",21,0,2,"06",18000
"7318170","50100",0,1,1,"  ",0
"7318909","50100",11,0,2,"04",44700
"7319212","50100",10,0,2,"02",51040
"7320665","50100",11,0,4,"02",44000
"7320836","50100",16,0,6,"01",20000
"7321035","50100",29,0,0,"02",0
"7321282","50100",11,0,5,"02",57104
"7322237","50100",15,0,0,"06",0
"7324245","50100",22,0,0,"02",0
"7324525","50100",15,0,2,"04",6100
"7325960","50100",69,0,4,"02",84400
"7325994","50100",10,0,1,"05",12300
"7326923","50100",48,0,2,"02",25600
"7327768","50100",16,0,2,"02",61000
"7328678","50100",22,0,0,"02",0
"7329022","50100",6,0,6,"01",56600
"7330632","50100",0,2,1,"  ",0
"7332086","50100",15,0,0,"02",0
"7333402","50100",11,0,2,"02",21500
"7333446","50100",16,0,1,"02",59000
"7334019","50100",10,0,1,"01",13000
"7334231","50100",5,0,5,"02",30100
"7334352","50100",11,0,3,"01",9200
"7336171","50100",16,0,1,"02",31180
"7336338","50100",31,0,2,"02",84000
"7336767","50100",21,0,1,"02",8000
"7336782","50100",11,0,2,"02",87000
"7337701","50100",48,0,3,"04",58400
"7337939","50100",27,0,1,"01",17600
"7338494","50100",23,0,0,"06",0
"7339354","50100",27,0,2,"04",53000
"7339542","50100",10,0,2,"02",9700
"7340240","50100",11,0,1,"02",17200
"7340846","50100",38,0,1,"02",18400
"7341351","50100",16,0,2,"02",20900
"7341571","50100",16,0,1,"01",15130
"7342081","50100",11,0,3,"02",51000
"7342170","50100",0,1,1,"  ",0
"7342465","50100",37,0,6,"02",68400
"7342737","50100",10,0,2,"02",39820
"7342910","50100",27,0,2,"05",17400
"7343849","50100",11,0,4,"02",120500
"7344179","50100",16,0,4,"01",34080
"7346160","50100",5,0,2,"02",10520
"7346427","50100",11,0,1,"02",8000
"7348702","50100",5,0,2,"02",44000
"7348833","50100",10,0,4,"02",65000
"7349124","50100",0,1,1,"  ",0
"7349407","50100",0,2,1,"  ",0
"7349563","50100",15,0,0,"02",0
"7349658","50100",10,0,3,"01",66230
"7350025","50100",10,0,2,"02",56000
"7350087","50100",32,0,5,"02",367500
"7350143","50100",59,0,0,"02",0
"7350327","50100",43,0,4,"02",80400
"7350655","50100",27,0,2,"02",17700
"7350664","50100",10,0,4,"02",90000
"7352903","50100",11,0,2,"01",59010
"7353934","50100",11,0,2,"02",65000
"7354857","50100",37,0,2,"02",42600
"7355292","50100",0,1,1,"  ",0
"7356816","50100",21,0,3,"02",19300
"7358772","50100",14,0,0,"02",0
"7358960","50100",0,2,1,"  ",0
"7359375","50100",31,0,4,"02",46000
"7359860","50100",10,0,5,"02",70300
"7359911","50100",0,2,1,"  ",0
"7360354","50100",10,0,5,"02",164000
"7360715","50100",32,0,3,"02",106900
"7361402","50100",42,0,4,"02",62000
"7362237","50100",37,0,2,"02",38670
"7362717","50100",22,0,4,"02",71150
"7362910","50100",64,0,5,"02",143500
"7363659","50100",11,0,1,"02",114000
"7363712","50100",0,2,1,"  ",0
"7365313","50100",0,2,1,"  ",0
"7366559","50100",11,0,3,"02",40410
"7366955","50100",22,0,0,"02",0
"7367519","50100",0,2,1,"  ",0
"7368333","50100",42,0,1,"09",7300
"7368426","50100",15,0,0,"02",0
"7368616","50100",5,0,1,"02",8700
"7369222","50100",11,0,1,"02",3000
"7369338","50100",10,0,2,"02",42100
"7369359","50100",11,0,2,"02",106000
"7371478","50100",26,0,1,"02",10000
"7372051","50100",11,0,4,"02",24820
"7373079","50100",21,0,1,"02",14600
"7373361","50100",22,0,0,"02",0
"7373789","50100",58,0,3,"02",55000
"7373970","50100",5,0,4,"01",31800
"7376039","50100",10,0,1,"02",9500
"7377234","50100",0,2,1,"  ",0
"7377250","50100",32,0,2,"02",95400
"7379257","50100",38,0,2,"04",32000
"7379666","50100",16,0,4,"04",34000
"7380190","50100",42,0,1,"02",15500
"7380300","50100",10,0,2,"02",63230
"7380561","50100",16,0,1,"06",9600
"7382022","50100",10,0,2,"02",58000
"7382170","50100",16,0,2,"02",39750
"7382176","50100",10,0,3,"02",70000
"7382261","50100",0,1,1,"  ",0
"7382300","50100",10,0,2,"02",31000
"7382779","50100",16,0,3,"02",34000
"7383576","50100",10,0,4,"02",29900
"7383770","50100",11,0,3,"02",26800
"7384859","50100",10,0,3,"02",53000
"7384899","50100",22,0,0,"02",0
"7385135","50100",11,0,2,"02",145000
"7385452","50100",16,0,4,"01",62000
"7385615","50100",10,0,3,"02",69660
"7385619","50100",10,0,5,"02",85200
"7385869","50100",27,0,2,"06",17300
"7386056","50100",16,0,1,"02",17260
"7386438","50100",26,0,1,"03",1000
"7386810","50100",10,0,3,"02",121900
"7386848","50100",10,0,4,"05",71000
"7386908","50100",0,2,1,"  ",0
"7387434","50100",6,0,1,"02",15900
"7387457","50100",15,0,0,"03",0
"7387498","50100",21,0,2,"02",61600
"7387536","50100",42,0,1,"05",2680
"7389213","50100",15,0,0,"06",0
"7390301","50100",47,0,2,"02",76320
"7390524","50100",43,0,3,"02",28220
"7390580","50100",26,0,1,"06",2500
"7390588","50100",0,1,1,"  ",0
"7390594","50100",37,0,1,"04",10000
"7393576","50100",0,1,1,"  ",0
"7394064","50100",16,0,1,"02",49700
"7394349","50100",11,0,3,"02",67620
"7397296","50100",11,0,2,"02",52700
"7397868","50100",15,0,0,"04",0
"7399184","50100",66,0,0,"02",0
"7400599","50100",11,0,2,"02",52000
"7401324","50100",10,0,4,"02",67330
"7401363","50100",47,0,2,"02",88900
"7401427","50100",11,0,3,"06",7500
"7401827","50100",22,0,0,"02",0
"7402151","50100",15,0,0,"02",0
"7402664","50100",32,0,2,"02",51000
"7403583","50100",31,0,3,"01",20000
"7403895","50100",43,0,3,"02",62650
"7404588","50100",0,1,1,"  ",0
"7406460","50100",15,0,0,"02",0
"7406560","50100",42,0,5,"02",40700
"7408127","50100",10,0,4,"02",64100
"7408937","50100",11,0,1,"02",40000
"7409331","50100",37,0,0,"02",0
"7410393","50100",32,0,2,"01",53500
"7410447","50100",48,0,2,"02",88200
"7410687","50100",15,0,2,"02",35200
"7411087","50100",30,0,0,"02",0
"7411943","50100",21,0,3,"02",49400
"7414413","50100",30,0,0,"02",0
"7414940","50100",10,0,2,"02",40000
"7416268","50100",11,0,2,"02",64000
"7416586","50100",15,0,2,"02",26010
"7416789","50100",36,0,0,"02",0
"7417482","50100",11,0,4,"06",17700
"7418058","50100",11,0,1,"04",7120
"7418722","50100",27,0,3,"04",14570
"7420011","50100",53,0,5,"02",48634
"7420058","50100",10,0,3,"04",34000
"7420178","50100",16,0,1,"04",25400
"7421977","50100",15,0,0,"02",0
"7422166","50100",53,0,1,"08",8610
"7422368","50100",16,0,4,"02",51200
"7422409","50100",15,0,0,"05",0
"7422412","50100",11,0,1,"07",7800
"7422672","50100",10,0,2,"01",32240
"7423300","50100",10,0,2,"02",72000
"7423306","50100",32,0,2,"02",103200
"7423898","50100",11,0,2,"04",88800
"7424725","50100",0,2,1,"  ",0
"7424914","50100",0,2,1,"  ",0
"7425030","50100",47,0,2,"02",98000
"7425168","50100",11,0,2,"02",63000
"7426278","50100",10,0,2,"02",26870
"7426719","50100",48,0,2,"02",27200
"7426741","50100",0,1,1,"  ",0
"7428034","50100",15,0,0,"02",0
"7428329","50100",37,0,3,"01",51300
"7428724","50100",11,0,1,"01",37000
"7431174","50100",11,0,2,"02",59820
"7431176","50100",11,0,2,"02",116800
"7431954","50100",26,0,2,"05",60700
"7434163","50100",11,0,2,"08",12100
"7434235","50100",21,0,3,"02",48000
"7434350","50100",11,0,2,"02",37800
"7434423","50100",11,0,3,"05",65100
"7434638","50100",31,0,2,"01",51800
"7434673","50100",37,0,4,"02",165500
"7434885","50100",44,0,0,"02",0
"7435008","50100",22,0,0,"06",0
"7435704","50100",27,0,3,"01",12460
"7436271","50100",48,0,2,"02",43200
"7436519","50100",11,0,1,"02",45000
"7437105","50100",31,0,2,"02",40500
"7437262","50100",11,0,1,"02",38000
"7437954","50100",10,0,1,"02",29700
"7438383","50100",11,0,1,"02",17000
"7438533","50100",37,0,1,"06",38800
"7439590","50100",16,0,1,"04",9000
"7440415","50100",15,0,0,"02",0
"7440574","50100",21,0,2,"02",46250
"7441182","50100",10,0,2,"02",43410
"7441297","50100",15,0,0,"02",0
"7441794","50100",11,0,2,"02",3900
"7442662","50100",10,0,1,"02",152000
"7445847","50100",11,0,2,"02",50900
"7446256","50100",16,0,4,"02",69900
"7446389","50100",0,2,1,"  ",0
"7446575","50100",22,0,0,"02",0
"7448828","50100",10,0,1,"08",7800
"7449949","50100",10,0,1,"02",18000
"7450145","50100",11,0,1,"10",14100
"7450170","50100",68,0,2,"01",43590
"7450910","50100",32,0,3,"02",108500
"7451580","50100",27,0,2,"02",42400
"7452432","50100",10,0,2,"02",57500
"7453091","50100",15,0,0,"02",0
"7453285","50100",27,0,2,"02",75000
"7454450","50100",0,1,1,"  ",0
"7457365","50100",0,2,1,"  ",0
"7457928","50100",22,0,0,"02",0
"7458320","50100",32,0,3,"02",70000
"7458420","50100",15,0,0,"02",0
"7458863","50100",15,0,0,"02",0
"7458865","50100",16,0,1,"04",25000
"7459158","50100",10,0,1,"02",19800
"7459214","50100",48,0,4,"02",33000
"7459818","50100",37,0,2,"02",99000
"7460015","50100",10,0,1,"02",38000
"7460295","50100",16,0,2,"01",35500
"7461531","50100",16,0,6,"02",50500
"7461688","50100",11,0,2,"04",23000
"7461783","50100",7,0,0,"02",0
"7462317","50100",16,0,3,"02",16500
"7462551","50100",16,0,3,"01",0
"7462774","50100",0,2,1,"  ",0
"7463690","50100",53,0,1,"02",19000
"7466142","50100",11,0,4,"02",40000
"7466870","50100",10,0,2,"02",29480
"7467033","50100",58,0,4,"02",60000
"7467705","50100",11,0,3,"02",133180
"7467934","50100",16,0,1,"02",35000
"7468810","50100",11,0,2,"01",145400
"7469695","50100",10,0,4,"02",58680
"7470741","50100",22,0,2,"06",54000
"7470758","50100",0,1,1,"  ",0
"7471331","50100",22,0,0,"02",0
"7471520","50100",0,2,1,"  ",0
"7471707","50100",22,0,2,"01",42020
"7471746","50100",48,0,1,"02",8580
"7472832","50100",32,0,1,"09",17490
"7473118","50100",15,0,0,"03",0
"7473368","50100",21,0,2,"01",51400
"7473442","50100",47,0,1,"08",12900
"7473519","50100",11,0,1,"02",11400
"7473976","50100",16,0,3,"02",17780
"7474413","50100",11,0,1,"02",28000
"7475401","50100",0,2,1,"  ",0
"7475576","50100",10,0,1,"02",27000
"7475938","50100",10,0,2,"02",69300
"7476427","50100",10,0,3,"02",48000
"7476619","50100",27,0,2,"04",29000
"7477870","50100",15,0,0,"03",0
"7477918","50100",32,0,3,"02",92300
"7478816","50100",32,0,1,"05",35600
"7479080","50100",26,0,4,"04",43240
"7480627","50100",21,0,5,"02",35000
"7480629","50100",21,0,2,"02",28500
"7481710","50100",11,0,2,"02",24100
"7482038","50100",10,0,4,"02",70300
"7482196","50100",15,0,2,"02",24200
"7483377","50100",32,0,1,"02",163800
"7483654","50100",27,0,2,"02",9920
"7484040","50100",32,0,6,"02",26800
"7484333","50100",31,0,3,"07",34000
"7484704","50100",27,0,2,"05",63700
"7485447","50100",47,0,2,"02",41090
"7485458","50100",14,0,0,"02",0
"7486506","50100",11,0,1,"02",10800
"7486770","50100",53,0,2,"02",44000
"7486867","50100",22,0,0,"02",0
"7487087","50100",15,0,0,"02",0
"7487205","50100",15,0,0,"02",0
"7487338","50100",15,0,0,"02",0
"7487870","50100",11,0,3,"01",64300
"7490173","50100",15,0,0,"02",0
"7490531","50100",15,0,0,"02",0
"7490827","50100",14,0,0,"02",0
"7490907","50100",16,0,1,"02",17500
"7492810","50100",31,0,3,"02",74380
"7492841","50100",53,0,1,"05",4800
"7493183","50100",37,0,2,"05",32600
"7497086","50100",38,0,4,"02",42000
"7497478","50100",15,0,0,"02",0
"7497541","50100",21,0,4,"02",2200
"7497606","50100",22,0,4,"02",67000
"7498678","50100",14,0,0,"02",0
"7499427","50100",47,0,2,"01",23600
"7500136","50100",32,0,4,"02",81350
"7500248","50100",10,0,2,"02",17200
"7500259","50100",16,0,2,"02",19500
"7501298","50100",16,0,4,"02",325000
"7501545","50100",11,0,3,"02",51400
"7501789","50100",11,0,4,"02",48650
"7501848","50100",11,0,5,"04",17700
"7502088","50100",15,0,0,"02",0
"7502238","50100",10,0,2,"02",56100
"7502769","50100",22,0,0,"02",0
"7503010","50100",32,0,4,"02",46700
"7503292","50100",10,0,2,"02",159800
"7503503","50100",11,0,1,"01",35200
"7503926","50100",0,2,1,"  ",0
"7504062","50100",11,0,9,"02",81100
"7504921","50100",11,0,2,"02",10700
"7505646","50100",26,0,2,"02",50000
"7506201","50100",23,0,0,"02",0
"7506365","50100",15,0,0,"07",0
"7506743","50100",37,0,2,"02",169600
"7507007","50100",14,0,0,"02",0
"7507013","50100",42,0,2,"02",184500
"7509109","50100",11,0,2,"02",51700
"7509545","50100",10,0,1,"02",18400
"7511113","50100",15,0,0,"02",0
"7511327","50100",10,0,2,"02",57860
"7512443","50100",10,0,2,"03",66800
"7512470","50100",11,0,4,"02",35000
"7513404","50100",15,0,2,"01",87700
"7515741","50100",15,0,3,"02",132000
"7516306","50100",15,0,0,"02",0
"7516623","50100",11,0,2,"02",41000
"7518681","50100",26,0,2,"02",33000
"7518697","50100",42,0,4,"02",88040
"7520106","50100",15,0,0,"02",0
"7520209","50100",15,0,0,"02",0
"7520338","50100",10,0,4,"02",101160
"7520620","50100",10,0,2,"02",25300
"7520809","50100",32,0,2,"02",21850
"7521900","50100",11,0,2,"02",73500
"7522501","50100",21,0,1,"02",28000
"7523213","50100",11,0,2,"01",49650
"7523635","50100",10,0,5,"02",43700
"7523659","50100",15,0,0,"02",0
"7524818","50100",5,0,4,"02",49100
"7525163","50100",16,0,3,"02",20250
"7525332","50100",26,0,3,"01",35500
"7525569","50100",32,0,4,"02",59000
"7525944","50100",27,0,4,"02",84070
"7526024","50100",21,0,3,"02",79750
"7526205","50100",11,0,3,"02",48000
"7527718","50100",30,0,0,"01",0
"7527750","50100",10,0,4,"01",45000
"7528047","50100",10,0,2,"02",40100
"7528278","50100",10,0,2,"02",57020
"7528279","50100",10,0,2,"02",19600
"7528637","50100",27,0,3,"02",34830
"7528834","50100",10,0,2,"01",17700
"7529724","50100",48,0,2,"02",17200
"7529799","50100",31,0,1,"01",23600
"7529983","50100",22,0,0,"02",0
"7531861","50100",53,0,2,"05",84000
"7532458","50100",11,0,4,"02",43100
"7532798","50100",21,0,1,"04",15600
"7533179","50100",10,0,2,"02",47040
"7534790","50100",37,0,2,"02",59230
"7535149","50100",21,0,1,"01",22320
"7535585","50100",11,0,1,"02",34200
"7536121","50100",37,0,2,"02",82610
"7536785","50100",15,0,0,"01",0
"7536935","50100",0,1,1,"  ",0
"7538772","50100",14,0,0,"02",0
"7538852","50100",32,0,2,"02",19000
"7539139","50100",14,0,0,"02",0
"7539773","50100",11,0,5,"02",42500
"7539944","50100",22,0,0,"02",0
"7539953","50100",11,0,2,"02",16500
"7540136","50100",11,0,4,"04",27850
"7540402","50100",11,0,1,"02",120000
"7541599","50100",11,0,2,"04",9200
"7542112","50100",11,0,1,"02",15400
"7542189","50100",5,0,3,"02",92200
"7542574","50100",15,0,0,"09",0
"7543537","50100",0,2,1,"  ",0
"7543765","50100",11,0,3,"02",386000
"7543967","50100",11,0,4,"02",89500
"7545170","50100",0,2,1,"  ",0
"7546047","50100",21,0,2,"02",58000
"7546493","50100",43,0,1,"07",23200
"7546831","50100",11,0,4,"02",79880
"7548526","50100",16,0,1,"04",23900
"7550411","50100",5,0,2,"02",62600
"7552186","50100",11,0,2,"02",92000
"7553693","50100",10,0,3,"02",53950
"7554562","50100",43,0,1,"02",68400
"7555488","50100",11,0,2,"02",49350
"7557665","50100",16,0,1,"02",52000
"7558689","50100",37,0,1,"09",8100
"7559357","50100",23,0,0,"02",0
"7560440","50100",15,0,0,"06",0
"7562198","50100",10,0,3,"02",70000
"7562230","50100",16,0,1,"02",116000
"7562273","50100",27,0,4,"02",59000
"7563471","50100",10,0,2,"02",60800
"7564652","50100",11,0,4,"02",32000
"7564849","50100",11,0,2,"02",10200
"7566220","50100",15,0,1,"04",46700
"7566635","50100",15,0,3,"02",51590
"7567473","50100",10,0,3,"02",25000
"7567649","50100",10,0,1,"02",15000
"7567737","50100",11,0,5,"02",41004
"7567747","50100",11,0,1,"01",25000
"7568100","50100",5,0,2,"02",17200
"7568166","50100",47,0,2,"02",24530
"7568200","50100",15,0,6,"02",27600
"7568731","50100",32,0,3,"02",15720
"7568904","50100",16,0,2,"02",71100
"7569364","50100",10,0,10,"02",23200
"7570308","50100",11,0,1,"02",9400
"7570359","50100",37,0,1,"03",7000
"7571600","50100",10,0,2,"03",22200
"7572101","50100",11,0,1,"02",45000
"7573081","50100",11,0,1,"04",3400
"7574761","50100",0,1,1,"  ",0
"7574955","50100",11,0,3,"02",51000
"7575265","50100",53,0,4,"02",55000
"7575338","50100",48,0,2,"03",59700
"7576134","50100",16,0,2,"02",62000
"7576909","50100",31,0,1,"02",18000
"7577451","50100",16,0,6,"01",14100
"7577824","50100",21,0,3,"02",77500
"7578517","50100",37,0,2,"02",69300
"7578989","50100",22,0,0,"02",0
"7579794","50100",15,0,0,"02",0
"7581023","50100",21,0,2,"03",9000
"7581787","50100",37,0,2,"03",11000
"7582315","50100",15,0,0,"09",0
"7582603","50100",11,0,4,"02",36100
"7582718","50100",22,0,0,"02",0
"7583053","50100",10,0,1,"02",14000
"7585157","50100",11,0,4,"02",41000
"7586416","50100",22,0,0,"02",0
"7587679","50100",42,0,3,"02",105000
"7589138","50100",11,0,2,"02",19500
"7591613","50100",42,0,2,"06",41540
"7592042","50100",10,0,2,"02",24500
"7592074","50100",42,0,1,"02",9400
"7592851","50100",52,0,0,"02",0
"7594402","50100",22,0,0,"02",0
"7595259","50100",27,0,5,"02",59900
"7595365","50100",6,0,4,"02",36700
"7595404","50100",11,0,3,"02",64800
"7595468","50100",11,0,2,"02",36830
"7595511","50100",27,0,2,"02",28010
"7596261","50100",11,0,5,"02",65000
"7596404","50100",15,0,0,"02",0
"7597310","50100",47,0,1,"06",60100
"7597751","50100",26,0,3,"02",103800
"7598213","50100",11,0,2,"02",158000
"7598936","50100",10,0,2,"05",9380
"7599180","50100",16,0,2,"02",25000
"7599492","50100",10,0,1,"01",8100
"7599703","50100",26,0,1,"08",6800
"7600292","50100",48,0,1,"05",21800
"7600983","50100",37,0,4,"02",120000
"7601225","50100",11,0,4,"01",27000
"7603683","50100",10,0,1,"07",75000
"7605053","50100",10,0,1,"02",22100
"7605067","50100",11,0,1,"02",9500
"7605152","50100",16,0,1,"04",3000
"7606392","50100",10,0,2,"02",23000
"7606824","50100",11,0,3,"02",48600
"7607311","50100",27,0,1,"04",40000
"7607572","50100",42,0,2,"02",23500
"7607819","50100",5,0,3,"02",118200
"7608587","50100",37,0,2,"02",69300
"7608696","50100",7,0,0,"02",0
"7608791","50100",11,0,2,"02",145000
"7609834","50100",16,0,1,"02",15000
"7612096","50100",15,0,0,"03",0
"7612860","50100",11,0,2,"02",148000
"7613400","50100",44,0,0,"03",0
"7615246","50100",27,0,4,"01",34500
"7615519","50100",22,0,1,"02",7300
"7615525","50100",10,0,2,"02",19000
"7616430","50100",43,0,3,"02",83250
"7616566","50100",16,0,1,"02",45000
"7619636","50100",10,0,2,"01",28000
"7619929","50100",11,0,4,"02",61700
"7620323","50100",11,0,2,"02",14700
"7620379","50100",58,0,4,"02",28600
"7621980","50100",43,0,4,"02",86000
"7623242","50100",32,0,2,"01",29000
"7623465","50100",15,0,0,"02",0
"7623605","50100",16,0,4,"02",36000
"7623862","50100",32,0,2,"02",24300
"7624296","50100",11,0,2,"02",29700
"7624668","50100",32,0,1,"02",13850
"7624698","50100",37,0,1,"01",15000
"7624955","50100",32,0,2,"05",39000
"7626341","50100",37,0,1,"07",10000
"7626792","50100",15,0,0,"04",0
"7627268","50100",11,0,4,"02",25000
"7627358","50100",11,0,2,"02",64800
"7627366","50100",15,0,0,"07",0
"7628190","50100",10,0,7,"06",21970
"7630475","50100",32,0,1,"02",15730
"7630780","50100",16,0,1,"06",59000
"7631232","50100",32,0,2,"04",30040
"7632525","50100",11,0,2,"06",32710
"7632602","50100",16,0,1,"02",73600
"7632944","50100",64,0,2,"02",61800
"7633139","50100",11,0,4,"02",70000
"7633157","50100",11,0,2,"06",21500
"7635125","50100",10,0,3,"01",37500
"7635226","50100",26,0,4,"02",99600
"7635572","50100",0,1,1,"  ",0
"7640121","50100",16,0,2,"04",54000
"7640740","50100",27,0,2,"02",31600
"7640942","50100",69,0,2,"02",18200
"7641930","50100",21,0,2,"02",14600
"7641993","50100",10,0,2,"04",49000
"7642382","50100",10,0,2,"02",55350
"7643464","50100",31,0,4,"02",70700
"7643861","50100",27,0,3,"02",74190
"7644127","50100",10,0,1,"06",9000
"7644399","50100",10,0,2,"02",26860
"7644894","50100",16,0,2,"03",49700
"7646221","50100",15,0,0,"05",0
"7647096","50100",10,0,1,"02",29400
"7647518","50100",15,0,0,"02",0
"7647744","50100",10,0,2,"02",60500
"7648862","50100",37,0,2,"02",75700
"7649016","50100",10,0,2,"01",41000
"7649082","50100",10,0,4,"02",86100
"7651694","50100",8,0,0,"02",0
"7651769","50100",48,0,1,"04",28020
"7651812","50100",37,0,1,"02",40210
"7652726","50100",47,0,2,"02",38880
"7653066","50100",11,0,1,"01",10600
"7653399","50100",15,0,0,"02",0
"7654271","50100",10,0,2,"04",40460
"7655353","50100",11,0,4,"02",43800
"7656171","50100",16,0,1,"04",30400
"7656968","50100",11,0,1,"02",30000
"7657066","50100",22,0,0,"02",0
"7657793","50100",11,0,1,"02",49100
"7658196","50100",15,0,0,"08",0
"7658392","50100",42,0,3,"02",60110
"7659845","50100",11,0,1,"02",36600
"7662389","50100",42,0,2,"02",43300
"7662469","50100",11,0,2,"02",17300
"7662792","50100",37,0,0,"02",0
"7663307","50100",16,0,2,"02",88500
"7663661","50100",11,0,5,"02",33400
"7664646","50100",15,0,0,"02",0
"7664706","50100",16,0,3,"04",61000
"7664813","50100",0,1,1,"  ",0
"7664957","50100",10,0,1,"01",8000
"7665221","50100",11,0,3,"02",40000
"7665579","50100",10,0,2,"05",33100
"7666233","50100",11,0,2,"06",48000
"7666426","50100",16,0,1,"02",35800
"7666834","50100",16,0,2,"02",47400
"7667225","50100",10,0,2,"02",61000
"7667247","50100",11,0,5,"02",92000
"7667351","50100",5,0,6,"02",37000
"7668476","50100",11,0,1,"02",36700
"7668536","50100",10,0,4,"02",106450
"7669283","50100",11,0,2,"02",135700
"7669339","50100",10,0,1,"03",20000
"7670182","50100",48,0,2,"04",15000
"7671405","50100",0,2,1,"  ",0
"7671870","50100",42,0,1,"05",6850
"7672429","50100",21,0,3,"02",49920
"7672661","50100",11,0,2,"02",61770
"7673212","50100",10,0,2,"01",43300
"7673704","50100",37,0,1,"05",24000
"7674410","50100",10,0,1,"08",7200
"7676072","50100",27,0,6,"06",110160
"7676117","50100",16,0,2,"02",30800
"7676530","50100",15,0,5,"01",44000
"7677233","50100",11,0,4,"02",42000
"7677649","50100",11,0,1,"02",16500
"7677946","50100",16,0,2,"02",0
"7678022","50100",21,0,1,"02",0
"7678377","50100",22,0,0,"02",0
"7678904","50100",11,0,2,"02",57020
"7679312","50100",11,0,3,"01",20300
"7680052","50100",10,0,2,"02",104400
"7681285","50100",11,0,1,"06",5320
"7682107","50100",37,0,1,"07",11200
"7682149","50100",11,0,2,"02",3640
"7683051","50100",0,1,1,"  ",0
"7683622","50100",11,0,4,"02",63300
"7684214","50100",32,0,2,"02",29700
"7684323","50100",5,0,10,"02",27810
"7685509","50100",11,0,5,"01",37090
"7686451","50100",10,0,3,"02",154000
"7686557","50100",37,0,1,"02",32100
"7687295","50100",26,0,2,"02",45350
"7687308","50100",37,0,0,"02",0
"7687329","50100",14,0,0,"02",0
"7688103","50100",22,0,0,"02",0
"7688371","50100",22,0,0,"02",0
"7690167","50100",10,0,1,"07",9000
"7691392","50100",26,0,2,"02",3750
"7691989","50100",11,0,3,"02",93300
"7692120","50100",16,0,2,"01",53500
"7693280","50100",10,0,3,"02",10000
"7693591","50100",15,0,0,"02",0
"7693848","50100",15,0,0,"02",0
"7695544","50100",0,2,1,"  ",0
"7696960","50100",30,0,0,"01",0
"7699012","50100",10,0,10,"02",48600
"7699330","50100",0,2,1,"  ",0
"7699387","50100",16,0,4,"02",92600
"7700127","50100",16,0,1,"02",21000
"7700438","50100",11,0,1,"01",25600
"7700926","50100",32,0,1,"02",0
"7703047","50100",10,0,1,"01",30000
"7703399","50100",11,0,2,"02",12270
"7703860","50100",58,0,3,"02",179900
"7704346","50100",22,0,0,"02",0
"7705457","50100",10,0,1,"02",11200
"7705471","50100",42,0,4,"01",38500
"7705541","50100",11,0,1,"02",42200
"7706062","50100",21,0,4,"02",53400
"7706587","50100",15,0,0,"02",0
"7707040","50100",10,0,2,"02",38500
"7708388","50100",10,0,2,"02",49900
"7709610","50100",15,0,0,"02",0
"7710486","50100",16,0,3,"02",87200
"7711156","50100",16,0,1,"02",27160
"7711339","50100",10,0,2,"02",78800
"7711462","50100",37,0,0,"04",0
"7711473","50100",37,0,3,"02",68000
"7712365","50100",15,0,0,"02",0
"7712898","50100",10,0,4,"02",88000
"7713964","50100",11,0,1,"02",17700
"7713977","50100",22,0,0,"02",0
"7714466","50100",15,0,4,"02",97300
"7714766","50100",15,0,0,"10",0
"7716229","50100",48,0,2,"02",45380
"7716231","50100",0,2,1,"  ",0
"7716277","50100",11,0,1,"06",0
"7716518","50100",16,0,3,"03",52900
"7716621","50100",16,0,2,"02",19400
"7716636","50100",11,0,2,"02",31000
"7716819","50100",11,0,1,"06",17500
"7717006","50100",11,0,4,"05",57940
"7717129","50100",11,0,5,"02",25200
"7717542","50100",10,0,2,"02",14100
"7719733","50100",37,0,0,"02",0
"7721342","50100",5,0,2,"02",50000
"7721380","50100",10,0,1,"02",21000
"7722418","50100",22,0,0,"02",0
"7722890","50100",0,2,1,"  ",0
"7724152","50100",0,2,1,"  ",0
"7724899","50100",10,0,2,"02",31760
"7725191","50100",15,0,0,"03",0
"7725232","50100",37,0,2,"02",90000
"7725725","50100",16,0,5,"02",141900
"7726129","50100",0,2,1,"  ",0
"7726534","50100",11,0,2,"02",47180
"7726802","50100",11,0,4,"02",52200
"7727086","50100",10,0,1,"04",22400
"7727277","50100",21,0,2,"01",11940
"7727953","50100",27,0,2,"02",60000
"7728672","50100",37,0,2,"01",95300
"7729079","50100",15,0,0,"02",0
"7729947","50100",27,0,2,"02",67400
"7730448","50100",22,0,2,"05",39500
"7730640","50100",32,0,2,"02",75530
"7730788","50100",10,0,3,"02",17300
"7731073","50100",15,0,0,"01",0
"7732749","50100",21,0,4,"02",13400
"7734186","50100",26,0,5,"02",34780
"7734934","50100",11,0,1,"07",11200
"7735414","50100",11,0,2,"04",14100
"7735589","50100",37,0,1,"06",7000
"7736065","50100",14,0,0,"02",0
"7736259","50100",0,2,1,"  ",0
"7736509","50100",11,0,1,"02",21300
"7736840","50100",11,0,6,"02",37650
"7737045","50100",42,0,5,"02",25120
"7737882","50100",16,0,1,"03",10800
"7738670","50100",10,0,2,"02",11000
"7739843","50100",11,0,6,"02",50800
"7739888","50100",10,0,2,"01",7800
"7739969","50100",21,0,3,"02",48000
"7740246","50100",15,0,0,"02",0
"7740576","50100",37,0,5,"02",50500
"7740598","50100",26,0,5,"05",108500
"7740991","50100",37,0,1,"06",4900
"7741507","50100",31,0,1,"05",24700
"7742866","50100",10,0,2,"02",61150
"7743879","50100",32,0,2,"02",68000
"7748516","50100",22,0,0,"02",0
"7750764","50100",15,0,0,"07",0
"7751019","50100",52,0,1,"07",46410
"7751026","50100",10,0,2,"06",259000
"7751030","50100",11,0,2,"02",27020
"7752991","50100",0,1,1,"  ",0
"7753142","50100",16,0,3,"02",46530
"7754235","50100",0,1,1,"  ",0
"7754263","50100",37,0,4,"02",89600
"7754340","50100",11,0,1,"02",11200
"7754834","50100",21,0,4,"02",71000
"7754939","50100",10,0,2,"01",28520
"7755239","50100",22,0,0,"02",0
"7755570","50100",15,0,0,"08",0
"7756053","50100",15,0,0,"08",0
"7757180","50100",21,0,1,"02",34000
"7758243","50100",43,0,2,"02",24200
"7758632","50100",15,0,0,"07",0
"7759116","50100",0,2,1,"  ",0
"7760384","50100",32,0,2,"02",389600
"7760748","50100",32,0,1,"02",10000
"7761011","50100",10,0,4,"02",67000
"7761185","50100",10,0,1,"02",13100
"7761206","50100",10,0,3,"02",55000
"7761415","50100",16,0,2,"02",30470
"7762005","50100",16,0,2,"01",39000
"7764390","50100",11,0,2,"02",62400
"7764540","50100",10,0,4,"04",93500
"7764922","50100",15,0,0,"02",0
"7764983","50100",0,2,1,"  ",0
"7764985","50100",11,0,2,"02",79000
"7765062","50100",37,0,1,"02",8700
"7765841","50100",37,0,1,"01",12400
"7765986","50100",29,0,0,"02",0
"7766844","50100",14,0,0,"02",0
"7767462","50100",37,0,4,"02",103060
"7767502","50100",16,0,2,"02",32700
"7767521","50100",27,0,1,"01",15000
"7768479","50100",15,0,0,"02",0
"7770104","50100",11,0,2,"02",80000
"7771050","50100",16,0,4,"04",66900
"7771833","50100",0,2,1,"  ",0
"7772480","50100",5,0,2,"02",29800
"7772550","50100",22,0,0,"02",0
"7772693","50100",10,0,2,"01",26000
"7773078","50100",11,0,2,"02",56850
"7773571","50100",16,0,2,"02",13000
"7773831","50100",16,0,1,"08",7120
"7775101","50100",47,0,2,"04",33900
"7775292","50100",11,0,2,"04",22100
"7775530","50100",11,0,4,"02",58190
"7777155","50100",16,0,4,"01",61280
"7777347","50100",22,0,2,"02",30000
"7777476","50100",10,0,2,"02",17000
"7777576","50100",32,0,2,"02",30900
"7779271","50100",11,0,2,"02",68400
"7780101","50100",16,0,2,"02",60250
"7780135","50100",32,0,2,"06",10680
"7780209","50100",11,0,5,"02",95000
"7781124","50100",11,0,2,"02",16500
"7781384","50100",42,0,2,"02",45600
"7781387","50100",0,1,1,"  ",0
"7781521","50100",31,0,2,"02",44200
"7782517","50100",15,0,3,"02",39100
"7782556","50100",16,0,2,"02",335900
"7782597","50100",42,0,1,"06",10200
"7782609","50100",15,0,2,"02",107000
"7782858","50100",10,0,4,"02",38000
"7783464","50100",16,0,2,"02",18690
"7785543","50100",37,0,1,"04",8900
"7786364","50100",47,0,2,"02",201000
"7786800","50100",16,0,4,"02",13000
"7788560","50100",11,0,2,"02",40350
"7789040","50100",44,0,0,"02",0
"7790052","50100",15,0,0,"04",0
"7790558","50100",10,0,2,"02",52300
"7790638","50100",11,0,1,"02",18760
"7792073","50100",11,0,3,"02",35500
"7792473","50100",16,0,1,"02",7800
"7792908","50100",21,0,3,"02",73240
"7793730","50100",10,0,4,"02",48000
"7794313","50100",16,0,2,"02",122000
"7794414","50100",11,0,3,"02",29800
"7794448","50100",10,0,1,"01",10300
"7795069","50100",10,0,2,"04",15100
"7795333","50100",11,0,3,"01",30900
"7795367","50100",0,2,1,"  ",0
"7795369","50100",27,0,3,"02",60360
"7795529","50100",32,0,8,"02",108944
"7795772","50100",23,0,0,"02",0
"7796267","50100",16,0,4,"01",49400
"7796307","50100",43,0,2,"02",94800
"7796361","50100",16,0,5,"02",85400
"7796537","50100",37,0,0,"02",0
"7797247","50100",38,0,2,"04",294100
"7798504","50100",16,0,2,"02",70000
"7798695","50100",37,0,3,"07",20020
"7798714","50100",11,0,2,"02",52480
"7799069","50100",16,0,4,"02",70000
"7799274","50100",21,0,3,"04",49700
"7801128","50100",48,0,1,"05",14100
"7802132","50100",11,0,2,"02",22900
"7802644","50100",10,0,2,"02",10134
"7804675","50100",31,0,1,"02",18400
"7805570","50100",37,0,2,"02",49950
"7805762","50100",11,0,4,"02",29000
"7806872","50100",10,0,3,"02",35930
"7807735","50100",48,0,3,"04",20800
"7808318","50100",48,0,1,"06",25000
"7809329","50100",15,0,0,"02",0
"7809658","50100",16,0,3,"02",70000
"7809886","50100",10,0,2,"01",17400
"7810616","50100",48,0,3,"04",18100
"7811535","50100",26,0,2,"04",63230
"7811954","50100",10,0,1,"03",48400
"7813004","50100",11,0,3,"02",10930
"7813096","50100",47,0,1,"02",14600
"7814853","50100",42,0,4,"02",46780
"7815105","50100",10,0,2,"02",30400
"7815480","50100",14,0,0,"02",0
"7815579","50100",10,0,1,"01",34020
"7816134","50100",10,0,1,"06",9100
"7816149","50100",10,0,2,"06",45000
"7816549","50100",5,0,5,"03",55000
"7817891","50100",22,0,0,"02",0
"7818203","50100",22,0,0,"02",0
"7818778","50100",32,0,4,"02",80000
"7822170","50100",21,0,4,"02",57850
"7822630","50100",16,0,3,"02",31000
"7823060","50100",11,0,2,"02",32000
"7823095","50100",11,0,3,"02",33000
"7823155","50100",15,0,0,"02",0
"7823912","50100",38,0,1,"09",17500
"7824003","50100",37,0,2,"05",7700
"7824231","50100",15,0,0,"02",0
"7824447","50100",22,0,0,"06",0
"7825903","50100",15,0,0,"10",0
"7825999","50100",14,0,0,"02",0
"7826055","50100",31,0,2,"06",7300
"7826754","50100",11,0,3,"02",55700
"7827047","50100",11,0,2,"02",20400
"7827314","50100",47,0,1,"06",2070
"7827618","50100",15,0,0,"02",0
"7830205","50100",29,0,0,"01",0
"7830447","50100",15,0,0,"02",0
"7830999","50100",10,0,2,"01",51500
"7831051","50100",16,0,1,"05",6400
"7831171","50100",36,0,0,"02",0
"7831223","50100",16,0,2,"02",38080
"7831464","50100",26,0,2,"02",14400
"7831500","50100",37,0,1,"07",37000
"7831661","50100",16,0,2,"02",38700
"7834041","50100",16,0,2,"02",11400
"7835046","50100",37,0,2,"02",71380
"7835092","50100",27,0,1,"02",20600
"7835394","50100",16,0,1,"07",6000
"7835809","50100",11,0,1,"04",6700
"7836082","50100",11,0,4,"02",102100
"7836696","50100",14,0,0,"02",0
"7837123","50100",0,1,1,"  ",0
"7837175","50100",48,0,4,"02",135000
"7837972","50100",0,2,1,"  ",0
"7838336","50100",30,0,0,"02",0
"7838711","50100",26,0,3,"02",141720
"7839408","50100",14,0,0,"04",0
"7840164","50100",16,0,3,"02",79900
"7840519","50100",10,0,4,"02",65200
"7840846","50100",0,2,1,"  ",0
"7841430","50100",15,0,0,"03",0
"7841784","50100",15,0,0,"02",0
"7842158","50100",0,1,1,"  ",0
"7843306","50100",15,0,0,"02",0
"7843846","50100",37,0,2,"01",25000
"7844520","50100",10,0,1,"02",19800
"7844872","50100",16,0,4,"02",70900
"7845447","50100",15,0,0,"02",0
"7845664","50100",10,0,4,"02",96100
"7847072","50100",10,0,2,"02",39500
"7847471","50100",16,0,5,"02",43900
"7848250","50100",10,0,2,"02",134700
"7848376","50100",0,1,1,"  ",0
"7849265","50100",14,0,0,"02",0
"7851725","50100",16,0,2,"02",38700
"7852929","50100",11,0,1,"06",7000
"7853188","50100",0,1,1,"  ",0
"7853799","50100",11,0,5,"02",115360
"7855469","50100",11,0,4,"02",47060
"7855796","50100",16,0,2,"02",25000
"7856085","50100",37,0,4,"02",103300
"7858187","50100",42,0,4,"02",235000
"7860022","50100",15,0,4,"02",34500
"7860630","50100",37,0,2,"04",82000
"7860644","50100",15,0,0,"02",0
"7860943","50100",11,0,3,"02",36900
"7862130","50100",11,0,2,"04",44000
"7862420","50100",42,0,2,"02",41220
"7862674","50100",6,0,1,"02",17600
"7863891","50100",14,0,0,"02",0
"7864224","50100",15,0,1,"02",22500
"7864267","50100",0,1,1,"  ",0
"7865124","50100",37,0,3,"04",13500
"7866115","50100",11,0,2,"02",22400
"7866868","50100",0,2,1,"  ",0
"7867807","50100",11,0,4,"04",21000
"7871516","50100",21,0,2,"01",99000
"7873841","50100",16,0,2,"02",36600
"7874298","50100",16,0,2,"02",104000
"7874511","50100",27,0,1,"02",65480
"7875089","50100",21,0,3,"02",47500
"7877332","50100",32,0,2,"02",85180
"7878869","50100",10,0,2,"02",67300
"7879389","50100",15,0,1,"02",88000
"7880011","50100",37,0,1,"09",8320
"7880816","50100",15,0,0,"02",0
"7881128","50100",43,0,3,"05",11000
"7881900","50100",15,0,0,"02",0
"7882098","50100",14,0,0,"02",0
"7883234","50100",16,0,3,"02",68600
"7883266","50100",10,0,4,"02",17000
"7883839","50100",22,0,3,"02",47100
"7883904","50100",15,0,0,"06",0
"7884004","50100",11,0,2,"02",135300
"7884197","50100",15,0,0,"02",0
"7885350","50100",10,0,2,"02",58000
"7885588","50100",10,0,1,"03",20600
"7885920","50100",22,0,2,"04",33500
"7886979","50100",10,0,1,"01",5000
"7888922","50100",10,0,3,"02",27800
"7889511","50100",16,0,4,"02",40000
"7889879","50100",37,0,3,"06",30000
"7891702","50100",26,0,2,"05",24300
"7892679","50100",16,0,2,"02",37200
"7893275","50100",16,0,3,"02",29000
"7894343","50100",10,0,2,"02",20100
"7894650","50100",16,0,1,"02",9200
"7894835","50100",11,0,1,"07",17300
"7897613","50100",11,0,1,"07",23700
"7899568","50100",16,0,3,"02",38700
"7900076","50100",16,0,1,"02",10100
"7900875","50100",10,0,2,"03",86000
"7901023","50100",11,0,2,"02",62000
"7901938","50100",10,0,2,"02",28300
"7902285","50100",42,0,1,"02",10770
"7902936","50100",42,0,4,"02",65200
"7902941","50100",42,0,2,"02",90300
"7903419","50100",37,0,1,"05",18000
"7903767","50100",11,0,2,"02",27000
"7905448","50100",15,0,0,"01",0
"7905748","50100",15,0,0,"02",0
"7906209","50100",16,0,2,"02",55000
"7906438","50100",16,0,1,"02",4800
"7906897","50100",32,0,5,"02",66450
"7907109","50100",32,0,2,"02",17400
"7907918","50100",11,0,4,"03",79000
"7907996","50100",26,0,2,"04",52300
"7908262","50100",27,0,3,"02",45100
"7909213","50100",15,0,0,"02",0
"7909258","50100",16,0,2,"02",14100
"7909334","50100",16,0,2,"04",16300
"7909775","50100",22,0,0,"02",0
"7909928","50100",11,0,1,"02",30000
"7910775","50100",7,0,0,"02",0
"7911092","50100",6,0,2,"04",36500
"7911189","50100",10,0,2,"02",47500
"7911367","50100",15,0,0,"02",0
"7911448","50100",15,0,0,"01",0
"7911976","50100",16,0,2,"02",63700
"7912301","50100",37,0,1,"05",33000
"7912398","50100",16,0,1,"02",20000
"7913444","50100",21,0,2,"02",44230
"7913464","50100",11,0,1,"02",10800
"7913749","50100",11,0,2,"02",15350
"7913807","50100",10,0,2,"05",42600
"7913897","50100",10,0,1,"02",16900
"7914215","50100",11,0,2,"02",53850
"7914972","50100",16,0,2,"01",25800
"7915457","50100",14,0,0,"07",0
"7915914","50100",15,0,0,"02",0
"7916867","50100",32,0,1,"02",18960
"7917168","50100",37,0,4,"02",65010
"7917375","50100",53,0,5,"02",20600
"7917836","50100",11,0,4,"02",44700
"7918076","50100",14,0,0,"08",0
"7919057","50100",15,0,0,"02",0
"7919265","50100",11,0,2,"02",70050
"7920196","50100",26,0,3,"01",38110
"7921729","50100",11,0,1,"02",44400
"7922614","50100",8,0,2,"02",47040
"7923662","50100",27,0,1,"02",8500
"7923923","50100",15,0,0,"02",0
"7925642","50100",11,0,2,"02",54200
"7925815","50100",10,0,1,"02",2260
"7929710","50100",31,0,1,"04",15100
"7930406","50100",11,0,3,"02",51100
"7930447","50100",10,0,2,"02",1e+05
"7930678","50100",15,0,0,"02",0
"7931272","50100",37,0,0,"02",0
"7931522","50100",21,0,5,"02",59500
"7931708","50100",16,0,1,"02",14600
"7931813","50100",26,0,4,"06",52020
"7933074","50100",11,0,2,"02",59940
"7934068","50100",15,0,0,"02",0
"7935721","50100",15,0,0,"02",0
"7936782","50100",37,0,4,"01",31000
"7936921","50100",10,0,3,"01",26000
"7937005","50100",10,0,2,"02",63260
"7937175","50100",16,0,5,"02",67600
"7937240","50100",21,0,2,"02",57800
"7937277","50100",26,0,1,"02",25000
"7938368","50100",27,0,2,"02",34400
"7938430","50100",14,0,0,"02",0
"7938910","50100",10,0,1,"02",18210
"7939725","50100",10,0,1,"02",42700
"7942780","50100",11,0,1,"02",12000
"7942976","50100",30,0,0,"02",0
"7943083","50100",10,0,4,"02",47000
"7943252","50100",11,0,1,"02",18800
"7943517","50100",22,0,0,"05",0
"7943885","50100",15,0,0,"02",0
"7945380","50100",16,0,2,"02",67000
"7945837","50100",27,0,2,"01",41000
"7946400","50100",10,0,1,"02",10010
"7946482","50100",26,0,3,"02",320900
"7947450","50100",11,0,2,"06",46200
"7947521","50100",42,0,4,"04",3100
"7951453","50100",10,0,2,"02",55570
"7951565","50100",10,0,1,"02",54800
"7951697","50100",11,0,2,"07",23700
"7951757","50100",10,0,2,"02",184300
"7951900","50100",16,0,5,"02",68000
"7951984","50100",10,0,1,"05",11400
"7952165","50100",11,0,1,"02",12300
"7952894","50100",22,0,0,"06",0
"7953851","50100",11,0,4,"02",55900
"7954732","50100",11,0,2,"02",32800
"7956203","50100",15,0,0,"02",0
"7956233","50100",11,0,2,"02",26330
"7956369","50100",21,0,1,"02",26000
"7959251","50100",21,0,4,"02",35870
"7959703","50100",21,0,3,"01",43000
"7959874","50100",14,0,0,"02",0
"7960220","50100",16,0,4,"02",107000
"7960536","50100",21,0,2,"02",44700
"7961635","50100",10,0,3,"02",145800
"7962385","50100",15,0,1,"02",19700
"7963360","50100",15,0,0,"01",0
"7963691","50100",11,0,4,"02",33500
"7964246","50100",26,0,2,"02",93000
"7965189","50100",16,0,4,"02",41800
"7965409","50100",16,0,2,"02",30610
"7965527","50100",37,0,1,"02",63300
"7966192","50100",30,0,0,"02",0
"7969794","50100",11,0,3,"02",7800
"7971134","50100",10,0,2,"01",21600
"7971480","50100",11,0,2,"02",260000
"7972021","50100",22,0,4,"02",55120
"7974347","50100",48,0,3,"05",31134
"7974495","50100",10,0,3,"02",40000
"7974645","50100",15,0,0,"03",0
"7975353","50100",11,0,4,"02",182410
"7978552","50100",0,2,1,"  ",0
"7978643","50100",37,0,1,"02",19630
"7979754","50100",16,0,1,"02",1150
"7979757","50100",11,0,2,"02",8210
"7980101","50100",30,0,0,"02",0
"7980275","50100",11,0,3,"02",26800
"7980915","50100",21,0,2,"02",51000
"7982472","50100",27,0,1,"02",41000
"7983118","50100",21,0,2,"02",53700
"7983900","50100",16,0,2,"02",50000
"7984125","50100",43,0,1,"02",14070
"7984631","50100",10,0,1,"06",13300
"7986490","50100",11,0,2,"02",41400
"7987355","50100",26,0,1,"05",7820
"7987830","50100",22,0,0,"02",0
"7987928","50100",42,0,2,"02",333000
"7988656","50100",26,0,3,"05",114000
"7989153","50100",26,0,2,"04",47430
"7989416","50100",32,0,4,"05",35030
"7993004","50100",11,0,1,"02",24800
"7993506","50100",30,0,0,"02",0
"7993555","50100",11,0,1,"02",20800
"7994402","50100",48,0,4,"02",72980
"7995190","50100",53,0,5,"02",60700
"7995871","50100",27,0,1,"03",78800
"7997005","50100",11,0,4,"02",57970
"7997521","50100",42,0,2,"02",50000
"7997664","50100",16,0,2,"01",40000
"7997849","50100",26,0,2,"01",47800
"8000083","50100",47,0,1,"02",12300
"8000347","50100",15,0,3,"02",56020
"8000496","50100",15,0,0,"02",0
"8001325","50100",31,0,1,"06",2300
"8001453","50100",16,0,1,"07",10700
"8002151","50100",45,0,0,"02",0
"8002797","50100",11,0,3,"01",44300
"8002889","50100",27,0,2,"02",29400
"8003035","50100",11,0,1,"05",16000
"8004504","50100",21,0,1,"02",70400
"8005127","50100",11,0,1,"02",18200
"8005675","50100",10,0,5,"02",89500
"8005868","50100",58,0,2,"02",40000
"8005874","50100",14,0,0,"02",0
"8006259","50100",21,0,4,"02",74600
"8006416","50100",16,0,2,"01",21330
"8007835","50100",21,0,2,"02",90000
"8008166","50100",22,0,0,"02",0
"8008782","50100",11,0,1,"02",11280
"8009680","50100",37,0,4,"02",74710
"8009881","50100",14,0,0,"06",0
"8010295","50100",15,0,0,"06",0
"8010332","50100",11,0,3,"02",33600
"8011692","50100",11,0,3,"02",50000
"8011733","50100",16,0,1,"02",18400
"8011809","50100",16,0,4,"03",35000
"8012231","50100",15,0,0,"02",0
"8012528","50100",11,0,1,"02",0
"8013361","50100",10,0,1,"02",11310
"8013601","50100",37,0,2,"02",49000
"8014028","50100",10,0,3,"02",49800
"8015778","50100",21,0,4,"01",24000
"8015793","50100",48,0,1,"04",6600
"8016038","50100",21,0,4,"02",72010
"8016315","50100",16,0,4,"02",32000
"8017307","50100",10,0,3,"01",10600
"8017548","50100",42,0,2,"05",63500
"8017844","50100",27,0,2,"04",38200
"8018413","50100",11,0,2,"02",59700
"8018425","50100",37,0,3,"01",38600
"8019725","50100",38,0,4,"08",31400
"8020292","50100",0,2,1,"  ",0
"8020373","50100",48,0,3,"02",31700
"8023310","50100",14,0,0,"08",0
"8023840","50100",11,0,2,"02",30010
"8024916","50100",10,0,2,"02",13200
"8025284","50100",21,0,6,"02",84270
"8025913","50100",10,0,3,"02",51900
"8026322","50100",16,0,3,"02",32200
"8027076","50100",29,0,0,"04",0
"8027119","50100",15,0,0,"08",0
"8027567","50100",16,0,3,"02",103660
"8027625","50100",16,0,2,"01",42660
"8028082","50100",15,0,0,"02",0
"8028172","50100",37,0,2,"02",62000
"8029539","50100",0,1,1,"  ",0
"8030188","50100",42,0,2,"02",51000
"8030880","50100",16,0,1,"02",15300
"8033729","50100",16,0,3,"02",19550
"8034529","50100",42,0,1,"08",31300
"8036107","50100",29,0,0,"03",0
"8036831","50100",6,0,3,"02",79420
"8037446","50100",14,0,0,"02",0
"8037518","50100",10,0,5,"02",21520
"8038279","50100",42,0,3,"02",50000
"8038303","50100",30,0,0,"02",0
"8038575","50100",14,0,0,"04",0
"8038595","50100",22,0,0,"02",0
"8039459","50100",10,0,2,"02",28500
"8040282","50100",15,0,0,"02",0
"8040859","50100",15,0,0,"01",0
"8041042","50100",10,0,5,"02",141500
"8041414","50100",10,0,2,"02",65510
"8042061","50100",11,0,2,"03",36830
"8042337","50100",11,0,2,"02",29500
"8042492","50100",11,0,2,"02",39860
"8043692","50100",10,0,1,"01",47700
"8044055","50100",37,0,1,"07",38000
"8045045","50100",42,0,4,"02",93300
"8045150","50100",26,0,1,"02",27200
"8046478","50100",15,0,0,"02",0
"8047826","50100",42,0,1,"03",17530
"8050953","50100",27,0,5,"02",73200
"8051313","50100",10,0,2,"08",25900
"8051805","50100",11,0,5,"01",63050
"8052354","50100",15,0,0,"07",0
"8054720","50100",16,0,2,"03",50700
"8055862","50100",14,0,0,"02",0
"8057203","50100",11,0,4,"02",25900
"8058238","50100",26,0,3,"02",23130
"8060412","50100",10,0,3,"02",17400
"8060833","50100",11,0,2,"02",60000
"8061504","50100",11,0,5,"02",45800
"8062995","50100",15,0,0,"01",0
"8063564","50100",10,0,2,"02",41450
"8064690","50100",0,2,1,"  ",0
"8065789","50100",0,2,1,"  ",0
"8066996","50100",22,0,0,"02",0
"8067112","50100",15,0,0,"02",0
"8070382","50100",48,0,1,"02",68320
"8072372","50100",32,0,1,"03",38050
"8072503","50100",48,0,2,"05",29500
"8073599","50100",10,0,2,"02",23000
"8073946","50100",11,0,1,"02",12900
"8074010","50100",30,0,0,"02",0
"8074429","50100",0,2,1,"  ",0
"8076188","50100",11,0,3,"02",71700
"8077052","50100",37,0,3,"02",90100
"8077978","50100",10,0,1,"02",4000
"8078036","50100",21,0,4,"02",70600
"8079140","50100",11,0,2,"02",52400
"8079207","50100",42,0,5,"02",11800
"8079236","50100",11,0,2,"02",85000
"8080213","50100",0,2,1,"  ",0
"8080405","50100",16,0,2,"02",19600
"8080567","50100",32,0,3,"02",119000
"8081986","50100",48,0,1,"02",6030
"8082042","50100",6,0,5,"03",1e+05
"8082111","50100",10,0,4,"02",23500
"8084059","50100",11,0,2,"02",71850
"8085125","50100",42,0,2,"02",22300
"8085778","50100",14,0,0,"03",0
"8086653","50100",11,0,1,"05",11100
"8088464","50100",0,2,1,"  ",0
"8088559","50100",11,0,1,"02",25000
"8089926","50100",0,1,1,"  ",0
"8090860","50100",42,0,3,"02",31000
"8091681","50100",21,0,3,"03",50150
"8093729","50100",15,0,6,"02",88700
"8093926","50100",10,0,2,"02",61000
"8094905","50100",16,0,3,"02",35920
"8095783","50100",16,0,3,"02",71400
"8096504","50100",16,0,2,"02",57000
"8096824","50100",11,0,1,"02",32000
"8097600","50100",15,0,0,"02",0
"8099207","50100",10,0,6,"02",42480
"8100182","50100",15,0,0,"02",0
"8100857","50100",0,2,1,"  ",0
"8101948","50100",11,0,4,"02",49000
"8102744","50100",26,0,4,"01",50300
"8102901","50100",15,0,2,"02",18510
"8103858","50100",16,0,2,"02",68150
"8105534","50100",10,0,3,"02",6500
"8105778","50100",11,0,4,"02",105000
"8105863","50100",15,0,0,"04",0
"8106135","50100",10,0,5,"02",82100
"8109021","50100",31,0,3,"03",78300
"8109424","50100",0,2,1,"  ",0
"8110017","50100",26,0,2,"02",113000
"8110685","50100",11,0,4,"01",30000
"8111048","50100",16,0,2,"02",65790
"8111122","50100",16,0,4,"02",36000
"8111558","50100",15,0,0,"02",0
"8112164","50100",32,0,4,"02",52000
"8112471","50100",21,0,5,"02",47000
"8113423","50100",11,0,1,"05",18200
"8113839","50100",11,0,1,"02",10800
"8115613","50100",10,0,5,"02",74500
"8116248","50100",16,0,2,"01",48800
"8116259","50100",15,0,0,"03",0
"8117134","50100",14,0,0,"09",0
"8118159","50100",0,2,1,"  ",0
"8118393","50100",0,1,1,"  ",0
"8118979","50100",11,0,2,"02",56590
"8119717","50100",21,0,4,"02",128000
"8120131","50100",11,0,1,"04",9200
"8120579","50100",37,0,3,"02",68000
"8121159","50100",16,0,4,"02",16000
"8121607","50100",11,0,2,"02",44700
"8122613","50100",15,0,0,"02",0
"8123861","50100",10,0,3,"02",17100
"8123906","50100",15,0,2,"02",70100
"8124868","50100",11,0,2,"02",29200
"8125405","50100",22,0,0,"02",0
"8126280","50100",31,0,2,"06",42120
"8126426","50100",5,0,2,"01",25240
"8126518","50100",11,0,1,"02",23000
"8126526","50100",37,0,2,"02",57400
"8126876","50100",11,0,2,"02",68590
"8127282","50100",11,0,1,"06",26200
"8128054","50100",11,0,4,"01",17000
"8128191","50100",11,0,3,"02",49100
"8128678","50100",14,0,0,"01",0
"8129933","50100",16,0,2,"02",58510
"8130083","50100",10,0,3,"02",56000
"8130211","50100",16,0,1,"07",12610
"8130332","50100",11,0,2,"02",28000
"8130870","50100",11,0,1,"06",8600
"8131727","50100",11,0,5,"04",30530
"8131949","50100",0,1,1,"  ",0
"8132792","50100",0,1,1,"  ",0
"8133620","50100",11,0,1,"02",9600
"8134112","50100",32,0,2,"02",39400
"8134587","50100",10,0,4,"02",44320
"8134697","50100",16,0,6,"02",42000
"8135141","50100",14,0,0,"06",0
"8135225","50100",0,2,1,"  ",0
"8135438","50100",37,0,2,"02",67000
"8136323","50100",10,0,2,"02",33200
"8136945","50100",26,0,3,"04",36600
"8137201","50100",26,0,2,"02",77700
"8137283","50100",53,0,3,"02",68600
"8139829","50100",37,0,1,"02",27000
"8140723","50100",11,0,2,"02",131600
"8141014","50100",53,0,2,"04",9700
"8141212","50100",10,0,2,"02",34000
"8142682","50100",14,0,0,"06",0
"8143889","50100",26,0,1,"01",13500
"8144044","50100",10,0,4,"02",88000
"8144218","50100",16,0,1,"02",65000
"8144667","50100",31,0,4,"02",51500
"8146663","50100",16,0,2,"02",67500
"8148967","50100",16,0,1,"01",6000
"8149833","50100",32,0,2,"02",44000
"8149943","50100",14,0,0,"02",0
"8151505","50100",21,0,2,"02",82800
"8152259","50100",10,0,1,"02",8400
"8152923","50100",0,2,1,"  ",0
"8154171","50100",10,0,1,"03",48700
"8155338","50100",32,0,7,"02",29180
"8156026","50100",11,0,1,"02",8700
"8156039","50100",22,0,0,"02",0
"8156058","50100",15,0,0,"02",0
"8156381","50100",16,0,4,"02",45500
"8156383","50100",31,0,1,"08",10900
"8156433","50100",10,0,3,"02",6900
"8156697","50100",11,0,4,"03",21600
"8157246","50100",21,0,2,"02",59600
"8159006","50100",11,0,2,"02",40000
"8160624","50100",37,0,4,"04",91400
"8160888","50100",22,0,0,"02",0
"8161067","50100",22,0,0,"08",0
"8162108","50100",21,0,2,"06",16800
"8162241","50100",11,0,1,"06",36000
"8162617","50100",15,0,0,"02",0
"8164402","50100",11,0,4,"01",20100
"8164554","50100",32,0,2,"02",148100
"8165742","50100",10,0,4,"02",20000
"8166711","50100",52,0,1,"02",40660
"8167515","50100",10,0,3,"02",23000
"8167789","50100",32,0,1,"02",30000
"8168062","50100",31,0,3,"05",46500
"8170765","50100",11,0,4,"02",30100
"8171908","50100",15,0,0,"02",0
"8172359","50100",10,0,4,"02",56000
"8173379","50100",10,0,5,"02",84000
"8174101","50100",42,0,4,"02",28670
"8174422","50100",11,0,5,"02",20000
"8174597","50100",15,0,1,"02",5000
"8174794","50100",15,0,0,"08",0
"8174817","50100",42,0,4,"06",29400
"8175245","50100",37,0,4,"02",36000
"8175544","50100",37,0,1,"05",33300
"8175942","50100",8,0,0,"02",0
"8176242","50100",15,0,0,"02",0
"8176334","50100",43,0,4,"02",30500
"8177444","50100",11,0,2,"02",47200
"8178107","50100",11,0,3,"02",145620
"8178568","50100",10,0,5,"02",74360
"8179040","50100",22,0,0,"02",0
"8179081","50100",10,0,2,"02",46800
"8179270","50100",15,0,0,"02",0
"8179758","50100",31,0,2,"02",20000
"8179945","50100",15,0,0,"02",0
"8179978","50100",32,0,1,"02",8400
"8180161","50100",44,0,0,"06",0
"8180218","50100",0,2,1,"  ",0
"8180459","50100",11,0,3,"01",7100
"8180849","50100",10,0,3,"02",47350
"8181764","50100",14,0,0,"02",0
"8182576","50100",37,0,2,"01",24900
"8182922","50100",11,0,4,"02",21000
"8183413","50100",16,0,5,"04",34610
"8183422","50100",15,0,2,"02",23500
"8184826","50100",11,0,2,"02",94170
"8185701","50100",15,0,0,"02",0
"8186065","50100",10,0,4,"03",55000
"8186162","50100",15,0,0,"02",0
"8186551","50100",10,0,4,"02",41900
"8186671","50100",0,2,1,"  ",0
"8186769","50100",31,0,3,"02",31500
"8186841","50100",37,0,4,"02",80100
"8187853","50100",16,0,4,"02",83300
"8188377","50100",11,0,2,"02",29280
"8189525","50100",42,0,4,"02",71930
"8189774","50100",16,0,3,"02",160110
"8189947","50100",32,0,1,"06",130000
"8190552","50100",11,0,3,"02",67500
"8191627","50100",10,0,5,"04",26000
"8192343","50100",22,0,3,"04",56000
"8192490","50100",32,0,5,"05",39150
"8192947","50100",10,0,1,"02",21300
"8193657","50100",37,0,2,"02",99500
"8194646","50100",27,0,2,"02",42200
"8194693","50100",10,0,2,"02",33300
"8195199","50100",37,0,0,"02",0
"8196105","50100",0,2,1,"  ",0
"8197430","50100",11,0,4,"02",96800
"8198007","50100",11,0,3,"02",45500
"8198441","50100",32,0,2,"02",50000
"8199024","50100",10,0,4,"01",40050
"8199455","50100",42,0,3,"02",102500
"8200107","50100",11,0,2,"02",11520
"8200660","50100",10,0,5,"02",40000
"8201010","50100",21,0,2,"06",21000
"8201182","50100",47,0,2,"02",17300
"8202037","50100",5,0,3,"02",40060
"8202046","50100",26,0,2,"02",39600
"8202266","50100",21,0,1,"02",23000
"8204361","50100",11,0,6,"02",70000
"8205246","50100",10,0,1,"01",16000
"8205636","50100",32,0,2,"02",46400
"8205772","50100",11,0,2,"04",29800
"8206552","50100",15,0,0,"02",0
"8206844","50100",10,0,1,"02",7900
"8206925","50100",21,0,2,"02",159000
"8206977","50100",7,0,0,"02",0
"8207601","50100",14,0,0,"02",0
"8208372","50100",48,0,1,"02",42000
"8210134","50100",37,0,0,"02",0
"8210369","50100",16,0,2,"02",335000
"8210465","50100",10,0,2,"02",77110
"8210656","50100",8,0,0,"02",0
"8210728","50100",10,0,1,"03",6900
"8210782","50100",16,0,3,"02",162090
"8211361","50100",10,0,1,"02",22900
"8211445","50100",0,2,1,"  ",0
"8211451","50100",37,0,2,"05",29000
"8212161","50100",10,0,2,"02",50000
"8213977","50100",15,0,0,"02",0
"8215492","50100",10,0,1,"02",28720
"8216177","50100",32,0,3,"02",68230
"8216385","50100",15,0,0,"02",0
"8216675","50100",21,0,1,"06",27000
"8216733","50100",15,0,0,"06",0
"8217376","50100",14,0,0,"01",0
"8218059","50100",32,0,2,"06",38500
"8220164","50100",5,0,5,"02",20000
"8222748","50100",22,0,0,"02",0
"8223124","50100",32,0,1,"05",11350
"8223769","50100",6,0,2,"02",37000
"8224561","50100",0,1,1,"  ",0
"8224567","50100",15,0,0,"02",0
"8224837","50100",11,0,1,"02",31300
"8224959","50100",15,0,0,"02",0
"8225099","50100",11,0,2,"02",39010
"8226083","50100",16,0,1,"08",12600
"8226608","50100",44,0,0,"06",0
"8227502","50100",11,0,4,"02",95000
"8227627","50100",37,0,5,"04",12400
"8228106","50100",32,0,1,"05",20000
"8228268","50100",15,0,0,"02",0
"8228803","50100",16,0,4,"02",65000
"8229748","50100",16,0,2,"02",39000
"8230780","50100",11,0,6,"02",52080
"8232229","50100",10,0,3,"02",64500
"8232779","50100",11,0,2,"01",38200
"8232919","50100",47,0,1,"04",25480
"8233048","50100",0,2,1,"  ",0
"8234518","50100",10,0,1,"05",13100
"8235721","50100",10,0,2,"02",19100
"8236964","50100",0,2,1,"  ",0
"8237919","50100",32,0,1,"02",6800
"8238470","50100",37,0,2,"05",16100
"8238674","50100",21,0,2,"02",26600
"8241079","50100",10,0,1,"03",18000
"8242019","50100",15,0,0,"02",0
"8242337","50100",0,2,1,"  ",0
"8242582","50100",0,2,1,"  ",0
"8243791","50100",0,2,1,"  ",0
"8245984","50100",14,0,0,"02",0
"8246338","50100",11,0,2,"02",41000
"8247820","50100",21,0,2,"02",64900
"8248943","50100",10,0,2,"02",147020
"8250747","50100",10,0,4,"02",107080
"8251220","50100",0,2,1,"  ",0
"8251346","50100",48,0,2,"02",67500
"8251360","50100",15,0,0,"10",0
"8253321","50100",7,0,0,"02",0
"8253536","50100",22,0,0,"02",0
"8254096","50100",11,0,4,"02",53000
"8254480","50100",11,0,2,"02",15460
"8254742","50100",11,0,3,"02",28500
"8254877","50100",10,0,2,"02",65350
"8255463","50100",26,0,3,"01",30800
"8255589","50100",11,0,2,"02",29080
"8255696","50100",10,0,5,"02",34600
"8255959","50100",37,0,2,"02",30590
"8256458","50100",11,0,4,"02",52510
"8256462","50100",11,0,4,"02",52000
"8256489","50100",15,0,0,"05",0
"8256707","50100",10,0,1,"03",34310
"8257273","50100",26,0,2,"02",20550
"8257449","50100",11,0,1,"08",8120
"8257997","50100",14,0,0,"02",0
"8258020","50100",16,0,1,"02",16000
"8258184","50100",11,0,5,"01",31340
"8258276","50100",0,2,1,"  ",0
"8259033","50100",37,0,2,"02",30300
"8259626","50100",0,2,1,"  ",0
"8260797","50100",14,0,0,"02",0
"8261720","50100",22,0,0,"02",0
"8262113","50100",21,0,2,"02",11700
"8262568","50100",11,0,4,"02",89100
"8262739","50100",0,2,1,"  ",0
"8262873","50100",22,0,0,"02",0
"8263242","50100",21,0,2,"03",49400
"8264161","50100",21,0,4,"04",31700
"8264525","50100",11,0,2,"03",52000
"8264595","50100",47,0,2,"06",50000
"8264827","50100",23,0,0,"04",0
"8266399","50100",11,0,1,"02",6200
"8267539","50100",31,0,1,"01",26600
"8268136","50100",10,0,1,"04",35400
"8269318","50100",11,0,2,"02",38500
"8270858","50100",22,0,0,"01",0
"8270885","50100",16,0,2,"02",19300
"8272071","50100",21,0,5,"02",70654
"8272089","50100",48,0,1,"07",9590
"8273180","50100",21,0,1,"04",19800
"8273648","50100",26,0,1,"02",38800
"8274843","50100",10,0,2,"02",32000
"8275268","50100",16,0,1,"05",16100
"8276539","50100",0,2,1,"  ",0
"8277102","50100",10,0,2,"02",50000
"8277758","50100",0,1,1,"  ",0
"8278031","50100",15,0,0,"02",0
"8278405","50100",10,0,3,"03",52000
"8278428","50100",11,0,4,"01",43950
"8278928","50100",7,0,0,"04",0
"8279128","50100",15,0,0,"02",0
"8279306","50100",21,0,3,"01",37800
"8280336","50100",88,0,0,"02",0
"8280397","50100",7,0,0,"04",0
"8280445","50100",27,0,2,"03",71000
"8280565","50100",11,0,1,"07",13800
"8280788","50100",11,0,5,"02",30900
"8281123","50100",53,0,2,"08",8460
"8281480","50100",10,0,2,"02",0
"8282940","50100",10,0,5,"02",15200
"8284527","50100",74,0,0,"02",0
"8284611","50100",42,0,1,"02",7514
"8285629","50100",26,0,3,"04",53700
"8285734","50100",0,2,1,"  ",0
"8286339","50100",11,0,2,"02",73300
"8287356","50100",15,0,5,"05",54070
"8287887","50100",27,0,2,"03",84000
"8288550","50100",43,0,5,"06",60000
"8289480","50100",26,0,2,"02",49000
"8289846","50100",15,0,2,"02",65500
"8289889","50100",11,0,1,"02",10380
"8289894","50100",37,0,1,"04",30000
"8290913","50100",11,0,1,"02",136300
"8291182","50100",11,0,2,"02",20800
"8291361","50100",53,0,2,"03",51200
"8291646","50100",11,0,2,"01",34860
"8293020","50100",14,0,0,"03",0
"8293088","50100",21,0,3,"06",8300
"8293092","50100",11,0,2,"02",10400
"8293097","50100",37,0,4,"02",118000
"8293296","50100",0,2,1,"  ",0
"8293705","50100",37,0,2,"02",30700
"8293839","50100",11,0,2,"02",12500
"8293986","50100",10,0,4,"02",29500
"8294001","50100",26,0,2,"02",39000
"8295789","50100",15,0,0,"05",0
"8296321","50100",11,0,2,"02",17650
"8296880","50100",22,0,0,"02",0
"8297175","50100",0,1,1,"  ",0
"8297634","50100",22,0,4,"02",68850
"8298811","50100",11,0,4,"02",110000
"8299156","50100",26,0,2,"09",11150
"8299396","50100",10,0,7,"02",21050
"8299645","50100",27,0,1,"02",59000
"8299888","50100",53,0,1,"09",6200
"8300787","50100",11,0,4,"05",81000
"8301261","50100",0,1,1,"  ",0
"8302072","50100",16,0,1,"02",10000
"8302578","50100",0,2,1,"  ",0
"8303408","50100",15,0,0,"02",0
"8304967","50100",11,0,2,"02",65400
"8305957","50100",32,0,2,"02",113500
"8307055","50100",5,0,2,"05",43000
"8307306","50100",11,0,4,"02",9240
"8307724","50100",38,0,2,"02",172000
"8307917","50100",31,0,1,"02",82700
"8308645","50100",15,0,0,"02",0
"8308799","50100",21,0,1,"09",6800
"8309763","50100",43,0,2,"02",86750
"8309876","50100",10,0,1,"02",9300
"8310101","50100",11,0,4,"02",81704
"8310298","50100",11,0,2,"02",40800
"8311619","50100",23,0,0,"02",0
"8312352","50100",11,0,2,"02",49500
"8312729","50100",0,2,1,"  ",0
"8313280","50100",16,0,2,"02",46500
"8313354","50100",10,0,1,"02",18000
"8314545","50100",11,0,3,"01",21200
"8314896","50100",23,0,0,"02",0
"8315424","50100",15,0,0,"02",0
"8316127","50100",11,0,4,"02",166900
"8317440","50100",21,0,2,"04",10660
"8318040","50100",15,0,0,"02",0
"8318559","50100",16,0,1,"01",23610
"8318759","50100",16,0,4,"02",11000
"8320098","50100",37,0,2,"02",22900
"8320184","50100",27,0,3,"02",131060
"8320683","50100",23,0,0,"02",0
"8321036","50100",23,0,0,"02",0
"8321635","50100",10,0,1,"04",26000
"8322223","50100",16,0,2,"01",22000
"8322663","50100",0,2,1,"  ",0
"8323175","50100",15,0,0,"02",0
"8323507","50100",10,0,2,"02",10400
"8323697","50100",11,0,2,"01",11800
"8324249","50100",0,1,1,"  ",0
"8325511","50100",16,0,2,"01",13000
"8326995","50100",32,0,1,"02",22200
"8327586","50100",22,0,0,"02",0
"8327810","50100",11,0,4,"02",53500
"8330969","50100",10,0,2,"02",25600
"8331689","50100",22,0,0,"02",0
"8332580","50100",22,0,0,"02",0
"8333005","50100",11,0,2,"02",113000
"8333392","50100",11,0,4,"02",46700
"8333553","50100",10,0,5,"02",44600
"8334605","50100",10,0,2,"02",161000
"8334899","50100",10,0,3,"02",6000
"8335790","50100",16,0,1,"02",25000
"8335877","50100",16,0,2,"06",25600
"8336002","50100",11,0,5,"02",227500
"8336251","50100",10,0,1,"02",20500
"8336825","50100",10,0,5,"02",57000
"8337177","50100",22,0,1,"03",24000
"8337659","50100",11,0,1,"02",30200
"8337857","50100",15,0,0,"06",0
"8337924","50100",11,0,4,"02",0
"8338134","50100",16,0,1,"02",290000
"8338224","50100",21,0,2,"02",79000
"8338937","50100",37,0,4,"02",60000
"8339135","50100",37,0,1,"09",6000
"8340401","50100",16,0,1,"02",105000
"8340529","50100",15,0,0,"02",0
"8340582","50100",11,0,1,"02",38500
"8341633","50100",10,0,3,"02",38000
"8341856","50100",22,0,0,"02",0
"8342429","50100",32,0,2,"02",32000
"8342681","50100",15,0,0,"02",0
"8343875","50100",16,0,2,"02",56000
"8344080","50100",0,2,1,"  ",0
"8344345","50100",16,0,2,"02",69230
"8344408","50100",42,0,2,"02",6420
"8345674","50100",0,2,1,"  ",0
"8345696","50100",0,1,1,"  ",0
"8348657","50100",10,0,4,"02",61700
"8349002","50100",10,0,1,"01",39020
"8349677","50100",42,0,2,"02",19900
"8349858","50100",15,0,0,"02",0
"8351119","50100",44,0,0,"02",0
"8351141","50100",14,0,0,"02",0
"8351319","50100",11,0,3,"02",24200
"8351503","50100",11,0,1,"02",11600
"8352597","50100",16,0,1,"01",6700
"8352657","50100",32,0,2,"02",63220
"8353195","50100",21,0,3,"02",43900
"8353288","50100",11,0,2,"02",20000
"8353974","50100",11,0,2,"04",15150
"8354181","50100",15,0,1,"01",13200
"8355308","50100",11,0,2,"05",23170
"8356334","50100",14,0,0,"02",0
"8356416","50100",11,0,5,"02",35000
"8356880","50100",16,0,1,"02",27000
"8356913","50100",32,0,2,"02",14000
"8357294","50100",16,0,3,"04",12100
"8357402","50100",31,0,1,"02",16100
"8357565","50100",0,1,1,"  ",0
"8358295","50100",0,2,1,"  ",0
"8358678","50100",37,0,3,"02",68880
"8359406","50100",16,0,2,"02",46000
"8359530","50100",15,0,0,"03",0
"8360180","50100",22,0,0,"02",0
"8360378","50100",10,0,2,"02",60000
"8360960","50100",15,0,0,"02",0
"8361167","50100",14,0,0,"02",0
"8361249","50100",22,0,3,"02",66000
"8363055","50100",15,0,0,"01",0
"8365097","50100",10,0,2,"01",35000
"8366497","50100",15,0,0,"02",0
"8366587","50100",11,0,3,"01",60800
"8366686","50100",32,0,1,"02",14300
"8367332","50100",37,0,5,"02",41600
"8367582","50100",0,2,1,"  ",0
"8367632","50100",22,0,2,"02",80000
"8368172","50100",11,0,3,"02",48000
"8369151","50100",15,0,0,"02",0
"8370325","50100",26,0,2,"01",24100
"8370471","50100",37,0,4,"02",47000
"8372056","50100",10,0,3,"02",50010
"8373805","50100",10,0,1,"02",8800
"8374331","50100",10,0,1,"02",13000
"8374437","50100",15,0,0,"06",0
"8374897","50100",10,0,1,"01",24000
"8375630","50100",42,0,2,"07",260
"8376342","50100",15,0,0,"02",0
"8376473","50100",15,0,0,"02",0
"8377184","50100",27,0,4,"01",34540
"8377519","50100",11,0,2,"02",47700
"8377963","50100",15,0,0,"07",0
"8379841","50100",15,0,6,"02",310000
"8380486","50100",10,0,2,"05",30500
"8381649","50100",22,0,0,"02",0
"8382830","50100",15,0,0,"02",0
"8382984","50100",5,0,3,"02",43100
"8383253","50100",11,0,1,"02",9800
"8383340","50100",37,0,1,"05",17000
"8384177","50100",27,0,2,"06",15000
"8384627","50100",11,0,1,"02",32000
"8386262","50100",10,0,2,"02",30700
"8388237","50100",23,0,0,"02",0
"8388673","50100",11,0,4,"02",55400
"8388831","50100",15,0,2,"02",252000
"8389401","50100",10,0,2,"02",19100
"8389597","50100",22,0,0,"02",0
"8389708","50100",0,2,1,"  ",0
"8389944","50100",10,0,3,"02",75000
"8390779","50100",15,0,2,"02",12000
"8391809","50100",11,0,3,"02",28200
"8391818","50100",10,0,3,"02",46400
"8392078","50100",32,0,2,"05",38600
"8392923","50100",10,0,2,"02",121004
"8393260","50100",37,0,3,"05",17200
"8393464","50100",15,0,0,"03",0
"8393523","50100",42,0,2,"02",31410
"8394406","50100",32,0,3,"02",35500
"8394763","50100",10,0,7,"02",30700
"8395888","50100",37,0,1,"05",24090
"8396063","50100",10,0,1,"02",86700
"8396477","50100",0,2,1,"  ",0
"8397642","50100",0,2,1,"  ",0
"8397643","50100",42,0,1,"02",14600
"8398034","50100",37,0,1,"06",24000
"8399200","50100",32,0,1,"06",6800
"8399249","50100",37,0,2,"05",17950
"8400418","50100",42,0,3,"02",41500
"8400634","50100",22,0,2,"03",11120
"8401106","50100",47,0,3,"01",41500
"8401410","50100",11,0,1,"05",15000
"8402714","50100",15,0,0,"03",0
"8403029","50100",10,0,2,"01",3600
"8403643","50100",11,0,2,"02",45900
"8404559","50100",10,0,2,"01",34900
"8404780","50100",21,0,2,"01",37600
"8405108","50100",10,0,2,"02",42400
"8406340","50100",10,0,2,"02",70000
"8407632","50100",0,2,1,"  ",0
"8409002","50100",11,0,2,"05",18600
"8409721","50100",22,0,0,"01",0
"8410946","50100",11,0,2,"02",52500
"8411906","50100",16,0,1,"02",31000
"8412782","50100",37,0,2,"05",30600
"8413917","50100",10,0,2,"02",76900
"8414042","50100",48,0,1,"03",32200
"8414101","50100",11,0,2,"02",45000
"8414761","50100",11,0,2,"02",377400
"8416239","50100",22,0,0,"02",0
"8417167","50100",58,0,3,"03",34490
"8417281","50100",32,0,2,"08",341000
"8417335","50100",21,0,2,"02",92050
"8419652","50100",10,0,2,"02",17800
"8420752","50100",31,0,1,"02",22000
"8421362","50100",21,0,4,"02",92800
"8421736","50100",14,0,0,"02",0
"8422003","50100",30,0,0,"06",0
"8422259","50100",10,0,1,"02",28400
"8423331","50100",0,2,1,"  ",0
"8423490","50100",48,0,2,"02",130660
"8423530","50100",11,0,6,"02",50910
"8426255","50100",11,0,2,"02",130800
"8426513","50100",32,0,4,"02",52000
"8426869","50100",11,0,6,"02",46300
"8426882","50100",5,0,3,"03",45170
"8426895","50100",47,0,4,"02",113500
"8427146","50100",14,0,0,"02",0
"8427421","50100",11,0,2,"05",35500
"8427474","50100",11,0,2,"02",49300
"8427942","50100",10,0,4,"02",56600
"8428530","50100",0,1,1,"  ",0
"8428901","50100",37,0,2,"02",137000
"8429217","50100",15,0,0,"02",0
"8432054","50100",11,0,1,"05",1000
"8432833","50100",0,1,1,"  ",0
"8433285","50100",0,2,1,"  ",0
"8434245","50100",11,0,1,"02",13500
"8434852","50100",10,0,1,"02",50400
"8434882","50100",15,0,0,"02",0
"8435067","50100",11,0,2,"02",37300
"8435186","50100",22,0,0,"02",0
"8435315","50100",27,0,1,"02",21780
"8435517","50100",15,0,0,"06",0
"8435842","50100",8,0,0,"02",0
"8437654","50100",11,0,4,"02",29600
"8438726","50100",32,0,2,"02",36000
"8438845","50100",15,0,0,"06",0
"8439122","50100",0,2,1,"  ",0
"8439349","50100",10,0,1,"02",11000
"8440906","50100",10,0,2,"01",48350
"8440992","50100",32,0,1,"06",5600
"8441577","50100",16,0,3,"02",72200
"8442511","50100",11,0,2,"02",12000
"8442769","50100",15,0,0,"02",0
"8443484","50100",10,0,2,"02",32400
"8444265","50100",16,0,4,"04",55820
"8445583","50100",31,0,1,"02",46300
"8446114","50100",32,0,2,"02",108000
"8446218","50100",11,0,2,"02",35400
"8446352","50100",11,0,1,"05",26080
"8446375","50100",16,0,1,"02",8060
"8446688","50100",11,0,3,"02",49900
"8448045","50100",43,0,3,"02",127000
"8449032","50100",15,0,0,"02",0
"8449498","50100",11,0,3,"02",60100
"8451575","50100",31,0,4,"02",69000
"8453296","50100",10,0,4,"02",76800
"8453749","50100",11,0,2,"02",52200
"8454540","50100",14,0,0,"02",0
"8454659","50100",30,0,0,"01",0
"8455815","50100",0,1,1,"  ",0
"8456505","50100",37,0,3,"02",50100
"8456524","50100",11,0,1,"02",32540
"8456870","50100",10,0,2,"02",45600
"8457027","50100",16,0,6,"02",46000
"8457482","50100",10,0,1,"02",5300
"8457778","50100",26,0,3,"01",9300
"8457805","50100",29,0,0,"02",0
"8458072","50100",10,0,3,"02",345800
"8458687","50100",10,0,3,"02",96900
"8458737","50100",0,2,1,"  ",0
"8458765","50100",16,0,3,"02",15600
"8459365","50100",15,0,0,"02",0
"8459544","50100",37,0,2,"05",64000
"8459994","50100",16,0,7,"02",38000
"8460098","50100",16,0,2,"02",21780
"8460958","50100",5,0,3,"04",16800
"8461019","50100",10,0,2,"02",36700
"8461035","50100",11,0,3,"02",88600
"8462009","50100",10,0,2,"02",25000
"8462525","50100",5,0,2,"02",50900
"8462933","50100",11,0,2,"02",121000
"8463719","50100",47,0,1,"02",75700
"8464209","50100",14,0,0,"02",0
"8464391","50100",32,0,2,"02",90000
"8465113","50100",16,0,2,"01",48000
"8466372","50100",7,0,0,"05",0
"8466772","50100",10,0,1,"02",38500
"8468382","50100",32,0,4,"02",62500
"8468711","50100",37,0,4,"02",415790
"8468845","50100",32,0,3,"06",23100
"8469519","50100",22,0,0,"02",0
"8471047","50100",11,0,2,"02",9000
"8471290","50100",11,0,3,"05",35300
"8471296","50100",11,0,4,"02",107100
"8471589","50100",7,0,0,"04",0
"8471767","50100",64,0,1,"03",52000
"8472135","50100",14,0,0,"06",0
"8472250","50100",10,0,4,"02",85000
"8472656","50100",15,0,0,"02",0
"8472796","50100",11,0,2,"04",77120
"8473369","50100",26,0,2,"02",204900
"8474059","50100",10,0,2,"04",44000
"8474251","50100",11,0,4,"01",71150
"8474582","50100",16,0,3,"02",75620
"8474663","50100",10,0,2,"02",40000
"8474932","50100",16,0,3,"02",42000
"8475024","50100",16,0,9,"02",64100
"8475987","50100",59,0,0,"05",0
"8475992","50100",32,0,3,"02",57930
"8478163","50100",15,0,0,"02",0
"8478503","50100",10,0,2,"02",54200
"8479094","50100",11,0,2,"02",43900
"8479480","50100",58,0,5,"02",51100
"8479953","50100",27,0,2,"03",41400
"8480621","50100",37,0,4,"02",29700
"8481624","50100",15,0,0,"04",0
"8481900","50100",11,0,1,"05",26000
"8482222","50100",10,0,4,"02",57000
"8482854","50100",32,0,1,"09",3700
"8483021","50100",21,0,2,"02",82000
"8484098","50100",21,0,4,"02",94000
"8484204","50100",11,0,2,"02",45900
"8485525","50100",16,0,1,"02",306000
"8486036","50100",5,0,2,"02",76900
"8486529","50100",32,0,4,"02",96400
"8487704","50100",10,0,3,"02",48100
"8487916","50100",21,0,3,"02",79000
"8488641","50100",16,0,1,"02",29200
"8488773","50100",10,0,4,"02",170600
"8492049","50100",11,0,2,"02",45000
"8492877","50100",11,0,2,"02",78700
"8493545","50100",27,0,1,"04",30000
"8493691","50100",23,0,0,"02",0
"8493911","50100",10,0,1,"02",26000
"8494328","50100",14,0,0,"02",0
"8494633","50100",11,0,2,"04",44000
"8497253","50100",32,0,3,"01",30700
"8497932","50100",11,0,6,"02",28780
"8499113","50100",16,0,4,"02",76700
"8501363","50100",14,0,0,"02",0
"8504573","50100",7,0,0,"05",0
"8504733","50100",48,0,2,"02",45900
"8505907","50100",0,2,1,"  ",0
"8505972","50100",37,0,2,"04",36000
"8506524","50100",22,0,0,"01",0
"8506669","50100",42,0,5,"02",47830
"8506841","50100",15,0,0,"05",0
"8506920","50100",30,0,0,"02",0
"8507304","50100",27,0,2,"02",83000
"8507723","50100",0,2,1,"  ",0
"8508820","50100",21,0,3,"06",6970
"8509043","50100",15,0,1,"05",12000
"8511381","50100",21,0,2,"01",45000
"8511399","50100",14,0,0,"02",0
"8511524","50100",14,0,0,"02",0
"8513804","50100",14,0,0,"02",0
"8514288","50100",10,0,2,"02",79730
"8514806","50100",16,0,3,"04",29300
"8515675","50100",16,0,1,"02",26000
"8516386","50100",10,0,3,"01",51000
"8516576","50100",32,0,4,"02",25000
"8517675","50100",31,0,2,"02",57000
"8518224","50100",22,0,0,"02",0
"8519324","50100",11,0,5,"02",25640
"8519425","50100",31,0,5,"02",78000
"8519762","50100",11,0,4,"02",309500
"8520499","50100",11,0,5,"02",64200
"8520515","50100",11,0,2,"05",95000
"8520918","50100",11,0,2,"02",118800
"8521445","50100",48,0,4,"02",117300
"8522076","50100",16,0,2,"02",45660
"8522882","50100",10,0,3,"02",32100
"8522955","50100",48,0,2,"02",81500
"8523864","50100",5,0,6,"06",49700
"8524642","50100",23,0,3,"02",40000
"8524669","50100",23,0,1,"04",14780
"8525412","50100",11,0,2,"02",70000
"8525690","50100",0,2,1,"  ",0
"8526188","50100",10,0,2,"02",58200
"8528155","50100",14,0,0,"04",0
"8530121","50100",30,0,0,"02",0
"8530837","50100",27,0,1,"01",8400
"8531065","50100",30,0,0,"02",0
"8531504","50100",21,0,6,"02",100100
"8531770","50100",42,0,1,"05",7000
"8532879","50100",10,0,2,"05",50900
"8533255","50100",16,0,2,"02",47900
"8533256","50100",10,0,1,"02",0
"8533607","50100",16,0,2,"01",7800
"8533783","50100",11,0,2,"02",50000
"8533823","50100",16,0,3,"02",57090
"8533912","50100",0,1,1,"  ",0
"8533964","50100",21,0,3,"01",16770
"8534775","50100",16,0,2,"02",37900
"8535635","50100",14,0,0,"02",0
"8535636","50100",7,0,0,"02",0
"8536245","50100",37,0,1,"05",0
"8537574","50100",6,0,3,"02",26100
"8537972","50100",21,0,2,"02",58000
"8538253","50100",0,2,1,"  ",0
"8538660","50100",48,0,2,"02",195500
"8539524","50100",10,0,2,"02",71800
"8539848","50100",48,0,2,"05",62300
"8539979","50100",10,0,2,"02",25000
"8540275","50100",10,0,3,"02",80050
"8542559","50100",32,0,1,"02",18040
"8542934","50100",43,0,2,"02",59500
"8543150","50100",10,0,2,"02",25000
"8543514","50100",37,0,3,"03",45000
"8544327","50100",22,0,0,"02",0
"8545344","50100",15,0,0,"02",0
"8545383","50100",16,0,3,"02",26500
"8545810","50100",37,0,4,"02",33290
"8545901","50100",10,0,2,"02",172230
"8546979","50100",14,0,0,"02",0
"8547598","50100",23,0,0,"02",0
"8548451","50100",37,0,2,"05",90800
"8550468","50100",16,0,1,"02",16800
"8550940","50100",11,0,3,"02",33000
"8551423","50100",0,2,1,"  ",0
"8551900","50100",42,0,2,"03",47700
"8553178","50100",11,0,2,"02",52900
"8553952","50100",26,0,1,"02",27000
"8554638","50100",16,0,3,"02",30200
"8554672","50100",11,0,2,"01",35800
"8555460","50100",37,0,2,"02",21800
"8556348","50100",32,0,3,"02",43100
"8556732","50100",10,0,4,"02",53100
"8560261","50100",15,0,0,"07",0
"8560878","50100",11,0,1,"02",30550
"8561373","50100",16,0,1,"06",18400
"8561761","50100",37,0,0,"02",0
"8561892","50100",11,0,1,"02",57170
"8563033","50100",11,0,4,"02",68000
"8563353","50100",21,0,1,"02",34300
"8565304","50100",5,0,3,"01",75660
"8565659","50100",11,0,1,"02",49900
"8566134","50100",15,0,0,"02",0
"8567127","50100",14,0,0,"02",0
"8568206","50100",10,0,2,"02",146610
"8568670","50100",30,0,0,"06",0
"8568715","50100",21,0,2,"02",12500
"8569491","50100",11,0,2,"02",41500
"8569561","50100",26,0,2,"02",55790
"8569928","50100",16,0,7,"02",99400
"8570111","50100",27,0,3,"01",25000
"8571309","50100",29,0,0,"06",0
"8572719","50100",0,2,1,"  ",0
"8572742","50100",15,0,0,"05",0
"8573217","50100",11,0,2,"02",99000
"8575775","50100",11,0,4,"02",35000
"8575799","50100",42,0,2,"02",77300
"8576769","50100",48,0,3,"02",58000
"8576963","50100",16,0,4,"02",110000
"8579259","50100",15,0,0,"09",0
"8579969","50100",16,0,2,"01",85200
"8580319","50100",42,0,3,"02",66000
"8580366","50100",10,0,4,"04",43180
"8580442","50100",10,0,3,"01",43000
"8581560","50100",10,0,1,"02",12200
"8581989","50100",16,0,4,"02",78000
"8582579","50100",0,1,1,"  ",0
"8582667","50100",21,0,2,"02",180000
"8582867","50100",0,2,1,"  ",0
"8582939","50100",32,0,3,"02",60800
"8583392","50100",42,0,3,"06",18340
"8583607","50100",32,0,3,"04",80300
"8583882","50100",14,0,0,"02",0
"8584479","50100",11,0,2,"01",21280
"8585132","50100",22,0,4,"02",53500
"8585250","50100",5,0,6,"02",59000
"8587182","50100",15,0,0,"02",0
"8588373","50100",37,0,1,"05",41000
"8588797","50100",11,0,3,"02",50000
"8589411","50100",29,0,0,"02",0
"8589517","50100",10,0,5,"01",23950
"8589715","50100",26,0,4,"02",45080
"8590777","50100",10,0,3,"02",87000
"8591753","50100",16,0,2,"02",22800
"8591754","50100",16,0,3,"01",32000
"8591940","50100",32,0,2,"02",17920
"8592645","50100",16,0,1,"04",23700
"8592944","50100",0,2,1,"  ",0
"8594008","50100",14,0,0,"02",0
"8594254","50100",11,0,1,"02",72500
"8595096","50100",11,0,2,"02",67000
"8596828","50100",16,0,5,"02",38860
"8597280","50100",11,0,4,"01",19700
"8597678","50100",21,0,2,"04",34000
"8597933","50100",0,2,1,"  ",0
"8598009","50100",15,0,0,"02",0
"8598385","50100",10,0,1,"01",16300
"8599264","50100",10,0,2,"02",34000
"8600579","50100",15,0,0,"05",0
"8600935","50100",10,0,2,"02",10400
"8601222","50100",16,0,2,"02",43000
"8601738","50100",37,0,1,"02",25500
"8602062","50100",10,0,1,"04",15000
"8602633","50100",21,0,2,"01",43400
"8602797","50100",0,2,1,"  ",0
"8603151","50100",10,0,3,"02",30600
"8603798","50100",5,0,2,"04",36260
"8603957","50100",21,0,1,"02",9600
"8604051","50100",0,1,1,"  ",0
"8604256","50100",0,2,1,"  ",0
"8604452","50100",32,0,3,"05",66100
"8604521","50100",37,0,1,"02",81500
"8605374","50100",15,0,0,"08",0
"8605522","50100",11,0,1,"02",33200
"8605529","50100",22,0,1,"02",18800
"8606265","50100",48,0,1,"02",19000
"8606729","50100",0,2,1,"  ",0
"8606781","50100",11,0,3,"02",60570
"8606978","50100",15,0,0,"02",0
"8607983","50100",11,0,2,"02",55640
"8608529","50100",11,0,4,"02",110200
"8608687","50100",6,0,4,"01",54570
"8609704","50100",11,0,4,"02",179660
"8610894","50100",11,0,3,"02",15400
"8611660","50100",15,0,0,"02",0
"8612577","50100",26,0,2,"02",21000
"8615538","50100",15,0,0,"02",0
"8615765","50100",11,0,1,"04",14500
"8615810","50100",37,0,1,"05",56000
"8616583","50100",16,0,1,"04",25000
"8616865","50100",11,0,3,"02",43000
"8617428","50100",26,0,2,"02",103480
"8617879","50100",11,0,4,"02",38500
"8619235","50100",16,0,2,"02",171000
"8619672","50100",15,0,0,"02",0
"8620098","50100",11,0,1,"04",28700
"8620532","50100",37,0,2,"06",20700
"8620697","50100",11,0,1,"02",9800
"8621040","50100",16,0,3,"02",111820
"8623753","50100",15,0,2,"02",13500
"8624173","50100",10,0,5,"02",69900
"8624395","50100",37,0,4,"02",104150
"8624471","50100",11,0,3,"02",119000
"8624555","50100",26,0,1,"04",25900
"8625706","50100",32,0,1,"02",21300
"8626170","50100",16,0,4,"02",41410
"8627638","50100",11,0,2,"01",26000
"8628496","50100",21,0,1,"01",16000
"8628585","50100",16,0,2,"01",39600
"8628788","50100",31,0,4,"02",20000
"8628977","50100",16,0,1,"02",10300
"8630073","50100",27,0,2,"04",21800
"8631144","50100",11,0,3,"03",44400
"8631305","50100",0,2,1,"  ",0
"8631696","50100",14,0,3,"02",530410
"8632059","50100",31,0,2,"02",102000
"8633632","50100",0,2,1,"  ",0
"8634273","50100",10,0,4,"02",75000
"8634590","50100",10,0,3,"02",19000
"8635930","50100",11,0,1,"06",8600
"8636059","50100",11,0,1,"05",8800
"8636132","50100",16,0,1,"02",126800
"8636424","50100",10,0,1,"02",27000
"8637020","50100",32,0,1,"02",62000
"8638488","50100",47,0,3,"01",42400
"8639065","50100",21,0,4,"02",189130
"8639333","50100",11,0,1,"02",9900
"8641339","50100",14,0,0,"02",0
"8642196","50100",11,0,1,"01",6900
"8642955","50100",66,0,0,"02",0
"8644571","50100",0,1,1,"  ",0
"8644678","50100",14,0,0,"02",0
"8645701","50100",43,0,4,"02",65400
"8645736","50100",11,0,1,"05",35700
"8647092","50100",16,0,4,"02",118570
"8648469","50100",42,0,2,"02",69500
"8649663","50100",23,0,0,"02",0
"8649829","50100",11,0,4,"03",41200
"8650213","50100",22,0,0,"02",0
"8651033","50100",32,0,3,"02",27700
"8651156","50100",10,0,2,"05",33000
"8651250","50100",66,0,0,"02",0
"8655243","50100",32,0,2,"01",13290
"8656338","50100",0,2,1,"  ",0
"8656973","50100",21,0,2,"04",72900
"8657180","50100",16,0,3,"02",33780
"8657476","50100",11,0,2,"02",57800
"8657546","50100",16,0,5,"02",97000
"8657552","50100",11,0,2,"01",20500
"8658698","50100",10,0,2,"01",33510
"8660771","50100",11,0,2,"04",35000
"8661207","50100",11,0,2,"02",87500
"8661795","50100",11,0,2,"02",24350
"8662460","50100",27,0,2,"01",72300
"8663424","50100",11,0,1,"04",10400
"8663593","50100",15,0,0,"02",0
"8664484","50100",10,0,2,"02",36000
"8665855","50100",15,0,0,"07",0
"8665999","50100",0,2,1,"  ",0
"8666098","50100",11,0,1,"04",18210
"8666696","50100",10,0,5,"05",41260
"8666841","50100",27,0,3,"02",95100
"8667214","50100",43,0,1,"05",5970
"8667785","50100",11,0,2,"02",31914
"8669058","50100",37,0,0,"04",0
"8669545","50100",42,0,1,"05",28400
"8669904","50100",11,0,4,"01",29800
"8670311","50100",27,0,6,"02",23400
"8670480","50100",15,0,0,"03",0
"8671210","50100",16,0,3,"03",35530
"8671251","50100",11,0,3,"02",68190
"8672529","50100",15,0,0,"02",0
"8672616","50100",15,0,0,"02",0
"8672785","50100",11,0,4,"02",21904
"8673491","50100",11,0,1,"07",10000
"8674259","50100",11,0,1,"01",31000
"8674490","50100",21,0,4,"02",80400
"8674884","50100",0,1,1,"  ",0
"8675920","50100",11,0,1,"02",11200
"8676018","50100",10,0,5,"02",20700
"8676797","50100",27,0,1,"02",19000
"8677059","50100",31,0,4,"02",76300
"8677693","50100",37,0,1,"07",7000
"8678310","50100",0,2,1,"  ",0
"8679644","50100",47,0,1,"05",25000
"8680072","50100",15,0,0,"02",0
"8681084","50100",37,0,3,"02",72210
"8681193","50100",15,0,2,"02",97400
"8682740","50100",15,0,0,"02",0
"8683615","50100",11,0,3,"02",44150
"8683966","50100",15,0,0,"02",0
"8684655","50100",15,0,0,"01",0
"8685387","50100",10,0,3,"02",46600
"8685430","50100",10,0,3,"02",39300
"8686300","50100",11,0,3,"02",38000
"8687089","50100",11,0,1,"02",11900
"8687800","50100",22,0,3,"04",28000
"8688824","50100",26,0,2,"02",32000
"8688868","50100",15,0,0,"02",0
"8690039","50100",10,0,2,"02",34300
"8690078","50100",15,0,0,"02",0
"8690312","50100",11,0,3,"02",26100
"8692897","50100",15,0,2,"02",23000
"8692912","50100",15,0,0,"01",0
"8694991","50100",11,0,3,"01",32320
"8696366","50100",21,0,4,"01",62900
"8697766","50100",15,0,0,"02",0
"8698352","50100",11,0,5,"02",34600
"8699407","50100",0,2,1,"  ",0
"8700240","50100",14,0,0,"02",0
"8702656","50100",15,0,0,"02",0
"8703654","50100",37,0,0,"02",0
"8703691","50100",10,0,2,"02",52300
"8705154","50100",0,1,1,"  ",0
"8706021","50100",10,0,1,"01",10000
"8706799","50100",11,0,2,"02",118500
"8707168","50100",15,0,0,"02",0
"8707807","50100",16,0,2,"01",46100
"8708409","50100",45,0,0,"05",0
"8708557","50100",11,0,2,"02",67600
"8708719","50100",11,0,4,"02",19000
"8708956","50100",42,0,6,"02",26440
"8709445","50100",37,0,2,"02",223000
"8709954","50100",22,0,0,"02",0
"8710322","50100",21,0,2,"02",28020
"8710891","50100",47,0,2,"01",7060
"8712959","50100",22,0,2,"02",34620
"8714325","50100",10,0,2,"02",42400
"8717017","50100",32,0,1,"06",9700
"8717695","50100",6,0,5,"02",85000
"8717783","50100",0,2,1,"  ",0
"8718220","50100",21,0,4,"02",66600
"8718453","50100",21,0,1,"02",24600
"8718476","50100",10,0,4,"02",68070
"8718590","50100",10,0,2,"02",61500
"8719496","50100",15,0,0,"02",0
"8720190","50100",15,0,4,"02",94800
"8720681","50100",0,2,1,"  ",0
"8721418","50100",10,0,2,"01",7000
"8722688","50100",16,0,2,"02",43800
"8723108","50100",27,0,2,"05",50100
"8723482","50100",7,0,0,"02",0
"8723603","50100",47,0,2,"05",15400
"8723807","50100",0,2,1,"  ",0
"8724975","50100",23,0,0,"10",0
"8725241","50100",10,0,6,"02",67000
"8726157","50100",0,2,1,"  ",0
"8726480","50100",66,0,0,"02",0
"8727701","50100",37,0,4,"02",90000
"8728004","50100",58,0,2,"06",35300
"8728221","50100",22,0,0,"02",0
"8728330","50100",10,0,4,"02",61300
"8728863","50100",5,0,4,"02",61000
"8729685","50100",0,1,1,"  ",0
"8732601","50100",7,0,0,"05",0
"8732946","50100",10,0,2,"04",38000
"8733014","50100",21,0,4,"02",92000
"8733377","50100",11,0,2,"02",23600
"8733538","50100",10,0,2,"02",50500
"8733970","50100",10,0,1,"02",4020
"8734052","50100",16,0,1,"02",9800
"8734233","50100",11,0,2,"05",4360
"8734649","50100",37,0,3,"02",65000
"8735780","50100",42,0,3,"01",26600
"8736057","50100",11,0,2,"02",53700
"8736884","50100",16,0,5,"02",38060
"8737676","50100",27,0,2,"02",34560
"8737877","50100",10,0,2,"03",44800
"8740122","50100",53,0,2,"03",48550
"8740324","50100",11,0,2,"04",39400
"8740755","50100",16,0,1,"02",10700
"8740835","50100",11,0,4,"02",82650
"8742292","50100",26,0,2,"06",13540
"8742321","50100",11,0,1,"02",34360
"8743090","50100",10,0,2,"02",12200
"8743618","50100",11,0,1,"02",76400
"8743701","50100",11,0,4,"04",34800
"8743732","50100",42,0,2,"02",19910
"8743931","50100",52,0,1,"06",6820
"8745092","50100",16,0,3,"02",89700
"8745709","50100",37,0,1,"06",2000
"8745908","50100",15,0,0,"02",0
"8745966","50100",32,0,2,"02",36740
"8746018","50100",37,0,3,"02",129000
"8746455","50100",16,0,1,"02",7000
"8746592","50100",22,0,0,"03",0
"8746662","50100",0,2,1,"  ",0
"8747705","50100",27,0,3,"02",47000
"8748896","50100",11,0,2,"02",50000
"8749426","50100",32,0,6,"02",54000
"8749956","50100",31,0,2,"02",60200
"8750421","50100",48,0,1,"05",30000
"8750577","50100",0,1,1,"  ",0
"8750865","50100",14,0,0,"03",0
"8750877","50100",10,0,1,"01",23400
"8751522","50100",0,1,1,"  ",0
"8751546","50100",0,2,1,"  ",0
"8754384","50100",42,0,2,"05",41000
"8754807","50100",10,0,1,"02",25000
"8755806","50100",19,0,3,"09",18200
"8755977","50100",11,0,2,"02",78200
"8756200","50100",11,0,4,"02",55400
"8756455","50100",11,0,3,"02",62300
"8757521","50100",10,0,2,"02",20300
"8758523","50100",10,0,2,"02",46000
"8759542","50100",37,0,1,"01",25000
"8759933","50100",21,0,2,"02",31500
"8761689","50100",11,0,3,"02",117560
"8762150","50100",18,0,4,"05",25330
"8762206","50100",15,0,0,"07",0
"8762953","50100",15,0,0,"06",0
"8763691","50100",11,0,2,"02",62000
"8763960","50100",15,0,0,"06",0
"8764043","50100",11,0,2,"05",22600
"8764286","50100",53,0,1,"06",70000
"8765114","50100",16,0,1,"01",4500
"8765223","50100",27,0,2,"02",67000
"8765573","50100",37,0,1,"02",82100
"8766024","50100",16,0,1,"02",35000
"8766762","50100",15,0,0,"10",0
"8767097","50100",16,0,1,"02",46400
"8767411","50100",37,0,3,"02",1e+05
"8768868","50100",16,0,2,"02",23120
"8768872","50100",10,0,2,"03",30900
"8769778","50100",16,0,4,"05",35000
"8770488","50100",27,0,2,"06",45000
"8771465","50100",26,0,3,"02",94500
"8771615","50100",22,0,0,"01",0
"8772339","50100",10,0,2,"02",27700
"8773144","50100",52,0,4,"02",63300
"8773906","50100",16,0,1,"05",17500
"8774368","50100",15,0,0,"02",0
"8774466","50100",31,0,2,"02",78900
"8775750","50100",11,0,1,"02",28600
"8776084","50100",32,0,2,"02",33200
"8776276","50100",11,0,2,"02",60170
"8777907","50100",21,0,2,"02",118900
"8778767","50100",11,0,1,"04",18200
"8778810","50100",11,0,2,"02",74300
"8778817","50100",14,0,0,"02",0
"8780080","50100",64,0,2,"02",156200
"8780922","50100",11,0,1,"02",15000
"8781041","50100",31,0,1,"09",13300
"8782251","50100",11,0,3,"02",81520
"8782608","50100",16,0,3,"02",18000
"8783075","50100",37,0,2,"06",9000
"8783164","50100",16,0,1,"06",38000
"8783578","50100",10,0,1,"05",20000
"8783589","50100",22,0,0,"05",0
"8783951","50100",11,0,2,"02",43900
"8784149","50100",0,2,1,"  ",0
"8784353","50100",10,0,3,"02",23000
"8784906","50100",16,0,3,"02",49000
"8785246","50100",26,0,2,"06",15800
"8785437","50100",15,0,0,"02",0
"8786507","50100",47,0,5,"02",88000
"8787019","50100",16,0,2,"02",277900
"8787388","50100",10,0,5,"02",51500
"8787401","50100",10,0,4,"02",57230
"8788013","50100",15,0,0,"02",0
"8788350","50100",37,0,2,"02",21850
"8788474","50100",0,1,1,"  ",0
"8788888","50100",31,0,1,"02",30600
"8789432","50100",11,0,1,"02",13860
"8790458","50100",11,0,3,"02",30500
"8790708","50100",14,0,0,"02",0
"8790939","50100",11,0,2,"02",77800
"8790953","50100",10,0,5,"02",59500
"8790967","50100",37,0,3,"02",478000
"8792492","50100",30,0,0,"02",0
"8792740","50100",10,0,2,"02",136300
"8793291","50100",16,0,2,"06",26700
"8793556","50100",32,0,1,"02",32500
"8794591","50100",42,0,1,"02",13300
"8795183","50100",10,0,2,"02",67000
"8795225","50100",22,0,0,"04",0
"8795590","50100",42,0,1,"02",67900
"8796110","50100",27,0,2,"02",20000
"8797276","50100",15,0,0,"02",0
"8797947","50100",15,0,0,"02",0
"8799465","50100",10,0,2,"02",27000
"8799802","50100",10,0,1,"06",7000
"8800055","50100",16,0,4,"02",29000
"8800895","50100",11,0,1,"08",30000
"8802202","50100",15,0,0,"02",0
"8802349","50100",10,0,1,"02",70800
"8802499","50100",7,0,0,"05",0
"8803600","50100",11,0,4,"02",85300
"8804285","50100",15,0,0,"02",0
"8804434","50100",11,0,2,"02",17520
"8805356","50100",23,0,0,"02",0
"8805918","50100",11,0,2,"02",70800
"8806299","50100",11,0,5,"02",42200
"8807840","50100",11,0,2,"02",127000
"8807845","50100",30,0,0,"02",0
"8808019","50100",11,0,2,"02",16900
"8808199","50100",32,0,4,"03",35500
"8809205","50100",32,0,2,"02",34600
"8809423","50100",16,0,3,"02",108300
"8809797","50100",15,0,0,"06",0
"8810143","50100",21,0,2,"02",127450
"8811478","50100",48,0,3,"02",46200
"8811808","50100",0,2,1,"  ",0
"8812144","50100",5,0,2,"05",23100
"8812192","50100",16,0,3,"02",35000
"8814068","50100",23,0,0,"02",0
"8816361","50100",47,0,2,"02",162800
"8816405","50100",11,0,2,"02",34200
"8817184","50100",11,0,1,"02",9490
"8817512","50100",11,0,1,"02",44440
"8817659","50100",5,0,5,"02",64820
"8817733","50100",37,0,2,"09",9100
"8818323","50100",5,0,3,"01",42000
"8818848","50100",0,2,1,"  ",0
"8819567","50100",16,0,3,"02",91300
"8820941","50100",11,0,4,"02",54400
"8821134","50100",22,0,2,"02",50200
"8821583","50100",32,0,2,"02",47000
"8821635","50100",22,0,0,"02",0
"8821872","50100",10,0,3,"02",21500
"8822372","50100",11,0,2,"02",50800
"8824348","50100",10,0,3,"02",58000
"8824396","50100",14,0,0,"06",0
"8824756","50100",10,0,4,"02",75000
"8825105","50100",11,0,1,"02",6400
"8825155","50100",15,0,4,"02",137400
"8825469","50100",42,0,1,"05",26000
"8826923","50100",52,0,0,"02",0
"8827813","50100",22,0,4,"02",60730
"8827868","50100",27,0,3,"02",60300
"8828320","50100",10,0,1,"02",21900
"8829758","50100",52,0,0,"02",0
"8831131","50100",32,0,1,"02",20000
"8831320","50100",37,0,4,"02",100700
"8831520","50100",15,0,0,"09",0
"8831585","50100",11,0,2,"01",28000
"8831913","50100",16,0,3,"02",52300
"8831914","50100",16,0,3,"02",67700
"8833124","50100",11,0,1,"04",23000
"8834215","50100",27,0,2,"01",30060
"8834266","50100",0,2,1,"  ",0
"8834344","50100",10,0,1,"02",57200
"8834374","50100",42,0,4,"02",13800
"8834411","50100",30,0,0,"02",0
"8834539","50100",32,0,4,"02",55600
"8834839","50100",37,0,3,"02",31600
"8835130","50100",32,0,1,"05",17000
"8835839","50100",0,1,1,"  ",0
"8836043","50100",10,0,3,"02",41500
"8836867","50100",11,0,2,"02",50600
"8837419","50100",21,0,5,"01",33000
"8837760","50100",16,0,5,"04",47000
"8839146","50100",16,0,4,"02",65040
"8839410","50100",53,0,5,"02",57800
"8840299","50100",10,0,1,"02",7100
"8841142","50100",37,0,1,"02",18000
"8841240","50100",10,0,3,"01",31580
"8841309","50100",15,0,0,"02",0
"8842476","50100",11,0,2,"02",54000
"8842542","50100",48,0,6,"02",72200
"8843180","50100",16,0,2,"05",30200
"8843612","50100",0,2,1,"  ",0
"8844198","50100",30,0,0,"01",0
"8846389","50100",11,0,1,"02",112000
"8847519","50100",31,0,2,"02",19500
"8848368","50100",15,0,0,"02",0
"8849215","50100",10,0,3,"02",69000
"8850158","50100",47,0,2,"07",34800
"8850493","50100",37,0,2,"02",36700
"8851435","50100",11,0,1,"05",11300
"8851495","50100",15,0,0,"02",0
"8852116","50100",16,0,3,"02",73800
"8853103","50100",42,0,4,"02",51900
"8853742","50100",16,0,2,"07",104000
"8854151","50100",11,0,2,"02",12500
"8854239","50100",15,0,0,"02",0
"8854789","50100",16,0,3,"05",57900
"8856076","50100",15,0,0,"02",0
"8856163","50100",10,0,1,"03",31000
"8857050","50100",11,0,2,"02",40700
"8857264","50100",37,0,3,"02",64500
"8859058","50100",22,0,0,"02",0
"8859975","50100",11,0,3,"02",44300
"8860029","50100",42,0,4,"02",33500
"8860501","50100",14,0,0,"02",0
"8861525","50100",37,0,2,"05",12000
"8863248","50100",15,0,2,"02",10820
"8863987","50100",15,0,0,"05",0
"8865186","50100",10,0,5,"02",14700
"8865763","50100",10,0,2,"02",109900
"8867199","50100",11,0,3,"02",66500
"8868261","50100",10,0,3,"02",48300
"8869016","50100",11,0,1,"04",16000
"8869759","50100",27,0,2,"01",19800
"8869989","50100",10,0,3,"01",43600
"8870964","50100",26,0,2,"02",34000
"8871253","50100",11,0,2,"02",52300
"8871323","50100",0,2,1,"  ",0
"8872130","50100",27,0,1,"02",25870
"8872248","50100",32,0,2,"02",26100
"8872537","50100",10,0,1,"02",180100
"8873281","50100",11,0,5,"02",46000
"8874259","50100",15,0,0,"02",0
"8874275","50100",42,0,3,"02",52000
"8874857","50100",11,0,1,"02",18000
"8875713","50100",31,0,2,"02",17900
"8876370","50100",11,0,6,"04",28700
"8877522","50100",10,0,4,"02",69800
"8878226","50100",0,1,1,"  ",0
"8878664","50100",15,0,0,"02",0
"8878699","50100",16,0,2,"02",22030
"8878996","50100",11,0,2,"02",52000
"8879674","50100",37,0,2,"05",55000
"8879956","50100",16,0,3,"02",54900
"8880336","50100",37,0,3,"02",38960
"8880959","50100",10,0,1,"02",78000
"8880965","50100",15,0,0,"02",0
"8881218","50100",11,0,1,"02",20200
"8881650","50100",101,0,7,"02",40580
"8882136","50100",22,0,0,"01",0
"8883000","50100",15,0,3,"02",48200
"8883770","50100",10,0,2,"02",43400
"8884720","50100",0,2,1,"  ",0
"8887430","50100",11,0,2,"02",71200
"8887511","50100",21,0,2,"01",33120
"8887739","50100",11,0,2,"02",49050
"8887993","50100",32,0,2,"02",107650
"8888188","50100",11,0,4,"02",68500
"8888344","50100",0,2,1,"  ",0
"8889110","50100",11,0,3,"02",17140
"8889192","50100",11,0,2,"02",32600
"8889554","50100",0,2,1,"  ",0
"8893680","50100",66,0,0,"02",0
"8894428","50100",16,0,2,"04",15700
"8895465","50100",10,0,4,"02",102810
"8895918","50100",10,0,2,"02",98000
"8897150","50100",0,2,1,"  ",0
"8897167","50100",11,0,5,"02",68600
"8897883","50100",22,0,4,"02",144400
"8898651","50100",11,0,4,"02",69200
"8898883","50100",31,0,3,"02",80600
"8901091","50100",37,0,5,"02",40000
"8902641","50100",15,0,0,"06",0
"8902675","50100",14,0,0,"02",0
"8903759","50100",15,0,0,"06",0
"8904196","50100",21,0,2,"02",33000
"8904527","50100",26,0,1,"03",16750
"8905536","50100",10,0,1,"02",5660
"8906278","50100",32,0,1,"06",13260
"8907634","50100",16,0,4,"02",37200
"8908235","50100",16,0,5,"02",45000
"8909211","50100",0,2,1,"  ",0
"8909394","50100",37,0,2,"02",186200
"8910551","50100",10,0,2,"02",31100
"8910905","50100",0,1,1,"  ",0
"8911267","50100",26,0,1,"02",32000
"8911835","50100",26,0,1,"02",113300
"8914092","50100",11,0,2,"02",76000
"8914131","50100",0,1,1,"  ",0
"8914149","50100",10,0,3,"02",55000
"8914976","50100",11,0,2,"02",50330
"8915173","50100",15,0,0,"09",0
"8915637","50100",16,0,4,"06",28000
"8915834","50100",5,0,2,"02",53600
"8917031","50100",0,2,1,"  ",0
"8917442","50100",6,0,3,"02",50000
"8917727","50100",21,0,4,"02",91100
"8919237","50100",15,0,0,"02",0
"8920341","50100",0,2,1,"  ",0
"8920352","50100",0,2,1,"  ",0
"8920552","50100",11,0,3,"04",38700
"8921552","50100",16,0,4,"02",68190
"8922016","50100",15,0,0,"02",0
"8922348","50100",10,0,2,"02",55600
"8922831","50100",47,0,2,"02",40930
"8925874","50100",10,0,2,"02",48400
"8926706","50100",10,0,3,"02",27600
"8927270","50100",5,0,4,"02",62770
"8927623","50100",37,0,0,"02",0
"8928542","50100",21,0,3,"02",9300
"8929410","50100",32,0,2,"02",81790
"8929795","50100",37,0,3,"02",240000
"8930137","50100",22,0,0,"02",0
"8930251","50100",11,0,1,"02",60000
"8930922","50100",15,0,0,"02",0
"8931884","50100",42,0,1,"01",20030
"8934164","50100",14,0,0,"05",0
"8934579","50100",15,0,0,"10",0
"8935362","50100",15,0,0,"08",0
"8935968","50100",15,0,0,"02",0
"8936256","50100",37,0,2,"02",31750
"8938012","50100",31,0,5,"02",79000
"8938079","50100",5,0,3,"02",121100
"8939805","50100",15,0,0,"02",0
"8940082","50100",10,0,1,"05",51000
"8940346","50100",10,0,4,"02",43300
"8941632","50100",21,0,4,"02",32030
"8942285","50100",14,0,0,"02",0
"8942725","50100",37,0,2,"02",40200
"8942921","50100",43,0,3,"06",20750
"8943411","50100",0,2,1,"  ",0
"8943558","50100",11,0,4,"02",36000
"8943995","50100",5,0,4,"02",62000
"8944754","50100",11,0,3,"02",36000
"8945058","50100",10,0,4,"02",80000
"8945245","50100",15,0,0,"02",0
"8947497","50100",11,0,5,"02",67900
"8947510","50100",32,0,5,"02",210000
"8947648","50100",32,0,1,"06",0
"8948574","50100",32,0,1,"02",40000
"8949101","50100",42,0,1,"07",19020
"8949638","50100",0,1,1,"  ",0
"8950683","50100",37,0,4,"02",56720
"8950902","50100",10,0,4,"02",76500
"8951730","50100",48,0,2,"03",112220
"8951970","50100",26,0,2,"02",102000
"8952412","50100",31,0,5,"02",130000
"8952422","50100",11,0,1,"02",51160
"8952949","50100",43,0,2,"02",23270
"8953026","50100",26,0,1,"02",31500
"8953198","50100",11,0,2,"02",15000
"8954099","50100",22,0,0,"02",0
"8954221","50100",11,0,1,"02",28800
"8955539","50100",14,0,0,"04",0
"8956683","50100",10,0,2,"02",67000
"8956873","50100",21,0,4,"02",106800
"8957095","50100",27,0,2,"02",116190
"8957325","50100",11,0,3,"02",75000
"8957778","50100",11,0,3,"05",29500
"8958490","50100",11,0,2,"01",71000
"8958816","50100",0,1,1,"  ",0
"8959919","50100",0,2,1,"  ",0
"8960242","50100",66,0,0,"04",0
"8960700","50100",15,0,3,"02",77690
"8960711","50100",32,0,1,"05",3710
"8960904","50100",37,0,4,"07",19880
"8961272","50100",15,0,0,"03",0
"8961433","50100",14,0,0,"02",0
"8961523","50100",37,0,6,"03",68500
"8962784","50100",22,0,0,"02",0
"8963915","50100",10,0,1,"05",17000
"8964477","50100",37,0,3,"04",57000
"8965483","50100",22,0,0,"02",0
"8965591","50100",16,0,1,"02",6920
"8965717","50100",10,0,4,"02",88140
"8966047","50100",37,0,3,"02",62600
"8966320","50100",11,0,1,"03",38300
"8966967","50100",15,0,0,"02",0
"8967111","50100",21,0,3,"02",37700
"8969224","50100",16,0,2,"02",129540
"8969611","50100",10,0,2,"01",8300
"8969909","50100",14,0,0,"02",0
"8970119","50100",42,0,3,"05",17360
"8970172","50100",16,0,3,"02",130000
"8971553","50100",0,2,1,"  ",0
"8972124","50100",11,0,2,"01",22300
"8973542","50100",14,0,0,"02",0
"8974781","50100",15,0,0,"02",0
"8974955","50100",15,0,0,"02",0
"8975408","50100",32,0,3,"03",37200
"8978678","50100",21,0,3,"02",41300
"8978736","50100",10,0,3,"01",20800
"8979919","50100",43,0,1,"06",11180
"8980006","50100",58,0,3,"02",42850
"8980549","50100",16,0,1,"02",8300
"8980733","50100",125,0,0,"01",0
"8981375","50100",10,0,1,"02",121200
"8981544","50100",59,0,0,"02",0
"8982030","50100",5,0,6,"02",61600
"8982047","50100",0,2,1,"  ",0
"8982347","50100",37,0,0,"02",0
"8982849","50100",47,0,1,"05",22000
"8982975","50100",42,0,1,"02",1e+05
"8983042","50100",22,0,0,"06",0
"8984877","50100",11,0,3,"02",39800
"8986090","50100",15,0,0,"05",0
"8986288","50100",48,0,2,"02",50620
"8987142","50100",0,1,1,"  ",0
"8987157","50100",15,0,0,"02",0
"8987478","50100",11,0,2,"01",16800
"8987903","50100",69,0,2,"09",35800
"8988612","50100",15,0,5,"02",24100
"8990394","50100",30,0,0,"02",0
"8992192","50100",11,0,1,"02",6930
"8992755","50100",10,0,2,"01",20000
"8993475","50100",10,0,2,"02",77600
"8993610","50100",21,0,2,"02",19300
"8994332","50100",11,0,2,"02",67700
"8994897","50100",15,0,0,"02",0
"8995518","50100",16,0,4,"01",58800
"8996188","50100",16,0,5,"02",59300
"8997140","50100",16,0,1,"02",31100
"8998100","50100",10,0,4,"02",51610
"8998305","50100",37,0,2,"05",29500
"8999461","50100",7,0,0,"02",0
"9000621","50100",0,2,1,"  ",0
"9000783","50100",43,0,2,"02",117400
"9002559","50100",11,0,4,"02",62050
"9007386","50100",11,0,2,"02",69300
"9007527","50100",16,0,2,"02",10700
"9007666","50100",11,0,4,"03",34000
"9008032","50100",14,0,0,"07",0
"9009015","50100",21,0,2,"02",13540
"9009261","50100",10,0,4,"02",40050
"9009750","50100",22,0,0,"02",0
"9011020","50100",32,0,2,"02",94000
"9011324","50100",11,0,2,"02",69550
"9011465","50100",48,0,3,"02",55000
"9012109","50100",11,0,2,"02",13700
"9014843","50100",15,0,0,"01",0
"9015973","50100",15,0,0,"10",0
"9016335","50100",11,0,3,"01",41000
"9016660","50100",15,0,5,"02",18600
"9017383","50100",37,0,2,"02",25600
"9017616","50100",37,0,2,"02",13400
"9018299","50100",8,0,0,"02",0
"9018628","50100",11,0,2,"02",54400
"9019313","50100",47,0,2,"02",106250
"9019813","50100",16,0,5,"02",71610
"9022376","50100",10,0,1,"04",18200
"9022786","50100",48,0,2,"01",38000
"9024462","50100",15,0,0,"05",0
"9025523","50100",10,0,1,"06",12000
"9026531","50100",11,0,3,"02",63900
"9026843","50100",26,0,1,"06",25000
"9027172","50100",10,0,1,"02",294300
"9027490","50100",26,0,1,"02",9900
"9027575","50100",37,0,2,"02",49000
"9027776","50100",10,0,4,"04",27500
"9028226","50100",0,2,1,"  ",0
"9031829","50100",22,0,2,"02",22800
"9032133","50100",11,0,2,"01",10900
"9032369","50100",11,0,2,"02",80000
"9033835","50100",14,0,0,"02",0
"9033902","50100",37,0,1,"05",18200
"9035216","50100",10,0,1,"08",7700
"9035542","50100",10,0,2,"02",47830
"9035772","50100",0,1,1,"  ",0
"9036793","50100",11,0,3,"02",70990
"9037160","50100",32,0,2,"04",16120
"9039791","50100",21,0,2,"02",3300
"9040644","50100",16,0,3,"01",94200
"9041714","50100",10,0,3,"02",80804
"9042960","50100",31,0,1,"06",12000
"9042996","50100",58,0,4,"02",55000
"9043774","50100",11,0,4,"02",39004
"9043941","50100",10,0,1,"06",14400
"9044321","50100",10,0,1,"01",23000
"9045576","50100",16,0,2,"02",110000
"9045669","50100",11,0,1,"07",17500
"9047396","50100",27,0,2,"02",45000
"9047588","50100",11,0,2,"02",71200
"9050300","50100",16,0,3,"02",60000
"9050442","50100",15,0,0,"02",0
"9050859","50100",0,2,1,"  ",0
"9052469","50100",16,0,2,"02",45800
"9052499","50100",22,0,0,"02",0
"9052586","50100",10,0,1,"01",14000
"9053417","50100",37,0,2,"09",15400
"9053747","50100",10,0,2,"02",43890
"9054058","50100",15,0,0,"01",0
"9054709","50100",11,0,2,"02",23000
"9056635","50100",31,0,1,"08",113400
"9057034","50100",16,0,4,"02",78500
"9057891","50100",14,0,0,"02",0
"9058343","50100",16,0,3,"06",52300
"9058965","50100",11,0,3,"02",15100
"9059490","50100",48,0,1,"02",15880
"9060428","50100",10,0,2,"02",27300
"9060496","50100",10,0,3,"02",38600
"9060663","50100",11,0,2,"02",28000
"9060881","50100",11,0,3,"02",59000
"9060945","50100",32,0,2,"06",43900
"9060992","50100",22,0,0,"02",0
"9061256","50100",0,1,1,"  ",0
"9061731","50100",11,0,4,"02",96000
"9062872","50100",11,0,2,"02",46700
"9063879","50100",37,0,4,"01",35500
"9064278","50100",43,0,3,"02",48000
"9064582","50100",0,2,1,"  ",0
"9065177","50100",10,0,3,"02",69910
"9066011","50100",16,0,2,"02",56000
"9066967","50100",16,0,1,"02",29000
"9067164","50100",10,0,4,"02",50000
"9067275","50100",22,0,4,"03",165260
"9071639","50100",0,1,1,"  ",0
"9071806","50100",32,0,2,"02",24000
"9072600","50100",16,0,3,"02",86200
"9072896","50100",53,0,2,"04",36000
"9073165","50100",44,0,0,"02",0
"9075805","50100",26,0,1,"05",9540
"9077577","50100",11,0,1,"05",27200
"9078903","50100",32,0,2,"04",47000
"9079390","50100",26,0,2,"02",78310
"9080162","50100",22,0,0,"02",0
"9080228","50100",51,0,0,"02",0
"9080384","50100",16,0,4,"01",34000
"9080664","50100",15,0,0,"01",0
"9080692","50100",14,0,0,"02",0
"9080728","50100",15,0,0,"02",0
"9080750","50100",0,2,1,"  ",0
"9080926","50100",53,0,5,"04",61560
"9081092","50100",10,0,2,"02",43000
"9084429","50100",32,0,3,"02",50000
"9084565","50100",0,2,1,"  ",0
"9085663","50100",11,0,2,"02",59000
"9087929","50100",10,0,1,"05",32580
"9088038","50100",11,0,1,"02",20000
"9088322","50100",31,0,2,"02",30220
"9088468","50100",0,2,1,"  ",0
"9090058","50100",0,2,1,"  ",0
"9090252","50100",14,0,0,"09",0
"9090295","50100",16,0,5,"04",108800
"9091205","50100",15,0,0,"02",0
"9092465","50100",15,0,0,"02",0
"9093529","50100",26,0,2,"04",53000
"9094999","50100",27,0,3,"03",84480
"9095993","50100",14,0,0,"02",0
"9096579","50100",27,0,2,"01",22000
"9099086","50100",5,0,3,"02",49000
"9099295","50100",11,0,4,"03",30000
"9099347","50100",0,2,1,"  ",0
"9099496","50100",37,0,4,"02",74300
"9100933","50100",27,0,1,"02",46000
"9101691","50100",16,0,2,"02",31180
"9102211","50100",43,0,3,"02",117000
"9103174","50100",11,0,2,"02",28400
"9103388","50100",6,0,5,"02",71100
"9103502","50100",15,0,3,"02",34490
"9104076","50100",16,0,1,"01",35000
"9105350","50100",11,0,2,"02",77100
"9106754","50100",10,0,4,"02",39880
"9106974","50100",22,0,2,"02",89440
"9107577","50100",0,2,1,"  ",0
"9107948","50100",42,0,1,"01",27000
"9108048","50100",15,0,0,"07",0
"9108891","50100",15,0,0,"02",0
"9109305","50100",0,1,1,"  ",0
"9110235","50100",0,2,1,"  ",0
"9110430","50100",15,0,0,"02",0
"9111343","50100",16,0,4,"02",51000
"9111832","50100",10,0,1,"02",11700
"9113947","50100",10,0,1,"02",48000
"9115047","50100",10,0,2,"02",68170
"9115625","50100",10,0,2,"02",38300
"9116122","50100",21,0,1,"05",19700
"9116637","50100",32,0,1,"01",34000
"9117174","50100",16,0,2,"02",55100
"9117962","50100",16,0,3,"02",44400
"9118258","50100",88,0,0,"02",0
"9119236","50100",26,0,2,"02",43100
"9122379","50100",22,0,0,"02",0
"9122389","50100",16,0,4,"02",42590
"9123324","50100",15,0,0,"02",0
"9123428","50100",11,0,1,"07",9330
"9123654","50100",32,0,4,"02",80500
"9124137","50100",48,0,2,"02",272500
"9125053","50100",32,0,3,"02",39660
"9125317","50100",44,0,0,"01",0
"9127972","50100",31,0,1,"02",8600
"9128537","50100",16,0,3,"04",17500
"9128847","50100",15,0,0,"01",0
"9129806","50100",11,0,2,"02",19420
"9129831","50100",10,0,4,"02",52000
"9131478","50100",16,0,1,"02",105000
"9131928","50100",21,0,1,"02",31800
"9134918","50100",5,0,5,"02",72900
"9135624","50100",15,0,0,"02",0
"9136045","50100",21,0,4,"04",30200
"9136250","50100",5,0,4,"04",43800
"9137784","50100",10,0,2,"02",50000
"9137946","50100",10,0,3,"02",86100
"9138044","50100",10,0,4,"02",127340
"9138295","50100",11,0,2,"02",18330
"9139478","50100",11,0,5,"03",33200
"9141015","50100",16,0,2,"02",24700
"9141307","50100",27,0,2,"02",95100
"9142171","50100",5,0,3,"02",61200
"9143874","50100",10,0,1,"02",27000
"9145032","50100",27,0,1,"02",25900
"9145040","50100",11,0,2,"02",9500
"9146150","50100",10,0,4,"02",18200
"9148089","50100",32,0,1,"02",23200
"9148720","50100",5,0,6,"02",54300
"9149086","50100",11,0,1,"02",10200
"9149795","50100",14,0,0,"02",0
"9150107","50100",10,0,2,"06",23800
"9150694","50100",26,0,1,"02",8000
"9151299","50100",0,2,1,"  ",0
"9151793","50100",0,1,1,"  ",0
"9151842","50100",10,0,4,"02",324500
"9152726","50100",0,1,1,"  ",0
"9154367","50100",10,0,3,"02",18000
"9155235","50100",11,0,5,"02",93500
"9158293","50100",11,0,1,"01",42920
"9160455","50100",10,0,4,"02",57130
"9161161","50100",10,0,3,"02",122800
"9162795","50100",27,0,2,"02",61700
"9163798","50100",0,1,1,"  ",0
"9163839","50100",21,0,2,"07",16200
"9164001","50100",11,0,3,"02",45450
"9164542","50100",15,0,0,"02",0
"9165058","50100",32,0,2,"01",21000
"9165628","50100",22,0,4,"02",45000
"9166235","50100",10,0,2,"02",20410
"9167762","50100",15,0,0,"02",0
"9167861","50100",11,0,2,"02",10300
"9167889","50100",15,0,0,"02",0
"9167904","50100",30,0,0,"03",0
"9168123","50100",21,0,3,"02",68410
"9169670","50100",11,0,2,"02",30000
"9170109","50100",16,0,4,"02",73200
"9170348","50100",11,0,4,"02",110930
"9171215","50100",0,2,1,"  ",0
"9171747","50100",31,0,1,"02",120000
"9172075","50100",37,0,1,"04",24000
"9172772","50100",16,0,1,"02",50000
"9172885","50100",16,0,3,"04",6000
"9174013","50100",27,0,2,"02",41500
"9175315","50100",10,0,2,"02",329000
"9176739","50100",10,0,1,"05",11600
"9177010","50100",11,0,1,"02",4500
"9177718","50100",10,0,2,"05",0
"9178011","50100",10,0,2,"02",73040
"9178336","50100",10,0,1,"02",12000
"9180016","50100",43,0,4,"02",193000
"9181585","50100",11,0,2,"02",69940
"9181732","50100",16,0,3,"02",48230
"9182017","50100",11,0,1,"06",7800
"9182167","50100",11,0,2,"02",45500
"9182248","50100",15,0,0,"04",0
"9183314","50100",32,0,6,"02",51300
"9183390","50100",10,0,2,"01",46700
"9186483","50100",11,0,1,"07",14000
"9187449","50100",16,0,2,"02",79000
"9187755","50100",11,0,4,"02",45700
"9188391","50100",42,0,2,"02",115590
"9189673","50100",74,0,0,"06",0
"9190184","50100",11,0,4,"05",30000
"9190374","50100",48,0,2,"02",24700
"9190482","50100",10,0,1,"02",22200
"9192506","50100",10,0,2,"02",25000
"9193520","50100",27,0,4,"02",69200
"9193926","50100",7,0,0,"02",0
"9195134","50100",53,0,1,"05",2800
"9195535","50100",11,0,5,"02",78400
"9195949","50100",0,2,1,"  ",0
"9196211","50100",15,0,0,"02",0
"9197092","50100",10,0,3,"02",101000
"9197986","50100",0,2,1,"  ",0
"9198910","50100",10,0,6,"04",19300
"9200509","50100",11,0,2,"03",27020
"9200641","50100",11,0,2,"05",60000
"9201399","50100",43,0,1,"09",15000
"9201526","50100",10,0,3,"02",58280
"9202557","50100",10,0,2,"02",38500
"9203533","50100",15,0,0,"02",0
"9203745","50100",11,0,2,"05",35000
"9204244","50100",22,0,0,"02",0
"9204829","50100",10,0,1,"02",63600
"9206009","50100",10,0,3,"02",12460
"9206364","50100",22,0,0,"06",0
"9207415","50100",15,0,0,"01",0
"9208055","50100",11,0,4,"04",46400
"9208120","50100",11,0,2,"02",67530
"9208150","50100",11,0,5,"02",58030
"9208885","50100",10,0,1,"02",7300
"9209466","50100",10,0,1,"02",8800
"9210447","50100",11,0,3,"02",60360
"9211130","50100",11,0,2,"02",74500
"9211802","50100",10,0,3,"02",86860
"9212551","50100",10,0,2,"03",25000
"9212911","50100",11,0,6,"02",75000
"9213086","50100",14,0,0,"02",0
"9214244","50100",16,0,1,"04",11800
"9215453","50100",10,0,4,"02",55000
"9215939","50100",11,0,1,"02",37790
"9216438","50100",16,0,1,"02",5600
"9217042","50100",16,0,1,"04",6500
"9217074","50100",22,0,4,"02",39200
"9217402","50100",15,0,3,"02",64700
"9218195","50100",37,0,2,"02",62300
"9219080","50100",11,0,2,"02",52000
"9219443","50100",5,0,6,"02",131800
"9219636","50100",48,0,3,"02",56000
"9219743","50100",11,0,2,"01",58600
"9220932","50100",21,0,4,"02",61200
"9221822","50100",32,0,1,"08",11800
"9222548","50100",11,0,4,"02",46900
"9223608","50100",16,0,4,"02",18300
"9224055","50100",22,0,0,"02",0
"9224673","50100",0,2,1,"  ",0
"9225673","50100",16,0,1,"02",6700
"9225999","50100",21,0,3,"02",115400
"9226771","50100",11,0,2,"02",92040
"9227269","50100",16,0,4,"02",32200
"9227305","50100",0,2,1,"  ",0
"9227624","50100",5,0,2,"02",22600
"9227925","50100",32,0,1,"04",19000
"9228108","50100",14,0,0,"02",0
"9229302","50100",37,0,2,"02",41490
"9230471","50100",11,0,2,"02",21700
"9231019","50100",45,0,0,"06",0
"9232262","50100",15,0,0,"02",0
"9232580","50100",21,0,1,"02",14600
"9233261","50100",29,0,0,"02",0
"9233974","50100",0,1,1,"  ",0
"9234681","50100",15,0,0,"02",0
"9236453","50100",11,0,2,"01",71400
"9236749","50100",59,0,0,"02",0
"9237187","50100",27,0,2,"02",62000
"9237857","50100",15,0,0,"02",0
"9238085","50100",11,0,2,"02",20100
"9238174","50100",27,0,3,"02",28230
"9240701","50100",16,0,2,"02",18510
"9240713","50100",14,0,0,"03",0
"9240993","50100",11,0,4,"02",43600
"9241342","50100",16,0,3,"02",39700
"9241623","50100",26,0,3,"02",57800
"9243538","50100",15,0,0,"02",0
"9243819","50100",16,0,1,"05",9000
"9244651","50100",10,0,3,"02",81500
"9244859","50100",11,0,1,"02",18500
"9244961","50100",16,0,1,"01",9400
"9245636","50100",37,0,3,"02",43200
"9246570","50100",42,0,2,"02",100340
"9246670","50100",14,0,0,"02",0
"9246692","50100",53,0,1,"02",24300
"9247223","50100",32,0,4,"05",51600
"9247467","50100",42,0,3,"02",6300
"9247799","50100",51,0,0,"02",0
"9249161","50100",16,0,1,"02",6900
"9249348","50100",10,0,4,"02",26000
"9250374","50100",10,0,1,"02",3e+05
"9250416","50100",21,0,1,"04",6900
"9250855","50100",59,0,2,"09",10000
"9251421","50100",11,0,3,"02",72000
"9252057","50100",16,0,2,"04",3100
"9253905","50100",11,0,2,"02",49700
"9256097","50100",11,0,1,"02",12700
"9256265","50100",27,0,2,"02",60000
"9256879","50100",11,0,4,"02",155900
"9257542","50100",47,0,6,"04",39150
"9257810","50100",0,2,1,"  ",0
"9258056","50100",15,0,0,"02",0
"9258244","50100",27,0,5,"02",109500
"9259033","50100",15,0,0,"02",0
"9259264","50100",11,0,4,"02",48600
"9261039","50100",42,0,5,"02",115950
"9261818","50100",0,1,1,"  ",0
"9261895","50100",21,0,2,"02",27940
"9262049","50100",26,0,1,"02",10600
"9263418","50100",45,0,0,"02",0
"9263594","50100",10,0,3,"06",7400
"9263896","50100",0,1,1,"  ",0
"9263932","50100",42,0,2,"02",44560
"9264787","50100",16,0,3,"02",56120
"9265034","50100",37,0,1,"02",45200
"9265806","50100",15,0,2,"02",27000
"9266115","50100",15,0,0,"02",0
"9267325","50100",16,0,2,"02",38700
"9267568","50100",11,0,2,"02",39300
"9267645","50100",11,0,2,"02",66000
"9269264","50100",43,0,3,"06",26000
"9269659","50100",15,0,0,"02",0
"9270116","50100",31,0,2,"05",65000
"9270889","50100",32,0,1,"02",24760
"9271185","50100",16,0,1,"06",11100
"9271269","50100",10,0,2,"02",33000
"9271457","50100",32,0,3,"02",103200
"9271483","50100",11,0,5,"04",25600
"9271528","50100",11,0,3,"05",11520
"9271567","50100",11,0,4,"02",47430
"9271647","50100",37,0,2,"02",50000
"9272085","50100",14,0,0,"02",0
"9272517","50100",16,0,4,"04",66100
"9272648","50100",26,0,4,"02",60500
"9272729","50100",26,0,2,"05",87260
"9273691","50100",11,0,1,"04",86000
"9273794","50100",43,0,2,"06",27000
"9275665","50100",11,0,2,"01",15640
"9275807","50100",11,0,2,"02",66900
"9276130","50100",10,0,1,"01",25000
"9276476","50100",15,0,0,"02",0
"9277978","50100",26,0,5,"02",71000
"9278698","50100",16,0,2,"02",23200
"9279297","50100",0,2,1,"  ",0
"9279498","50100",16,0,2,"02",36200
"9279548","50100",11,0,1,"02",28400
"9279874","50100",11,0,1,"05",10200
"9280368","50100",15,0,0,"01",0
"9281857","50100",11,0,2,"02",47500
"9283430","50100",16,0,4,"02",70200
"9283923","50100",51,0,0,"02",0
"9284460","50100",11,0,2,"02",52600
"9286419","50100",26,0,2,"02",39800
"9286546","50100",15,0,0,"02",0
"9288218","50100",11,0,2,"04",100150
"9288429","50100",14,0,0,"02",0
"9289093","50100",47,0,2,"02",182500
"9289143","50100",48,0,2,"01",19700
"9289877","50100",0,2,1,"  ",0
"9290486","50100",10,0,4,"02",57900
"9291339","50100",53,0,3,"02",80600
"9292232","50100",53,0,4,"01",29000
"9292614","50100",37,0,0,"02",0
"9292956","50100",37,0,1,"02",8400
"9293097","50100",11,0,4,"02",60600
"9293788","50100",11,0,2,"02",46000
"9294034","50100",5,0,2,"02",44800
"9294221","50100",42,0,4,"02",134000
"9294424","50100",0,1,1,"  ",0
"9294544","50100",10,0,1,"02",33000
"9295430","50100",11,0,2,"02",95000
"9295654","50100",6,0,2,"02",81000
"9296527","50100",15,0,3,"02",71200
"9297502","50100",16,0,2,"02",150000
"9299005","50100",11,0,2,"05",13170
"9299034","50100",11,0,1,"02",7000
"9299512","50100",10,0,3,"04",5000
"9299886","50100",14,0,0,"06",0
"9299922","50100",10,0,2,"02",8000
"9300471","50100",16,0,3,"01",67500
"9301202","50100",42,0,1,"02",21600
"9302412","50100",16,0,1,"01",9600
"9304024","50100",11,0,3,"02",108900
"9304127","50100",27,0,5,"02",88000
"9305008","50100",10,0,2,"02",38820
"9305274","50100",11,0,4,"02",72600
"9305973","50100",14,0,0,"02",0
"9306353","50100",11,0,1,"05",35000
"9307905","50100",15,0,0,"03",0
"9308194","50100",15,0,0,"01",0
"9309217","50100",42,0,3,"02",171000
"9311695","50100",48,0,4,"02",88000
"9311883","50100",10,0,2,"02",85500
"9312733","50100",15,0,0,"04",0
"9313163","50100",22,0,4,"02",112700
"9313597","50100",10,0,3,"02",92100
"9313598","50100",22,0,0,"02",0
"9313725","50100",16,0,3,"02",15900
"9314660","50100",15,0,0,"02",0
"9315157","50100",0,1,1,"  ",0
"9315973","50100",11,0,3,"02",24700
"9316646","50100",22,0,0,"02",0
"9317203","50100",10,0,2,"02",22800
"9317373","50100",14,0,0,"03",0
"9317616","50100",27,0,1,"02",16700
"9317783","50100",16,0,2,"04",32000
"9318498","50100",11,0,2,"02",60830
"9318942","50100",48,0,5,"02",57054
"9319068","50100",11,0,1,"02",23000
"9320385","50100",10,0,3,"02",34000
"9322066","50100",15,0,0,"02",0
"9322281","50100",11,0,2,"02",38300
"9322350","50100",16,0,4,"02",101600
"9323778","50100",11,0,1,"02",15270
"9324057","50100",11,0,4,"02",45540
"9325827","50100",15,0,0,"02",0
"9327638","50100",10,0,4,"02",32680
"9327742","50100",10,0,1,"02",19000
"9328631","50100",10,0,2,"02",71000
"9328936","50100",15,0,1,"01",26000
"9329979","50100",16,0,4,"02",18000
"9330127","50100",37,0,2,"04",6600
"9330542","50100",6,0,4,"02",100500
"9332847","50100",32,0,4,"02",41500
"9334198","50100",10,0,2,"02",17200
"9334321","50100",11,0,3,"06",0
"9334846","50100",7,0,0,"01",0
"9334910","50100",10,0,6,"02",125690
"9335736","50100",27,0,1,"02",21300
"9337022","50100",15,0,0,"06",0
"9337357","50100",16,0,1,"02",12200
"9339934","50100",11,0,1,"02",41000
"9341547","50100",10,0,4,"02",47000
"9342070","50100",30,0,0,"05",0
"9343521","50100",10,0,2,"02",27500
"9343685","50100",11,0,1,"06",9580
"9344523","50100",11,0,2,"02",58800
"9345360","50100",16,0,2,"02",26400
"9345556","50100",10,0,2,"02",77500
"9347058","50100",22,0,0,"02",0
"9347614","50100",5,0,1,"01",16100
"9349709","50100",11,0,1,"02",25700
"9349976","50100",42,0,5,"02",60000
"9352424","50100",32,0,2,"02",3800
"9353019","50100",11,0,1,"04",6900
"9353726","50100",32,0,1,"04",16610
"9353816","50100",16,0,5,"02",50000
"9354194","50100",15,0,0,"02",0
"9354446","50100",16,0,4,"02",50400
"9355173","50100",11,0,5,"02",50000
"9357119","50100",37,0,1,"05",14100
"9357203","50100",10,0,3,"01",53000
"9358179","50100",15,0,2,"02",27100
"9358427","50100",15,0,1,"02",5300
"9358999","50100",47,0,2,"07",55000
"9359541","50100",74,0,0,"10",0
"9360333","50100",0,2,1,"  ",0
"9360877","50100",0,1,1,"  ",0
"9360976","50100",15,0,0,"01",0
"9361264","50100",16,0,2,"02",38000
"9361426","50100",11,0,1,"05",-1100
"9363460","50100",10,0,4,"02",30370
"9363610","50100",10,0,3,"02",50000
"9363863","50100",10,0,2,"02",36080
"9364507","50100",16,0,1,"02",106400
"9365074","50100",0,2,1,"  ",0
"9365413","50100",11,0,3,"01",46900
"9365743","50100",10,0,2,"01",20800
"9366090","50100",10,0,1,"01",28700
"9366469","50100",14,0,0,"02",0
"9367305","50100",11,0,2,"02",32750
"9367828","50100",0,2,1,"  ",0
"9368500","50100",14,0,0,"02",0
"9368770","50100",15,0,0,"09",0
"9371255","50100",0,2,1,"  ",0
"9371597","50100",32,0,1,"02",11700
"9371670","50100",22,0,0,"02",0
"9372515","50100",22,0,0,"02",0
"9374153","50100",11,0,3,"02",68000
"9375372","50100",16,0,4,"02",119600
"9375655","50100",42,0,3,"05",32600
"9375839","50100",52,0,2,"07",9000
"9378078","50100",11,0,5,"02",8800
"9378263","50100",5,0,3,"02",19000
"9379019","50100",15,0,0,"07",0
"9379081","50100",10,0,4,"02",47200
"9379610","50100",26,0,1,"02",40500
"9380309","50100",14,0,0,"02",0
"9381131","50100",11,0,1,"02",23290
"9381514","50100",11,0,1,"02",7970
"9381703","50100",32,0,1,"02",31000
"9382456","50100",22,0,0,"06",0
"9382458","50100",15,0,0,"08",0
"9383106","50100",0,1,1,"  ",0
"9384034","50100",27,0,2,"01",42504
"9384382","50100",11,0,4,"02",35700
"9384893","50100",11,0,3,"02",15800
"9385478","50100",42,0,1,"02",0
"9385876","50100",11,0,3,"01",45300
"9386577","50100",11,0,4,"02",61380
"9386849","50100",11,0,2,"02",67500
"9387695","50100",10,0,3,"02",153400
"9387904","50100",11,0,2,"02",12400
"9387977","50100",0,2,1,"  ",0
"9391088","50100",16,0,3,"02",58700
"9391204","50100",11,0,2,"02",12360
"9391696","50100",23,0,0,"01",0
"9392693","50100",16,0,5,"02",42800
"9393121","50100",16,0,3,"02",35600
"9394142","50100",37,0,1,"02",18900
"9394552","50100",15,0,0,"02",0
"9395127","50100",11,0,2,"02",120000
"9396817","50100",10,0,1,"05",19700
"9396910","50100",53,0,4,"02",99500
"9397955","50100",16,0,2,"02",64100
"9398617","50100",10,0,4,"05",57130
"9399634","50100",22,0,0,"06",0
"9401606","50100",27,0,2,"03",62350
"9402554","50100",0,2,1,"  ",0
"9402565","50100",15,0,4,"02",67000
"9403736","50100",26,0,1,"01",0
"9404285","50100",43,0,4,"02",57200
"9404648","50100",32,0,1,"05",29000
"9405057","50100",26,0,2,"01",45700
"9405156","50100",16,0,4,"02",157860
"9406740","50100",0,2,1,"  ",0
"9406986","50100",14,0,0,"07",0
"9407990","50100",0,2,1,"  ",0
"9408280","50100",10,0,5,"02",44730
"9408502","50100",16,0,1,"02",45000
"9415322","50100",10,0,2,"02",29300
"9415699","50100",6,0,3,"02",46270
"9415726","50100",21,0,4,"04",41500
"9416027","50100",11,0,2,"02",94000
"9416121","50100",10,0,1,"02",70700
"9417122","50100",27,0,2,"04",42700
"9417265","50100",11,0,4,"02",81300
"9417282","50100",10,0,1,"02",10200
"9417473","50100",32,0,2,"02",27900
"9417494","50100",15,0,1,"02",18300
"9418873","50100",26,0,7,"02",154600
"9420181","50100",42,0,1,"04",6800
"9421237","50100",26,0,2,"03",44000
"9421438","50100",16,0,4,"02",36300
"9422130","50100",10,0,2,"04",68000
"9422573","50100",22,0,0,"02",0
"9423123","50100",15,0,3,"02",124560
"9423250","50100",11,0,4,"02",87000
"9423380","50100",11,0,4,"02",64900
"9423828","50100",10,0,1,"01",18700
"9425416","50100",11,0,2,"02",26800
"9426037","50100",26,0,2,"02",20000
"9426626","50100",16,0,2,"01",24600
"9426837","50100",11,0,2,"02",334000
"9427114","50100",47,0,1,"08",15000
"9427641","50100",31,0,3,"02",65100
"9427995","50100",11,0,1,"01",26000
"9431212","50100",16,0,2,"02",43200
"9432696","50100",45,0,0,"03",0
"9433634","50100",16,0,1,"02",6850
"9433778","50100",14,0,0,"08",0
"9434887","50100",16,0,2,"02",18990
"9435044","50100",16,0,2,"04",0
"9436453","50100",26,0,2,"01",57000
"9436611","50100",16,0,4,"02",57250
"9436652","50100",37,0,0,"02",0
"9437043","50100",11,0,2,"02",40400
"9437854","50100",0,2,1,"  ",0
"9438379","50100",14,0,0,"02",0
"9440526","50100",11,0,2,"02",83000
"9442361","50100",10,0,1,"01",20000
"9443345","50100",26,0,2,"02",45500
"9443454","50100",37,0,1,"07",20000
"9443486","50100",31,0,1,"09",11500
"9443684","50100",11,0,3,"02",36880
"9444452","50100",16,0,2,"05",26930
"9444823","50100",5,0,2,"02",58000
"9444962","50100",16,0,2,"02",64800
"9445203","50100",15,0,0,"06",0
"9445287","50100",11,0,2,"02",62000
"9445708","50100",21,0,2,"02",22500
"9446197","50100",15,0,0,"02",0
"9446302","50100",16,0,2,"02",47000
"9449014","50100",43,0,2,"02",71780
"9450076","50100",11,0,1,"02",11560
"9450256","50100",21,0,1,"01",8300
"9451536","50100",11,0,1,"02",21300
"9451594","50100",10,0,1,"01",25300
"9452306","50100",21,0,2,"02",73000
"9452439","50100",37,0,2,"02",22400
"9452493","50100",16,0,3,"02",14500
"9452845","50100",16,0,2,"02",8050
"9453209","50100",11,0,4,"02",63500
"9453954","50100",22,0,6,"02",39600
"9454155","50100",16,0,2,"02",23200
"9454243","50100",11,0,2,"02",24000
"9454246","50100",11,0,4,"02",67000
"9454443","50100",11,0,5,"02",65300
"9454616","50100",10,0,2,"06",24900
"9454863","50100",11,0,4,"02",37100
"9455627","50100",47,0,4,"02",313000
"9456172","50100",21,0,2,"02",52500
"9456319","50100",37,0,3,"02",74000
"9456393","50100",10,0,3,"08",19500
"9456530","50100",10,0,4,"02",49000
"9456659","50100",32,0,1,"02",12600
"9456944","50100",43,0,4,"02",23700
"9456978","50100",63,0,5,"06",67740
"9457017","50100",16,0,2,"02",67500
"9459445","50100",11,0,1,"02",29000
"9460690","50100",15,0,0,"04",0
"9461133","50100",15,0,2,"02",11800
"9461732","50100",15,0,0,"02",0
"9462247","50100",15,0,0,"07",0
"9463434","50100",21,0,3,"01",22100
"9465670","50100",32,0,3,"02",65000
"9466273","50100",15,0,0,"02",0
"9466492","50100",37,0,1,"05",8600
"9468073","50100",10,0,1,"04",1500
"9468820","50100",22,0,0,"02",0
"9469151","50100",23,0,0,"02",0
"9469511","50100",37,0,3,"02",84020
"9469826","50100",31,0,2,"06",45800
"9471005","50100",10,0,1,"04",4500
"9471226","50100",16,0,2,"02",259700
"9471628","50100",22,0,0,"02",0
"9472288","50100",5,0,4,"04",27000
"9472395","50100",42,0,4,"03",78200
"9472451","50100",31,0,3,"02",43700
"9473161","50100",10,0,4,"01",55000
"9473335","50100",11,0,2,"02",84470
"9473866","50100",32,0,1,"02",100500
"9475143","50100",64,0,3,"01",51200
"9475273","50100",27,0,4,"02",74500
"9475919","50100",22,0,0,"02",0
"9476025","50100",22,0,0,"02",0
"9476143","50100",23,0,0,"02",0
"9476164","50100",5,0,4,"02",49000
"9476912","50100",10,0,2,"02",41700
"9476940","50100",32,0,1,"05",28830
"9477753","50100",42,0,2,"02",108100
"9478328","50100",16,0,2,"02",60200
"9478564","50100",16,0,4,"02",37000
"9478846","50100",10,0,2,"02",15000
"9478913","50100",0,2,1,"  ",0
"9479221","50100",42,0,2,"05",16900
"9480303","50100",22,0,0,"02",0
"9480442","50100",11,0,6,"02",28000
"9481066","50100",16,0,2,"02",43800
"9481591","50100",10,0,4,"02",62560
"9481640","50100",11,0,2,"02",21500
"9482193","50100",15,0,0,"02",0
"9482569","50100",26,0,2,"02",93830
"9483887","50100",10,0,1,"02",55000
"9483889","50100",0,1,1,"  ",0
"9484426","50100",31,0,4,"02",85600
"9484492","50100",11,0,1,"04",23000
"9485280","50100",0,2,1,"  ",0
"9485436","50100",27,0,3,"05",43600
"9485808","50100",11,0,4,"02",112200
"9486274","50100",11,0,3,"02",336800
"9487377","50100",11,0,2,"06",38400
"9488393","50100",0,2,1,"  ",0
"9489298","50100",15,0,2,"02",52000
"9489743","50100",27,0,2,"02",38700
"9490034","50100",22,0,0,"04",0
"9490550","50100",14,0,0,"02",0
"9490613","50100",11,0,5,"02",15300
"9492315","50100",0,2,1,"  ",0
"9492915","50100",21,0,1,"05",680
"9495135","50100",15,0,0,"01",0
"9496239","50100",42,0,3,"06",56000
"9496244","50100",15,0,1,"06",21000
"9496801","50100",26,0,2,"02",30000
"9496836","50100",16,0,5,"02",51100
"9497042","50100",15,0,0,"02",0
"9497203","50100",11,0,3,"02",79700
"9497709","50100",22,0,0,"02",0
"9498317","50100",32,0,1,"02",18250
"9498570","50100",15,0,0,"02",0
"9498686","50100",27,0,3,"02",43200
"9499441","50100",10,0,3,"02",31500
"9499479","50100",16,0,4,"02",69250
"9499545","50100",10,0,2,"03",31960
"9499567","50100",10,0,4,"02",36900
"9501169","50100",15,0,0,"02",0
"9502151","50100",21,0,4,"04",56200
"9502987","50100",10,0,2,"02",47500
"9503317","50100",16,0,1,"02",0
"9503356","50100",14,0,0,"05",0
"9503793","50100",11,0,1,"02",7700
"9504946","50100",48,0,4,"02",48000
"9504999","50100",11,0,5,"02",60000
"9505837","50100",10,0,1,"02",24800
"9506199","50100",11,0,1,"02",75300
"9506861","50100",11,0,3,"02",23050
"9509810","50100",21,0,5,"04",50600
"9510519","50100",16,0,4,"02",68000
"9510679","50100",11,0,4,"02",46760
"9510742","50100",42,0,4,"02",62330
"9510867","50100",21,0,5,"02",70900
"9510991","50100",14,0,0,"02",0
"9511450","50100",14,0,0,"02",0
"9511996","50100",15,0,0,"02",0
"9512161","50100",43,0,1,"03",56200
"9513195","50100",52,0,0,"02",0
"9514041","50100",0,1,1,"  ",0
"9514061","50100",10,0,4,"02",18200
"9514650","50100",11,0,2,"02",106000
"9514750","50100",16,0,5,"02",6200
"9514835","50100",5,0,5,"02",48000
"9515276","50100",14,0,0,"02",0
"9516002","50100",22,0,0,"02",0
"9516005","50100",10,0,2,"04",39000
"9516087","50100",37,0,2,"04",2000
"9516526","50100",5,0,7,"02",66000
"9517053","50100",15,0,1,"02",35000
"9517306","50100",16,0,3,"02",73300
"9517656","50100",22,0,0,"10",0
"9518427","50100",15,0,0,"02",0
"9518501","50100",0,2,1,"  ",0
"9518843","50100",11,0,1,"06",12000
"9518844","50100",0,2,1,"  ",0
"9518981","50100",26,0,2,"02",59900
"9519314","50100",29,0,0,"02",0
"9519516","50100",15,0,0,"02",0
"9519893","50100",37,0,5,"02",86710
"9520103","50100",10,0,5,"03",33500
"9520352","50100",16,0,2,"02",67000
"9521256","50100",15,0,2,"02",14600
"9521269","50100",16,0,4,"02",50000
"9521477","50100",22,0,2,"01",27700
"9521969","50100",5,0,4,"02",86680
"9522205","50100",10,0,1,"04",490
"9522757","50100",11,0,2,"02",140800
"9523382","50100",11,0,2,"02",84300
"9523751","50100",15,0,0,"02",0
"9523984","50100",11,0,3,"02",57600
"9524353","50100",42,0,4,"02",107350
"9524734","50100",0,2,1,"  ",0
"9524935","50100",43,0,1,"05",69200
"9525535","50100",15,0,0,"02",0
"9525757","50100",15,0,0,"01",0
"9526299","50100",14,0,0,"02",0
"9526491","50100",14,0,0,"02",0
"9526515","50100",37,0,3,"02",166120
"9526531","50100",6,0,3,"02",30300
"9526781","50100",16,0,2,"02",30400
"9526931","50100",21,0,5,"02",51400
"9527260","50100",11,0,1,"02",15000
"9527307","50100",16,0,1,"02",7500
"9527889","50100",32,0,1,"04",16320
"9528239","50100",21,0,5,"02",33100
"9528480","50100",10,0,4,"02",113950
"9528945","50100",16,0,2,"02",36200
"9529464","50100",27,0,1,"05",16000
"9529548","50100",10,0,5,"02",128700
"9529690","50100",0,2,1,"  ",0
"9530059","50100",0,1,1,"  ",0
"9530099","50100",10,0,3,"01",12300
"9531671","50100",10,0,3,"02",71404
"9531842","50100",11,0,4,"04",46000
"9533974","50100",11,0,4,"01",33900
"9534123","50100",0,1,1,"  ",0
"9534222","50100",53,0,4,"02",66000
"9534515","50100",22,0,0,"02",0
"9535199","50100",31,0,1,"09",8500
"9535251","50100",37,0,1,"06",30700
"9535545","50100",16,0,2,"08",28300
"9535889","50100",16,0,2,"02",78100
"9536258","50100",11,0,2,"02",575000
"9537851","50100",11,0,2,"01",30800
"9537902","50100",10,0,1,"02",18700
"9538420","50100",22,0,0,"02",0
"9538971","50100",11,0,1,"08",12300
"9539033","50100",15,0,1,"02",16600
"9540076","50100",21,0,1,"02",6300
"9540228","50100",10,0,1,"02",55000
"9540885","50100",22,0,0,"01",0
"9541086","50100",15,0,0,"08",0
"9542313","50100",11,0,3,"01",44000
"9542521","50100",16,0,1,"01",3000
"9542867","50100",0,2,1,"  ",0
"9543212","50100",16,0,3,"02",112550
"9543450","50100",11,0,3,"02",41000
"9544298","50100",21,0,1,"01",9000
"9545603","50100",15,0,0,"02",0
"9546740","50100",37,0,1,"05",27000
"9547423","50100",11,0,3,"02",67500
"9548491","50100",11,0,2,"02",33000
"9549776","50100",42,0,2,"02",78400
"9550312","50100",22,0,0,"06",0
"9550339","50100",48,0,2,"02",93100
"9550863","50100",37,0,2,"02",15000
"9551015","50100",10,0,4,"01",61000
"9552921","50100",11,0,4,"02",55800
"9553026","50100",42,0,2,"02",25900
"9553085","50100",21,0,1,"02",35000
"9553979","50100",22,0,2,"02",54880
"9554495","50100",0,1,1,"  ",0
"9556070","50100",45,0,0,"07",0
"9556377","50100",11,0,2,"02",107900
"9557526","50100",16,0,3,"02",42000
"9557590","50100",11,0,2,"06",52000
"9558599","50100",10,0,2,"02",139800
"9558763","50100",5,0,2,"04",44000
"9558771","50100",32,0,2,"02",322300
"9559384","50100",42,0,1,"09",13260
"9559633","50100",11,0,4,"02",31700
"9559788","50100",37,0,3,"02",83000
"9560077","50100",11,0,3,"05",50900
"9560677","50100",11,0,2,"02",45050
"9561634","50100",10,0,2,"02",58000
"9562255","50100",37,0,2,"02",34440
"9562702","50100",10,0,2,"02",84600
"9563671","50100",16,0,4,"02",55000
"9563843","50100",14,0,0,"08",0
"9565447","50100",16,0,3,"02",49400
"9566175","50100",11,0,2,"02",82000
"9566501","50100",11,0,5,"04",26700
"9566968","50100",32,0,4,"02",56400
"9570744","50100",11,0,4,"02",29700
"9570822","50100",15,0,0,"02",0
"9571096","50100",42,0,1,"02",12700
"9571254","50100",16,0,2,"02",37010
"9571735","50100",10,0,2,"04",38200
"9572102","50100",15,0,0,"02",0
"9572519","50100",11,0,5,"02",55100
"9573045","50100",5,0,3,"02",63000
"9573050","50100",15,0,0,"07",0
"9573117","50100",10,0,3,"01",28200
"9573523","50100",27,0,1,"08",22400
"9573596","50100",11,0,1,"01",24000
"9573629","50100",10,0,2,"02",50000
"9573992","50100",31,0,1,"06",309000
"9574028","50100",21,0,4,"02",171400
"9574598","50100",59,0,5,"02",69500
"9575395","50100",16,0,2,"02",29000
"9576141","50100",16,0,1,"04",22100
"9576201","50100",22,0,1,"02",10500
"9576990","50100",10,0,1,"02",12250
"9577143","50100",16,0,1,"02",0
"9577350","50100",10,0,2,"02",85190
"9577381","50100",16,0,3,"02",105000
"9577515","50100",37,0,1,"09",6000
"9578777","50100",11,0,1,"02",142800
"9579066","50100",11,0,4,"02",11350
"9580180","50100",0,2,1,"  ",0
"9580937","50100",27,0,2,"02",40500
"9581514","50100",16,0,1,"02",5000
"9582007","50100",26,0,3,"06",43500
"9582154","50100",11,0,2,"03",20900
"9582166","50100",47,0,3,"02",91400
"9582274","50100",10,0,1,"02",8800
"9583020","50100",10,0,2,"01",41100
"9583487","50100",69,0,4,"06",41900
"9585480","50100",10,0,4,"02",68250
"9585490","50100",11,0,1,"04",49050
"9585682","50100",7,0,0,"06",0
"9585917","50100",11,0,1,"02",40000
"9586048","50100",6,0,1,"02",6100
"9586296","50100",15,0,0,"02",0
"9586502","50100",37,0,1,"02",10300
"9586716","50100",11,0,2,"02",42000
"9586742","50100",11,0,2,"02",58710
"9587195","50100",15,0,0,"03",0
"9587205","50100",0,1,1,"  ",0
"9587965","50100",21,0,4,"02",101000
"9588767","50100",15,0,0,"02",0
"9588968","50100",16,0,3,"02",74700
"9589621","50100",15,0,0,"02",0
"9589858","50100",5,0,2,"06",40340
"9589890","50100",15,0,3,"02",27140
"9590980","50100",11,0,1,"02",6000
"9592196","50100",21,0,4,"02",62620
"9592268","50100",11,0,1,"01",10900
"9593405","50100",11,0,3,"02",58600
"9594653","50100",32,0,4,"05",4000
"9594985","50100",16,0,3,"02",25800
"9595976","50100",0,2,1,"  ",0
"9596686","50100",47,0,2,"05",80740
"9597087","50100",16,0,1,"02",36000
"9597782","50100",0,1,1,"  ",0
"9597998","50100",11,0,2,"07",31000
"9598611","50100",53,0,4,"02",12050
"9599456","50100",15,0,0,"02",0
"9599796","50100",11,0,2,"02",27100
"9600038","50100",32,0,2,"02",45000
"9600092","50100",10,0,3,"02",60100
"9600377","50100",10,0,2,"02",65000
"9600747","50100",32,0,2,"02",110000
"9601523","50100",21,0,2,"02",50000
"9601929","50100",0,1,1,"  ",0
"9603621","50100",10,0,2,"02",93700
"9603724","50100",11,0,2,"04",33100
"9603728","50100",11,0,4,"02",107000
"9605398","50100",10,0,2,"01",39000
"9606985","50100",11,0,5,"01",10100
"9607199","50100",11,0,2,"02",44600
"9608817","50100",10,0,2,"02",22000
"9609731","50100",11,0,2,"02",62000
"9610456","50100",10,0,2,"02",40900
"9610667","50100",15,0,0,"02",0
"9611272","50100",15,0,0,"02",0
"9611441","50100",11,0,5,"02",41000
"9611625","50100",10,0,5,"02",170000
"9611943","50100",14,0,0,"03",0
"9612717","50100",11,0,2,"02",106000
"9612807","50100",11,0,5,"02",81700
"9612949","50100",37,0,1,"02",47000
"9613042","50100",37,0,4,"02",88000
"9613174","50100",14,0,0,"02",0
"9613546","50100",22,0,0,"06",0
"9614440","50100",15,0,0,"02",0
"9615085","50100",16,0,2,"02",13700
"9615616","50100",10,0,3,"04",22260
"9615770","50100",11,0,1,"02",21800
"9616209","50100",15,0,2,"02",54200
"9616357","50100",32,0,1,"05",57000
"9616970","50100",32,0,3,"02",75800
"9618320","50100",37,0,3,"02",41000
"9618505","50100",21,0,2,"02",121180
"9619055","50100",48,0,1,"02",19600
"9619165","50100",6,0,3,"02",79000
"9619243","50100",21,0,1,"02",13600
"9620425","50100",11,0,4,"02",60100
"9622198","50100",11,0,6,"02",38610
"9623135","50100",42,0,3,"02",32200
"9623614","50100",14,0,0,"01",0
"9623891","50100",22,0,0,"02",0
"9624679","50100",14,0,0,"02",0
"9624823","50100",15,0,0,"02",0
"9625443","50100",15,0,0,"02",0
"9626873","50100",15,0,0,"09",0
"9627270","50100",11,0,1,"02",105000
"9627471","50100",10,0,2,"02",73000
"9627666","50100",10,0,4,"02",75000
"9628240","50100",21,0,3,"02",31800
"9628824","50100",0,2,1,"  ",0
"9628892","50100",42,0,4,"02",55300
"9629592","50100",21,0,1,"06",10140
"9630103","50100",10,0,4,"02",54090
"9630108","50100",11,0,2,"02",83900
"9630133","50100",11,0,1,"01",23600
"9630559","50100",16,0,3,"02",36400
"9630641","50100",11,0,1,"06",4600
"9630974","50100",16,0,3,"02",73010
"9631043","50100",16,0,4,"02",107000
"9632476","50100",15,0,0,"02",0
"9633146","50100",15,0,0,"02",0
"9634198","50100",5,0,1,"05",0
"9634543","50100",5,0,1,"06",22400
"9634683","50100",15,0,0,"02",0
"9635144","50100",16,0,5,"02",56000
"9635451","50100",0,2,1,"  ",0
"9635496","50100",14,0,0,"02",0
"9635751","50100",14,0,0,"02",0
"9635792","50100",37,0,1,"03",40300
"9636017","50100",11,0,2,"02",24050
"9637167","50100",26,0,2,"02",43200
"9637277","50100",14,0,0,"03",0
"9638071","50100",10,0,5,"02",139100
"9638304","50100",0,2,1,"  ",0
"9638803","50100",15,0,0,"02",0
"9639322","50100",37,0,2,"05",16300
"9640979","50100",11,0,1,"02",30430
"9642068","50100",15,0,0,"02",0
"9642257","50100",26,0,2,"02",41900
"9642936","50100",0,2,1,"  ",0
"9644369","50100",43,0,2,"02",33500
"9646043","50100",11,0,1,"02",31020
"9647253","50100",31,0,1,"03",58100
"9648807","50100",16,0,5,"02",55300
"9648824","50100",10,0,5,"02",54000
"9649648","50100",15,0,0,"04",0
"9651247","50100",11,0,1,"05",6060
"9651605","50100",5,0,2,"02",1e+05
"9652472","50100",16,0,2,"02",56000
"9654657","50100",10,0,2,"02",26230
"9654927","50100",43,0,4,"04",14600
"9655593","50100",0,2,1,"  ",0
"9655661","50100",11,0,5,"02",5100
"9655802","50100",10,0,3,"02",64200
"9655888","50100",48,0,4,"02",29000
"9655895","50100",30,0,0,"02",0
"9656496","50100",42,0,2,"01",69000
"9656907","50100",10,0,1,"02",309000
"9657272","50100",27,0,1,"06",8900
"9657642","50100",37,0,4,"02",68390
"9658607","50100",10,0,4,"02",14800
"9659437","50100",21,0,3,"01",40000
"9660110","50100",48,0,4,"02",60720
"9662462","50100",0,2,1,"  ",0
"9663810","50100",11,0,5,"02",66430
"9664279","50100",27,0,6,"01",71600
"9665656","50100",11,0,4,"02",37000
"9665953","50100",11,0,5,"02",47700
"9667366","50100",32,0,1,"04",42000
"9667629","50100",0,2,1,"  ",0
"9667914","50100",10,0,3,"02",50900
"9667964","50100",11,0,1,"02",9000
"9668039","50100",11,0,4,"05",8850
"9668712","50100",26,0,2,"02",69000
"9669426","50100",11,0,3,"01",13800
"9669503","50100",16,0,4,"01",15300
"9670662","50100",11,0,2,"04",35800
"9671146","50100",31,0,4,"02",82300
"9673041","50100",42,0,3,"02",27100
"9673065","50100",37,0,3,"08",49000
"9673186","50100",37,0,4,"02",97300
"9673535","50100",27,0,5,"02",161130
"9675057","50100",16,0,1,"02",10000
"9675762","50100",43,0,4,"02",78300
"9676305","50100",22,0,0,"01",0
"9676459","50100",11,0,2,"02",45920
"9676640","50100",10,0,2,"02",56200
"9677271","50100",42,0,4,"02",30540
"9677654","50100",11,0,1,"04",13000
"9677828","50100",23,0,0,"02",0
"9678204","50100",22,0,0,"02",0
"9678384","50100",32,0,2,"06",10800
"9679324","50100",48,0,2,"04",29000
"9679433","50100",27,0,4,"02",79000
"9679960","50100",11,0,1,"02",23600
"9680348","50100",11,0,1,"02",107700
"9680667","50100",11,0,1,"07",11100
"9680718","50100",11,0,3,"02",25580
"9681356","50100",11,0,2,"02",38000
"9683644","50100",16,0,4,"02",349000
"9684099","50100",0,2,1,"  ",0
"9684322","50100",11,0,2,"02",50950
"9684725","50100",0,1,1,"  ",0
"9684859","50100",0,2,1,"  ",0
"9684891","50100",5,0,2,"02",65500
"9685121","50100",0,2,1,"  ",0
"9685884","50100",11,0,2,"02",72600
"9686684","50100",26,0,2,"03",10000
"9686984","50100",14,0,0,"02",0
"9687107","50100",16,0,1,"02",9200
"9688415","50100",10,0,3,"02",45800
"9688428","50100",32,0,2,"02",18000
"9689262","50100",0,2,1,"  ",0
"9689297","50100",11,0,4,"04",49000
"9689323","50100",10,0,5,"02",76000
"9689520","50100",22,0,0,"01",0
"9689867","50100",16,0,2,"02",54150
"9690281","50100",38,0,1,"01",29000
"9690896","50100",15,0,0,"02",0
"9691046","50100",14,0,0,"02",0
"9691166","50100",11,0,4,"02",60500
"9692527","50100",37,0,4,"02",52170
"9692709","50100",11,0,6,"02",134570
"9693418","50100",37,0,4,"02",27590
"9693698","50100",5,0,5,"02",25100
"9693740","50100",0,1,1,"  ",0
"9694140","50100",11,0,3,"01",66000
"9694337","50100",11,0,2,"01",17500
"9695356","50100",16,0,4,"02",42000
"9698192","50100",26,0,2,"02",94000
"9699242","50100",11,0,3,"02",42000
"9699558","50100",23,0,0,"02",0
"9699595","50100",16,0,4,"02",55500
"9699893","50100",16,0,3,"01",29320
"9700092","50100",0,2,1,"  ",0
"9700166","50100",15,0,5,"01",51000
"9700168","50100",11,0,1,"02",41600
"9700958","50100",15,0,0,"02",0
"9701061","50100",6,0,4,"02",35400
"9701165","50100",26,0,2,"01",28000
"9701214","50100",16,0,2,"02",57140
"9701433","50100",16,0,2,"02",47000
"9702347","50100",11,0,1,"03",11200
"9702535","50100",0,2,1,"  ",0
"9702756","50100",16,0,2,"02",59500
"9703537","50100",14,0,0,"06",0
"9704310","50100",53,0,2,"08",37100
"9705039","50100",26,0,2,"01",24000
"9705044","50100",10,0,4,"01",35000
"9705335","50100",0,1,1,"  ",0
"9706121","50100",16,0,1,"02",34300
"9706354","50100",6,0,5,"02",37100
"9706438","50100",6,0,2,"02",88830
"9707080","50100",22,0,0,"03",0
"9707338","50100",11,0,1,"02",25500
"9708314","50100",16,0,3,"05",23000
"9708606","50100",10,0,1,"03",12000
"9708677","50100",11,0,5,"02",49724
"9708969","50100",22,0,0,"02",0
"9709155","50100",11,0,4,"02",46000
"9710372","50100",15,0,0,"07",0
"9710925","50100",15,0,0,"02",0
"9711889","50100",11,0,2,"02",86000
"9712679","50100",11,0,2,"02",72400
"9714203","50100",30,0,0,"02",0
"9714774","50100",5,0,2,"02",34700
"9714882","50100",11,0,4,"02",63000
"9715403","50100",10,0,3,"02",86370
"9716572","50100",16,0,1,"02",49500
"9717079","50100",32,0,2,"04",52200
"9717733","50100",0,1,1,"  ",0
"9718393","50100",10,0,1,"02",38900
"9719853","50100",10,0,3,"02",17100
"9721633","50100",21,0,2,"02",49000
"9722323","50100",16,0,3,"02",51700
"9722646","50100",32,0,4,"04",52600
"9722967","50100",16,0,1,"05",33000
"9725927","50100",10,0,3,"01",51900
"9726933","50100",6,0,5,"02",39800
"9727115","50100",11,0,2,"02",33000
"9727268","50100",11,0,2,"02",29300
"9729535","50100",11,0,1,"02",12100
"9730154","50100",27,0,2,"05",43600
"9730252","50100",31,0,2,"01",24600
"9730814","50100",11,0,2,"03",37600
"9731240","50100",21,0,4,"02",55720
"9731738","50100",10,0,1,"02",25000
"9731903","50100",0,2,1,"  ",0
"9732041","50100",21,0,3,"02",41000
"9732322","50100",16,0,1,"03",31210
"9732613","50100",48,0,4,"02",65650
"9732692","50100",21,0,2,"06",24190
"9733032","50100",21,0,3,"02",93060
"9733787","50100",26,0,2,"02",46300
"9734293","50100",26,0,1,"02",60800
"9735036","50100",10,0,4,"02",72500
"9735300","50100",16,0,5,"02",43500
"9735417","50100",11,0,2,"02",70900
"9736114","50100",11,0,2,"01",29610
"9736546","50100",11,0,1,"05",13900
"9738171","50100",37,0,1,"02",0
"9739205","50100",11,0,2,"02",75800
"9739270","50100",10,0,1,"02",33010
"9740817","50100",15,0,0,"02",0
"9741116","50100",0,2,1,"  ",0
"9743405","50100",0,2,1,"  ",0
"9744165","50100",10,0,1,"02",7300
"9744342","50100",11,0,1,"02",25100
"9744421","50100",10,0,2,"02",75000
"9745450","50100",0,2,1,"  ",0
"9745621","50100",11,0,1,"05",6800
"9745726","50100",15,0,1,"01",22000
"9746463","50100",37,0,5,"02",36240
"9747465","50100",32,0,2,"02",49000
"9747859","50100",37,0,2,"07",53400
"9748222","50100",11,0,2,"02",40000
"9749509","50100",10,0,3,"02",69500
"9749684","50100",43,0,2,"02",163460
"9751526","50100",16,0,2,"02",22100
"9751939","50100",16,0,2,"06",70000
"9752211","50100",32,0,1,"02",44000
"9753210","50100",22,0,3,"02",44000
"9753969","50100",21,0,3,"02",49600
"9755278","50100",37,0,7,"02",73100
"9755529","50100",37,0,0,"02",0
"9755557","50100",10,0,2,"04",60000
"9755981","50100",21,0,3,"01",28000
"9756356","50100",37,0,1,"04",1100
"9756674","50100",22,0,0,"02",0
"9757017","50100",37,0,1,"06",6700
"9757673","50100",0,1,1,"  ",0
"9758475","50100",32,0,2,"02",38010
"9759680","50100",10,0,2,"02",42000
"9760388","50100",42,0,4,"02",65200
"9760467","50100",16,0,5,"06",35000
"9760738","50100",5,0,1,"02",35000
"9761450","50100",22,0,7,"02",55000
"9761681","50100",26,0,1,"06",11800
"9763330","50100",64,0,4,"06",3100
"9763549","50100",10,0,3,"02",75910
"9763790","50100",37,0,3,"02",54200
"9764282","50100",15,0,0,"02",0
"9764300","50100",32,0,3,"02",37920
"9765872","50100",10,0,6,"02",57620
"9766150","50100",16,0,1,"02",18000
"9766765","50100",11,0,2,"01",41100
"9767362","50100",11,0,2,"02",17030
"9768027","50100",22,0,8,"01",30060
"9769097","50100",22,0,0,"02",0
"9769927","50100",22,0,0,"02",0
"9770113","50100",10,0,2,"02",84550
"9770137","50100",42,0,2,"02",38500
"9771083","50100",32,0,6,"02",74050
"9771427","50100",10,0,2,"02",11700
"9771844","50100",10,0,2,"02",126000
"9774801","50100",15,0,0,"02",0
"9775030","50100",53,0,3,"02",65000
"9775780","50100",29,0,0,"02",0
"9775956","50100",21,0,2,"02",58400
"9776092","50100",53,0,2,"05",29200
"9776154","50100",11,0,1,"06",9600
"9776499","50100",11,0,4,"02",58430
"9776675","50100",0,1,1,"  ",0
"9777238","50100",37,0,1,"06",33600
"9778578","50100",11,0,3,"02",37900
"9779619","50100",37,0,0,"02",0
"9780725","50100",11,0,1,"02",410
"9782083","50100",16,0,4,"02",60000
"9783237","50100",26,0,2,"02",77000
"9784212","50100",16,0,2,"02",12000
"9784628","50100",15,0,0,"02",0
"9784827","50100",16,0,4,"02",73000
"9784834","50100",16,0,1,"02",7200
"9786406","50100",11,0,4,"02",28120
"9786892","50100",11,0,4,"02",55080
"9786906","50100",10,0,4,"02",1e+05
"9787770","50100",10,0,2,"02",323800
"9788632","50100",15,0,2,"02",25500
"9789177","50100",11,0,2,"02",41000
"9789520","50100",10,0,3,"02",53000
"9790530","50100",31,0,4,"02",86000
"9791217","50100",15,0,0,"02",0
"9794750","50100",10,0,1,"01",8500
"9795352","50100",11,0,2,"02",127700
"9796087","50100",10,0,4,"02",74030
"9796198","50100",6,0,2,"02",20900
"9798838","50100",10,0,3,"02",90650
"9799633","50100",14,0,0,"09",0
"9799910","50100",5,0,4,"02",81500
"9800451","50100",15,0,0,"02",0
"9800675","50100",0,1,1,"  ",0
"9800816","50100",26,0,4,"02",99000
"9802835","50100",32,0,6,"02",76080
"9803029","50100",11,0,2,"05",8000
"9803849","50100",32,0,2,"02",263000
"9803939","50100",48,0,1,"02",13084
"9804399","50100",11,0,3,"02",38210
"9807218","50100",16,0,1,"06",23000
"9807683","50100",11,0,2,"07",47700
"9808109","50100",0,2,1,"  ",0
"9808595","50100",16,0,1,"02",6900
"9808650","50100",10,0,2,"01",21050
"9808657","50100",11,0,1,"02",12900
"9809012","50100",21,0,4,"02",53950
"9809310","50100",11,0,1,"02",0
"9809993","50100",0,2,1,"  ",0
"9810824","50100",42,0,2,"02",66000
"9811413","50100",37,0,4,"02",34000
"9813616","50100",15,0,0,"02",0
"9814247","50100",16,0,1,"06",18000
"9814711","50100",16,0,1,"02",40000
"9816058","50100",11,0,4,"02",63500
"9816181","50100",15,0,0,"03",0
"9816539","50100",0,2,1,"  ",0
"9816757","50100",0,2,1,"  ",0
"9817373","50100",16,0,3,"02",107700
"9817981","50100",16,0,5,"02",40000
"9818542","50100",0,1,1,"  ",0
"9818719","50100",11,0,2,"01",40300
"9819166","50100",47,0,3,"04",68000
"9819356","50100",32,0,1,"05",37130
"9819434","50100",0,2,1,"  ",0
"9820637","50100",29,0,0,"02",0
"9821463","50100",11,0,4,"02",28550
"9823392","50100",22,0,0,"01",0
"9823446","50100",47,0,2,"02",56200
"9824372","50100",16,0,3,"02",55800
"9824571","50100",21,0,3,"02",47700
"9825001","50100",11,0,2,"02",46000
"9825744","50100",10,0,1,"02",135000
"9825858","50100",11,0,5,"02",23700
"9825865","50100",10,0,5,"02",14000
"9827146","50100",21,0,3,"02",31200
"9829154","50100",21,0,1,"02",17000
"9829734","50100",15,0,0,"04",0
"9831128","50100",16,0,2,"02",22730
"9831386","50100",22,0,1,"01",15300
"9831641","50100",42,0,2,"02",47700
"9831868","50100",11,0,2,"02",38600
"9832161","50100",11,0,2,"02",128200
"9832238","50100",10,0,2,"02",61300
"9832589","50100",11,0,2,"02",131100
"9832945","50100",42,0,2,"04",33410
"9833099","50100",11,0,3,"01",40500
"9834075","50100",11,0,1,"01",24000
"9834118","50100",0,2,1,"  ",0
"9834291","50100",11,0,8,"02",41560
"9834330","50100",47,0,4,"02",107000
"9835972","50100",16,0,2,"02",29710
"9836677","50100",16,0,1,"02",11400
"9836694","50100",11,0,2,"01",27080
"9838277","50100",14,0,0,"02",0
"9838876","50100",10,0,4,"02",65200
"9839719","50100",0,2,1,"  ",0
"9839888","50100",11,0,2,"02",11800
"9840195","50100",26,0,2,"04",53080
"9840384","50100",10,0,3,"01",45000
"9842292","50100",16,0,4,"02",42200
"9842600","50100",26,0,1,"06",35000
"9844005","50100",11,0,3,"04",42600
"9844194","50100",0,2,1,"  ",0
"9844228","50100",15,0,2,"02",47700
"9845572","50100",11,0,4,"02",76800
"9847031","50100",31,0,2,"05",9000
"9848204","50100",0,2,1,"  ",0
"9848868","50100",14,0,0,"02",0
"9849588","50100",8,0,0,"05",0
"9850480","50100",16,0,5,"01",1100
"9850503","50100",16,0,4,"03",132010
"9851394","50100",16,0,5,"02",15000
"9851787","50100",10,0,1,"02",7200
"9851986","50100",10,0,4,"02",49500
"9852609","50100",10,0,4,"04",24000
"9853465","50100",15,0,0,"05",0
"9853571","50100",10,0,3,"02",68520
"9853987","50100",37,0,3,"04",78200
"9854539","50100",42,0,4,"02",145000
"9855294","50100",10,0,1,"02",18000
"9855378","50100",11,0,2,"02",60000
"9856156","50100",37,0,3,"01",7000
"9857084","50100",22,0,0,"02",0
"9857140","50100",16,0,2,"01",68390
"9857219","50100",10,0,1,"01",17900
"9857351","50100",16,0,2,"04",69000
"9857829","50100",14,0,0,"02",0
"9857893","50100",15,0,0,"02",0
"9857989","50100",43,0,2,"02",48100
"9858051","50100",11,0,2,"02",142420
"9858234","50100",0,1,1,"  ",0
"9858378","50100",16,0,2,"02",45600
"9858741","50100",11,0,2,"02",20640
"9860440","50100",10,0,6,"02",42000
"9861098","50100",0,1,1,"  ",0
"9861796","50100",11,0,1,"01",16600
"9861819","50100",58,0,2,"02",41084
"9863237","50100",26,0,2,"01",7260
"9863574","50100",11,0,3,"02",67300
"9863810","50100",15,0,1,"04",10800
"9863898","50100",43,0,4,"01",28900
"9863902","50100",10,0,4,"02",120510
"9864066","50100",31,0,2,"02",93000
"9864302","50100",15,0,0,"08",0
"9864772","50100",11,0,2,"02",23720
"9865492","50100",53,0,1,"04",37500
"9866165","50100",16,0,1,"02",47100
"9867552","50100",0,2,1,"  ",0
"9868599","50100",32,0,4,"02",20000
"9869150","50100",16,0,2,"02",19200
"9869220","50100",11,0,2,"02",60100
"9869542","50100",32,0,1,"06",14200
"9869913","50100",16,0,5,"02",117600
"9871848","50100",11,0,1,"04",14000
"9873077","50100",11,0,4,"02",57000
"9874310","50100",14,0,0,"02",0
"9874858","50100",11,0,3,"01",33500
"9875318","50100",11,0,1,"06",11800
"9875444","50100",32,0,2,"02",46800
"9875501","50100",15,0,0,"05",0
"9875734","50100",21,0,1,"02",81600
"9876819","50100",14,0,0,"02",0
"9877123","50100",42,0,6,"03",69800
"9877571","50100",16,0,3,"02",48000
"9877809","50100",11,0,1,"02",19400
"9878561","50100",47,0,2,"04",8860
"9879573","50100",15,0,0,"03",0
"9880635","50100",22,0,0,"01",0
"9881043","50100",0,2,1,"  ",0
"9881081","50100",10,0,2,"02",38300
"9881366","50100",11,0,2,"02",75000
"9881855","50100",21,0,2,"02",32000
"9881941","50100",42,0,2,"02",49800
"9882924","50100",37,0,1,"06",11500
"9883300","50100",22,0,2,"01",35600
"9883437","50100",15,0,0,"02",0
"9883534","50100",14,0,0,"02",0
"9885581","50100",11,0,2,"02",17000
"9885807","50100",32,0,1,"02",0
"9885971","50100",10,0,2,"02",31270
"9886311","50100",15,0,0,"02",0
"9887228","50100",0,2,1,"  ",0
"9887713","50100",15,0,0,"02",0
"9889056","50100",15,0,0,"02",0
"9889557","50100",32,0,1,"02",50030
"9889813","50100",48,0,5,"02",61400
"9889903","50100",15,0,0,"02",0
"9890481","50100",11,0,4,"02",33700
"9890670","50100",16,0,2,"01",17600
"9891262","50100",31,0,1,"01",8800
"9892506","50100",10,0,3,"02",69970
"9892515","50100",0,2,1,"  ",0
"9892694","50100",16,0,2,"02",57000
"9893137","50100",11,0,2,"01",10300
"9893286","50100",11,0,1,"02",12100
"9894399","50100",14,0,0,"02",0
"9894551","50100",11,0,2,"06",60000
"9896743","50100",32,0,1,"04",25000
"9896859","50100",16,0,2,"02",57600
"9896884","50100",67,0,0,"02",0
"9897427","50100",32,0,2,"06",40500
"9897517","50100",26,0,2,"02",88300
"9898227","50100",10,0,5,"02",76480
"9898769","50100",16,0,1,"02",42000
"9899754","50100",31,0,4,"02",77000
"9899860","50100",11,0,3,"02",95100
"9900865","50100",10,0,2,"01",26900
"9901422","50100",11,0,2,"04",37100
"9901633","50100",37,0,2,"02",18550
"9901676","50100",0,2,1,"  ",0
"9902150","50100",10,0,2,"02",9000
"9903185","50100",0,1,1,"  ",0
"9903220","50100",10,0,1,"02",29860
"9903380","50100",11,0,5,"02",11700
"9903425","50100",32,0,1,"01",18000
"9904458","50100",16,0,3,"03",17150
"9904772","50100",32,0,2,"02",242870
"9908136","50100",10,0,2,"02",32400
"9909170","50100",53,0,2,"02",44200
"9909268","50100",22,0,0,"02",0
"9910155","50100",11,0,4,"02",18800
"9910386","50100",11,0,1,"02",24000
"9910585","50100",5,0,5,"04",21450
"9911322","50100",11,0,1,"04",40000
"9911956","50100",11,0,3,"02",127750
"9912134","50100",14,0,0,"10",0
"9912592","50100",15,0,0,"02",0
"9914381","50100",15,0,2,"02",55420
"9914397","50100",37,0,2,"02",120000
"9914428","50100",22,0,0,"02",0
"9916400","50100",48,0,1,"05",6920
"9916741","50100",11,0,2,"05",88300
"9917529","50100",10,0,2,"02",61300
"9918246","50100",21,0,2,"02",1e+05
"9918491","50100",22,0,0,"01",0
"9919004","50100",10,0,1,"01",19400
"9919216","50100",11,0,4,"04",41200
"9919605","50100",27,0,5,"02",67000
"9919821","50100",14,0,0,"02",0
"9919971","50100",0,1,1,"  ",0
"9919974","50100",11,0,2,"02",46900
"9921326","50100",27,0,4,"02",61000
"9921933","50100",42,0,5,"02",52000
"9922435","50100",11,0,1,"02",19690
"9924004","50100",10,0,1,"02",36400
"9924178","50100",10,0,3,"02",100450
"9924444","50100",15,0,0,"02",0
"9924673","50100",11,0,4,"02",73460
"9924924","50100",0,2,1,"  ",0
"9926487","50100",22,0,0,"02",0
"9928144","50100",10,0,1,"02",15000
"9929586","50100",38,0,1,"06",10000
"9930478","50100",21,0,3,"02",30900
"9930567","50100",15,0,0,"02",0
"9930684","50100",11,0,1,"02",51300
"9930691","50100",32,0,2,"02",16180
"9931271","50100",32,0,2,"02",55000
"9931800","50100",16,0,4,"01",44000
"9932659","50100",16,0,6,"02",124500
"9932778","50100",16,0,1,"02",52600
"9932848","50100",26,0,2,"02",60000
"9932879","50100",10,0,2,"02",21800
"9933831","50100",27,0,2,"02",29200
"9934995","50100",10,0,2,"02",47400
"9935435","50100",11,0,2,"02",41100
"9935633","50100",11,0,4,"02",42000
"9936224","50100",11,0,4,"02",69100
"9936255","50100",10,0,3,"02",309000
"9936995","50100",15,0,0,"02",0
"9937366","50100",0,1,1,"  ",0
"9937829","50100",11,0,1,"04",0
"9938133","50100",32,0,2,"02",23200
"9939882","50100",69,0,5,"02",76500
"9940252","50100",22,0,0,"02",0
"9940493","50100",42,0,1,"04",20700
"9940494","50100",11,0,1,"02",47730
"9940780","50100",11,0,3,"01",22300
"9940889","50100",0,1,1,"  ",0
"9942284","50100",53,0,1,"06",15000
"9944012","50100",10,0,2,"07",23140
"9944518","50100",11,0,2,"02",18000
"9944594","50100",16,0,1,"02",25300
"9944872","50100",10,0,2,"02",18550
"9947471","50100",10,0,1,"02",54000
"9947542","50100",48,0,1,"05",21640
"9948400","50100",5,0,1,"01",7200
"9948656","50100",11,0,3,"02",48400
"9949403","50100",58,0,2,"02",73000
"9949755","50100",21,0,2,"02",32300
"9950395","50100",10,0,4,"02",30000
"9951220","50100",10,0,5,"02",58000
"9951940","50100",15,0,0,"06",0
"9953055","50100",10,0,3,"01",22800
"9953188","50100",48,0,1,"06",41840
"9955037","50100",37,0,2,"04",44600
"9955084","50100",16,0,6,"01",41800
"9957019","50100",0,1,1,"  ",0
"9957248","50100",465,0,0,"02",0
"9957367","50100",48,0,1,"09",16000
"9958013","50100",14,0,0,"01",0
"9958692","50100",11,0,2,"02",37900
"9958834","50100",11,0,2,"02",35500
"9959546","50100",10,0,1,"02",34800
"9960015","50100",16,0,1,"02",1404
"9961122","50100",32,0,1,"02",18400
"9961563","50100",11,0,2,"02",35200
"9962068","50100",45,0,0,"02",0
"9964712","50100",15,0,0,"02",0
"9964985","50100",37,0,4,"01",38400
"9965307","50100",16,0,3,"02",43000
"9966922","50100",27,0,2,"05",27900
"9969491","50100",15,0,0,"02",0
"9971264","50100",38,0,2,"01",66000
"9971545","50100",11,0,4,"02",120000
"9971578","50100",11,0,8,"02",23600
"9972088","50100",37,0,2,"02",36700
"9972317","50100",5,0,3,"02",51490
"9972771","50100",6,0,2,"05",15000
"9974533","50100",16,0,2,"02",41200
"9975162","50100",38,0,3,"02",56060
"9975910","50100",7,0,0,"02",0
"9976344","50100",16,0,2,"02",51100
"9976844","50100",0,2,1,"  ",0
"9978312","50100",16,0,2,"01",17350
"9978332","50100",11,0,3,"02",71910
"9979038","50100",42,0,2,"02",105000
"9979261","50100",37,0,2,"03",15000
"9979279","50100",43,0,2,"02",42300
"9981313","50100",26,0,1,"02",29100
"9981526","50100",11,0,2,"02",16404
"9981762","50100",11,0,3,"02",68000
"9981960","50100",10,0,4,"02",133700
"9982623","50100",10,0,2,"02",86100
"9982907","50100",22,0,0,"02",0
"9983301","50100",15,0,0,"02",0
"9983885","50100",22,0,0,"02",0
"9985268","50100",16,0,3,"01",37900
"9985541","50100",15,0,0,"02",0
"9985890","50100",32,0,1,"02",6900
"9986047","50100",11,0,2,"04",39000
"9986854","50100",11,0,1,"02",0
"9987788","50100",11,0,4,"01",13760
"9988451","50100",10,0,4,"01",29900
"9988907","50100",66,0,0,"02",0
"9990377","50100",37,0,1,"05",2700
"9991473","50100",0,2,1,"  ",0
"9992446","50100",10,0,2,"02",51000
"9992463","50100",15,0,0,"02",0
"9993800","50100",16,0,5,"02",101100
"9994508","50100",11,0,3,"02",22320
"9994997","50100",32,0,2,"02",106100
"9995456","50100",16,0,1,"02",7450
"9996259","50100",27,0,2,"06",34200
"9996287","50100",5,0,3,"02",37240
"9996375","50100",5,0,5,"02",71050
"9996581","50100",8,0,0,"02",0
"9997546","50100",32,0,2,"02",64500
"9997664","50100",16,0,5,"04",17440
"9998270","50100",10,0,3,"02",55000
