"SERIALNO","AGE","WRKLYR","MILITARY","INCTOT"
"0001177",58,"1",4,10000
"0001177",58,"1",4,87300
"0001347",30,"1",4,30000
"0001347",28,"2",4,0
"0001347",3,"0",0,NA
"0001347",1,"0",0,NA
"0001957",53,"1",4,26200
"0001957",47,"1",4,12000
"0002189",45,"1",4,90030
"0002189",33,"1",4,6000
"0002189",5,"0",0,NA
"0002189",3,"0",0,NA
"0004100",43,"1",4,31300
"0004100",46,"1",4,14900
"0004100",12,"0",0,NA
"0004100",15,"0",0,0
"0004366",54,"1",1,35660
"0004366",53,"1",4,7800
"0005749",56,"1",4,51600
"0005749",42,"1",4,35000
"0005749",4,"0",0,NA
"0005749",0,"0",0,NA
"0005847",65,"1",2,60000
"0005913",27,"2",4,10000
"0005913",5,"0",0,NA
"0005913",4,"0",0,NA
"0005913",4,"0",0,NA
"0005913",1,"0",0,NA
"0005913",0,"0",0,NA
"0005913",27,"1",4,18000
"0006095",24,"1",4,20000
"0006095",22,"1",4,3000
"0007189",68,"2",2,35000
"0007189",73,"1",4,6920
"0007405",53,"1",4,27000
"0007405",56,"1",2,16700
"0007646",67,"2",4,49700
"0007646",59,"2",4,0
"0007866",40,"1",4,35000
"0007866",41,"1",4,15000
"0007866",20,"1",4,16600
"0007866",13,"0",0,NA
"0008026",43,"1",4,40000
"0008026",33,"1",4,34000
"0009685",25,"1",4,33300
"0009685",7,"0",0,NA
"0009685",0,"0",0,NA
"0010141",29,"1",4,55000
"0010335",61,"1",4,29500
"0010335",60,"2",4,0
"0010867",42,"1",4,26300
"0010867",34,"1",4,47600
"0010867",5,"0",0,NA
"0010867",2,"0",0,NA
"0011938",28,"1",2,11000
"0012084",23,"1",4,3400
"0012819",39,"1",4,29000
"0012819",30,"1",4,7000
"0012819",1,"0",0,NA
"0013502",53,"1",4,32000
"0013502",51,"1",4,19500
"0013502",24,"2",4,4500
"0014277",19,"1",4,2300
"0014277",19,"2",4,5000
"0016118",50,"1",2,21000
"0016118",55,"1",4,32000
"0016118",20,"2",4,0
"0016118",17,"2",4,0
"0016118",15,"0",0,4000
"0016118",1,"0",0,NA
"0016657",56,"1",4,85150
"0016657",50,"1",4,75150
"0016657",17,"2",4,660
"0016657",15,"0",0,660
"0016683",45,"1",4,21000
"0016683",21,"1",4,11000
"0016683",13,"0",0,NA
"0018546",61,"1",4,4300
"0020464",79,"2",4,6160
"0021402",77,"2",2,8420
"0021402",72,"2",4,3200
"0023121",52,"1",4,34000
"0023121",11,"0",0,NA
"0024095",87,"2",4,10600
"0024125",68,"2",4,30900
"0024125",29,"1",4,13700
"0024125",10,"0",0,NA
"0024125",8,"0",0,NA
"0024125",5,"0",0,NA
"0024214",50,"1",4,26004
"0024214",55,"1",4,40600
"0024214",15,"0",0,0
"0024466",37,"1",4,39000
"0024466",45,"1",4,14400
"0025181",42,"1",4,21360
"0025181",40,"1",4,12100
"0025181",10,"0",0,NA
"0025181",8,"0",0,NA
"0025306",25,"1",4,28000
"0025929",61,"1",4,16300
"0026191",39,"1",4,4800
"0026191",40,"1",4,43000
"0026191",12,"0",0,NA
"0026191",10,"0",0,NA
"0026233",79,"2",4,8400
"0026560",41,"1",4,33500
"0026560",46,"1",4,850
"0026560",15,"0",0,0
"0026560",14,"0",0,NA
"0026894",32,"1",4,21000
"0026894",31,"2",4,12400
"0026894",9,"0",0,NA
"0026894",7,"0",0,NA
"0027951",41,"1",4,18600
"0027951",44,"1",4,15000
"0027951",6,"0",0,NA
"0028570",76,"2",2,20600
"0028570",70,"2",4,7800
"0029844",44,"1",4,20400
"0029844",43,"1",4,57700
"0029844",10,"0",0,NA
"0029844",5,"0",0,NA
"0031323",58,"1",2,1e+05
"0031323",57,"1",4,7400
"0031429",83,"1",4,7100
"0031429",57,"2",4,8000
"0033086",69,"2",4,12300
"0033086",70,"2",4,11400
"0034611",53,"1",2,4770
"0034671",29,"1",4,16000
"0034671",33,"1",4,13000
"0035136",45,"1",4,41540
"0036360",61,"2",4,0
"0036360",60,"2",4,24000
"0037109",35,"2",4,7100
"0037109",35,"2",4,7400
"0037109",6,"0",0,NA
"0037109",3,"0",0,NA
"0037761",28,"1",4,15000
"0037761",8,"0",0,NA
"0037761",25,"1",4,9800
"0037761",17,"1",4,9200
"0038470",71,"2",2,20900
"0038494",53,"1",2,30000
"0038494",52,"1",4,45000
"0039709",42,"1",4,8200
"0039709",39,"1",4,7000
"0039709",14,"0",0,NA
"0040072",67,"1",4,13120
"0040072",53,"1",4,19740
"0041102",43,"1",4,32500
"0041102",77,"2",4,3300
"0041456",39,"1",4,40000
"0041456",33,"1",4,19000
"0041456",11,"0",0,NA
"0041456",8,"0",0,NA
"0041456",1,"0",0,NA
"0041689",34,"1",4,30000
"0042383",82,"2",4,27000
"0042383",78,"2",4,5000
"0042480",38,"1",4,28000
"0043709",52,"1",2,12920
"0043709",53,"1",4,24920
"0043709",26,"1",4,6000
"0043760",41,"1",4,39000
"0043760",42,"1",4,1500
"0043760",10,"0",0,NA
"0043760",8,"0",0,NA
"0043760",6,"0",0,NA
"0043760",4,"0",0,NA
"0043760",0,"0",0,NA
"0043760",17,"1",4,2900
"0043994",40,"1",4,23000
"0044367",51,"1",2,30950
"0044367",18,"1",4,35600
"0044367",17,"1",4,36000
"0048288",78,"2",2,13500
"0048288",77,"1",4,9700
"0049257",55,"2",4,750
"0049681",41,"1",4,82200
"0049794",69,"2",4,2700
"0051155",50,"1",4,20390
"0051155",16,"2",0,0
"0051566",37,"1",4,35900
"0051566",30,"1",4,7300
"0051566",4,"0",0,NA
"0051566",1,"0",0,NA
"0052069",26,"1",4,11300
"0052069",31,"2",4,5900
"0052069",1,"0",0,NA
"0052069",44,"2",4,7000
"0052069",11,"0",0,NA
"0054205",58,"2",4,11300
"0054205",55,"1",4,11500
"0056755",60,"1",3,30000
"0056755",58,"2",4,0
"0056882",66,"2",2,14600
"0056882",69,"1",4,48900
"0057563",66,"2",4,5100
"0057623",62,"2",4,33900
"0057623",57,"2",4,1200
"0058019",77,"2",4,9300
"0058203",66,"2",2,13200
"0058203",59,"1",4,21000
"0058306",47,"1",4,25500
"0058705",55,"1",4,5200
"0061929",30,"1",4,27000
"0061929",33,"2",4,0
"0061929",9,"0",0,NA
"0061929",7,"0",0,NA
"0061929",4,"0",0,NA
"0061929",2,"0",0,NA
"0061929",0,"0",0,NA
"0062988",36,"1",4,10600
"0062988",14,"0",0,NA
"0062988",12,"0",0,NA
"0062996",71,"2",2,37600
"0062996",51,"2",4,0
"0063171",82,"2",4,17600
"0063422",31,"2",4,10100
"0063422",12,"0",0,NA
"0063422",11,"0",0,NA
"0063422",9,"0",0,NA
"0063422",42,"1",4,11700
"0063422",18,"1",4,3000
"0063422",15,"0",0,0
"0063506",41,"1",4,94000
"0063506",43,"1",4,40000
"0063506",8,"0",0,NA
"0063506",5,"0",0,NA
"0063941",61,"2",3,8000
"0063941",43,"1",4,18550
"0063941",16,"1",0,4850
"0063941",11,"0",0,NA
"0065352",60,"1",4,32000
"0066251",33,"1",4,30010
"0066498",44,"1",4,39000
"0066498",45,"1",4,49000
"0066498",14,"0",0,NA
"0066498",12,"0",0,NA
"0066498",11,"0",0,NA
"0066733",55,"1",4,48200
"0066733",56,"2",4,0
"0066733",24,"1",4,10860
"0067911",41,"1",4,40000
"0067911",28,"1",4,11000
"0067911",16,"2",0,460
"0068740",39,"1",4,24700
"0068740",8,"0",0,NA
"0068740",24,"1",4,24200
"0070386",55,"1",4,53600
"0070386",0,"0",0,NA
"0070386",40,"1",4,30770
"0071188",30,"1",4,64150
"0071188",31,"1",4,34300
"0071331",41,"1",4,43300
"0071331",41,"1",4,13000
"0071331",5,"0",0,NA
"0072245",19,"1",4,21000
"0072245",14,"0",0,NA
"0072245",11,"0",0,NA
"0072245",7,"0",0,NA
"0072245",40,"1",4,47500
"0072245",39,"1",2,21800
"0073429",71,"2",4,9100
"0073902",36,"1",4,22000
"0073902",36,"1",3,3000
"0073902",6,"0",0,NA
"0073902",4,"0",0,NA
"0073902",1,"0",0,NA
"0074159",58,"1",2,12000
"0074907",46,"1",4,12000
"0074907",13,"0",0,NA
"0074907",9,"0",0,NA
"0076268",38,"1",4,31600
"0076268",12,"0",0,NA
"0076268",6,"0",0,NA
"0076268",6,"0",0,NA
"0076398",28,"1",4,7030
"0076398",28,"1",4,57000
"0076890",18,"1",4,1200
"0076941",64,"1",2,28530
"0076941",63,"2",4,0
"0078493",51,"1",4,26500
"0078493",54,"2",4,0
"0078828",45,"2",4,0
"0079470",76,"2",4,25900
"0080149",42,"1",4,35000
"0080149",43,"1",4,32970
"0081685",40,"1",2,9200
"0082265",36,"1",2,24000
"0082265",31,"1",4,14000
"0082265",25,"1",4,5200
"0082508",69,"1",4,23170
"0082773",38,"1",4,25600
"0083446",49,"1",4,20000
"0085559",20,"1",4,12000
"0085978",78,"2",4,4160
"0085978",71,"2",4,15600
"0086728",30,"1",4,24500
"0086728",24,"1",4,22000
"0087133",23,"1",4,35030
"0087133",19,"2",4,2500
"0087133",5,"0",0,NA
"0087133",0,"0",0,NA
"0087413",31,"1",4,43800
"0088804",48,"1",4,309200
"0088804",47,"1",4,39000
"0088804",19,"1",4,2000
"0088804",16,"2",0,130
"0088863",37,"2",4,-10000
"0089897",25,"1",4,30000
"0089897",23,"1",4,9000
"0090084",38,"1",4,30000
"0090523",59,"1",4,8530
"0090523",54,"1",4,40800
"0090981",22,"1",4,8000
"0091246",18,"1",4,1900
"0091500",76,"2",2,12600
"0091500",69,"2",4,1470
"0093026",20,"1",4,10200
"0093026",0,"0",0,NA
"0093026",23,"1",4,27000
"0093908",66,"1",4,11600
"0094154",57,"1",3,62000
"0094154",54,"1",4,22000
"0094154",28,"1",4,18000
"0094416",72,"1",2,28200
"0094416",64,"1",4,8800
"0094572",33,"2",4,66000
"0094572",2,"0",0,NA
"0096682",39,"1",4,30340
"0096682",44,"1",4,20000
"0096682",11,"0",0,NA
"0096929",30,"1",4,40000
"0096929",27,"1",4,40000
"0097219",37,"1",4,29040
"0097219",34,"1",2,35040
"0097219",3,"0",0,NA
"0097219",0,"0",0,NA
"0098015",69,"2",4,26800
"0098052",66,"1",2,30800
"0098052",68,"2",4,4100
"0099073",60,"1",4,52300
"0099073",61,"2",4,0
"0102061",68,"2",3,8000
"0102413",56,"1",4,44800
"0102454",53,"1",4,50200
"0102454",47,"1",4,91000
"0102454",21,"1",4,5000
"0102454",18,"2",4,0
"0102788",47,"1",4,29000
"0102788",39,"2",4,0
"0102788",9,"0",0,NA
"0103985",23,"1",4,28130
"0105472",43,"1",4,38004
"0105472",38,"1",4,22000
"0105472",0,"0",0,NA
"0105472",6,"0",0,NA
"0106405",42,"1",2,30000
"0106405",41,"1",4,22000
"0106405",5,"0",0,NA
"0106405",12,"0",0,NA
"0106405",78,"2",4,15000
"0108905",46,"1",4,80000
"0108905",38,"2",4,0
"0108905",3,"0",0,NA
"0108905",0,"0",0,NA
"0108933",45,"1",4,38250
"0108933",45,"1",4,38250
"0108933",6,"0",0,NA
"0108933",5,"0",0,NA
"0109007",80,"2",2,45900
"0109007",78,"2",4,4400
"0110327",24,"1",4,17600
"0110327",21,"1",4,23000
"0110968",48,"1",4,54000
"0112169",21,"1",4,8000
"0112169",23,"1",4,8000
"0112169",22,"1",4,5000
"0112248",47,"1",4,39000
"0112248",30,"1",4,12000
"0113112",44,"1",4,23800
"0113311",48,"1",2,41700
"0113311",48,"1",2,40920
"0115867",63,"1",4,45000
"0115867",61,"1",4,10100
"0117123",31,"1",4,21020
"0117123",31,"1",4,23000
"0119128",63,"1",2,23000
"0119128",57,"1",4,2400
"0119128",40,"2",4,2400
"0119366",40,"1",4,42700
"0119987",70,"2",3,17200
"0119987",57,"2",4,18000
"0122002",63,"1",4,30370
"0122002",64,"1",4,13400
"0122185",67,"2",4,11600
"0122185",67,"1",4,11370
"0122301",61,"1",4,48000
"0122770",28,"1",4,30000
"0122770",30,"1",4,30000
"0123703",57,"2",2,5300
"0125529",29,"1",4,20000
"0125529",34,"1",4,32000
"0125529",8,"0",0,NA
"0125529",2,"0",0,NA
"0126350",33,"1",4,45000
"0126350",36,"1",4,140000
"0126350",3,"0",0,NA
"0126350",1,"0",0,NA
"0126692",54,"1",4,31500
"0126692",56,"1",4,25500
"0127065",22,"1",4,96040
"0127065",24,"1",4,29000
"0127557",55,"1",4,42000
"0129883",57,"2",3,10100
"0129883",63,"1",4,13820
"0129914",75,"2",4,28600
"0131456",51,"1",2,66400
"0131456",52,"1",4,5400
"0131456",87,"2",4,12300
"0133740",93,"2",4,8500
"0134268",52,"1",4,35000
"0134268",40,"1",4,47000
"0134488",30,"1",3,29000
"0134488",28,"1",4,450
"0134488",2,"0",0,NA
"0135774",44,"1",3,21000
"0135774",38,"1",4,17000
"0135774",7,"0",0,NA
"0135774",4,"0",0,NA
"0136858",19,"2",4,1700
"0137634",85,"2",4,5200
"0137786",34,"1",4,45000
"0137786",3,"0",0,NA
"0137786",1,"0",0,NA
"0137786",23,"2",4,3600
"0138686",32,"1",4,-3000
"0138686",30,"1",4,21000
"0138686",1,"0",0,NA
"0139492",82,"2",3,9880
"0140820",93,"2",4,1000
"0140895",59,"1",4,29400
"0140895",57,"1",4,1200
"0142023",27,"1",4,3900
"0142023",30,"1",4,9800
"0142023",12,"0",0,NA
"0142023",5,"0",0,NA
"0145882",44,"1",3,39610
"0145882",39,"1",4,12200
"0145882",17,"1",4,3500
"0145882",15,"0",0,0
"0145882",12,"0",0,NA
"0145882",11,"0",0,NA
"0145882",8,"0",0,NA
"0146455",81,"2",2,60800
"0146455",76,"2",4,6900
"0146933",32,"1",4,311000
"0147199",23,"2",4,0
"0147199",6,"0",0,NA
"0147199",0,"0",0,NA
"0147199",37,"1",3,20800
"0149561",93,"2",4,10600
"0149763",64,"2",4,0
"0149955",81,"2",4,18900
"0149955",60,"1",4,370
"0149955",35,"1",4,480
"0150641",44,"1",4,35050
"0150641",49,"1",4,39010
"0150641",12,"0",0,NA
"0150641",11,"0",0,NA
"0150840",68,"2",2,117600
"0150840",52,"2",4,0
"0151657",76,"2",4,24000
"0152983",48,"1",4,20000
"0152983",47,"1",4,35000
"0153947",39,"1",2,31600
"0153947",10,"0",0,NA
"0154058",29,"1",4,35000
"0154439",62,"1",4,25000
"0154459",42,"1",4,10000
"0154459",44,"1",4,10000
"0154459",16,"1",0,500
"0154459",14,"0",0,NA
"0154605",70,"2",2,2200
"0154605",65,"2",3,0
"0154809",76,"2",2,21600
"0154809",72,"2",4,6200
"0156878",49,"1",4,41960
"0156878",43,"1",4,45560
"0160908",57,"1",4,45000
"0160908",50,"1",4,36000
"0160908",17,"1",4,4800
"0160908",13,"0",0,NA
"0161159",53,"1",4,54300
"0161159",49,"1",4,35340
"0161159",18,"1",4,1670
"0161159",14,"0",0,NA
"0161906",24,"1",4,23000
"0161906",25,"1",4,16500
"0162332",42,"1",4,71600
"0162332",42,"1",4,28100
"0162332",21,"1",4,33500
"0162332",16,"2",0,0
"0162487",51,"1",4,23600
"0162487",46,"1",4,6600
"0164733",59,"1",4,52000
"0164733",59,"2",4,7200
"0165355",47,"1",4,120000
"0165355",45,"2",4,0
"0165425",41,"1",4,14100
"0165425",53,"1",4,22200
"0165425",15,"0",0,0
"0165425",85,"2",4,8000
"0165591",43,"1",4,48000
"0165591",43,"2",4,6500
"0166312",25,"1",4,30100
"0167941",72,"2",4,23000
"0167941",13,"0",0,NA
"0167957",20,"1",4,7000
"0167957",17,"1",4,6400
"0169356",20,"1",4,1000
"0170093",68,"2",3,10900
"0170229",48,"1",4,48000
"0170229",48,"2",4,11700
"0170229",14,"0",0,NA
"0170631",56,"1",2,26000
"0170631",50,"1",4,24500
"0171619",73,"2",4,12500
"0171695",57,"1",4,38900
"0171695",58,"1",4,19500
"0172209",47,"1",4,29100
"0172209",49,"1",4,25200
"0172297",83,"2",4,8400
"0176169",53,"2",4,0
"0176169",23,"1",4,10000
"0176259",47,"1",3,27800
"0176259",44,"1",4,21730
"0176259",18,"1",4,6630
"0176259",15,"0",0,1430
"0176259",10,"0",0,NA
"0177340",70,"1",2,47870
"0177340",54,"2",2,0
"0177340",16,"2",0,0
"0177340",14,"0",0,NA
"0177340",13,"0",0,NA
"0177924",70,"2",4,27000
"0177924",62,"1",4,8000
"0179446",23,"1",4,1000
"0179446",21,"1",4,13000
"0179446",5,"0",0,NA
"0179446",1,"0",0,NA
"0179516",42,"1",4,142004
"0179516",38,"2",4,0
"0179516",14,"0",0,NA
"0179516",12,"0",0,NA
"0179516",11,"0",0,NA
"0181257",37,"1",4,13900
"0181257",39,"1",4,29000
"0181257",17,"1",4,5400
"0181257",16,"1",0,1100
"0181257",7,"0",0,NA
"0181325",43,"1",4,10000
"0181325",42,"2",4,0
"0182235",62,"1",4,26000
"0182235",58,"1",4,18700
"0182886",85,"2",2,22600
"0183989",54,"1",2,45900
"0183989",53,"1",4,10000
"0184649",65,"1",4,27100
"0186445",39,"2",4,0
"0186445",14,"0",0,NA
"0186445",12,"0",0,NA
"0186445",10,"0",0,NA
"0186445",9,"0",0,NA
"0186554",32,"1",4,5600
"0186554",34,"1",4,24400
"0186554",3,"0",0,NA
"0186554",0,"0",0,NA
"0187572",54,"1",2,77100
"0187572",53,"1",4,11000
"0187572",27,"1",4,12000
"0187723",21,"1",4,1300
"0187723",23,"1",4,1300
"0187723",21,"1",4,4800
"0187723",19,"1",4,24000
"0187832",44,"2",4,0
"0188488",24,"1",4,2000
"0188488",3,"0",0,NA
"0188488",0,"0",0,NA
"0188488",0,"0",0,NA
"0190219",19,"1",4,82000
"0190305",53,"1",4,28000
"0190580",75,"1",2,132700
"0190580",65,"2",4,5400
"0192227",79,"2",4,11100
"0192367",68,"2",4,10200
"0193243",50,"1",4,46250
"0193243",56,"1",4,13000
"0194007",68,"1",4,16500
"0195545",29,"1",4,63000
"0195545",28,"1",4,18000
"0195545",7,"0",0,NA
"0195545",5,"0",0,NA
"0197007",40,"1",4,14500
"0197007",39,"1",4,55000
"0197007",12,"0",0,NA
"0197007",11,"0",0,NA
"0197007",9,"0",0,NA
"0197484",37,"1",4,290000
"0197484",39,"2",4,0
"0197484",17,"2",4,0
"0197484",15,"0",0,0
"0200322",72,"2",4,4000
"0200711",58,"1",4,10800
"0201141",74,"2",2,25000
"0201141",72,"2",4,7200
"0201159",18,"1",4,4900
"0201202",61,"1",2,35800
"0201215",55,"1",2,45050
"0201215",53,"2",4,0
"0201610",56,"1",2,5320
"0201610",54,"1",4,38000
"0201756",62,"1",4,2720
"0201756",61,"1",4,27800
"0203077",33,"1",4,45000
"0203077",33,"2",4,30000
"0203077",7,"0",0,NA
"0203077",3,"0",0,NA
"0203672",49,"2",4,0
"0203672",56,"1",2,37200
"0203672",16,"2",0,0
"0203927",39,"1",4,25000
"0203927",39,"1",4,1900
"0205306",31,"1",4,50400
"0205559",34,"2",4,6000
"0206021",76,"2",4,32000
"0207464",75,"2",4,40000
"0207464",71,"2",4,4000
"0209337",39,"1",4,20000
"0209337",38,"1",4,43000
"0209337",14,"0",0,NA
"0209619",23,"1",4,5200
"0209745",51,"1",2,30000
"0209745",48,"1",4,2300
"0209745",79,"2",4,43900
"0210009",52,"1",4,17500
"0210009",48,"1",4,16000
"0210009",27,"1",4,17730
"0210009",23,"1",4,4000
"0210702",31,"1",4,30000
"0210702",30,"1",4,18200
"0211074",56,"1",4,48000
"0211074",55,"1",4,22400
"0211238",64,"1",4,28200
"0211238",62,"2",4,4100
"0211247",57,"1",3,58000
"0211247",53,"1",4,18000
"0211612",31,"1",4,18100
"0211612",28,"1",4,21000
"0211874",35,"1",4,16800
"0212734",73,"1",2,28600
"0212734",53,"2",4,0
"0214440",38,"1",4,20000
"0214440",41,"1",4,38770
"0214440",15,"0",0,0
"0214440",14,"0",0,NA
"0214440",11,"0",0,NA
"0215302",50,"1",2,19000
"0215302",53,"1",4,3800
"0215302",43,"1",4,28900
"0215853",89,"2",4,4860
"0215853",83,"2",4,4400
"0215948",26,"1",4,6700
"0215948",26,"1",4,6700
"0215948",4,"0",0,NA
"0215948",0,"0",0,NA
"0217577",59,"2",2,13000
"0217577",69,"2",4,6340
"0217918",56,"1",4,54000
"0217918",57,"1",4,40750
"0218405",50,"1",2,7700
"0218519",36,"1",4,54130
"0218519",38,"1",4,3550
"0218519",13,"0",0,NA
"0218519",13,"0",0,NA
"0218519",4,"0",0,NA
"0218519",17,"1",4,2900
"0218678",54,"1",2,51400
"0221032",38,"2",4,8200
"0221032",39,"1",4,108360
"0221032",6,"0",0,NA
"0221032",3,"0",0,NA
"0222967",76,"2",4,12100
"0222967",69,"2",4,0
"0224208",72,"1",2,34500
"0224208",63,"2",4,10200
"0224208",35,"1",4,14890
"0225901",70,"1",4,84500
"0225901",41,"1",4,28500
"0226885",42,"1",4,7000
"0226885",42,"1",4,3200
"0227665",19,"1",4,6000
"0228467",29,"1",4,25000
"0228467",42,"1",4,60000
"0229383",45,"1",2,37000
"0229383",35,"1",2,6000
"0229383",16,"1",0,600
"0231468",46,"1",2,24200
"0232274",29,"1",4,50000
"0232274",28,"1",4,28000
"0232274",7,"0",0,NA
"0232274",5,"0",0,NA
"0235778",52,"2",4,105000
"0235778",53,"1",3,40100
"0236911",45,"1",4,46200
"0236911",13,"0",0,NA
"0236911",6,"0",0,NA
"0236911",34,"1",4,26400
"0237123",72,"2",2,23500
"0237123",70,"1",4,5140
"0237280",22,"1",4,3200
"0237353",89,"2",4,24800
"0237353",52,"1",4,8900
"0238226",44,"1",4,57000
"0238226",44,"1",4,9000
"0238226",18,"1",4,2000
"0238226",15,"0",0,0
"0240070",19,"1",4,10400
"0240900",48,"1",4,66870
"0241015",71,"2",4,3700
"0241015",56,"1",4,12900
"0241015",37,"1",2,15200
"0241015",16,"2",0,0
"0241015",14,"0",0,NA
"0242475",46,"1",3,294300
"0242475",45,"1",4,30000
"0242475",17,"2",4,200
"0242952",57,"1",4,14000
"0243131",29,"1",4,115000
"0243131",31,"2",4,0
"0243131",1,"0",0,NA
"0243283",57,"1",4,78000
"0243681",55,"1",4,37000
"0243681",53,"1",4,24000
"0243803",66,"2",4,9200
"0243803",42,"1",4,5500
"0245003",74,"2",4,0
"0246338",53,"2",2,11570
"0246338",48,"2",4,1000
"0247838",64,"1",4,28700
"0248251",72,"2",4,33200
"0250096",93,"2",2,9090
"0250230",38,"1",4,36600
"0250230",35,"1",4,91500
"0250230",7,"0",0,NA
"0250230",3,"0",0,NA
"0251460",76,"2",4,6004
"0251603",77,"2",4,17400
"0251858",34,"1",4,42300
"0251858",34,"1",4,5800
"0251858",9,"0",0,NA
"0251858",2,"0",0,NA
"0252784",74,"2",4,17400
"0254052",44,"1",4,36000
"0254052",47,"1",4,57000
"0254052",26,"1",4,24000
"0254052",21,"1",4,17000
"0254169",33,"1",4,25000
"0254169",31,"1",4,47000
"0254654",41,"1",4,38800
"0254654",41,"1",4,28000
"0254654",18,"1",4,14000
"0254654",15,"0",0,0
"0255545",34,"1",4,30050
"0256015",80,"2",4,6300
"0257117",77,"2",4,17600
"0257512",57,"2",4,8200
"0258149",58,"2",2,7220
"0259844",46,"2",4,13510
"0259844",43,"1",4,26500
"0261448",69,"2",4,10350
"0261766",86,"2",2,8000
"0261766",37,"2",4,6100
"0263184",77,"2",4,7514
"0263242",58,"1",4,19600
"0263242",22,"1",4,6600
"0263242",18,"1",4,250
"0264830",38,"1",4,30000
"0264830",33,"1",4,20000
"0265005",77,"2",4,9100
"0267195",22,"1",4,16000
"0267195",2,"0",0,NA
"0267195",21,"1",4,12550
"0267776",24,"1",4,25300
"0267776",21,"1",4,3600
"0267776",2,"0",0,NA
"0267776",1,"0",0,NA
"0268263",58,"1",4,36590
"0268263",54,"1",4,21500
"0268294",37,"1",4,26100
"0268294",14,"0",0,NA
"0268294",14,"0",0,NA
"0268294",26,"2",4,0
"0268982",23,"1",4,15000
"0268982",28,"1",4,23000
"0268982",2,"0",0,NA
"0269044",87,"2",4,50000
"0269165",43,"1",4,39510
"0269165",41,"1",4,8000
"0269165",12,"0",0,NA
"0269542",42,"1",2,25000
"0269542",31,"2",4,0
"0269542",7,"0",0,NA
"0269542",5,"0",0,NA
"0271814",77,"2",4,119000
"0271814",75,"2",2,112700
"0272042",77,"2",4,14700
"0272133",47,"1",4,14000
"0272133",43,"1",4,15000
"0272133",22,"1",4,19000
"0272133",19,"1",4,1000
"0272656",65,"1",2,125000
"0272841",54,"1",4,319000
"0272841",41,"1",4,35000
"0273672",53,"1",2,27400
"0273672",50,"1",4,35220
"0273672",27,"1",4,22560
"0274583",30,"1",4,45000
"0274583",25,"1",4,28000
"0274583",5,"0",0,NA
"0275287",36,"1",4,21100
"0275287",34,"1",4,5600
"0275287",16,"1",0,2800
"0275287",13,"0",0,NA
"0275287",12,"0",0,NA
"0276157",56,"1",4,20400
"0276157",55,"1",4,28600
"0276893",32,"1",3,46530
"0276893",37,"2",4,0
"0276893",6,"0",0,NA
"0276893",5,"0",0,NA
"0277152",78,"2",4,29140
"0278225",51,"1",4,48000
"0278496",64,"2",2,8800
"0278515",49,"1",4,33700
"0278515",46,"1",4,20600
"0278515",20,"1",4,1300
"0279492",19,"1",4,18000
"0281199",71,"2",4,18700
"0282808",52,"1",4,13700
"0283214",19,"1",4,5000
"0284495",78,"2",4,15500
"0285098",79,"2",2,15500
"0285098",77,"2",4,6000
"0286300",30,"1",4,40390
"0287012",50,"2",4,3500
"0289906",35,"1",4,35000
"0290694",72,"2",2,152300
"0290694",70,"2",4,0
"0290770",37,"1",4,25200
"0290770",15,"0",0,0
"0292080",50,"1",2,26050
"0292080",21,"1",4,23000
"0292080",16,"1",0,1200
"0292190",31,"1",4,30000
"0292190",34,"1",4,7000
"0292190",11,"0",0,NA
"0292190",16,"2",0,0
"0292190",55,"2",4,10300
"0292267",61,"1",2,20000
"0292267",41,"1",4,13000
"0292434",54,"1",2,20000
"0292434",52,"1",4,31000
"0292998",49,"1",4,65230
"0292998",52,"1",4,107000
"0293551",59,"1",4,17000
"0293551",36,"1",4,42270
"0293551",8,"0",0,NA
"0293551",5,"0",0,NA
"0293551",35,"1",4,40000
"0293660",49,"1",2,11200
"0293832",74,"2",4,10400
"0293832",81,"2",4,6000
"0294169",33,"1",4,25020
"0294169",26,"1",4,10000
"0295496",79,"2",4,0
"0297004",53,"2",2,105000
"0297004",48,"1",4,10000
"0297004",18,"2",4,0
"0297004",15,"0",0,0
"0297330",40,"2",4,6700
"0299343",89,"2",2,15000
"0299343",80,"2",4,7200
"0301368",34,"1",4,26000
"0301368",0,"0",0,NA
"0301368",21,"1",4,50
"0301380",24,"1",4,18000
"0301389",43,"1",4,45000
"0302419",77,"2",2,33700
"0302419",67,"2",4,7700
"0302877",79,"2",2,15000
"0302877",74,"2",4,4800
"0304515",38,"1",2,22000
"0304515",44,"1",4,7300
"0305821",35,"1",4,40000
"0308014",69,"2",4,16200
"0309282",37,"1",4,50000
"0309282",37,"2",4,0
"0309282",5,"0",0,NA
"0309282",5,"0",0,NA
"0310311",37,"1",4,20000
"0310311",17,"2",4,0
"0310418",37,"1",4,41000
"0310418",41,"1",2,21000
"0310418",10,"0",0,NA
"0310418",8,"0",0,NA
"0310418",6,"0",0,NA
"0311747",32,"1",4,18000
"0311747",14,"0",0,NA
"0311747",12,"0",0,NA
"0311747",10,"0",0,NA
"0312438",44,"1",4,25600
"0312438",9,"0",0,NA
"0312841",36,"1",3,33000
"0312841",38,"1",3,35000
"0312841",13,"0",0,NA
"0312841",10,"0",0,NA
"0312841",5,"0",0,NA
"0313976",75,"2",4,15300
"0313976",79,"2",4,9450
"0314776",40,"1",4,59000
"0314776",38,"1",4,19500
"0315025",63,"2",4,38500
"0315066",38,"1",4,24000
"0315293",31,"1",2,4000
"0315293",8,"0",0,NA
"0315307",53,"1",4,62000
"0315307",44,"1",4,25000
"0321942",50,"1",4,38000
"0321942",51,"1",4,62000
"0322788",33,"1",3,20800
"0322788",33,"2",4,0
"0322788",7,"0",0,NA
"0323483",62,"1",4,11700
"0323660",56,"1",2,37000
"0323660",54,"1",4,13000
"0325005",17,"1",4,9800
"0325005",2,"0",0,NA
"0325005",18,"1",4,5500
"0325359",26,"1",2,57950
"0325359",5,"0",0,NA
"0325359",4,"0",0,NA
"0326157",50,"1",4,22600
"0329438",31,"1",2,37800
"0329438",32,"1",4,38000
"0329438",3,"0",0,NA
"0329784",21,"1",4,2000
"0329784",26,"1",4,14000
"0329784",3,"0",0,NA
"0329811",45,"1",4,6900
"0329811",55,"1",2,39700
"0329821",61,"1",2,26604
"0329821",56,"2",4,8850
"0330790",35,"1",4,27500
"0330790",35,"1",4,6900
"0330790",15,"0",0,0
"0330790",12,"0",0,NA
"0331819",38,"1",4,23000
"0331819",35,"1",4,5100
"0331819",11,"0",0,NA
"0331819",8,"0",0,NA
"0332081",36,"1",4,32000
"0332081",32,"1",4,21000
"0332081",8,"0",0,NA
"0332081",0,"0",0,NA
"0332179",71,"2",4,19800
"0332378",37,"1",4,13700
"0332378",15,"0",0,0
"0332378",10,"0",0,NA
"0332378",4,"0",0,NA
"0333871",50,"1",4,7000
"0333871",52,"1",2,54000
"0335633",22,"1",4,11000
"0335633",24,"1",4,124000
"0335633",0,"0",0,NA
"0335692",54,"2",4,5400
"0335692",54,"2",4,5400
"0335692",28,"1",4,12000
"0335692",22,"1",4,26000
"0335692",26,"1",4,10700
"0336154",53,"1",2,12000
"0336154",13,"0",0,NA
"0336154",11,"0",0,NA
"0337117",33,"1",4,22500
"0337117",29,"1",4,22000
"0337117",1,"0",0,NA
"0337181",19,"1",4,1500
"0337395",78,"2",2,16540
"0337395",74,"2",4,5900
"0341986",65,"2",4,10490
"0341986",49,"1",4,6200
"0341986",27,"1",4,40000
"0343152",20,"1",4,5200
"0343530",68,"1",4,159000
"0343530",52,"1",4,65000
"0343657",87,"2",4,25400
"0344315",24,"1",4,1200
"0344315",22,"1",4,18010
"0344460",58,"1",3,309500
"0344460",55,"1",4,109100
"0344559",32,"1",4,29000
"0344559",32,"1",4,27120
"0344559",22,"1",4,29700
"0345284",30,"1",4,20000
"0345284",2,"0",0,NA
"0345284",37,"1",4,30000
"0346837",57,"1",2,30300
"0346837",56,"1",4,5600
"0347011",47,"1",4,46300
"0347011",44,"1",4,63000
"0347598",57,"2",4,11900
"0347598",42,"1",4,9700
"0347598",22,"1",4,28500
"0347833",78,"2",4,4800
"0347893",50,"1",2,62780
"0347893",47,"2",4,0
"0348995",52,"1",4,450
"0348995",25,"1",4,24000
"0349707",64,"2",2,30600
"0349707",61,"1",4,26530
"0350064",88,"2",4,3000
"0350299",62,"1",4,31100
"0350299",61,"2",4,0
"0350537",37,"1",4,311500
"0350537",39,"2",4,3000
"0350537",9,"0",0,NA
"0350537",6,"0",0,NA
"0350766",68,"2",2,12200
"0350766",65,"2",4,10800
"0350806",30,"1",4,13500
"0350806",29,"1",4,20000
"0350806",0,"0",0,NA
"0351921",77,"1",4,16900
"0351921",78,"2",4,4800
"0352340",82,"2",4,26000
"0352365",45,"1",4,33000
"0352365",34,"1",4,13900
"0352365",5,"0",0,NA
"0352365",1,"0",0,NA
"0353158",42,"1",4,13500
"0353158",31,"1",4,15100
"0353615",48,"1",2,118000
"0353615",50,"1",4,25000
"0354230",42,"1",3,10400
"0354912",57,"1",2,22000
"0354912",39,"2",4,0
"0354912",4,"0",0,NA
"0354912",3,"0",0,NA
"0357010",41,"1",4,50440
"0357010",43,"1",3,13100
"0357010",11,"0",0,NA
"0357907",73,"2",2,11500
"0357907",61,"2",4,9000
"0360491",19,"2",4,0
"0362317",83,"2",4,12800
"0362317",71,"2",4,11500
"0362336",74,"2",4,15300
"0362690",71,"2",4,6000
"0362690",54,"2",4,10800
"0362716",52,"1",4,39000
"0364242",84,"2",4,27300
"0364242",53,"2",2,0
"0364242",47,"1",4,4000
"0364554",55,"1",2,3700
"0364554",52,"2",4,0
"0364554",10,"0",0,NA
"0364652",52,"1",2,34000
"0364652",50,"1",4,37000
"0364652",17,"1",4,750
"0364652",12,"0",0,NA
"0365663",52,"1",4,68000
"0365663",37,"1",4,37900
"0365663",5,"0",0,NA
"0365663",16,"2",0,0
"0365663",13,"0",0,NA
"0367532",52,"1",4,45000
"0367532",57,"1",4,25000
"0370238",42,"1",4,40000
"0370238",33,"1",4,20000
"0372508",35,"1",4,33000
"0372508",35,"2",4,0
"0372508",4,"0",0,NA
"0372508",1,"0",0,NA
"0372675",30,"1",4,12700
"0372675",31,"1",4,63000
"0372675",3,"0",0,NA
"0372675",0,"0",0,NA
"0372713",54,"1",4,27700
"0373139",46,"1",4,53700
"0373139",19,"1",4,3000
"0373139",16,"1",0,1000
"0373139",14,"0",0,NA
"0373323",45,"1",4,33080
"0374798",30,"1",4,9000
"0374798",32,"1",4,29000
"0375037",43,"1",4,17000
"0375037",31,"1",3,10000
"0375037",8,"0",0,NA
"0375037",8,"0",0,NA
"0375037",38,"2",4,6000
"0376421",36,"1",4,18000
"0377231",46,"1",4,7700
"0377231",46,"2",4,0
"0377231",17,"1",4,610
"0377231",14,"0",0,NA
"0378212",69,"2",4,11400
"0378212",81,"2",4,11000
"0378296",37,"1",4,38200
"0378296",17,"1",4,2000
"0378296",14,"0",0,NA
"0379188",33,"1",4,18800
"0379337",42,"2",4,0
"0379337",32,"1",4,322300
"0379337",3,"0",0,NA
"0379337",0,"0",0,NA
"0380240",52,"2",4,4500
"0380240",64,"1",2,67900
"0380240",80,"2",2,15300
"0380318",60,"1",4,84000
"0380318",58,"1",4,144000
"0381185",25,"1",4,9400
"0381631",19,"1",4,5000
"0381801",78,"2",2,31080
"0381801",81,"2",4,0
"0382139",33,"1",2,9100
"0382139",31,"2",4,260
"0382139",7,"0",0,NA
"0382394",50,"1",2,43000
"0382394",49,"1",4,0
"0382885",51,"1",4,60000
"0382885",21,"1",4,12000
"0382885",19,"1",4,12000
"0382885",17,"2",4,0
"0382885",44,"1",4,47000
"0383133",34,"1",4,85040
"0383133",38,"1",4,5000
"0383133",7,"0",0,NA
"0383133",6,"0",0,NA
"0384166",72,"2",2,35600
"0384166",70,"2",4,12500
"0384728",41,"1",4,14700
"0385287",27,"1",4,17000
"0385287",30,"1",4,17600
"0385673",37,"1",4,35000
"0385673",44,"1",4,60000
"0385858",54,"1",4,33600
"0385858",53,"1",4,34000
"0387110",39,"1",4,10000
"0387110",36,"1",4,20800
"0387110",7,"0",0,NA
"0387294",48,"1",4,35000
"0387294",46,"1",4,18000
"0387294",23,"1",4,10200
"0387294",12,"0",0,NA
"0387294",6,"0",0,NA
"0388239",77,"2",2,13600
"0388239",68,"2",4,5800
"0388239",41,"1",4,37000
"0388239",14,"0",0,NA
"0388239",18,"1",4,2500
"0388239",17,"1",4,5500
"0388239",3,"0",0,NA
"0388239",1,"0",0,NA
"0388239",36,"1",4,2400
"0388337",32,"1",4,36000
"0388337",31,"1",4,9000
"0388337",2,"0",0,NA
"0388337",0,"0",0,NA
"0388969",68,"1",2,72200
"0388969",58,"1",4,31200
"0388969",30,"1",4,16980
"0390337",32,"2",4,7000
"0390488",42,"1",4,112000
"0390488",34,"1",4,38760
"0392057",89,"2",4,13000
"0392211",19,"2",4,3000
"0394916",44,"1",4,49300
"0394916",38,"1",4,17100
"0394916",13,"0",0,NA
"0396778",69,"2",2,14000
"0396778",69,"2",4,9600
"0398903",24,"1",2,22000
"0398903",24,"1",4,1100
"0398903",5,"0",0,NA
"0398903",1,"0",0,NA
"0398966",29,"1",4,26800
"0398966",28,"1",4,16250
"0398966",0,"0",0,NA
"0399124",42,"1",2,42700
"0399124",45,"1",4,18000
"0399979",42,"1",4,28000
"0399979",41,"1",4,27940
"0399979",8,"0",0,NA
"0400311",78,"2",4,7200
"0400383",65,"2",2,7620
"0404214",50,"1",2,57040
"0404214",38,"1",4,27704
"0404214",18,"1",4,1600
"0404214",18,"1",4,4600
"0404214",16,"1",0,530
"0404810",64,"2",2,24400
"0405348",46,"1",4,48000
"0405348",47,"1",4,37000
"0405670",64,"1",2,43700
"0406460",20,"2",2,200
"0407325",60,"1",4,16320
"0407865",30,"1",4,12000
"0407865",27,"1",4,9000
"0408079",72,"2",2,14960
"0408079",67,"1",4,14800
"0408188",23,"2",4,0
"0408188",24,"1",4,6500
"0408188",4,"0",0,NA
"0408188",1,"0",0,NA
"0409123",89,"2",4,7300
"0410454",55,"1",4,16600
"0410454",55,"1",2,7730
"0410591",44,"1",4,39040
"0410591",41,"1",4,3800
"0411308",46,"1",4,335200
"0411308",40,"1",4,35500
"0411308",12,"0",0,NA
"0411308",8,"0",0,NA
"0411308",5,"0",0,NA
"0412585",22,"1",4,18020
"0412585",19,"1",4,22000
"0415252",19,"1",4,3000
"0415252",1,"0",0,NA
"0417727",85,"2",4,10100
"0419993",42,"1",4,39000
"0419993",42,"1",3,18200
"0419993",20,"1",4,24000
"0419993",16,"2",0,0
"0419993",16,"2",0,0
"0421502",30,"1",4,99000
"0421502",26,"1",4,22050
"0421502",0,"0",0,NA
"0422142",67,"1",2,31500
"0422142",70,"1",4,5580
"0422225",42,"1",4,48900
"0422225",25,"1",4,17200
"0424064",42,"1",4,96000
"0424064",41,"1",4,52500
"0424975",36,"1",4,313000
"0424975",29,"1",4,136000
"0424975",7,"0",0,NA
"0424975",5,"0",0,NA
"0427321",83,"2",4,6000
"0427349",18,"1",4,8000
"0428428",58,"2",4,0
"0428428",38,"2",4,0
"0428428",6,"0",0,NA
"0429114",62,"1",3,42000
"0429114",61,"2",4,0
"0429691",34,"1",2,29000
"0430601",70,"2",2,14000
"0430601",63,"2",4,19000
"0431956",64,"1",4,105000
"0432412",33,"1",4,7000
"0432412",34,"1",4,42300
"0435137",38,"2",4,9000
"0436133",69,"1",2,12400
"0437025",35,"1",4,24500
"0437025",34,"1",4,9400
"0437025",12,"0",0,NA
"0437025",11,"0",0,NA
"0437025",9,"0",0,NA
"0437205",44,"1",2,53000
"0437205",15,"0",0,0
"0437205",34,"1",4,21000
"0437834",62,"2",2,41500
"0437834",61,"1",4,72320
"0438209",72,"2",2,17000
"0438209",62,"2",4,5000
"0438608",93,"2",4,24660
"0439030",52,"1",2,46000
"0439030",53,"1",4,160000
"0439030",25,"1",4,7500
"0439876",34,"1",4,27100
"0439955",81,"2",4,16200
"0440956",51,"1",4,23060
"0440956",25,"1",4,6000
"0440956",14,"0",0,NA
"0440956",13,"0",0,NA
"0440956",11,"0",0,NA
"0440956",0,"0",0,NA
"0441126",45,"1",4,7000
"0441126",14,"0",0,NA
"0441126",10,"0",0,NA
"0441126",7,"0",0,NA
"0441126",46,"1",4,311000
"0441707",59,"2",4,23900
"0441707",61,"2",4,0
"0441845",42,"1",4,24000
"0441845",40,"1",4,40000
"0441845",20,"1",4,12900
"0441845",18,"2",4,0
"0442286",47,"1",4,12000
"0442531",84,"2",4,70
"0443437",51,"1",4,2400
"0443437",26,"1",4,113000
"0443717",44,"1",4,11270
"0443717",42,"1",4,13970
"0443717",19,"1",4,10700
"0443717",17,"1",4,5200
"0443717",15,"0",0,1100
"0443800",17,"1",4,800
"0444111",73,"2",2,11100
"0444111",63,"2",4,6400
"0444681",41,"1",2,15600
"0445270",23,"1",4,8000
"0445510",34,"1",4,14000
"0445510",34,"2",4,0
"0445510",7,"0",0,NA
"0445510",5,"0",0,NA
"0447634",35,"1",4,29000
"0450305",37,"1",4,30000
"0450305",30,"1",4,31100
"0456187",30,"1",4,30000
"0456187",30,"1",4,4300
"0456187",5,"0",0,NA
"0456187",3,"0",0,NA
"0456432",43,"1",4,140000
"0456432",40,"2",4,0
"0456432",15,"0",0,105000
"0456432",12,"0",0,NA
"0456432",9,"0",0,NA
"0456432",7,"0",0,NA
"0456576",39,"1",2,12000
"0456576",37,"2",4,1200
"0456576",12,"0",0,NA
"0458692",75,"1",4,31000
"0458912",86,"2",4,7100
"0458912",81,"2",4,2800
"0459197",68,"2",2,16900
"0459278",64,"2",2,33600
"0459278",66,"2",4,0
"0461537",57,"1",4,14600
"0461537",59,"1",4,60000
"0461537",17,"2",4,0
"0461593",53,"1",4,36200
"0461593",55,"1",4,43700
"0461593",26,"1",4,15000
"0461593",23,"1",3,14000
"0462071",37,"2",4,6800
"0462071",9,"0",0,NA
"0462498",51,"1",4,49640
"0462498",45,"1",4,14740
"0462498",20,"1",4,7420
"0462498",17,"1",4,4430
"0462765",61,"1",2,15000
"0462765",47,"1",4,19000
"0464783",77,"2",4,21300
"0466437",55,"1",2,49800
"0466437",51,"1",4,27000
"0467216",57,"1",4,41500
"0467216",47,"1",4,20300
"0467216",12,"0",0,NA
"0467216",18,"1",4,1520
"0467216",17,"1",4,13000
"0467553",35,"1",4,22000
"0467553",37,"1",4,49000
"0467656",33,"1",3,10000
"0467656",35,"1",4,9000
"0468137",67,"2",4,3500
"0468137",45,"1",4,15200
"0468137",85,"2",4,8100
"0468848",64,"2",4,44900
"0469039",45,"1",2,38504
"0469039",44,"1",2,12000
"0469039",23,"1",3,20000
"0469706",93,"2",4,7000
"0469852",62,"2",2,18000
"0469909",44,"1",4,23920
"0469909",45,"1",4,44600
"0469909",10,"0",0,NA
"0470065",55,"2",4,25200
"0471236",49,"1",2,39000
"0471399",22,"1",4,8200
"0471399",21,"1",4,27200
"0472124",46,"1",4,38680
"0472124",46,"1",4,1840
"0472124",18,"1",4,2600
"0473429",38,"1",4,21700
"0473429",36,"2",4,0
"0473429",16,"2",0,0
"0473429",8,"0",0,NA
"0473947",43,"1",2,52200
"0473947",24,"1",4,19000
"0473947",21,"1",4,8600
"0474117",34,"1",4,11000
"0474117",33,"1",4,11000
"0474117",11,"0",0,NA
"0474117",6,"0",0,NA
"0474117",3,"0",0,NA
"0476020",69,"2",4,10600
"0476518",46,"1",4,85200
"0476518",14,"0",0,NA
"0476518",46,"1",4,41100
"0481268",66,"2",2,17400
"0481268",64,"2",4,11400
"0481880",33,"1",4,13500
"0483673",44,"1",4,70700
"0483799",33,"1",2,27000
"0483799",29,"1",4,32000
"0483799",8,"0",0,NA
"0483799",7,"0",0,NA
"0483799",2,"0",0,NA
"0484167",23,"1",4,3000
"0484590",56,"2",3,21260
"0484590",53,"1",4,24060
"0485991",40,"1",4,1e+05
"0485991",15,"0",0,1540
"0485991",33,"1",4,12000
"0486178",61,"1",4,45000
"0486178",57,"1",4,27300
"0488269",25,"1",4,7200
"0488269",0,"0",0,NA
"0488660",34,"1",2,50000
"0488660",14,"0",0,NA
"0488660",10,"0",0,NA
"0488660",8,"0",0,NA
"0488660",7,"0",0,NA
"0488660",5,"0",0,NA
"0488660",27,"1",4,32000
"0489262",78,"2",4,35900
"0489262",79,"2",4,0
"0489551",80,"2",4,10000
"0490242",41,"1",2,42000
"0490242",50,"1",4,1700
"0494376",22,"1",4,3900
"0494376",0,"0",0,NA
"0495107",74,"2",4,8600
"0496701",32,"1",4,28000
"0496701",4,"0",0,NA
"0498393",49,"1",4,85000
"0498393",44,"1",4,5000
"0498393",18,"2",4,0
"0498393",14,"0",0,NA
"0498393",12,"0",0,NA
"0498459",42,"1",4,12000
"0498459",14,"0",0,NA
"0498459",10,"0",0,NA
"0499751",62,"2",4,4500
"0499751",66,"2",2,12100
"0500164",83,"2",4,63300
"0500164",78,"2",4,9800
"0500164",43,"1",4,58000
"0500164",21,"1",4,24000
"0500164",10,"0",0,NA
"0500353",51,"1",4,65000
"0500353",51,"1",4,10200
"0500353",19,"1",4,4000
"0500802",83,"2",3,13400
"0501550",37,"1",4,85950
"0502514",20,"1",4,2000
"0503177",18,"1",4,2500
"0503292",22,"1",4,30000
"0503330",43,"1",4,51000
"0503330",42,"1",4,10740
"0503330",17,"1",4,3600
"0503330",15,"0",0,550
"0503330",12,"0",0,NA
"0503330",10,"0",0,NA
"0503428",55,"1",4,160000
"0503428",56,"2",4,0
"0503461",51,"1",4,69000
"0503461",49,"1",4,27340
"0504894",48,"1",4,31700
"0504894",59,"1",4,120
"0505266",45,"1",4,32000
"0505266",37,"1",4,21000
"0505266",3,"0",0,NA
"0505574",74,"2",2,42540
"0505574",74,"2",4,0
"0505654",66,"2",3,8400
"0505654",61,"1",4,18000
"0506028",31,"1",4,56600
"0507737",22,"2",4,0
"0507804",37,"1",4,48000
"0508963",70,"2",2,8000
"0508963",70,"2",4,4100
"0509588",21,"1",4,32690
"0509588",21,"1",4,20000
"0511968",73,"2",4,10000
"0512851",52,"1",2,52000
"0512851",40,"1",4,18100
"0512851",16,"1",0,350
"0512851",12,"0",0,NA
"0513252",37,"1",4,120000
"0513252",35,"1",4,6000
"0513252",14,"0",0,NA
"0513252",13,"0",0,NA
"0513496",44,"1",4,25000
"0513496",41,"1",4,20000
"0514244",49,"1",2,60000
"0514244",42,"1",4,6000
"0514244",18,"1",4,900
"0514244",15,"0",0,0
"0514395",37,"1",4,33700
"0514395",43,"1",4,10000
"0514395",10,"0",0,NA
"0514395",6,"0",0,NA
"0514714",48,"1",4,36000
"0514714",23,"1",4,7500
"0514714",25,"1",4,28000
"0514714",21,"1",4,20000
"0514911",25,"1",4,20600
"0514911",21,"1",4,710
"0514911",2,"0",0,NA
"0514911",1,"0",0,NA
"0515136",45,"1",4,15610
"0515136",45,"1",4,18380
"0515136",6,"0",0,NA
"0515389",93,"2",4,5300
"0515609",30,"1",4,50000
"0515609",28,"1",4,15000
"0515609",1,"0",0,NA
"0516084",56,"1",2,68600
"0516084",52,"1",4,16900
"0516381",70,"1",3,42300
"0516381",32,"1",4,1400
"0517485",41,"1",4,14300
"0517485",28,"1",4,11400
"0517485",28,"1",4,10900
"0517502",54,"1",4,29800
"0518336",36,"1",4,27500
"0518336",39,"1",4,26900
"0518336",17,"2",4,0
"0518983",45,"1",4,37300
"0518983",43,"1",4,12800
"0518983",18,"1",4,540
"0519226",76,"2",4,26660
"0521402",37,"1",4,40200
"0521402",37,"1",4,42000
"0521402",13,"0",0,NA
"0521402",11,"0",0,NA
"0523093",45,"1",4,43740
"0523093",45,"1",3,12030
"0523093",19,"1",3,8750
"0525798",49,"1",2,38500
"0525798",25,"1",4,7700
"0525798",3,"0",0,NA
"0526114",39,"2",4,0
"0526190",55,"1",4,1500
"0527421",74,"2",2,18950
"0527421",73,"2",4,4850
"0527843",54,"1",2,7200
"0527843",18,"2",4,0
"0527921",35,"1",4,29000
"0527921",44,"2",2,0
"0527921",15,"0",0,0
"0527921",13,"0",0,NA
"0528533",18,"1",4,3100
"0530439",64,"1",4,88000
"0530439",60,"2",4,0
"0530570",44,"1",4,38600
"0530570",43,"1",4,36610
"0530570",19,"1",4,5440
"0530570",17,"2",4,0
"0531486",53,"1",4,3120
"0531486",27,"2",4,7400
"0531511",50,"1",4,25000
"0532593",58,"1",4,18420
"0532888",40,"1",4,35000
"0532888",37,"1",4,22000
"0532888",13,"0",0,NA
"0532888",11,"0",0,NA
"0532888",10,"0",0,NA
"0533013",60,"1",3,41700
"0533440",20,"1",4,1700
"0533674",36,"1",4,31260
"0533674",40,"1",4,48200
"0533674",5,"0",0,NA
"0533674",3,"0",0,NA
"0533674",1,"0",0,NA
"0534491",63,"1",4,21700
"0534688",57,"1",2,65000
"0534688",56,"1",4,45000
"0535610",69,"2",4,23800
"0536095",70,"2",2,72000
"0536095",64,"2",4,0
"0536291",32,"1",4,11500
"0536291",26,"2",4,10000
"0536291",4,"0",0,NA
"0537121",45,"1",4,22000
"0537121",34,"1",3,14000
"0537121",11,"0",0,NA
"0537121",9,"0",0,NA
"0537121",5,"0",0,NA
"0537769",45,"1",4,7300
"0537769",13,"0",0,NA
"0537878",47,"1",4,6950
"0537878",49,"1",4,32900
"0537878",8,"0",0,NA
"0537908",46,"1",4,38590
"0537908",17,"1",4,1630
"0537908",15,"0",0,930
"0537991",54,"1",4,17500
"0539785",43,"1",4,28500
"0539785",50,"2",4,0
"0539785",15,"0",0,0
"0539785",13,"0",0,NA
"0539785",13,"0",0,NA
"0539785",19,"1",4,1500
"0540060",47,"1",4,12200
"0540060",40,"1",4,5300
"0540060",19,"1",4,7000
"0540060",17,"1",4,11000
"0540069",49,"1",2,80000
"0540069",47,"1",4,7500
"0542539",47,"1",4,16000
"0542539",19,"1",4,5000
"0544756",53,"1",2,59100
"0544756",60,"1",4,22600
"0546264",44,"1",4,51200
"0546264",16,"1",0,6900
"0546264",13,"0",0,NA
"0546264",40,"1",4,24900
"0547403",78,"2",4,23200
"0548483",31,"1",4,24000
"0548483",8,"0",0,NA
"0548483",7,"0",0,NA
"0548483",1,"0",0,NA
"0548483",46,"1",4,9000
"0548483",19,"1",4,2300
"0548964",56,"1",4,73000
"0548964",52,"1",4,24000
"0548964",21,"1",4,9500
"0548964",19,"2",4,0
"0549035",53,"1",4,50000
"0549035",52,"1",4,2100
"0549850",32,"1",4,59000
"0549850",29,"1",4,15000
"0549850",3,"0",0,NA
"0550475",79,"2",4,23400
"0550475",75,"2",4,5900
"0550704",19,"1",4,19200
"0552533",31,"1",4,35400
"0552625",34,"1",4,30700
"0552625",39,"1",4,22000
"0555132",73,"2",2,15900
"0555132",72,"2",4,18400
"0555396",68,"2",2,5400
"0555396",65,"1",4,24800
"0555455",47,"1",2,39300
"0555455",42,"1",4,7000
"0555455",13,"0",0,NA
"0555455",10,"0",0,NA
"0556206",82,"2",2,22540
"0556206",81,"2",4,10840
"0556248",75,"2",4,7600
"0556248",45,"1",4,6700
"0558139",54,"1",4,7210
"0558139",9,"0",0,NA
"0558397",61,"2",3,25100
"0558397",60,"1",4,8000
"0558662",52,"1",2,58800
"0558662",47,"1",4,45000
"0558662",16,"1",0,500
"0558662",14,"0",0,NA
"0559144",49,"1",4,45210
"0559144",11,"0",0,NA
"0559200",78,"2",2,45900
"0559200",70,"2",4,4300
"0560283",58,"1",2,11900
"0560283",51,"1",2,100500
"0560283",35,"1",4,20000
"0560494",33,"1",4,55120
"0560536",48,"1",4,124200
"0560536",47,"1",4,44100
"0561239",69,"1",2,61200
"0561239",47,"1",4,35700
"0561311",89,"2",4,9450
"0562643",40,"2",4,0
"0563135",67,"2",4,12230
"0563575",45,"1",4,37500
"0565137",75,"1",4,29450
"0566947",53,"1",4,12000
"0566947",51,"1",4,19100
"0567219",44,"1",4,36000
"0567219",40,"1",2,30000
"0567219",18,"1",4,4000
"0567237",52,"1",4,41000
"0567237",51,"2",4,0
"0568994",41,"1",4,33800
"0568994",40,"1",4,5230
"0568994",6,"0",0,NA
"0568994",1,"0",0,NA
"0569771",36,"1",4,23000
"0569771",30,"1",4,23000
"0570456",39,"1",4,12450
"0570456",12,"0",0,NA
"0570456",6,"0",0,NA
"0574302",74,"2",2,52000
"0576428",27,"1",4,32000
"0576428",24,"1",4,20000
"0576428",4,"0",0,NA
"0576519",60,"1",2,41200
"0576578",39,"1",2,30000
"0577104",31,"1",4,21000
"0577104",29,"2",2,540
"0577104",7,"0",0,NA
"0577104",5,"0",0,NA
"0577104",2,"0",0,NA
"0577143",74,"2",4,8630
"0577143",48,"1",4,18900
"0577859",49,"1",4,40000
"0577859",13,"0",0,NA
"0577962",20,"1",4,21500
"0577962",20,"1",4,800
"0578674",45,"1",4,53000
"0578674",46,"1",4,67400
"0578674",18,"2",4,0
"0578674",12,"0",0,NA
"0578952",29,"1",4,6000
"0579166",49,"1",4,30240
"0579166",45,"1",4,6900
"0580254",66,"2",4,6700
"0580732",49,"1",4,55000
"0580732",38,"1",4,20000
"0580732",18,"2",4,0
"0580732",16,"2",0,0
"0580732",14,"0",0,NA
"0581889",50,"1",3,37800
"0581889",50,"1",4,28100
"0582300",33,"1",4,27000
"0582300",38,"1",4,27100
"0583199",33,"1",4,31000
"0583199",33,"1",4,5000
"0583199",16,"2",0,0
"0583199",66,"2",4,5000
"0583199",36,"1",4,24000
"0584503",44,"1",4,52000
"0584503",33,"1",4,10000
"0584503",5,"0",0,NA
"0584503",12,"0",0,NA
"0584503",11,"0",0,NA
"0585111",36,"1",2,46000
"0585111",37,"1",4,25340
"0586505",87,"2",4,3900
"0586518",42,"2",4,5200
"0586737",61,"1",2,133100
"0586737",57,"1",4,2900
"0587289",48,"2",4,10400
"0587681",38,"1",4,23000
"0587681",39,"1",4,4800
"0587681",20,"1",4,13400
"0587681",12,"0",0,NA
"0587681",16,"1",0,1500
"0587681",15,"0",0,0
"0588371",41,"1",4,16000
"0588897",22,"1",4,20000
"0589805",62,"1",4,167000
"0589805",62,"1",4,18000
"0589966",38,"1",4,30000
"0590619",36,"1",4,59250
"0590619",35,"1",4,22000
"0590619",9,"0",0,NA
"0590619",7,"0",0,NA
"0591325",32,"1",4,39000
"0591325",31,"1",4,39000
"0591325",5,"0",0,NA
"0591325",3,"0",0,NA
"0591325",1,"0",0,NA
"0593635",21,"2",4,0
"0594002",21,"1",4,10000
"0594323",25,"1",4,15000
"0594620",41,"1",2,26530
"0594620",11,"0",0,NA
"0594620",8,"0",0,NA
"0594804",68,"2",4,14940
"0594804",69,"2",4,6600
"0595110",54,"1",2,38300
"0595110",52,"1",4,21200
"0596653",80,"1",2,17800
"0596653",68,"2",4,10500
"0597089",46,"1",4,35000
"0597089",41,"1",4,38000
"0597089",14,"0",0,NA
"0597089",11,"0",0,NA
"0597089",19,"1",4,1700
"0597089",0,"0",0,NA
"0597877",61,"1",4,24000
"0597943",58,"2",4,10000
"0598046",51,"1",4,10700
"0598078",81,"2",4,4800
"0598220",46,"1",4,50000
"0598385",47,"1",4,47000
"0598385",45,"1",4,52000
"0598385",18,"1",4,1500
"0598385",15,"0",0,0
"0600242",53,"1",2,71900
"0600242",48,"2",4,0
"0600242",16,"1",0,250
"0600556",26,"1",4,9004
"0600556",24,"1",4,9000
"0600897",37,"1",2,51000
"0600897",42,"1",4,32900
"0600897",22,"1",4,8000
"0600897",22,"1",4,12600
"0601451",75,"2",4,7200
"0603376",18,"1",4,0
"0603833",62,"1",3,41500
"0603833",61,"1",4,51000
"0604477",28,"1",4,40000
"0604477",28,"1",4,27000
"0604477",0,"0",0,NA
"0604510",33,"1",4,10500
"0604510",16,"2",0,0
"0604510",14,"0",0,NA
"0604510",9,"0",0,NA
"0604510",7,"0",0,NA
"0606570",51,"1",4,80000
"0606570",14,"0",0,NA
"0606856",65,"1",2,24300
"0606856",62,"2",4,0
"0607111",52,"1",4,38600
"0607116",54,"1",4,48000
"0607116",42,"1",4,23000
"0607116",17,"1",4,3500
"0608317",19,"1",4,2000
"0609564",39,"1",2,68000
"0609564",39,"1",4,23784
"0609564",11,"0",0,NA
"0609564",6,"0",0,NA
"0609891",50,"2",4,5000
"0609891",74,"2",4,18000
"0609891",84,"2",4,25900
"0610272",55,"1",4,39300
"0610272",52,"1",4,13800
"0614445",45,"1",4,41400
"0614445",46,"1",4,18200
"0614445",19,"1",4,5700
"0614775",62,"2",2,36600
"0614775",64,"2",4,4950
"0615135",49,"1",4,66200
"0615135",48,"1",4,29400
"0615135",11,"0",0,NA
"0616118",66,"1",2,18000
"0616118",60,"2",4,2000
"0616915",52,"1",4,9000
"0616915",44,"1",4,18000
"0617148",64,"2",2,44430
"0617148",63,"2",4,2210
"0617148",25,"1",4,25800
"0617148",1,"0",0,NA
"0617529",38,"1",4,50000
"0617529",35,"2",4,1500
"0618010",49,"1",2,20000
"0621433",53,"1",4,10620
"0623007",19,"1",4,8000
"0623166",35,"1",3,38000
"0623166",30,"1",4,19800
"0623318",55,"1",4,20000
"0623318",55,"1",4,36290
"0623318",16,"1",0,1600
"0623318",11,"0",0,NA
"0623318",6,"0",0,NA
"0623367",59,"2",4,980
"0623367",59,"1",2,24700
"0624650",29,"1",4,28200
"0624650",25,"1",4,20000
"0624650",25,"2",4,0
"0625594",31,"1",4,88000
"0625594",30,"2",4,0
"0625594",3,"0",0,NA
"0625594",1,"0",0,NA
"0625838",51,"1",4,17500
"0625838",55,"2",4,3200
"0627546",34,"1",4,26920
"0627546",33,"2",4,20
"0627546",4,"0",0,NA
"0632019",38,"1",4,40000
"0632019",32,"2",4,4200
"0632019",2,"0",0,NA
"0632019",13,"0",0,NA
"0632841",75,"2",4,5000
"0632841",76,"2",4,5000
"0632841",44,"1",4,25000
"0632841",16,"2",0,0
"0632841",12,"0",0,NA
"0633433",48,"1",4,35100
"0633433",46,"1",4,32000
"0634772",34,"1",4,85000
"0634772",35,"1",4,30000
"0634772",10,"0",0,NA
"0635104",79,"2",4,17200
"0635104",52,"1",2,73000
"0636247",54,"1",4,15200
"0636247",26,"1",4,3700
"0637562",53,"1",2,53500
"0637562",51,"2",4,0
"0640606",45,"1",4,57900
"0640606",40,"1",4,25600
"0640606",19,"1",4,3340
"0640606",16,"1",0,1200
"0640606",9,"0",0,NA
"0641196",73,"2",4,11800
"0641196",59,"2",4,0
"0641196",23,"1",4,5000
"0641196",19,"1",4,8100
"0642219",70,"2",4,8400
"0642706",58,"2",4,15510
"0643104",52,"1",4,67000
"0643104",51,"1",4,40000
"0643104",19,"1",4,1500
"0644562",34,"2",4,0
"0644929",18,"1",4,250
"0645381",47,"1",4,27000
"0645381",50,"1",4,40000
"0646140",71,"2",4,36800
"0646595",38,"1",4,10750
"0646595",8,"0",0,NA
"0646710",35,"1",4,8830
"0646710",15,"0",0,0
"0646710",11,"0",0,NA
"0646852",25,"1",4,27000
"0646852",27,"1",4,32000
"0648564",38,"1",4,11300
"0648564",35,"1",4,42000
"0650283",56,"1",3,20700
"0650283",52,"1",3,20100
"0650787",84,"2",2,24700
"0650787",88,"2",3,141500
"0651315",44,"1",4,25500
"0651315",51,"1",4,28000
"0651315",23,"1",4,5600
"0651315",1,"0",0,NA
"0651315",26,"1",4,28700
"0654266",68,"1",2,21000
"0654266",63,"1",4,109000
"0654308",50,"1",4,12500
"0655424",53,"1",2,91000
"0655424",40,"1",4,171000
"0655424",17,"1",4,6340
"0655424",15,"0",0,0
"0655940",51,"1",4,127200
"0655940",15,"0",0,11100
"0657510",54,"1",4,23000
"0657510",54,"1",4,30000
"0657510",30,"1",4,26000
"0658072",42,"1",4,12900
"0658072",43,"1",4,30500
"0658072",8,"0",0,NA
"0658431",19,"1",4,7600
"0660012",43,"1",4,16800
"0662119",59,"1",3,400
"0662348",63,"1",4,22800
"0662348",61,"1",4,9500
"0663112",41,"1",4,31500
"0663112",12,"0",0,NA
"0663112",8,"0",0,NA
"0663882",33,"1",2,44000
"0663882",31,"1",4,1000
"0663882",6,"0",0,NA
"0663882",5,"0",0,NA
"0664478",19,"1",4,2000
"0665323",43,"1",4,26000
"0665323",43,"1",4,25000
"0665323",19,"1",4,3400
"0665323",17,"1",4,600
"0665578",47,"1",4,20000
"0665578",49,"1",4,11000
"0665578",15,"0",0,0
"0665584",20,"1",4,5000
"0665584",20,"1",4,2000
"0666312",49,"1",2,26100
"0666312",54,"1",4,21600
"0666803",35,"1",4,5000
"0666803",34,"1",4,12000
"0666803",4,"0",0,NA
"0667030",33,"1",4,130000
"0667030",31,"1",4,27000
"0667592",40,"1",4,36070
"0667592",43,"1",2,60060
"0667592",16,"2",0,0
"0667592",13,"0",0,NA
"0667866",54,"1",2,33804
"0667866",44,"1",4,26410
"0667866",18,"1",4,8804
"0668272",36,"1",4,15700
"0668700",64,"1",3,48000
"0668700",59,"1",4,42000
"0669014",73,"1",2,76100
"0669014",69,"2",4,5800
"0669014",36,"1",4,18000
"0669014",8,"0",0,NA
"0669041",54,"1",4,76000
"0669041",53,"1",2,60000
"0669560",50,"1",4,45000
"0669560",52,"1",4,31000
"0669560",23,"1",4,23000
"0670050",51,"1",4,9000
"0670050",43,"2",4,105000
"0670050",13,"0",0,NA
"0670050",5,"0",0,NA
"0670182",29,"2",4,0
"0670182",29,"1",3,25000
"0670182",5,"0",0,NA
"0670182",1,"0",0,NA
"0670182",48,"1",4,16700
"0670697",36,"1",2,135200
"0670697",39,"1",4,50000
"0670697",12,"0",0,NA
"0670697",12,"0",0,NA
"0670770",46,"1",4,72150
"0670770",47,"1",4,11820
"0670770",17,"1",4,450
"0671529",20,"1",4,8000
"0671529",21,"1",4,7000
"0672084",72,"2",4,40100
"0672084",76,"2",4,5800
"0672764",73,"2",4,12300
"0672764",73,"2",2,15400
"0674442",67,"1",2,32000
"0674442",53,"2",4,0
"0674442",29,"2",4,2000
"0674442",26,"1",4,6000
"0674442",56,"1",4,36500
"0674442",6,"0",0,NA
"0674574",76,"2",4,5000
"0675195",68,"1",4,600
"0675280",45,"1",4,26030
"0675280",43,"1",4,7040
"0675280",12,"0",0,NA
"0675584",55,"2",2,8500
"0675623",72,"1",4,17000
"0675623",66,"2",4,11400
"0677171",50,"1",2,34220
"0677171",48,"2",4,0
"0677171",26,"1",4,14100
"0677171",29,"1",4,7100
"0677294",46,"1",4,67560
"0677294",18,"1",4,88100
"0677294",13,"0",0,NA
"0677338",86,"2",4,19200
"0678122",70,"1",4,15900
"0678122",63,"1",4,14900
"0678135",35,"2",4,12000
"0678260",77,"2",4,8600
"0678260",56,"1",4,16100
"0678314",47,"2",4,7000
"0678314",33,"1",4,5500
"0678314",13,"0",0,NA
"0678314",5,"0",0,NA
"0679069",70,"2",2,51200
"0680203",65,"2",4,10920
"0680368",19,"1",4,11200
"0681142",29,"1",4,24000
"0681142",28,"1",4,19000
"0681142",0,"0",0,NA
"0682624",54,"1",2,40000
"0682624",50,"1",4,8000
"0683233",39,"1",4,29100
"0683233",42,"2",4,6700
"0683233",17,"1",4,830
"0683233",16,"1",0,880
"0683233",12,"0",0,NA
"0683457",40,"1",4,22000
"0683457",29,"1",4,13300
"0683543",29,"1",4,10000
"0683543",25,"1",4,30000
"0683566",49,"1",4,10600
"0683566",54,"2",4,0
"0683566",18,"2",4,0
"0684552",33,"1",4,19000
"0684552",14,"0",0,NA
"0684552",11,"0",0,NA
"0684552",8,"0",0,NA
"0684552",35,"1",4,28000
"0684712",83,"2",4,11150
"0686207",76,"2",2,16800
"0686207",82,"2",4,52000
"0686913",27,"1",4,35100
"0686913",27,"1",4,6000
"0686913",7,"0",0,NA
"0686913",7,"0",0,NA
"0686913",6,"0",0,NA
"0687435",32,"1",4,70000
"0687435",28,"1",4,21500
"0687435",6,"0",0,NA
"0687435",2,"0",0,NA
"0688057",65,"1",4,22720
"0688057",71,"1",4,15920
"0689033",40,"1",4,24500
"0689033",45,"2",4,0
"0689033",19,"1",4,1800
"0689033",16,"1",0,2000
"0690107",43,"1",4,33000
"0690107",42,"1",4,32500
"0690107",13,"0",0,NA
"0690252",46,"1",4,24200
"0690252",71,"2",4,19200
"0692022",46,"1",2,39000
"0692022",44,"2",4,0
"0692022",20,"1",4,12000
"0692158",32,"1",4,6000
"0692158",26,"1",4,36000
"0692158",12,"0",0,NA
"0692158",8,"0",0,NA
"0692438",40,"1",4,55000
"0692438",41,"1",4,10700
"0692438",13,"0",0,NA
"0692438",12,"0",0,NA
"0692438",11,"0",0,NA
"0692438",9,"0",0,NA
"0694273",19,"1",4,900
"0695565",57,"1",4,25300
"0695812",45,"1",4,42100
"0695812",50,"1",4,21540
"0695948",86,"2",2,15700
"0695948",78,"2",2,11700
"0696425",45,"1",4,21000
"0696846",43,"1",4,26000
"0696846",45,"1",4,54000
"0696846",6,"0",0,NA
"0696846",3,"0",0,NA
"0697009",33,"1",4,13700
"0697009",23,"1",4,3200
"0697009",6,"0",0,NA
"0697011",58,"1",2,69000
"0697011",54,"1",4,8800
"0698164",76,"2",4,11200
"0698164",71,"2",4,8000
"0698217",71,"2",4,10600
"0698217",70,"2",4,15600
"0698983",68,"2",4,46500
"0699731",60,"1",2,94400
"0699731",59,"1",4,28100
"0699796",49,"1",4,67000
"0699796",33,"2",4,870
"0699796",7,"0",0,NA
"0699796",6,"0",0,NA
"0700557",50,"1",4,30000
"0701315",51,"1",2,32000
"0701315",38,"1",4,18000
"0701315",46,"2",4,0
"0702052",70,"2",4,10000
"0702296",51,"1",4,19970
"0702296",47,"1",4,10300
"0702296",15,"0",0,2000
"0702725",61,"1",4,15500
"0702725",80,"1",2,62400
"0705106",75,"2",4,115900
"0705169",35,"2",4,18760
"0705169",12,"0",0,NA
"0705169",5,"0",0,NA
"0705703",48,"1",4,10000
"0705703",43,"1",4,32000
"0705703",12,"0",0,NA
"0705703",5,"0",0,NA
"0706111",22,"1",4,9100
"0706111",24,"1",3,19000
"0708417",25,"1",4,36500
"0708417",6,"0",0,NA
"0708417",0,"0",0,NA
"0708417",25,"1",4,6300
"0708865",52,"1",2,104700
"0708865",51,"2",4,0
"0709214",46,"1",4,30400
"0709214",33,"1",4,28340
"0709214",15,"0",0,0
"0709214",13,"0",0,NA
"0710390",30,"1",4,22000
"0710523",49,"1",3,40000
"0710523",43,"2",4,2400
"0713126",58,"1",4,10000
"0713126",57,"2",4,12200
"0713126",26,"1",4,52000
"0713307",43,"1",4,30000
"0713498",81,"2",4,53700
"0713935",27,"1",4,26000
"0713935",2,"0",0,NA
"0713935",0,"0",0,NA
"0713935",20,"1",4,9300
"0714685",93,"2",4,6000
"0715468",22,"1",4,1800
"0715682",42,"1",4,55000
"0715682",53,"1",4,30000
"0715682",10,"0",0,NA
"0718936",75,"1",2,101200
"0718936",78,"2",4,4100
"0721744",32,"1",4,21000
"0721744",30,"2",4,0
"0721744",4,"0",0,NA
"0721744",1,"0",0,NA
"0722125",43,"1",4,17700
"0722125",32,"1",4,5900
"0722125",3,"0",0,NA
"0722563",44,"1",4,20200
"0722563",32,"1",4,10800
"0722643",83,"2",4,13000
"0722643",58,"1",4,14070
"0722643",67,"2",4,7600
"0722923",67,"2",2,11400
"0722923",71,"2",4,4200
"0723530",50,"1",4,50000
"0723530",49,"1",4,10000
"0723530",19,"1",4,5500
"0723530",15,"0",0,0
"0723602",69,"2",4,35200
"0724415",52,"1",4,77000
"0724415",48,"1",4,125200
"0724415",18,"2",4,0
"0724415",10,"0",0,NA
"0724688",59,"1",4,45000
"0725644",55,"2",4,6670
"0726720",73,"1",4,19700
"0727657",47,"1",4,45000
"0727657",14,"0",0,NA
"0727657",12,"0",0,NA
"0728204",37,"1",4,40200
"0728204",34,"1",4,20000
"0728204",10,"0",0,NA
"0728204",5,"0",0,NA
"0728986",77,"1",4,16600
"0732180",18,"1",4,1500
"0734664",26,"1",4,19200
"0734664",26,"1",4,36700
"0734664",3,"0",0,NA
"0735106",67,"1",4,18100
"0735106",34,"1",4,28000
"0735106",24,"1",4,18000
"0735106",10,"0",0,NA
"0735106",4,"0",0,NA
"0736429",44,"1",4,23300
"0736429",45,"2",4,0
"0736429",19,"2",4,0
"0736471",21,"2",4,0
"0737137",62,"1",2,29000
"0737137",62,"1",4,10500
"0737137",21,"1",4,20000
"0737557",61,"1",4,25500
"0738473",21,"2",4,0
"0739687",60,"1",4,29000
"0740174",72,"2",2,6900
"0740794",36,"1",4,39000
"0740794",36,"1",4,12160
"0742241",60,"1",3,55000
"0742241",55,"2",4,0
"0742403",45,"1",4,28500
"0742403",39,"1",4,31200
"0742403",13,"0",0,NA
"0743243",52,"1",4,44500
"0743243",52,"1",4,16900
"0743243",15,"0",0,1600
"0745013",49,"1",4,34500
"0745041",19,"1",4,3270
"0745041",1,"0",0,NA
"0745041",25,"1",4,41000
"0746118",56,"1",4,50100
"0746118",56,"1",4,35100
"0746161",40,"1",4,31100
"0746600",46,"2",4,29500
"0746849",34,"1",4,6000
"0750018",24,"1",4,800
"0751906",47,"1",4,39000
"0751906",47,"1",4,10100
"0752394",30,"1",4,20000
"0752394",34,"1",4,9800
"0752394",14,"0",0,NA
"0752394",12,"0",0,NA
"0752760",53,"1",4,4000
"0752760",60,"1",2,62000
"0753100",20,"2",4,0
"0753678",59,"2",4,6800
"0753678",8,"0",0,NA
"0753678",40,"1",4,36800
"0754012",44,"1",4,22000
"0754012",41,"2",4,0
"0754012",21,"2",4,6700
"0754012",20,"2",4,6700
"0754012",10,"0",0,NA
"0754012",19,"1",4,4200
"0754418",44,"1",4,39000
"0754418",44,"1",4,42000
"0754418",12,"0",0,NA
"0754563",60,"1",2,88100
"0754563",59,"1",4,14850
"0754862",80,"2",2,32700
"0754862",65,"1",4,72000
"0754988",67,"2",2,134100
"0754988",57,"1",4,16200
"0756357",93,"2",4,6800
"0756702",32,"1",2,29000
"0756702",30,"1",4,8000
"0756702",9,"0",0,NA
"0756702",6,"0",0,NA
"0758283",48,"1",4,32200
"0758742",19,"1",4,3200
"0759167",53,"1",4,142000
"0759167",52,"1",4,2900
"0759167",18,"1",4,1760
"0760346",41,"1",4,22000
"0760346",40,"1",4,12000
"0760346",18,"1",4,5000
"0760834",64,"2",3,48000
"0761582",57,"1",4,31800
"0761582",57,"1",4,37000
"0761629",93,"2",4,10600
"0762935",66,"1",4,37700
"0762979",66,"1",4,43300
"0763440",63,"1",2,16000
"0763440",64,"2",4,25900
"0764328",82,"2",2,8400
"0765584",69,"2",2,59200
"0765584",39,"1",4,26500
"0766868",55,"1",4,19000
"0766868",54,"2",2,8000
"0768093",44,"1",4,23300
"0769746",45,"1",4,8000
"0773444",36,"1",4,10000
"0773444",42,"1",4,36000
"0773444",13,"0",0,NA
"0773444",11,"0",0,NA
"0775331",40,"1",4,105000
"0775331",52,"1",4,28200
"0775805",80,"2",4,11700
"0775805",77,"2",4,5500
"0776079",21,"1",4,7000
"0776147",41,"1",4,13004
"0776147",41,"2",4,4100
"0776314",35,"1",4,26500
"0778110",53,"1",4,35000
"0778110",50,"1",4,5000
"0780643",51,"1",4,10300
"0780643",45,"1",4,14700
"0780643",17,"1",4,2100
"0780643",14,"0",0,NA
"0780895",59,"1",4,16000
"0781021",39,"1",4,30000
"0782744",72,"2",2,15300
"0782744",75,"1",4,26000
"0783468",62,"1",4,9700
"0783468",58,"1",4,30000
"0783821",44,"1",4,45350
"0783821",53,"1",4,7800
"0783821",7,"0",0,NA
"0783945",30,"1",4,27000
"0783945",19,"1",4,27000
"0784137",50,"1",2,180000
"0784137",50,"2",4,0
"0784137",18,"1",4,10000
"0784953",61,"1",4,28600
"0785118",43,"1",4,1e+05
"0785118",44,"2",4,0
"0785118",14,"0",0,NA
"0785118",9,"0",0,NA
"0786133",43,"1",4,26500
"0786133",44,"1",3,33000
"0786133",15,"0",0,4100
"0787119",26,"1",4,28600
"0787223",54,"1",2,26400
"0787223",56,"1",4,29900
"0787366",53,"1",2,49500
"0787366",50,"1",4,290
"0788206",44,"1",4,42500
"0788206",43,"1",4,72500
"0788206",15,"0",0,0
"0788206",15,"0",0,0
"0788934",19,"1",4,6100
"0789945",45,"1",4,42400
"0789945",44,"1",4,20000
"0789998",51,"1",4,23000
"0789998",41,"1",4,13900
"0789998",17,"1",4,920
"0790436",51,"1",4,24700
"0790543",68,"1",4,38620
"0790620",49,"1",4,20000
"0790620",46,"1",4,6500
"0790620",16,"2",0,0
"0792044",30,"1",4,10000
"0792216",59,"1",4,23620
"0792216",56,"1",4,1000
"0793303",47,"1",2,130000
"0793303",47,"1",4,12000
"0793303",10,"0",0,NA
"0793306",53,"1",4,54290
"0793306",54,"1",2,22450
"0795637",87,"2",4,10600
"0796130",44,"1",4,27500
"0796130",46,"2",4,200
"0796130",13,"0",0,NA
"0796130",11,"0",0,NA
"0796130",2,"0",0,NA
"0796806",51,"1",4,37000
"0796806",51,"1",4,3500
"0796806",22,"1",4,16600
"0797142",30,"1",4,29000
"0797142",30,"1",4,21000
"0797142",1,"0",0,NA
"0798335",75,"2",2,9100
"0798335",70,"2",4,15100
"0798472",29,"1",4,47830
"0798472",29,"1",4,22000
"0798472",1,"0",0,NA
"0802179",77,"2",2,9000
"0802179",41,"1",4,20400
"0802209",79,"1",2,17600
"0802534",60,"2",4,0
"0803488",39,"1",4,25000
"0803488",31,"1",4,33000
"0803488",1,"0",0,NA
"0804095",72,"2",4,15790
"0804095",47,"1",4,20300
"0804456",28,"1",4,35500
"0804764",61,"1",4,74710
"0804764",57,"1",4,25900
"0805984",40,"1",4,18000
"0806105",27,"1",4,17000
"0806105",28,"1",4,13000
"0806105",8,"0",0,NA
"0806105",6,"0",0,NA
"0806105",2,"0",0,NA
"0806105",62,"1",4,14300
"0808257",66,"2",2,0
"0808257",57,"2",4,0
"0808839",51,"1",4,30000
"0808839",53,"1",4,36500
"0809317",51,"1",4,51000
"0809317",52,"1",4,58080
"0810055",41,"1",4,32000
"0810055",43,"1",4,34700
"0810055",15,"0",0,0
"0810055",12,"0",0,NA
"0810055",10,"0",0,NA
"0810055",6,"0",0,NA
"0810055",4,"0",0,NA
"0810183",70,"2",2,15000
"0810871",36,"2",4,10700
"0810871",38,"1",4,23400
"0810871",12,"0",0,NA
"0811545",68,"2",4,5300
"0812513",52,"2",2,16600
"0813558",47,"1",4,27000
"0813558",13,"0",0,NA
"0813894",19,"1",4,2300
"0814709",38,"1",3,28000
"0814709",34,"1",4,18000
"0814709",8,"0",0,NA
"0814709",5,"0",0,NA
"0815105",44,"1",4,30000
"0815105",47,"1",4,40000
"0815105",10,"0",0,NA
"0815105",8,"0",0,NA
"0815283",58,"1",2,15700
"0815283",47,"1",4,17400
"0815744",49,"1",4,24770
"0816555",78,"1",4,37400
"0816555",72,"2",4,5700
"0816854",52,"1",4,42000
"0816854",48,"1",4,34000
"0819541",41,"1",4,55000
"0819541",40,"1",4,15000
"0819541",15,"0",0,0
"0819541",13,"0",0,NA
"0819541",11,"0",0,NA
"0819572",43,"1",4,13000
"0819572",44,"1",4,6000
"0820288",37,"1",4,25020
"0820288",35,"1",4,15020
"0820288",6,"0",0,NA
"0820288",4,"0",0,NA
"0821796",74,"2",2,12900
"0821796",82,"2",4,5200
"0822120",65,"2",2,23600
"0822120",67,"2",4,13000
"0823239",83,"2",2,16550
"0823239",78,"2",4,16100
"0823643",76,"2",4,10400
"0823643",80,"2",4,4300
"0824682",26,"1",4,25000
"0824682",17,"1",4,22000
"0825027",27,"1",4,30000
"0825027",27,"1",4,10400
"0825027",7,"0",0,NA
"0825027",4,"0",0,NA
"0825770",71,"2",2,10500
"0825770",65,"2",4,6000
"0825874",33,"1",4,43000
"0825874",32,"2",4,0
"0825874",4,"0",0,NA
"0825874",3,"0",0,NA
"0825874",2,"0",0,NA
"0827241",57,"1",2,20400
"0827545",82,"2",4,4160
"0827545",47,"2",4,12200
"0827823",64,"1",4,20900
"0827965",39,"1",4,8900
"0827965",17,"1",4,3000
"0827965",15,"0",0,500
"0827965",2,"0",0,NA
"0827965",33,"1",4,32700
"0827965",10,"0",0,NA
"0827965",5,"0",0,NA
"0828417",45,"1",4,30000
"0828417",45,"1",4,12000
"0828417",17,"2",4,50
"0828737",57,"1",4,48000
"0828737",60,"1",4,53000
"0828798",34,"1",4,24000
"0828798",36,"1",4,34000
"0828798",12,"0",0,NA
"0828798",10,"0",0,NA
"0832927",26,"1",4,27000
"0832927",32,"1",4,9000
"0836471",78,"2",4,0
"0836471",70,"2",4,0
"0837726",73,"1",2,63000
"0837726",72,"1",4,8100
"0839455",61,"1",2,45500
"0839455",58,"2",4,0
"0839645",68,"1",2,36000
"0839645",60,"1",4,2300
"0839645",79,"2",4,3340
"0839645",15,"0",0,1200
"0839796",23,"1",4,22000
"0839796",23,"1",4,11000
"0840628",43,"1",4,42000
"0840827",51,"1",4,45990
"0841571",30,"1",4,35000
"0841571",26,"1",4,25000
"0841571",0,"0",0,NA
"0841854",53,"1",2,51260
"0841854",54,"1",4,2900
"0841854",24,"1",4,18000
"0841854",22,"1",4,200
"0841854",17,"1",4,400
"0842751",42,"1",4,30970
"0842751",10,"0",0,NA
"0842751",9,"0",0,NA
"0843669",75,"2",4,3300
"0847061",53,"1",4,46500
"0847061",45,"1",4,20500
"0847590",34,"1",3,1370
"0848131",77,"2",4,22300
"0848309",35,"1",4,18000
"0848309",33,"1",4,16500
"0849075",51,"1",4,68300
"0853547",55,"1",4,25000
"0853547",55,"1",4,30100
"0853547",29,"1",4,28300
"0853717",61,"1",2,37000
"0853717",57,"2",4,0
"0854332",27,"2",2,0
"0854332",25,"1",4,9500
"0854332",5,"0",0,NA
"0854332",2,"0",0,NA
"0855422",70,"1",4,13070
"0855422",61,"2",4,0
"0856594",26,"1",4,20000
"0856594",25,"1",4,30000
"0856594",23,"1",4,10000
"0856952",46,"1",4,57000
"0856952",47,"1",4,35000
"0856952",23,"1",4,6000
"0858304",60,"1",4,28000
"0859010",20,"1",4,5000
"0859154",39,"1",4,45000
"0859154",15,"0",0,0
"0859154",14,"0",0,NA
"0859154",9,"0",0,NA
"0859911",36,"1",4,1200
"0860969",71,"1",4,12200
"0862537",20,"1",4,8600
"0862537",21,"1",4,6700
"0862537",20,"1",4,3000
"0862704",33,"1",4,30000
"0862704",32,"1",4,58000
"0862711",44,"1",4,27000
"0862711",46,"1",4,107000
"0862711",15,"0",0,480
"0862711",14,"0",0,NA
"0862711",10,"0",0,NA
"0863269",50,"1",4,19000
"0863269",48,"1",4,42000
"0863269",24,"1",4,18500
"0863364",51,"1",4,5480
"0863364",51,"1",4,123000
"0863364",16,"2",0,600
"0865673",60,"2",4,21600
"0865673",60,"1",4,12000
"0865772",39,"1",4,31100
"0865772",45,"1",4,34100
"0865772",16,"2",0,3000
"0866227",48,"1",4,15100
"0867744",54,"1",4,33500
"0867744",45,"1",4,1000
"0868623",49,"1",4,34100
"0868623",20,"1",4,35000
"0868872",44,"1",3,60040
"0868872",37,"1",4,25000
"0868872",15,"0",0,0
"0868872",15,"0",0,0
"0870965",53,"1",4,14800
"0872130",34,"1",4,18830
"0872130",30,"1",4,28300
"0872130",27,"1",4,4170
"0873236",33,"1",4,28000
"0873492",44,"1",4,35000
"0873492",39,"1",4,42900
"0874394",83,"2",4,9600
"0876642",71,"2",4,27470
"0876642",76,"2",4,6300
"0876902",42,"1",4,29300
"0876902",38,"1",4,45000
"0877373",63,"1",4,16200
"0877373",41,"2",4,10100
"0877373",29,"1",4,8800
"0877373",25,"2",4,0
"0877373",15,"0",0,0
"0877373",38,"1",4,11900
"0877570",67,"1",4,326200
"0877570",66,"1",4,26810
"0878477",79,"2",4,1400
"0878477",72,"2",4,7200
"0880070",49,"1",4,33000
"0880070",46,"2",4,0
"0880421",56,"1",4,17000
"0880421",55,"1",4,22000
"0880421",30,"1",4,27700
"0880688",58,"1",2,3400
"0880688",42,"2",4,0
"0880688",14,"0",0,NA
"0880688",12,"0",0,NA
"0881346",39,"1",4,68050
"0881346",46,"1",4,4900
"0881346",8,"0",0,NA
"0882143",42,"1",4,37000
"0882143",18,"1",4,1600
"0882143",15,"0",0,0
"0882143",6,"0",0,NA
"0882424",41,"1",4,33500
"0882424",53,"1",3,54000
"0883007",48,"1",4,42000
"0883007",45,"1",4,20000
"0883007",20,"1",4,18700
"0883007",15,"0",0,2000
"0884302",59,"2",2,7000
"0884302",48,"1",4,37000
"0885153",57,"1",4,32000
"0885538",56,"1",4,21000
"0885538",59,"1",2,15900
"0885662",46,"1",2,56250
"0885662",49,"1",4,6900
"0885662",19,"1",4,3560
"0885662",17,"2",4,80
"0885662",16,"2",0,4
"0886962",21,"1",4,4500
"0886962",24,"1",4,10000
"0887167",86,"2",4,11500
"0887528",19,"1",4,5000
"0888070",42,"2",2,14800
"0888070",51,"1",4,11000
"0888835",44,"1",4,41200
"0889153",29,"1",4,30000
"0889153",31,"2",4,0
"0889153",8,"0",0,NA
"0889153",7,"0",0,NA
"0889153",6,"0",0,NA
"0889153",4,"0",0,NA
"0889153",2,"0",0,NA
"0889540",41,"1",4,24000
"0889540",38,"1",4,30400
"0889540",13,"0",0,NA
"0889540",11,"0",0,NA
"0890737",52,"1",4,35000
"0890737",51,"1",4,23000
"0890871",81,"2",2,21800
"0892655",70,"1",4,64000
"0892655",70,"2",4,16600
"0892655",17,"1",4,2500
"0892872",20,"1",4,1600
"0893098",50,"1",4,20200
"0893098",50,"1",4,39720
"0893763",67,"2",2,40710
"0893763",70,"2",4,0
"0895534",73,"1",4,65000
"0895534",73,"1",4,16600
"0895542",27,"1",4,30000
"0895542",26,"1",4,25000
"0895542",0,"0",0,NA
"0895651",41,"2",4,8600
"0895651",13,"0",0,NA
"0895663",33,"1",4,25150
"0895663",30,"1",4,22000
"0895663",2,"0",0,NA
"0895689",57,"1",4,414000
"0895689",63,"2",4,0
"0896713",37,"1",4,59780
"0896713",30,"1",4,32000
"0896713",9,"0",0,NA
"0896713",7,"0",0,NA
"0896713",5,"0",0,NA
"0896946",19,"1",4,4500
"0896968",51,"1",4,73000
"0897588",34,"1",4,38500
"0897588",27,"1",4,4000
"0897588",2,"0",0,NA
"0897588",35,"1",4,50500
"0897589",33,"1",4,40350
"0898587",47,"1",4,30000
"0898587",44,"1",4,4800
"0898587",15,"0",0,0
"0899562",36,"1",4,30300
"0899562",29,"1",4,72000
"0899562",0,"0",0,NA
"0900669",38,"1",4,30000
"0900669",36,"1",4,26500
"0900669",14,"0",0,NA
"0900669",11,"0",0,NA
"0901000",23,"1",4,28000
"0901000",24,"1",4,14000
"0901000",0,"0",0,NA
"0901071",30,"1",4,23300
"0902438",56,"2",4,8200
"0902438",54,"2",4,0
"0902438",31,"1",4,16400
"0903422",36,"1",4,24200
"0903422",8,"0",0,NA
"0903985",39,"1",4,10000
"0903985",13,"0",0,NA
"0903985",12,"0",0,NA
"0903985",11,"0",0,NA
"0903985",8,"0",0,NA
"0903985",39,"1",4,20000
"0903985",18,"1",4,6000
"0904202",40,"1",3,35000
"0904202",41,"1",4,12000
"0904202",11,"0",0,NA
"0904202",9,"0",0,NA
"0904202",6,"0",0,NA
"0904424",20,"1",4,7500
"0904424",20,"1",4,3000
"0904424",20,"1",4,100
"0905335",74,"2",4,12300
"0905335",50,"1",4,21000
"0905335",25,"1",4,16000
"0905335",52,"1",2,22200
"0906830",43,"1",4,15500
"0906830",51,"1",4,23500
"0906830",7,"0",0,NA
"0906830",3,"0",0,NA
"0907144",27,"1",2,35000
"0908167",56,"1",4,3700
"0908167",53,"1",4,19000
"0908167",47,"2",4,0
"0909233",53,"2",4,0
"0909233",50,"1",4,18000
"0909233",12,"0",0,NA
"0909268",66,"1",2,40880
"0909268",51,"2",4,840
"0909522",41,"1",2,78000
"0909522",39,"1",4,16300
"0909522",17,"1",4,840
"0909522",15,"0",0,0
"0910065",39,"2",4,0
"0910065",14,"0",0,NA
"0910065",12,"0",0,NA
"0910065",8,"0",0,NA
"0912943",30,"2",4,3210
"0912943",12,"0",0,NA
"0912943",8,"0",0,NA
"0912943",4,"0",0,NA
"0913028",66,"2",2,14600
"0913028",73,"1",4,7500
"0915074",41,"1",4,34500
"0915074",43,"1",4,35300
"0915074",12,"0",0,NA
"0915074",7,"0",0,NA
"0915743",58,"1",4,7200
"0916379",50,"1",2,56000
"0916579",29,"1",2,23400
"0916579",10,"0",0,NA
"0916579",9,"0",0,NA
"0916579",32,"1",2,12000
"0916690",57,"1",2,160000
"0916690",13,"0",0,NA
"0916690",36,"1",4,50000
"0916881",27,"1",4,34504
"0916881",26,"1",4,10000
"0917053",56,"2",4,12000
"0917053",50,"1",4,7900
"0917053",18,"2",4,0
"0917053",14,"0",0,NA
"0917053",11,"0",0,NA
"0917472",26,"1",4,21500
"0918906",33,"1",4,15000
"0918906",37,"1",4,20900
"0918906",8,"0",0,NA
"0918906",6,"0",0,NA
"0919177",72,"2",2,42500
"0919177",77,"2",4,7230
"0919691",49,"1",4,52300
"0919691",22,"1",4,5600
"0919691",19,"1",4,5100
"0921531",78,"2",4,13900
"0921531",53,"1",4,8000
"0921585",56,"2",4,8800
"0921585",52,"2",4,6700
"0921585",25,"1",4,2400
"0922760",42,"1",4,48240
"0922760",45,"1",4,27500
"0922760",15,"0",0,0
"0922760",12,"0",0,NA
"0923454",22,"1",4,18000
"0924782",68,"1",2,39100
"0924782",65,"1",4,13300
"0925622",36,"1",4,27400
"0925622",35,"1",4,71800
"0925622",2,"0",0,NA
"0926344",74,"2",2,18000
"0927470",53,"1",2,55000
"0927470",50,"1",4,29000
"0927615",36,"1",4,18000
"0927953",66,"1",2,17000
"0927953",71,"1",4,15300
"0929326",49,"1",4,34000
"0929326",46,"1",4,42900
"0929326",13,"0",0,NA
"0929326",11,"0",0,NA
"0930061",14,"0",0,NA
"0931280",45,"1",4,22150
"0931280",42,"1",4,12000
"0931280",11,"0",0,NA
"0931280",9,"0",0,NA
"0931870",53,"1",4,112000
"0931870",53,"2",4,0
"0933117",45,"2",4,0
"0933117",72,"2",4,9800
"0933471",68,"2",4,12000
"0933471",68,"2",2,24000
"0933740",22,"1",4,17800
"0933740",26,"1",4,17800
"0934153",51,"1",4,46070
"0934153",51,"1",4,580
"0934153",28,"1",4,13900
"0935541",26,"1",4,12000
"0935541",9,"0",0,NA
"0935541",6,"0",0,NA
"0935541",5,"0",0,NA
"0935541",3,"0",0,NA
"0935541",31,"1",4,16000
"0935551",37,"1",4,46000
"0935551",16,"2",0,0
"0938392",53,"1",2,22000
"0941173",37,"1",4,46000
"0941173",33,"2",4,15000
"0941173",13,"0",0,NA
"0941173",5,"0",0,NA
"0941173",2,"0",0,NA
"0941420",37,"1",4,15500
"0941420",28,"1",4,18000
"0941420",10,"0",0,NA
"0941420",1,"0",0,NA
"0941420",43,"2",4,1200
"0942035",18,"1",4,5000
"0942144",60,"1",2,44100
"0942144",56,"2",4,2400
"0942537",43,"1",4,48000
"0942537",45,"1",4,20200
"0942537",6,"0",0,NA
"0942537",2,"0",0,NA
"0942539",57,"1",3,30350
"0942539",57,"1",4,40010
"0942785",32,"1",4,78000
"0942853",43,"1",4,14500
"0942853",61,"1",4,21500
"0943118",85,"2",4,1100
"0944104",50,"1",4,42900
"0944798",24,"2",4,5400
"0944798",25,"1",4,10000
"0944798",2,"0",0,NA
"0947827",39,"1",4,31400
"0947827",33,"1",3,33110
"0948195",76,"2",2,26170
"0948195",68,"2",4,6200
"0949092",22,"1",4,16000
"0949092",22,"1",4,9000
"0950617",18,"1",3,7000
"0951225",68,"2",4,9200
"0951505",44,"1",2,35080
"0951505",33,"1",4,16400
"0952293",50,"1",2,14200
"0952293",49,"1",4,18600
"0952293",23,"1",4,10500
"0952293",22,"1",4,24060
"0952852",75,"2",4,19300
"0953334",73,"2",2,15590
"0953334",68,"2",4,7680
"0953960",47,"1",2,30000
"0954294",54,"1",2,4200
"0954294",58,"1",4,8000
"0956657",37,"1",4,57000
"0956657",54,"1",4,30000
"0956657",14,"0",0,NA
"0956657",5,"0",0,NA
"0957500",58,"1",2,30000
"0957500",58,"1",4,9000
"0957544",54,"2",4,0
"0958164",42,"1",4,32440
"0958164",26,"1",4,38500
"0959299",37,"1",2,13050
"0959299",35,"1",4,8200
"0959299",14,"0",0,NA
"0959299",12,"0",0,NA
"0959743",63,"1",3,29700
"0960162",93,"2",4,12400
"0960162",93,"2",4,3500
"0960162",64,"2",4,3600
"0960781",51,"2",4,8400
"0960781",35,"1",4,25000
"0960781",13,"0",0,NA
"0960781",9,"0",0,NA
"0960781",8,"0",0,NA
"0960948",56,"1",4,42000
"0960948",54,"1",4,15000
"0961570",36,"1",4,17000
"0961570",36,"1",4,28000
"0961570",13,"0",0,NA
"0961856",35,"1",4,7700
"0961856",8,"0",0,NA
"0961856",5,"0",0,NA
"0963441",55,"2",4,3000
"0963441",57,"1",4,31200
"0963538",33,"2",4,6000
"0963538",11,"0",0,NA
"0963996",38,"1",4,52200
"0963996",36,"1",4,55000
"0963996",7,"0",0,NA
"0963996",5,"0",0,NA
"0964536",76,"2",4,8200
"0964536",77,"1",2,287900
"0965161",45,"2",4,7700
"0965342",57,"1",4,38560
"0965342",54,"1",4,25490
"0965369",21,"1",4,3500
"0965487",55,"1",2,25000
"0965487",55,"1",4,5000
"0966806",55,"1",3,170000
"0966806",53,"1",4,15000
"0966806",25,"1",4,34000
"0966833",53,"2",2,105000
"0966833",56,"2",4,500
"0967500",39,"1",4,45000
"0967500",36,"2",4,0
"0967500",9,"0",0,NA
"0967500",6,"0",0,NA
"0967954",44,"1",4,20000
"0967954",45,"1",4,20000
"0968453",21,"1",3,6000
"0968453",26,"1",4,8000
"0968683",25,"1",4,12000
"0968683",23,"1",4,20000
"0968683",30,"1",4,23000
"0968683",21,"1",4,25000
"0970557",46,"1",2,22000
"0970715",46,"1",4,74000
"0970715",45,"1",4,65000
"0971008",54,"1",4,14030
"0971418",31,"1",2,33900
"0971418",33,"1",4,21000
"0971418",9,"0",0,NA
"0971418",14,"0",0,NA
"0971895",53,"1",3,25000
"0971895",93,"2",4,13200
"0973548",37,"1",3,78000
"0973548",46,"1",4,43000
"0974056",62,"1",2,95000
"0974056",59,"2",4,0
"0974056",22,"2",4,2000
"0974092",45,"1",4,34400
"0974092",43,"1",4,33000
"0974092",18,"2",4,0
"0974092",13,"0",0,NA
"0974092",8,"0",0,NA
"0974934",28,"1",4,9000
"0976115",69,"2",4,5000
"0976115",65,"1",2,67000
"0976233",28,"1",4,34600
"0976876",18,"1",4,3000
"0977776",28,"1",4,3000
"0978961",76,"2",2,10570
"0979140",75,"2",2,16800
"0979140",71,"2",4,6200
"0982373",67,"2",4,11200
"0983288",59,"1",2,67000
"0983288",59,"1",4,3600
"0984386",36,"2",4,13300
"0984386",6,"0",0,NA
"0984386",6,"0",0,NA
"0984608",18,"1",4,2300
"0984743",22,"1",4,4600
"0986195",34,"1",4,18600
"0986634",43,"1",4,29600
"0986634",43,"1",4,17000
"0987445",54,"1",2,65150
"0987445",55,"1",4,12700
"0988129",36,"1",4,34630
"0988129",36,"1",4,2000
"0988129",2,"0",0,NA
"0988129",0,"0",0,NA
"0989164",73,"2",4,4400
"0989491",60,"1",4,62000
"0989491",60,"2",4,1000
"0989789",41,"1",4,20600
"0989789",17,"2",4,0
"0989789",45,"1",4,22000
"0990202",21,"1",3,4700
"0990497",29,"1",4,48000
"0990497",30,"1",4,48000
"0990635",48,"1",4,52500
"0991590",47,"1",4,30600
"0991590",12,"0",0,NA
"0991590",10,"0",0,NA
"0992159",56,"1",2,18000
"0992159",54,"1",4,32000
"0992159",12,"0",0,NA
"0992285",19,"2",4,0
"0992914",57,"1",2,30000
"0992914",51,"2",4,0
"0997111",35,"1",4,23000
"0997306",82,"2",2,1600
"0997484",46,"1",2,46500
"0997484",46,"1",4,22810
"0998842",47,"1",4,51500
"0998842",50,"1",4,50000
"0999289",69,"2",4,10100
"0999289",68,"1",4,26400
"0999836",50,"1",4,24800
"0999836",53,"1",4,21700
"0999836",27,"1",4,14000
"0999836",0,"0",0,NA
"0999991",61,"1",4,21800
"1000799",23,"1",4,8900
"1000799",2,"0",0,NA
"1000799",0,"0",0,NA
"1000799",21,"2",4,0
"1001110",22,"1",2,9000
"1001694",60,"1",2,-2800
"1001694",59,"1",4,26000
"1001874",58,"1",2,26400
"1001874",56,"2",4,0
"1001874",26,"1",4,9850
"1001874",17,"2",4,0
"1001874",13,"0",0,NA
"1002885",65,"1",4,18200
"1003431",37,"1",4,89800
"1003431",28,"1",4,29300
"1003455",30,"1",4,22030
"1003455",29,"1",4,24010
"1004805",19,"1",4,1650
"1005992",38,"1",3,18000
"1005992",36,"2",4,0
"1005992",7,"0",0,NA
"1005992",2,"0",0,NA
"1007435",32,"1",4,28800
"1007435",27,"1",4,19200
"1008818",31,"1",4,15000
"1008818",28,"1",4,18800
"1008818",1,"0",0,NA
"1008948",36,"1",4,30000
"1008948",36,"2",4,0
"1008948",9,"0",0,NA
"1008948",6,"0",0,NA
"1008948",0,"0",0,NA
"1008948",16,"1",0,900
"1009259",67,"1",4,16000
"1009356",81,"2",2,17800
"1010186",44,"1",4,69400
"1010186",37,"1",4,28000
"1010186",1,"0",0,NA
"1010186",1,"0",0,NA
"1010396",46,"1",4,30000
"1010396",36,"1",4,30400
"1010396",18,"1",4,3300
"1010396",14,"0",0,NA
"1010512",80,"2",4,15300
"1011276",62,"1",4,38700
"1011276",62,"1",4,7200
"1011431",68,"2",4,6700
"1013744",45,"2",4,0
"1014720",49,"1",4,14640
"1014720",52,"1",4,35120
"1014720",15,"0",0,1200
"1014898",76,"2",2,11400
"1014898",69,"1",4,5900
"1017213",42,"1",4,67900
"1017213",40,"1",4,56000
"1017213",15,"0",0,0
"1017213",12,"0",0,NA
"1017213",12,"0",0,NA
"1017445",20,"1",4,1500
"1018779",47,"1",4,32000
"1018779",54,"2",4,0
"1018779",27,"1",4,2000
"1018779",78,"2",4,17600
"1019292",46,"1",4,34000
"1019292",40,"1",4,27000
"1019292",9,"0",0,NA
"1019675",38,"1",4,12000
"1019675",12,"0",0,NA
"1019675",10,"0",0,NA
"1020281",53,"1",2,36400
"1020281",49,"1",4,21000
"1020591",51,"1",4,27000
"1020591",51,"1",4,28600
"1020835",77,"2",4,15000
"1022722",41,"2",4,12000
"1022722",41,"1",4,1700
"1022722",17,"1",4,1800
"1022722",11,"0",0,NA
"1023992",36,"1",4,21000
"1023992",27,"1",4,17000
"1024119",42,"1",4,33000
"1024119",43,"1",4,1000
"1024119",13,"0",0,NA
"1024119",12,"0",0,NA
"1024119",6,"0",0,NA
"1024119",3,"0",0,NA
"1024169",84,"1",4,17000
"1024898",61,"1",4,30000
"1024898",56,"1",4,5000
"1026661",47,"1",4,32000
"1026661",43,"1",4,6000
"1028549",71,"2",4,25000
"1028549",70,"2",4,6000
"1028644",73,"1",2,165200
"1028644",64,"1",4,15000
"1028888",59,"1",4,8500
"1028888",60,"1",4,29610
"1028888",52,"1",4,30730
"1029124",23,"1",4,9500
"1029124",24,"1",4,10000
"1029670",55,"1",4,131000
"1029670",28,"1",4,20000
"1029670",41,"1",4,39000
"1029670",33,"1",4,27000
"1031505",42,"1",4,14700
"1031505",11,"0",0,NA
"1031505",9,"0",0,NA
"1031505",6,"0",0,NA
"1033441",46,"1",2,19500
"1033441",47,"1",4,3400
"1033441",19,"1",4,6920
"1034578",45,"1",4,55000
"1034578",47,"1",4,19300
"1034578",6,"0",0,NA
"1035847",87,"2",4,13600
"1035998",21,"1",4,1000
"1035998",21,"1",4,4400
"1035998",0,"0",0,NA
"1036022",46,"2",4,8000
"1036301",29,"1",2,32200
"1036301",33,"1",3,22000
"1036301",9,"0",0,NA
"1036301",6,"0",0,NA
"1036301",4,"0",0,NA
"1036301",4,"0",0,NA
"1036987",29,"1",4,11000
"1036987",32,"1",4,21000
"1036987",6,"0",0,NA
"1036987",3,"0",0,NA
"1036987",11,"0",0,NA
"1037196",20,"1",4,6500
"1037196",21,"1",4,1900
"1037196",20,"1",4,1000
"1037377",39,"1",4,30000
"1037377",36,"1",4,19900
"1037377",18,"1",4,4000
"1037377",17,"1",4,500
"1039097",41,"1",4,29800
"1039097",38,"1",4,18500
"1039097",17,"1",4,2300
"1039097",13,"0",0,NA
"1041610",58,"1",4,16170
"1041610",55,"1",4,7400
"1041839",58,"1",2,23300
"1041839",56,"1",4,105000
"1041839",20,"1",4,9800
"1043348",50,"1",4,16300
"1043402",71,"2",4,9000
"1043402",34,"1",4,30100
"1044540",75,"2",4,10900
"1045221",29,"1",4,21000
"1045221",28,"1",4,21000
"1045221",4,"0",0,NA
"1046207",53,"1",4,28000
"1046207",50,"1",4,21000
"1047660",23,"1",4,18000
"1048766",50,"1",4,38000
"1048766",48,"1",4,1000
"1048766",9,"0",0,NA
"1048766",7,"0",0,NA
"1049501",60,"1",2,10300
"1049564",29,"1",4,37030
"1049564",29,"1",4,6720
"1049564",2,"0",0,NA
"1050233",47,"1",4,38000
"1050233",19,"1",4,4500
"1051011",43,"1",4,66000
"1052582",63,"1",4,43700
"1052582",55,"1",4,27600
"1052582",38,"1",4,64000
"1052654",39,"1",4,75000
"1052654",40,"1",3,56000
"1052654",10,"0",0,NA
"1052654",6,"0",0,NA
"1054629",33,"1",4,42000
"1054629",33,"1",4,15900
"1054629",5,"0",0,NA
"1054629",2,"0",0,NA
"1055551",37,"1",4,31000
"1055551",11,"0",0,NA
"1055551",9,"0",0,NA
"1055608",78,"2",4,7400
"1056492",29,"1",4,2400
"1056492",27,"1",4,28000
"1056492",8,"0",0,NA
"1056492",6,"0",0,NA
"1056729",44,"1",4,60000
"1056729",36,"1",4,16400
"1056729",17,"1",4,1500
"1056729",14,"0",0,NA
"1057002",50,"1",3,45400
"1057002",48,"1",4,20000
"1057270",56,"1",2,15000
"1057270",55,"1",4,39400
"1057795",53,"1",4,15600
"1057795",51,"1",4,31000
"1058791",45,"1",4,33400
"1058791",39,"1",4,27000
"1059489",65,"2",2,7000
"1059664",37,"1",4,37500
"1059664",6,"0",0,NA
"1061623",33,"1",4,17100
"1061623",30,"1",4,4500
"1061623",7,"0",0,NA
"1061623",5,"0",0,NA
"1061623",3,"0",0,NA
"1062840",79,"2",4,24800
"1063349",21,"2",4,0
"1066695",61,"1",4,36200
"1066695",64,"2",4,16300
"1066756",47,"1",4,29050
"1066756",44,"1",4,13030
"1066756",22,"1",4,3500
"1066756",4,"0",0,NA
"1066756",2,"0",0,NA
"1067690",41,"1",4,14000
"1067690",38,"1",4,33004
"1067690",11,"0",0,NA
"1067690",7,"0",0,NA
"1067780",40,"1",4,57000
"1067780",35,"1",4,19700
"1067780",2,"0",0,NA
"1067780",0,"0",0,NA
"1068142",24,"1",4,22520
"1068142",27,"1",4,25000
"1068685",36,"1",4,46120
"1068763",51,"2",2,38900
"1068763",56,"1",4,49400
"1069059",78,"2",3,10200
"1069059",68,"2",4,12000
"1070340",52,"1",4,25000
"1070340",48,"1",4,12000
"1070340",14,"0",0,NA
"1072201",65,"1",4,103000
"1072201",41,"1",4,25000
"1073295",20,"1",4,20000
"1073543",89,"2",4,14400
"1073672",47,"1",2,27000
"1073672",38,"1",4,16000
"1073672",18,"1",4,7500
"1073672",15,"0",0,0
"1073768",25,"1",4,15600
"1073784",22,"1",4,7700
"1073784",24,"1",4,3700
"1073784",22,"1",4,5100
"1073784",21,"1",4,10000
"1074230",21,"1",4,5720
"1074230",21,"1",4,10200
"1074278",36,"2",4,35820
"1075195",40,"1",4,38000
"1075195",39,"1",4,9400
"1075195",13,"0",0,NA
"1075195",10,"0",0,NA
"1075593",25,"1",4,23000
"1075593",0,"0",0,NA
"1075593",3,"0",0,NA
"1075593",24,"1",4,70000
"1075882",56,"1",4,37000
"1075882",51,"1",4,10000
"1075882",18,"1",4,5000
"1075960",70,"1",4,21300
"1076265",49,"1",4,5800
"1076265",51,"1",4,171000
"1076879",84,"2",2,28800
"1076879",93,"2",4,20000
"1077038",51,"1",4,35000
"1077038",51,"1",2,21200
"1077038",44,"2",4,7200
"1078308",85,"2",4,9730
"1080414",26,"1",4,30000
"1080414",27,"2",4,1000
"1080414",0,"0",0,NA
"1080414",24,"1",4,15600
"1080414",24,"1",4,24130
"1081834",40,"1",4,58000
"1081834",38,"2",4,0
"1081834",13,"0",0,NA
"1081834",11,"0",0,NA
"1081834",7,"0",0,NA
"1081834",3,"0",0,NA
"1082874",72,"2",2,34000
"1082874",74,"1",4,30300
"1083571",71,"2",4,9000
"1084734",69,"1",2,53400
"1084734",65,"2",4,5000
"1086197",52,"1",2,118000
"1086197",52,"1",4,39000
"1086532",44,"1",4,26000
"1086689",29,"1",4,20000
"1086689",37,"2",4,0
"1088002",74,"1",4,23500
"1088138",34,"1",4,29400
"1089789",41,"1",4,140000
"1089789",33,"1",4,80000
"1090062",62,"2",2,10700
"1090139",60,"1",3,44000
"1090139",60,"2",4,0
"1090139",39,"1",4,25500
"1090139",82,"2",4,5300
"1091806",44,"1",4,66600
"1091806",42,"1",4,35000
"1091806",13,"0",0,NA
"1091806",10,"0",0,NA
"1092498",51,"1",2,16000
"1092498",53,"1",4,15000
"1092498",24,"1",2,13000
"1093658",51,"1",4,41000
"1093658",50,"1",4,16000
"1093658",31,"1",4,14000
"1093658",9,"0",0,NA
"1093658",7,"0",0,NA
"1094102",27,"1",4,6200
"1094102",3,"0",0,NA
"1094816",44,"1",4,70200
"1094816",44,"1",4,27000
"1094816",16,"1",0,2400
"1094816",16,"1",0,3200
"1096644",35,"1",2,19300
"1097672",47,"1",4,298950
"1097672",54,"1",4,40000
"1098152",73,"2",4,6100
"1098207",57,"1",4,19000
"1098207",55,"1",4,34000
"1098220",19,"1",4,2000
"1098633",85,"2",2,22300
"1099842",19,"1",4,6300
"1100133",39,"1",4,36000
"1100133",40,"1",4,29080
"1100133",21,"1",4,2700
"1100860",43,"1",4,31670
"1100860",43,"1",4,55080
"1100860",12,"0",0,NA
"1100860",9,"0",0,NA
"1102393",39,"1",4,36000
"1102393",35,"1",4,64000
"1102393",11,"0",0,NA
"1102393",7,"0",0,NA
"1102393",6,"0",0,NA
"1102393",2,"0",0,NA
"1104260",45,"1",4,40000
"1105214",71,"2",4,19570
"1105556",40,"2",4,3000
"1105556",39,"1",4,309000
"1105556",6,"0",0,NA
"1105556",5,"0",0,NA
"1107892",52,"1",4,2100
"1107931",44,"1",4,18500
"1107931",15,"0",0,0
"1107931",20,"1",4,8500
"1107931",19,"1",4,920
"1107931",0,"0",0,NA
"1107931",15,"0",0,5000
"1109195",69,"1",2,37600
"1109195",31,"1",4,10000
"1109195",64,"2",4,8000
"1110489",47,"1",4,49000
"1110489",43,"1",4,4900
"1110489",18,"1",4,2100
"1111148",70,"1",4,62700
"1112117",68,"2",4,33940
"1112766",27,"1",4,17000
"1112766",20,"2",4,0
"1112766",19,"1",4,2500
"1113446",56,"1",2,30800
"1113446",55,"1",4,31000
"1114258",32,"1",2,45370
"1114258",33,"2",4,0
"1114258",1,"0",0,NA
"1114662",73,"1",4,7900
"1119338",78,"2",2,9600
"1119338",81,"2",4,6600
"1119511",75,"2",4,11400
"1119511",73,"1",4,9900
"1120132",39,"2",4,9400
"1120238",41,"1",4,49000
"1120672",33,"1",4,39000
"1120672",7,"0",0,NA
"1120672",5,"0",0,NA
"1120672",3,"0",0,NA
"1120672",28,"1",4,18000
"1120881",65,"1",3,60000
"1121759",61,"1",2,24000
"1121759",55,"1",4,22000
"1122119",86,"2",4,7100
"1123833",20,"1",4,2000
"1124573",34,"1",4,25000
"1124573",12,"0",0,NA
"1124573",8,"0",0,NA
"1124573",5,"0",0,NA
"1124573",37,"1",4,40000
"1124612",71,"2",4,7850
"1125903",35,"1",2,57000
"1125903",34,"1",4,2000
"1125903",14,"0",0,NA
"1125903",13,"0",0,NA
"1125903",11,"0",0,NA
"1126127",80,"2",2,10300
"1126127",72,"2",4,3900
"1126127",58,"2",4,7040
"1127681",45,"1",4,42000
"1127681",47,"1",4,20450
"1127681",20,"1",4,22580
"1127886",51,"1",2,15200
"1127886",50,"2",4,0
"1127886",28,"1",2,13200
"1127886",20,"2",4,0
"1128017",50,"1",4,77040
"1128017",39,"1",4,74210
"1128017",13,"0",0,NA
"1128017",11,"0",0,NA
"1128380",43,"1",2,25000
"1128380",37,"2",4,4600
"1128380",17,"1",4,2900
"1128380",14,"0",0,NA
"1128380",17,"2",4,2900
"1128380",11,"0",0,NA
"1129575",20,"1",4,5000
"1130062",51,"1",4,62000
"1130062",50,"1",4,46000
"1130223",37,"1",4,73000
"1130223",18,"1",4,200
"1130223",17,"1",4,400
"1130242",50,"2",4,10800
"1131268",69,"2",2,24600
"1131877",47,"1",4,80500
"1131877",45,"2",4,0
"1131877",9,"0",0,NA
"1131877",4,"0",0,NA
"1131970",35,"1",4,23480
"1131970",34,"1",4,27300
"1131970",1,"0",0,NA
"1132020",37,"1",4,83000
"1132020",30,"1",4,26000
"1133488",19,"1",4,4500
"1134883",56,"1",4,36000
"1134883",53,"1",4,24000
"1134945",67,"2",2,2700
"1135840",53,"1",2,86000
"1135840",53,"1",4,43000
"1136127",76,"2",4,22300
"1136524",82,"2",4,2130
"1136804",47,"1",2,35000
"1136804",42,"1",4,16000
"1138063",70,"2",4,15500
"1138063",63,"1",4,4300
"1138676",52,"1",2,50000
"1138676",52,"1",4,35000
"1138676",20,"1",4,16000
"1138724",65,"1",4,24500
"1140239",55,"1",2,30000
"1140239",20,"1",4,7800
"1140239",18,"1",4,3300
"1140239",53,"1",4,7500
"1140978",42,"1",2,61000
"1140978",44,"2",4,12000
"1142338",78,"2",4,8430
"1142463",24,"1",4,30000
"1142663",66,"1",4,11600
"1142663",63,"2",4,4720
"1142663",39,"2",4,7300
"1142857",62,"1",4,40000
"1144781",27,"1",4,14700
"1144781",26,"1",4,15300
"1145102",30,"1",4,11400
"1145102",10,"0",0,NA
"1145102",8,"0",0,NA
"1145214",37,"1",4,5200
"1145214",39,"1",4,30000
"1145608",80,"2",4,9200
"1145666",36,"1",4,23000
"1145666",8,"0",0,NA
"1145666",5,"0",0,NA
"1145666",1,"0",0,NA
"1146353",64,"1",4,20600
"1146353",55,"1",4,21900
"1146353",18,"1",4,6000
"1146488",42,"1",3,16000
"1147419",45,"1",4,16000
"1147419",46,"1",4,42000
"1147419",14,"0",0,NA
"1147419",7,"0",0,NA
"1147423",51,"1",4,358400
"1147423",48,"1",4,62000
"1147423",17,"2",4,0
"1147645",46,"1",4,6000
"1147645",42,"1",4,51000
"1147645",17,"1",4,2600
"1147677",78,"2",4,37300
"1147957",76,"2",4,13500
"1149985",26,"1",4,38000
"1149985",28,"1",4,32500
"1149985",6,"0",0,NA
"1149985",3,"0",0,NA
"1150172",93,"2",4,13600
"1150761",54,"1",4,15000
"1150789",57,"1",4,110300
"1151295",76,"2",2,22000
"1151364",57,"1",3,28000
"1151364",55,"1",4,10000
"1151882",21,"1",4,7200
"1152971",64,"2",4,9500
"1152971",62,"2",4,5900
"1153435",77,"2",4,134500
"1153547",35,"1",2,65000
"1153902",76,"2",2,16300
"1153902",69,"2",4,22100
"1156651",65,"1",2,4700
"1156651",65,"2",4,0
"1157424",51,"1",2,61000
"1157424",48,"1",4,17500
"1157424",22,"1",4,18000
"1157903",78,"1",4,27600
"1157903",43,"1",4,18500
"1159419",61,"1",4,16200
"1159419",56,"2",4,0
"1160325",48,"2",4,0
"1161140",21,"1",4,6550
"1161140",23,"1",4,9500
"1161140",5,"0",0,NA
"1161140",1,"0",0,NA
"1161718",40,"1",4,20000
"1161718",20,"1",4,14000
"1161718",17,"1",4,5300
"1161991",74,"1",2,56300
"1161991",74,"1",4,63700
"1162673",42,"1",4,4600
"1162673",41,"1",4,6000
"1162673",6,"0",0,NA
"1162764",36,"1",4,34200
"1162764",34,"1",4,1700
"1162764",9,"0",0,NA
"1162764",8,"0",0,NA
"1162764",7,"0",0,NA
"1162862",62,"2",4,85100
"1164677",53,"1",4,41200
"1164677",36,"1",4,16800
"1164677",1,"0",0,NA
"1165405",72,"1",2,323700
"1165405",65,"1",4,31400
"1165679",63,"2",4,8650
"1166841",56,"1",2,67600
"1166841",56,"1",4,-5800
"1168235",79,"2",4,9600
"1168235",79,"2",2,15400
"1168605",48,"2",4,12600
"1168839",42,"1",4,46500
"1170023",57,"1",4,58740
"1170602",52,"1",4,51000
"1170602",61,"1",4,21390
"1171471",69,"1",4,36080
"1171471",78,"2",4,2000
"1173341",59,"1",2,6000
"1173605",44,"1",4,15200
"1173605",40,"1",4,60200
"1173605",12,"0",0,NA
"1173605",5,"0",0,NA
"1173605",10,"0",0,NA
"1174120",30,"1",4,22000
"1174120",34,"1",2,40000
"1174120",7,"0",0,NA
"1174120",6,"0",0,NA
"1174306",69,"2",2,18000
"1174306",59,"1",4,38080
"1176826",37,"1",4,40000
"1176826",36,"1",4,36000
"1176826",6,"0",0,NA
"1176895",49,"1",2,65000
"1176895",44,"1",4,540
"1176895",15,"0",0,0
"1176895",13,"0",0,NA
"1177670",64,"2",4,20900
"1177670",24,"1",4,13900
"1177737",40,"1",4,22600
"1177737",46,"1",4,52000
"1177737",17,"1",4,1100
"1177737",14,"0",0,NA
"1180489",27,"1",4,47000
"1180489",26,"1",4,1700
"1180489",2,"0",0,NA
"1182858",44,"1",4,119500
"1182858",45,"1",4,22750
"1183596",20,"2",4,0
"1183824",93,"2",4,8400
"1185141",73,"1",4,20620
"1186149",42,"1",4,46000
"1186149",39,"1",4,1400
"1186149",6,"0",0,NA
"1186149",1,"0",0,NA
"1189807",62,"1",3,11000
"1189807",60,"2",4,3900
"1190586",24,"1",3,15000
"1190751",51,"2",4,1200
"1190987",62,"1",2,125000
"1190987",61,"2",4,47000
"1194800",34,"1",4,18000
"1194820",68,"2",2,15000
"1194820",64,"1",4,12800
"1194990",76,"2",2,9300
"1194990",67,"2",4,5400
"1196023",35,"1",4,25520
"1196023",6,"0",0,NA
"1196339",35,"1",2,17600
"1196339",33,"1",4,9000
"1196339",7,"0",0,NA
"1196525",73,"2",2,139700
"1196525",75,"2",4,12200
"1196778",54,"1",4,40500
"1196778",63,"2",4,27300
"1199977",42,"1",4,50700
"1199977",42,"1",4,8300
"1199977",16,"2",0,3700
"1199977",12,"0",0,NA
"1201388",21,"1",4,9100
"1201583",51,"2",2,12000
"1201583",40,"1",4,20050
"1202211",58,"1",2,40000
"1202211",52,"1",4,55000
"1202433",29,"1",4,16000
"1202433",12,"0",0,NA
"1202433",9,"0",0,NA
"1202433",30,"1",2,27000
"1203164",51,"1",4,26100
"1203225",39,"1",4,42000
"1203556",29,"1",4,50000
"1203556",3,"0",0,NA
"1203556",0,"0",0,NA
"1203556",51,"1",2,17100
"1205326",56,"2",4,29200
"1205326",53,"2",4,0
"1205934",32,"1",4,13000
"1205934",36,"1",4,18500
"1205934",5,"0",0,NA
"1205934",17,"2",4,0
"1206181",54,"2",4,0
"1206181",55,"1",2,25000
"1206181",12,"0",0,NA
"1207546",67,"2",4,10700
"1208080",70,"2",2,23000
"1208080",64,"2",4,4100
"1208359",18,"2",4,0
"1208359",17,"2",4,0
"1208916",49,"1",3,53500
"1208916",37,"1",4,14000
"1208916",10,"0",0,NA
"1208916",10,"0",0,NA
"1209185",28,"1",4,30000
"1209185",26,"1",4,16000
"1209185",1,"0",0,NA
"1209255",42,"1",4,60400
"1209255",39,"1",4,20000
"1209255",19,"1",4,18000
"1209255",16,"2",0,0
"1209841",59,"1",2,26800
"1209841",50,"1",4,41500
"1211392",37,"1",4,10000
"1211392",30,"1",4,-480
"1211392",8,"0",0,NA
"1211392",5,"0",0,NA
"1212724",62,"1",4,21800
"1212724",38,"1",4,4200
"1212724",10,"0",0,NA
"1212724",44,"1",2,25000
"1213017",48,"1",4,28000
"1216682",19,"1",4,3000
"1217623",43,"1",4,33050
"1217783",46,"1",3,32000
"1217783",18,"1",4,6500
"1217783",15,"0",0,0
"1217783",36,"1",4,14000
"1218565",51,"1",4,21820
"1218981",21,"1",4,15000
"1218981",18,"1",4,6500
"1219306",79,"2",4,12560
"1219583",68,"2",4,8800
"1219923",65,"1",2,58800
"1219923",64,"1",4,14700
"1220005",19,"1",4,7200
"1220005",18,"1",4,9000
"1221158",54,"1",4,10000
"1221158",52,"1",4,20000
"1221158",22,"1",4,2100
"1221594",63,"1",4,28000
"1221594",53,"1",4,28000
"1222038",57,"1",4,40000
"1222038",55,"2",4,0
"1222672",29,"1",4,24000
"1222672",3,"0",0,NA
"1222672",32,"1",2,40000
"1223447",60,"1",2,6500
"1223447",58,"1",4,39000
"1224927",49,"1",3,2210
"1224927",18,"1",4,800
"1224963",55,"1",4,37270
"1225454",58,"1",4,20620
"1225454",58,"1",4,20800
"1225454",39,"1",4,5100
"1225892",37,"1",4,50900
"1225892",27,"1",4,34000
"1226520",70,"2",4,7000
"1226854",36,"1",4,8610
"1226854",11,"0",0,NA
"1226854",35,"1",4,8500
"1227423",19,"1",4,10600
"1229043",58,"1",4,33000
"1229043",63,"1",4,17900
"1231625",22,"1",4,9100
"1231625",1,"0",0,NA
"1234025",70,"2",2,14000
"1234025",75,"2",4,35000
"1237196",25,"1",4,13000
"1237196",7,"0",0,NA
"1237929",57,"1",4,75280
"1237929",42,"1",4,40000
"1237929",14,"0",0,NA
"1237929",10,"0",0,NA
"1237929",8,"0",0,NA
"1238766",84,"2",4,50400
"1239460",61,"1",4,35470
"1239460",66,"1",4,51800
"1239460",33,"2",4,0
"1240075",63,"1",4,51140
"1241061",45,"1",4,32900
"1241339",32,"1",4,13500
"1241339",29,"1",4,6000
"1241339",13,"0",0,NA
"1241844",51,"1",4,38000
"1242067",52,"1",2,75000
"1242586",50,"2",4,5000
"1242586",47,"2",4,105000
"1242586",13,"0",0,NA
"1242586",10,"0",0,NA
"1242679",33,"1",4,60700
"1242679",36,"1",4,5000
"1242679",3,"0",0,NA
"1242679",2,"0",0,NA
"1242871",24,"1",4,34600
"1242871",6,"0",0,NA
"1242871",3,"0",0,NA
"1242871",1,"0",0,NA
"1242871",37,"1",3,6900
"1244867",60,"2",4,6800
"1244867",33,"1",4,29900
"1245489",38,"1",4,26700
"1245778",44,"1",4,380
"1245778",42,"1",4,390
"1245778",18,"1",4,4200
"1245778",10,"0",0,NA
"1245778",6,"0",0,NA
"1245778",4,"0",0,NA
"1245784",35,"1",4,433000
"1245784",34,"1",4,34000
"1245784",2,"0",0,NA
"1245784",0,"0",0,NA
"1245922",47,"1",4,57630
"1245922",43,"1",4,23500
"1246565",76,"1",4,11930
"1248248",67,"2",2,11000
"1248248",64,"2",4,0
"1248341",26,"1",4,25400
"1248341",1,"0",0,NA
"1248341",35,"1",4,6000
"1248539",32,"1",4,34500
"1248539",11,"0",0,NA
"1248539",3,"0",0,NA
"1249952",23,"1",4,15000
"1250063",46,"1",4,29000
"1250063",43,"1",4,314800
"1250063",15,"0",0,0
"1250063",10,"0",0,NA
"1251001",50,"1",4,39000
"1251001",40,"2",4,0
"1251001",16,"2",0,0
"1251001",13,"0",0,NA
"1251512",49,"1",4,49100
"1251512",49,"1",4,15500
"1252669",63,"1",2,39600
"1252669",48,"1",4,12000
"1252669",19,"1",4,1900
"1252669",16,"1",0,500
"1253423",21,"2",4,6000
"1253423",3,"0",0,NA
"1253434",56,"1",4,4800
"1253434",65,"1",2,20000
"1254327",24,"1",4,2400
"1254327",23,"2",4,0
"1255750",49,"1",4,39210
"1255750",47,"1",4,34700
"1255750",9,"0",0,NA
"1255750",7,"0",0,NA
"1255941",52,"1",2,41300
"1255941",38,"1",4,11500
"1255941",12,"0",0,NA
"1257843",44,"1",4,58000
"1257843",42,"1",4,2700
"1257843",17,"2",4,0
"1257843",12,"0",0,NA
"1257843",79,"2",4,13700
"1257972",33,"1",4,37000
"1257972",28,"1",4,26500
"1258599",65,"2",4,5000
"1261424",42,"1",4,48000
"1261424",45,"1",4,42000
"1261424",10,"0",0,NA
"1261424",10,"0",0,NA
"1261988",31,"1",4,20000
"1261988",30,"2",4,0
"1262308",29,"1",4,30000
"1262308",29,"2",4,0
"1262308",1,"0",0,NA
"1262544",47,"1",4,19470
"1262544",47,"1",4,49100
"1262544",16,"1",0,7400
"1262952",55,"1",4,93660
"1262952",54,"1",2,86560
"1262952",28,"1",4,8700
"1263367",54,"1",4,24300
"1265429",47,"2",4,0
"1267623",60,"1",2,33000
"1267623",56,"2",4,0
"1268265",45,"1",4,12000
"1269163",56,"1",4,33500
"1269400",43,"1",4,41000
"1269400",40,"1",4,29000
"1269400",18,"1",4,10600
"1269400",16,"1",0,2520
"1270536",18,"1",4,600
"1271178",72,"2",4,8400
"1271393",93,"2",4,9300
"1271489",46,"1",4,16800
"1271489",47,"1",4,18000
"1271489",16,"2",0,0
"1271489",14,"0",0,NA
"1271489",13,"0",0,NA
"1273397",47,"1",4,32030
"1273397",47,"1",4,40000
"1273397",15,"0",0,0
"1273397",19,"1",4,1900
"1273397",18,"1",4,2100
"1275371",83,"2",2,5300
"1275371",33,"1",4,2400
"1275371",12,"0",0,NA
"1275371",38,"1",2,64000
"1276744",56,"1",4,8400
"1277474",69,"1",2,25800
"1277474",48,"1",4,16700
"1277733",36,"1",4,10000
"1277733",44,"1",4,46000
"1277733",3,"0",0,NA
"1277733",0,"0",0,NA
"1278368",55,"1",4,23990
"1280649",78,"2",4,20800
"1282525",26,"1",4,17500
"1282525",30,"1",4,22000
"1282525",0,"0",0,NA
"1282598",61,"2",3,0
"1282598",33,"1",4,19000
"1282598",6,"0",0,NA
"1282598",2,"0",0,NA
"1282685",60,"1",4,12300
"1282685",47,"1",4,39400
"1284804",47,"1",4,35000
"1284804",10,"0",0,NA
"1285454",64,"1",2,101100
"1285454",73,"2",4,0
"1286500",19,"1",4,2000
"1286790",46,"2",2,9500
"1286790",43,"1",4,22200
"1286790",13,"0",0,NA
"1286790",13,"0",0,NA
"1286941",52,"1",4,47000
"1286941",51,"1",2,65000
"1286941",17,"1",4,4300
"1286941",15,"0",0,0
"1287185",24,"1",4,18000
"1287185",26,"1",4,24700
"1287500",70,"1",4,27400
"1289088",54,"1",4,39200
"1289088",50,"1",4,33300
"1289608",38,"1",4,25600
"1289608",28,"1",4,17500
"1289608",5,"0",0,NA
"1289608",3,"0",0,NA
"1290024",81,"2",4,27700
"1290640",36,"1",4,12800
"1290640",42,"1",4,26760
"1290640",16,"2",0,0
"1290640",15,"0",0,0
"1290640",12,"0",0,NA
"1290640",12,"0",0,NA
"1290640",9,"0",0,NA
"1291357",36,"1",4,28400
"1292146",57,"1",2,73370
"1292146",55,"1",4,37300
"1292146",20,"1",4,3700
"1292172",30,"1",4,12150
"1292172",39,"1",4,35150
"1292172",0,"0",0,NA
"1292236",54,"1",4,17300
"1292402",53,"2",4,105000
"1292402",55,"2",4,0
"1292594",53,"1",3,22300
"1292594",51,"1",4,37100
"1292808",39,"1",4,13100
"1292808",19,"1",4,10100
"1292808",16,"1",0,500
"1292808",14,"0",0,NA
"1292808",7,"0",0,NA
"1292894",37,"1",4,50000
"1292894",16,"1",0,1200
"1292894",12,"0",0,NA
"1292894",9,"0",0,NA
"1292894",5,"0",0,NA
"1294079",22,"1",4,18000
"1294079",21,"1",4,14600
"1294628",21,"1",4,31000
"1294628",20,"1",4,29000
"1296144",44,"1",4,26000
"1296144",43,"1",3,25000
"1296144",17,"1",4,1200
"1296144",16,"1",0,1400
"1296144",6,"0",0,NA
"1297264",52,"1",3,42800
"1297264",50,"2",4,4000
"1297442",70,"1",2,37800
"1297442",50,"1",4,10000
"1297978",52,"1",4,6800
"1298358",20,"1",4,1500
"1298565",49,"2",2,26000
"1298828",68,"1",4,30000
"1298828",66,"1",4,22800
"1301166",89,"2",4,9500
"1301166",87,"2",4,9680
"1301742",48,"1",4,30000
"1301742",19,"1",4,500
"1301971",32,"1",2,20000
"1301971",30,"1",4,20000
"1303190",51,"2",2,460
"1303190",50,"1",4,44900
"1303746",40,"1",4,35300
"1304016",65,"1",4,35900
"1305003",46,"1",4,88190
"1305003",46,"1",4,13100
"1305003",16,"1",0,2900
"1305003",14,"0",0,NA
"1306134",33,"1",4,25000
"1306134",32,"1",4,6000
"1306134",11,"0",0,NA
"1306134",7,"0",0,NA
"1306986",50,"1",4,21400
"1310197",71,"2",4,7000
"1310527",81,"2",4,122900
"1310773",42,"1",4,22800
"1311447",58,"1",2,44800
"1311447",50,"1",4,35000
"1312712",46,"1",4,50050
"1312712",47,"1",4,17050
"1312957",46,"1",4,94200
"1312957",51,"1",4,27200
"1313481",42,"1",2,44600
"1313481",38,"1",4,45900
"1313481",17,"1",4,6100
"1313524",51,"1",2,30000
"1313524",49,"1",4,48020
"1313733",42,"2",4,169000
"1313733",11,"0",0,NA
"1313733",13,"0",0,NA
"1314052",59,"1",2,21800
"1314148",74,"2",4,50600
"1314148",33,"1",4,8500
"1314148",30,"2",4,800
"1315771",42,"1",4,52660
"1315771",41,"1",4,24410
"1315771",6,"0",0,NA
"1315771",3,"0",0,NA
"1317791",57,"1",4,13504
"1317791",69,"1",2,34300
"1317791",36,"2",4,7900
"1317791",33,"2",4,7700
"1317791",8,"0",0,NA
"1318901",35,"1",4,55000
"1318901",33,"1",4,32000
"1318901",6,"0",0,NA
"1318901",5,"0",0,NA
"1320089",68,"2",2,14000
"1320089",73,"2",4,13000
"1320235",63,"1",4,24100
"1320235",62,"2",4,2000
"1321248",70,"2",2,15000
"1321248",72,"2",4,27100
"1321248",29,"1",4,54000
"1322545",45,"1",4,36000
"1325985",73,"2",2,35100
"1325985",74,"2",4,2600
"1326317",62,"1",2,15870
"1326317",62,"1",4,37200
"1326670",55,"2",2,8000
"1326670",56,"1",4,12000
"1327534",42,"1",4,32000
"1327534",41,"1",3,12000
"1327534",16,"2",0,0
"1328345",50,"1",3,15600
"1328345",48,"1",4,18600
"1328345",8,"0",0,NA
"1329250",26,"1",4,18500
"1329250",3,"0",0,NA
"1329250",24,"2",4,0
"1330514",40,"2",4,0
"1330514",35,"1",4,52000
"1330514",6,"0",0,NA
"1330514",3,"0",0,NA
"1331993",45,"1",4,20000
"1331993",45,"1",4,10000
"1332391",47,"1",2,29100
"1332391",46,"1",4,11000
"1332391",21,"1",4,5700
"1332445",52,"1",4,14100
"1333051",42,"1",4,39000
"1333051",41,"1",4,21000
"1333051",21,"1",4,6900
"1333051",18,"1",3,3000
"1333051",16,"1",0,4000
"1333051",7,"0",0,NA
"1333051",6,"0",0,NA
"1333606",53,"1",4,25000
"1333606",53,"1",3,14500
"1333925",45,"1",4,40000
"1333925",40,"1",4,17500
"1334050",44,"1",2,39900
"1334050",44,"2",4,10200
"1335492",21,"1",4,15000
"1335492",19,"1",4,7800
"1335638",30,"1",4,27700
"1337166",45,"1",2,13000
"1338466",46,"1",4,22000
"1339299",41,"1",4,28000
"1342491",54,"2",4,0
"1342491",52,"1",4,290000
"1342732",74,"1",4,31200
"1342732",66,"2",3,5000
"1343473",61,"2",4,129000
"1343473",58,"2",4,0
"1344051",42,"1",4,15500
"1344051",11,"0",0,NA
"1344227",61,"1",4,32100
"1344227",58,"1",4,23200
"1344640",45,"1",4,16000
"1344640",47,"1",2,60000
"1344640",6,"0",0,NA
"1345266",57,"1",3,31000
"1345266",55,"1",4,26000
"1345266",27,"1",4,16000
"1348286",58,"1",4,15000
"1350930",45,"1",4,9600
"1350930",50,"1",4,43200
"1350930",25,"1",4,15340
"1351693",31,"1",4,16550
"1351693",31,"1",4,28000
"1351727",71,"1",2,51300
"1352544",47,"1",4,11970
"1352544",43,"1",4,11200
"1352544",34,"1",4,40000
"1352544",10,"0",0,NA
"1352544",9,"0",0,NA
"1353122",60,"1",4,8160
"1353122",78,"2",4,7000
"1353965",48,"1",4,10300
"1353965",21,"1",4,9000
"1354748",29,"1",4,47730
"1356788",33,"1",4,70000
"1356788",34,"1",4,50000
"1356788",1,"0",0,NA
"1357857",19,"1",4,2000
"1357920",25,"1",4,31700
"1357920",25,"1",2,31000
"1359936",89,"2",4,16400
"1359936",85,"2",4,23900
"1360676",70,"2",2,18360
"1360896",40,"1",4,6000
"1360896",11,"0",0,NA
"1360896",9,"0",0,NA
"1361322",64,"2",4,15000
"1361322",48,"1",4,35000
"1361322",73,"2",4,5400
"1361415",37,"1",4,50800
"1361415",32,"1",4,21800
"1362345",28,"1",4,27500
"1362345",7,"0",0,NA
"1362345",25,"1",4,26500
"1362799",18,"1",4,3000
"1363681",79,"2",4,8030
"1363681",46,"2",4,8100
"1366609",53,"1",2,70000
"1366609",50,"1",4,13200
"1366895",33,"1",4,43000
"1366895",27,"1",4,28000
"1366987",52,"1",4,62000
"1366987",49,"1",4,12000
"1367173",77,"2",2,24200
"1367173",74,"2",4,4600
"1367173",52,"2",2,41900
"1367340",76,"2",2,40000
"1368149",26,"1",4,70400
"1368149",34,"1",4,19900
"1368149",0,"0",0,NA
"1368149",10,"0",0,NA
"1368356",43,"1",4,22080
"1368356",14,"0",0,NA
"1368356",43,"1",4,18400
"1368356",16,"1",0,4600
"1368356",13,"0",0,NA
"1368434",36,"1",4,22000
"1368495",25,"1",4,18000
"1368495",24,"1",4,24000
"1368524",45,"1",4,21900
"1368524",16,"2",0,0
"1368524",14,"0",0,NA
"1368524",11,"0",0,NA
"1372197",53,"1",4,65000
"1372197",56,"2",4,0
"1375711",64,"2",3,13400
"1375711",72,"2",4,5660
"1375725",40,"1",4,45000
"1375725",38,"1",4,35000
"1375725",16,"2",0,0
"1375725",13,"0",0,NA
"1377118",37,"1",4,3600
"1377118",39,"1",2,38000
"1377118",11,"0",0,NA
"1378067",43,"1",4,27000
"1378067",42,"1",4,17000
"1378067",7,"0",0,NA
"1378067",6,"0",0,NA
"1378067",17,"1",4,4800
"1378214",27,"1",4,18000
"1378214",25,"1",4,18000
"1381404",60,"2",3,13320
"1381600",87,"2",4,14600
"1381612",66,"2",2,6710
"1381612",70,"2",4,31800
"1383739",36,"1",4,35250
"1383949",49,"1",4,21400
"1384447",19,"1",4,1000
"1385128",51,"1",4,59720
"1386220",93,"2",4,11900
"1386460",58,"1",4,73000
"1386460",57,"1",4,15500
"1386741",59,"2",2,10400
"1386741",58,"1",4,13000
"1386741",31,"2",4,0
"1387354",23,"1",4,25000
"1387354",21,"1",4,21000
"1388406",84,"2",4,75100
"1388752",52,"1",4,19100
"1388752",49,"1",4,112400
"1388752",10,"0",0,NA
"1388867",42,"1",4,75000
"1388867",36,"1",4,45000
"1388867",5,"0",0,NA
"1388867",2,"0",0,NA
"1389226",32,"1",4,57000
"1390033",76,"2",4,13800
"1391341",85,"2",4,23530
"1391571",64,"1",4,19100
"1391571",57,"1",4,15600
"1392038",44,"1",4,39900
"1392038",42,"1",3,65000
"1392194",74,"2",4,2200
"1393661",42,"1",4,34700
"1393661",41,"1",4,5000
"1393661",20,"1",4,1000
"1393661",18,"1",4,2880
"1393661",15,"0",0,0
"1393661",7,"0",0,NA
"1394271",29,"1",4,40000
"1394271",28,"1",4,24000
"1394271",1,"0",0,NA
"1394562",41,"1",4,24500
"1394562",31,"1",4,6000
"1394562",9,"0",0,NA
"1394562",6,"0",0,NA
"1394562",4,"0",0,NA
"1394909",79,"2",3,18200
"1395139",23,"1",4,1500
"1396760",29,"1",4,17000
"1397014",44,"1",4,26900
"1397014",14,"0",0,NA
"1397014",12,"0",0,NA
"1397014",10,"0",0,NA
"1397880",19,"1",4,4000
"1398119",86,"2",4,0
"1398774",72,"1",4,11000
"1399751",46,"1",4,30100
"1399751",44,"1",4,33000
"1399751",11,"0",0,NA
"1400705",46,"1",2,110200
"1400705",38,"1",4,7000
"1400705",13,"0",0,NA
"1400705",9,"0",0,NA
"1400705",4,"0",0,NA
"1401100",83,"1",4,63400
"1403174",74,"2",4,9200
"1403183",62,"1",4,6000
"1403183",62,"1",2,12000
"1403590",39,"1",4,5200
"1403590",52,"1",4,8330
"1404964",27,"1",4,55000
"1405181",24,"1",2,13100
"1405181",22,"1",4,13000
"1405432",42,"1",4,10000
"1405432",43,"1",4,20000
"1405432",14,"0",0,NA
"1405432",6,"0",0,NA
"1406849",60,"2",4,0
"1406849",62,"1",2,309000
"1407671",42,"1",4,18000
"1407671",45,"1",4,22000
"1407671",19,"1",4,10400
"1407671",15,"0",0,750
"1407671",43,"1",4,4600
"1407671",17,"1",4,2100
"1408241",82,"2",2,13300
"1408241",50,"1",2,10000
"1409394",79,"2",4,7600
"1411905",74,"2",4,8180
"1411922",40,"1",4,52000
"1411922",37,"1",4,5980
"1411922",11,"0",0,NA
"1411922",6,"0",0,NA
"1413358",31,"1",2,34000
"1413358",27,"2",4,0
"1413358",4,"0",0,NA
"1413358",0,"0",0,NA
"1413864",45,"1",4,47000
"1413967",61,"2",2,0
"1415344",51,"1",3,28600
"1415344",54,"1",4,13100
"1415997",62,"1",4,32900
"1418105",71,"1",4,26400
"1420077",33,"1",4,23600
"1420077",28,"1",4,8200
"1420077",26,"1",4,23500
"1420077",28,"2",4,0
"1420236",59,"1",2,35500
"1421115",30,"1",4,48500
"1421115",34,"2",4,0
"1421115",6,"0",0,NA
"1421115",5,"0",0,NA
"1421115",4,"0",0,NA
"1421115",3,"0",0,NA
"1421115",0,"0",0,NA
"1422420",71,"1",4,18230
"1423321",42,"1",4,25000
"1423321",41,"2",4,28000
"1423321",18,"1",4,240
"1423590",84,"2",2,95450
"1423590",79,"2",4,0
"1425347",81,"2",4,4900
"1425728",27,"1",4,31400
"1425728",23,"1",4,2300
"1425728",0,"0",0,NA
"1425728",66,"2",4,6810
"1425838",67,"2",2,70000
"1425838",66,"2",4,2600
"1425862",43,"1",4,50070
"1425862",41,"1",4,6400
"1425862",11,"0",0,NA
"1425862",8,"0",0,NA
"1426411",59,"1",3,44500
"1426411",56,"2",4,3200
"1426411",25,"1",4,6650
"1426411",85,"2",4,22300
"1427785",72,"2",2,15000
"1427785",62,"1",4,30000
"1428821",35,"1",4,39870
"1428821",39,"2",4,0
"1428821",4,"0",0,NA
"1428821",1,"0",0,NA
"1429307",67,"2",2,8910
"1429307",60,"1",4,10900
"1429653",59,"1",4,27300
"1430469",33,"1",4,18000
"1430469",15,"0",0,2000
"1430469",37,"1",2,20040
"1430469",17,"1",4,10300
"1431432",54,"1",2,54600
"1431432",48,"1",4,16300
"1431432",15,"0",0,0
"1431730",35,"1",4,55000
"1431730",30,"1",4,75000
"1433593",61,"1",4,27800
"1433705",26,"1",4,24500
"1433705",5,"0",0,NA
"1434528",21,"1",4,1300
"1436038",22,"1",4,13600
"1436061",43,"1",4,23000
"1436211",37,"1",2,23000
"1436211",39,"1",4,35000
"1436211",33,"1",4,20000
"1436528",65,"2",2,6000
"1436528",57,"2",4,0
"1438764",40,"1",4,15000
"1438764",20,"1",4,3000
"1440585",64,"1",2,19950
"1440585",42,"1",4,22390
"1440585",35,"1",4,19900
"1440740",57,"1",4,33470
"1440740",58,"1",4,41900
"1442388",44,"1",4,80000
"1442388",41,"1",4,36610
"1442388",12,"0",0,NA
"1443139",64,"2",4,7500
"1443139",85,"2",4,8500
"1443345",39,"1",4,24000
"1443345",45,"1",4,48700
"1443860",28,"1",4,15600
"1443860",29,"1",4,33000
"1443860",6,"0",0,NA
"1443860",4,"0",0,NA
"1444062",50,"1",4,21900
"1445019",56,"2",4,24100
"1445717",22,"1",4,9500
"1445717",25,"1",4,7100
"1445717",5,"0",0,NA
"1446183",72,"2",4,17100
"1446183",77,"2",4,4300
"1448203",35,"1",4,12100
"1448203",37,"1",4,20000
"1448203",8,"0",0,NA
"1448203",4,"0",0,NA
"1448939",49,"1",3,56000
"1448939",46,"2",4,0
"1448939",20,"1",4,4000
"1448939",15,"0",0,0
"1449851",39,"1",4,-4200
"1449851",41,"2",4,0
"1449851",11,"0",0,NA
"1449851",10,"0",0,NA
"1449851",4,"0",0,NA
"1449851",17,"2",4,0
"1450132",35,"1",4,109500
"1450132",34,"2",4,0
"1450132",4,"0",0,NA
"1450132",3,"0",0,NA
"1450649",83,"2",2,4710
"1452075",40,"1",4,15000
"1452075",36,"1",4,15000
"1452099",20,"1",4,3000
"1453335",39,"2",4,0
"1453335",42,"1",4,25000
"1453335",15,"0",0,0
"1453335",9,"0",0,NA
"1453683",80,"1",4,45000
"1456767",23,"1",4,16000
"1456767",23,"1",4,6300
"1460088",52,"1",4,38600
"1461812",54,"1",4,54300
"1461812",56,"1",4,4700
"1463244",34,"1",2,25000
"1463244",11,"0",0,NA
"1463244",10,"0",0,NA
"1463244",7,"0",0,NA
"1463244",4,"0",0,NA
"1463244",32,"1",2,4400
"1463934",19,"1",4,3500
"1464674",75,"2",4,17100
"1465192",87,"2",4,12700
"1466075",63,"1",2,2500
"1466075",57,"1",4,20000
"1467091",59,"2",2,840
"1467091",60,"2",4,0
"1468315",44,"1",4,26500
"1468315",40,"1",4,16600
"1468315",14,"0",0,NA
"1468315",11,"0",0,NA
"1469668",19,"2",4,0
"1470535",76,"2",2,113000
"1471919",26,"1",4,1320
"1471919",26,"1",4,12200
"1472672",36,"1",4,42000
"1472672",33,"2",4,6200
"1472672",3,"0",0,NA
"1472672",1,"0",0,NA
"1473242",88,"2",4,5400
"1473595",77,"2",3,25900
"1473595",61,"1",4,18660
"1473595",85,"2",4,18600
"1474792",22,"1",4,600
"1475722",62,"1",3,21000
"1475722",56,"1",4,4600
"1476294",64,"1",4,37460
"1476294",62,"1",4,39300
"1477618",74,"1",2,300600
"1477618",61,"2",4,0
"1477618",22,"2",4,0
"1477675",59,"1",4,54000
"1477675",59,"1",4,29000
"1478556",59,"1",2,37000
"1478556",57,"1",4,25100
"1479183",43,"1",4,20600
"1479183",36,"1",4,2900
"1479183",7,"0",0,NA
"1479919",76,"2",4,11330
"1480401",52,"1",4,15500
"1480401",24,"1",4,20000
"1480401",6,"0",0,NA
"1480401",3,"0",0,NA
"1480401",50,"1",3,5000
"1480944",58,"1",4,44500
"1480944",52,"1",4,36300
"1481164",50,"2",4,0
"1481164",54,"1",4,23700
"1481164",10,"0",0,NA
"1481164",35,"1",4,19000
"1481943",23,"2",4,5400
"1481943",3,"0",0,NA
"1482906",50,"1",3,60010
"1482906",49,"1",4,16000
"1482906",14,"0",0,NA
"1482906",13,"0",0,NA
"1482906",10,"0",0,NA
"1483133",53,"1",4,32000
"1483133",64,"1",4,146000
"1483133",13,"0",0,NA
"1483133",11,"0",0,NA
"1484290",93,"2",4,18100
"1485349",31,"1",4,39000
"1485349",11,"0",0,NA
"1485349",6,"0",0,NA
"1485349",1,"0",0,NA
"1485349",30,"2",4,0
"1486323",33,"1",4,64230
"1486323",34,"1",4,24630
"1486592",41,"1",2,23000
"1486592",34,"1",4,30000
"1486592",0,"0",0,NA
"1487229",40,"1",4,48000
"1487229",8,"0",0,NA
"1488566",44,"1",4,31500
"1488566",33,"2",4,0
"1488566",13,"0",0,NA
"1488566",13,"0",0,NA
"1488566",11,"0",0,NA
"1488566",10,"0",0,NA
"1488566",8,"0",0,NA
"1488566",20,"1",4,12000
"1488757",69,"2",2,21400
"1488757",61,"2",4,810
"1488816",54,"1",4,49000
"1490007",34,"1",4,43000
"1491447",32,"1",4,34090
"1491447",41,"2",4,80
"1491925",64,"1",4,60300
"1491925",57,"1",4,4300
"1492435",47,"1",3,35000
"1492435",44,"1",4,30000
"1493269",44,"1",4,63000
"1493269",41,"1",4,36000
"1493269",12,"0",0,NA
"1493269",9,"0",0,NA
"1493496",35,"1",4,11200
"1493496",42,"1",4,4000
"1495230",44,"1",4,3900
"1495230",14,"0",0,NA
"1495340",33,"1",4,2100
"1495340",32,"1",4,26500
"1495340",2,"0",0,NA
"1495340",0,"0",0,NA
"1495997",39,"1",4,40700
"1495997",37,"1",4,25700
"1496575",42,"1",4,11700
"1496575",42,"1",4,21200
"1496575",16,"1",0,200
"1496643",34,"1",4,54000
"1496643",31,"1",4,5000
"1496643",5,"0",0,NA
"1496739",34,"1",2,61000
"1497182",36,"1",4,22930
"1497182",34,"1",4,8400
"1497535",41,"1",4,30380
"1497636",41,"1",4,8800
"1497636",45,"1",4,32000
"1497636",19,"1",4,4000
"1497636",93,"2",4,4600
"1498490",44,"1",4,12000
"1499950",24,"1",4,15000
"1499950",25,"1",4,32000
"1500273",54,"2",4,0
"1501566",35,"1",4,54000
"1501566",32,"1",4,66000
"1502055",65,"1",4,26000
"1502231",60,"1",4,30200
"1502231",51,"1",4,6700
"1502880",45,"1",4,33400
"1502880",14,"0",0,NA
"1502880",14,"0",0,NA
"1502880",11,"0",0,NA
"1504253",43,"1",4,20000
"1504253",12,"0",0,NA
"1505541",70,"1",2,30700
"1505541",61,"1",4,10300
"1507982",89,"2",4,17000
"1507982",82,"2",4,9200
"1508601",51,"2",2,15000
"1509620",42,"1",4,116030
"1509620",31,"2",4,0
"1509620",1,"0",0,NA
"1510239",39,"1",4,30000
"1510239",44,"1",4,36200
"1511284",42,"1",4,34000
"1511284",39,"1",4,22000
"1511284",17,"2",4,0
"1511284",16,"2",0,0
"1511284",14,"0",0,NA
"1511284",11,"0",0,NA
"1511472",51,"1",3,27020
"1511472",54,"1",4,28130
"1512732",84,"2",4,8000
"1512963",38,"1",4,10000
"1512997",75,"2",2,14200
"1512997",48,"1",4,15000
"1513777",33,"1",4,38000
"1513777",32,"1",4,5600
"1513777",10,"0",0,NA
"1513777",7,"0",0,NA
"1513777",5,"0",0,NA
"1513777",3,"0",0,NA
"1514643",50,"1",4,50000
"1514643",47,"2",4,5400
"1515027",42,"1",4,32000
"1515027",23,"1",4,36300
"1515407",54,"1",2,14300
"1515407",53,"1",4,20400
"1515480",34,"1",3,39000
"1515480",28,"1",4,18000
"1515480",7,"0",0,NA
"1515480",3,"0",0,NA
"1515480",1,"0",0,NA
"1515613",25,"1",4,22500
"1515613",25,"2",4,0
"1515613",1,"0",0,NA
"1517745",30,"1",4,32500
"1517745",32,"1",4,131000
"1518519",60,"1",4,19300
"1519449",55,"1",4,32400
"1519449",49,"1",4,16000
"1519587",59,"1",2,34400
"1519587",50,"1",4,37600
"1522116",72,"1",2,44900
"1522116",64,"1",4,18780
"1523247",81,"2",2,25600
"1523247",83,"2",4,13010
"1525179",81,"1",3,17700
"1525179",86,"2",4,5200
"1525696",67,"1",4,8500
"1525696",69,"2",4,3100
"1526922",53,"2",4,5700
"1526922",48,"1",4,27000
"1526922",12,"0",0,NA
"1527016",68,"2",2,16980
"1527016",76,"2",4,4500
"1527510",76,"1",2,27000
"1527510",65,"1",4,31600
"1528264",38,"1",4,8000
"1528264",42,"1",4,46000
"1528264",13,"0",0,NA
"1528800",69,"1",2,28500
"1528800",73,"1",4,12300
"1533731",40,"1",4,11750
"1534843",35,"1",2,35000
"1534843",8,"0",0,NA
"1536052",36,"1",4,30600
"1536723",70,"2",4,24500
"1536723",75,"2",4,46400
"1536816",76,"2",2,35000
"1536816",65,"2",4,8600
"1537274",48,"1",2,47000
"1537274",49,"1",4,71000
"1538384",75,"2",4,15100
"1539213",23,"1",4,16000
"1539311",62,"1",3,17700
"1539311",58,"1",4,29100
"1539389",50,"1",2,13000
"1539389",47,"1",4,310100
"1539389",14,"0",0,NA
"1540675",57,"1",4,35000
"1540675",56,"1",4,28350
"1544184",30,"1",3,75000
"1544184",28,"1",4,35000
"1544184",3,"0",0,NA
"1544184",2,"0",0,NA
"1545134",44,"1",4,28100
"1545134",43,"1",4,14200
"1545134",17,"1",4,3300
"1545134",16,"1",0,750
"1545134",13,"0",0,NA
"1545551",59,"1",4,60000
"1545551",53,"2",4,0
"1547132",35,"1",4,25500
"1547132",36,"1",4,63000
"1547132",9,"0",0,NA
"1547132",6,"0",0,NA
"1547132",5,"0",0,NA
"1547132",67,"2",4,9300
"1547673",45,"1",4,29000
"1547673",17,"1",4,1320
"1547673",14,"0",0,NA
"1547673",12,"0",0,NA
"1549162",22,"1",4,47000
"1549162",21,"1",4,15000
"1549419",70,"2",4,7300
"1549419",71,"2",2,126220
"1549503",58,"2",2,15200
"1549503",62,"1",4,6600
"1549653",46,"1",4,47740
"1549653",50,"1",4,-1700
"1549810",81,"2",2,30600
"1549996",22,"1",4,21000
"1549996",21,"1",4,11800
"1553167",44,"1",4,82200
"1553167",34,"1",4,27000
"1553167",7,"0",0,NA
"1554376",71,"2",2,13800
"1554376",75,"2",4,6800
"1554434",49,"1",4,32150
"1554434",55,"1",4,29500
"1555389",45,"1",4,40000
"1555389",44,"2",4,30500
"1555389",21,"1",4,20000
"1555389",16,"1",0,2680
"1555609",32,"1",4,9800
"1555609",5,"0",0,NA
"1555829",66,"2",2,48100
"1555829",68,"2",4,6000
"1555852",53,"1",4,46180
"1555856",66,"2",4,7000
"1555856",24,"1",4,12200
"1555856",75,"2",4,6490
"1555856",24,"1",4,8400
"1556166",30,"1",4,24200
"1556563",38,"1",4,22000
"1556563",32,"1",4,7200
"1556563",10,"0",0,NA
"1556563",8,"0",0,NA
"1556585",79,"2",4,37000
"1558174",71,"1",4,28580
"1558254",53,"1",4,70000
"1558254",54,"1",4,1300
"1558383",79,"2",4,16100
"1558383",39,"1",4,10000
"1560900",69,"1",2,30000
"1563140",44,"1",4,24000
"1563140",18,"1",4,5600
"1563380",51,"1",4,61000
"1563380",47,"1",3,30000
"1563655",25,"1",4,30000
"1563655",24,"1",4,28000
"1563655",3,"0",0,NA
"1563655",0,"0",0,NA
"1564406",19,"1",4,2500
"1565073",77,"1",4,26110
"1565073",70,"1",4,49900
"1565161",68,"2",2,31000
"1565990",40,"1",4,21300
"1565990",8,"0",0,NA
"1565990",4,"0",0,NA
"1566174",18,"1",4,2000
"1568596",25,"1",4,12700
"1568596",23,"1",4,6500
"1568596",1,"0",0,NA
"1569061",68,"2",2,118500
"1569061",68,"2",4,28100
"1570962",81,"2",2,23500
"1570962",72,"2",4,0
"1572047",51,"1",2,145000
"1572047",41,"2",4,0
"1572047",13,"0",0,NA
"1572047",8,"0",0,NA
"1573714",46,"1",4,68000
"1573714",46,"1",4,32000
"1573714",14,"0",0,NA
"1573714",11,"0",0,NA
"1575019",61,"1",4,82710
"1575263",44,"1",4,50900
"1575263",41,"1",4,21000
"1575263",6,"0",0,NA
"1576202",55,"1",4,41000
"1576901",32,"1",4,21500
"1576901",47,"1",4,11000
"1576901",13,"0",0,NA
"1576901",10,"0",0,NA
"1577047",20,"1",4,23300
"1577047",23,"1",4,23300
"1577311",44,"1",4,134000
"1577311",44,"1",4,21100
"1577311",13,"0",0,NA
"1577311",9,"0",0,NA
"1577430",34,"1",4,24000
"1577430",37,"1",4,22000
"1577430",13,"0",0,NA
"1577430",10,"0",0,NA
"1577818",47,"1",2,55060
"1577818",46,"2",4,-1900
"1577818",22,"1",4,19860
"1577917",22,"1",3,22000
"1577917",20,"2",4,0
"1577917",1,"0",0,NA
"1577946",57,"1",4,30100
"1577946",50,"1",4,16100
"1577946",20,"1",4,20000
"1578521",32,"2",4,8000
"1578521",17,"1",4,4300
"1578521",12,"0",0,NA
"1578521",4,"0",0,NA
"1579889",75,"1",2,17400
"1580927",38,"1",4,7000
"1580927",36,"1",4,11000
"1580927",8,"0",0,NA
"1580927",5,"0",0,NA
"1581270",67,"1",4,33700
"1581802",81,"2",4,17200
"1582448",63,"1",2,30400
"1582448",60,"2",4,0
"1582448",32,"1",4,17100
"1583116",36,"1",4,120000
"1583116",2,"0",0,NA
"1583742",27,"1",4,16370
"1583742",27,"1",4,50000
"1583742",2,"0",0,NA
"1584888",29,"1",4,29320
"1584888",30,"1",4,24100
"1584888",2,"0",0,NA
"1587132",78,"2",4,11000
"1587132",60,"1",4,9600
"1588250",44,"1",4,32000
"1588250",55,"2",2,56600
"1588250",16,"2",0,0
"1588250",16,"2",0,0
"1591018",32,"1",4,30000
"1591018",28,"1",4,33000
"1591018",2,"0",0,NA
"1591018",0,"0",0,NA
"1592068",41,"1",4,45500
"1592068",37,"1",4,17300
"1592068",11,"0",0,NA
"1592068",8,"0",0,NA
"1592068",2,"0",0,NA
"1592673",73,"2",2,16500
"1592673",67,"2",4,7500
"1593364",74,"2",2,35200
"1593364",55,"1",4,53100
"1593488",46,"1",4,66000
"1593488",46,"1",4,40000
"1593488",18,"1",4,5000
"1593862",44,"1",2,15100
"1593862",47,"1",4,37200
"1593862",17,"1",4,7900
"1593862",52,"2",4,1200
"1595858",70,"2",4,21320
"1596183",20,"1",4,5000
"1596869",69,"2",4,49200
"1596869",65,"2",4,43500
"1596941",37,"1",4,41000
"1596941",36,"2",4,0
"1596941",13,"0",0,NA
"1596941",12,"0",0,NA
"1596941",6,"0",0,NA
"1597753",18,"2",4,6600
"1597753",47,"1",4,121300
"1598412",78,"2",2,17800
"1598412",68,"2",4,6080
"1598438",38,"1",4,46000
"1598438",35,"1",4,24000
"1598438",19,"1",4,6600
"1598438",17,"1",4,3000
"1598438",14,"0",0,NA
"1598492",65,"1",2,88700
"1598492",41,"1",4,31000
"1598492",16,"1",0,7100
"1598492",14,"0",0,NA
"1598709",51,"1",4,41600
"1598709",45,"1",4,36500
"1599208",73,"1",4,25820
"1599530",55,"1",4,25000
"1599696",70,"2",2,159800
"1599696",70,"2",4,0
"1599821",51,"1",4,39590
"1600083",46,"1",4,54030
"1600367",43,"1",4,106000
"1600367",43,"2",4,40
"1600367",4,"0",0,NA
"1600571",61,"2",2,860
"1600571",36,"2",4,0
"1600571",18,"2",4,30200
"1600571",40,"2",4,0
"1600789",51,"1",2,43200
"1600789",48,"1",4,15700
"1601307",25,"1",4,6000
"1601307",5,"0",0,NA
"1601307",35,"1",4,32000
"1601529",19,"1",4,8000
"1602665",34,"1",4,35000
"1602665",36,"1",4,46000
"1603271",55,"1",2,54700
"1603271",36,"1",4,30000
"1604267",26,"1",2,13000
"1604267",6,"0",0,NA
"1604555",49,"1",4,39000
"1604555",45,"1",4,37000
"1604555",19,"1",4,1504
"1604555",16,"2",0,0
"1604555",12,"0",0,NA
"1606120",78,"2",2,10320
"1607034",89,"2",4,0
"1607516",59,"1",4,8000
"1607649",80,"2",4,11000
"1608539",51,"1",4,28200
"1608539",57,"2",4,0
"1609548",86,"2",4,9100
"1610062",75,"2",4,137000
"1610062",93,"2",4,6270
"1613421",22,"1",4,1500
"1613766",21,"1",4,2000
"1613910",62,"1",3,20000
"1613910",57,"1",4,8000
"1613910",38,"2",4,0
"1613910",35,"2",4,6700
"1615334",30,"1",4,50000
"1615334",33,"1",4,30500
"1615334",33,"1",4,20000
"1615334",10,"0",0,NA
"1615983",29,"2",4,30000
"1615983",28,"1",4,13900
"1616154",54,"1",4,17000
"1616154",59,"1",4,21000
"1617679",28,"1",4,14000
"1617679",9,"0",0,NA
"1617679",3,"0",0,NA
"1618338",25,"1",4,6000
"1618338",2,"0",0,NA
"1618338",0,"0",0,NA
"1619484",58,"1",4,41600
"1619484",57,"1",4,17000
"1619916",54,"1",2,20000
"1619916",50,"1",4,65500
"1621524",53,"1",4,101000
"1622783",64,"2",4,45500
"1622783",64,"2",2,49200
"1623279",50,"1",2,43000
"1623279",49,"1",4,47300
"1625199",84,"2",4,35500
"1625199",80,"2",4,4000
"1625279",48,"1",2,19100
"1625279",50,"1",4,19100
"1626834",89,"2",4,9600
"1627157",45,"1",4,20800
"1627157",44,"1",4,7000
"1627403",66,"1",2,13000
"1627403",67,"2",4,2000
"1631407",39,"1",4,38900
"1631407",37,"1",4,23700
"1631407",18,"1",4,6900
"1631407",13,"0",0,NA
"1632738",32,"1",4,26210
"1632971",45,"1",4,13200
"1632988",44,"1",4,16000
"1632988",11,"0",0,NA
"1632988",5,"0",0,NA
"1634103",65,"1",4,12700
"1634103",38,"1",4,10000
"1634591",20,"1",4,3400
"1634591",3,"0",0,NA
"1635356",68,"1",2,25900
"1635356",66,"2",4,14600
"1635356",45,"1",4,88000
"1635356",34,"1",4,22600
"1636016",52,"1",4,62000
"1636024",53,"1",2,40000
"1636024",46,"1",4,10000
"1636350",48,"1",3,117900
"1636350",44,"2",4,0
"1636350",24,"1",4,27130
"1636350",17,"1",4,2600
"1636350",15,"0",0,0
"1636350",5,"0",0,NA
"1637397",53,"1",3,114300
"1637397",43,"1",4,76400
"1637397",17,"1",4,9230
"1637397",15,"0",0,4690
"1639708",43,"1",4,37000
"1639708",44,"1",4,40050
"1639708",14,"0",0,NA
"1640066",51,"1",4,82500
"1640066",45,"1",4,17400
"1640066",13,"0",0,NA
"1640066",10,"0",0,NA
"1640175",63,"1",4,37900
"1640182",45,"1",4,41500
"1640182",43,"1",4,28700
"1640182",15,"0",0,0
"1640470",31,"1",4,49600
"1640470",33,"1",4,70000
"1640549",59,"1",2,54000
"1641537",29,"1",4,28800
"1642144",35,"1",2,9790
"1642624",19,"1",4,9150
"1643215",25,"1",4,12000
"1643215",24,"1",4,7000
"1643215",5,"0",0,NA
"1643215",2,"0",0,NA
"1643429",32,"1",4,21300
"1643429",33,"1",4,38260
"1643429",1,"0",0,NA
"1643485",75,"2",2,66000
"1643485",76,"2",4,14900
"1643736",63,"2",3,11000
"1644079",35,"1",4,35050
"1644079",39,"1",2,55000
"1644158",25,"1",4,22420
"1644158",35,"1",4,13520
"1644312",71,"2",4,6004
"1645433",35,"1",4,12000
"1645433",15,"0",0,0
"1645433",8,"0",0,NA
"1646467",68,"2",4,8000
"1646467",63,"2",4,5000
"1646556",46,"1",4,80000
"1646556",49,"1",4,80000
"1649864",64,"2",2,27200
"1649864",64,"2",4,0
"1650407",38,"1",4,22050
"1650407",17,"1",4,2900
"1650830",19,"1",4,5000
"1651090",22,"2",4,0
"1651090",1,"0",0,NA
"1651090",21,"1",4,18000
"1651440",84,"2",4,20300
"1651534",26,"1",4,26000
"1652062",80,"2",4,13800
"1652062",83,"2",4,0
"1653032",57,"1",2,27600
"1653032",57,"2",4,0
"1654883",50,"1",4,15600
"1654883",43,"1",4,21800
"1655132",70,"1",4,8400
"1655132",76,"1",4,12300
"1655294",81,"2",4,12000
"1655294",72,"2",4,5700
"1657506",43,"1",4,39200
"1657506",42,"1",4,17000
"1657506",13,"0",0,NA
"1657506",10,"0",0,NA
"1657506",9,"0",0,NA
"1657578",79,"2",4,7900
"1659014",31,"1",4,33300
"1659014",13,"0",0,NA
"1659014",11,"0",0,NA
"1659014",9,"0",0,NA
"1660540",42,"1",2,17000
"1660540",37,"1",4,21100
"1660540",13,"0",0,NA
"1660671",51,"1",2,42000
"1660671",37,"1",4,30000
"1661465",50,"1",4,31000
"1661465",37,"2",4,3400
"1661465",21,"1",4,12000
"1661465",13,"0",0,NA
"1661465",11,"0",0,NA
"1664090",69,"2",3,15900
"1664090",48,"1",4,8200
"1664090",60,"1",3,5000
"1664996",70,"2",4,7200
"1664996",47,"2",4,2000
"1665542",48,"1",4,101700
"1665612",73,"1",4,58000
"1669008",74,"2",4,21100
"1669051",70,"1",4,29200
"1669051",73,"2",4,3500
"1669812",22,"1",4,16000
"1670245",66,"1",3,5600
"1670245",74,"2",4,31500
"1671236",56,"1",4,34400
"1671236",43,"1",4,18610
"1671283",27,"1",4,8000
"1671283",7,"0",0,NA
"1671283",7,"0",0,NA
"1672679",20,"1",4,2300
"1672801",49,"1",4,45000
"1673335",48,"1",4,23010
"1673414",56,"1",4,52000
"1673414",18,"1",4,4600
"1673414",17,"1",4,1500
"1674626",28,"1",4,4990
"1674626",30,"1",4,18200
"1674626",29,"1",2,1700
"1674626",27,"1",4,11300
"1675466",93,"2",4,14980
"1676155",68,"2",2,8610
"1676450",39,"1",4,44000
"1676450",38,"2",4,0
"1676450",3,"0",0,NA
"1676450",2,"0",0,NA
"1676565",63,"2",3,46400
"1676565",60,"2",4,0
"1676908",27,"1",4,6700
"1677276",81,"2",4,18400
"1677276",93,"2",4,18300
"1677900",41,"1",4,20000
"1677900",41,"1",4,18800
"1677900",11,"0",0,NA
"1677900",9,"0",0,NA
"1678138",87,"2",4,6100
"1678578",42,"1",3,32000
"1678578",43,"1",4,10000
"1678578",21,"1",4,12000
"1678578",19,"1",4,4300
"1678578",13,"0",0,NA
"1678717",29,"1",4,24000
"1678717",8,"0",0,NA
"1678717",5,"0",0,NA
"1680721",72,"2",2,7000
"1682977",45,"1",4,38000
"1682977",41,"1",4,10000
"1682977",69,"2",4,8400
"1682977",23,"1",4,2100
"1683004",30,"1",4,16600
"1683004",46,"1",4,12500
"1683004",24,"1",4,14600
"1683004",20,"1",4,10000
"1683004",17,"2",4,0
"1683879",54,"1",4,99600
"1683879",47,"1",4,15500
"1683879",21,"1",4,4000
"1684052",66,"1",4,29540
"1684052",66,"2",4,17900
"1684501",32,"1",4,43100
"1685332",75,"2",2,25900
"1685332",68,"2",4,6000
"1687043",32,"1",4,38500
"1687043",24,"1",4,23200
"1687187",59,"1",4,30000
"1688727",24,"2",4,7500
"1688727",25,"1",4,2250
"1688727",3,"0",0,NA
"1688727",1,"0",0,NA
"1688820",45,"1",4,19000
"1688820",41,"1",4,17000
"1688820",14,"0",0,NA
"1688820",11,"0",0,NA
"1689669",38,"1",4,16000
"1689669",38,"1",4,23000
"1689669",12,"0",0,NA
"1689669",10,"0",0,NA
"1689890",43,"1",4,26500
"1689890",20,"2",4,0
"1689890",16,"1",0,1000
"1693788",68,"1",2,21850
"1693788",57,"2",4,0
"1695757",28,"1",2,31000
"1695757",24,"1",4,1600
"1696061",61,"1",3,191000
"1696061",59,"2",4,0
"1696462",65,"2",4,35980
"1696789",88,"2",4,0
"1699269",39,"1",4,54000
"1699269",35,"1",4,3100
"1699269",2,"0",0,NA
"1699427",62,"2",2,7200
"1699427",54,"1",4,14000
"1699427",60,"2",4,7000
"1700299",50,"1",4,21900
"1700299",47,"1",4,16300
"1700299",22,"1",4,18000
"1701941",71,"2",2,8000
"1702163",67,"2",2,30900
"1702163",64,"2",4,5600
"1702586",79,"2",4,18200
"1702898",42,"1",4,35000
"1703060",40,"1",4,8400
"1703060",43,"1",4,25000
"1703060",15,"0",0,0
"1703765",57,"1",2,27100
"1704396",33,"1",4,33500
"1705915",73,"2",2,0
"1705915",68,"2",4,0
"1706029",54,"1",2,20100
"1706029",52,"2",4,0
"1706029",19,"1",4,10000
"1706029",16,"2",0,0
"1706647",74,"2",2,115800
"1706647",59,"2",4,42400
"1707406",68,"2",4,9200
"1707814",60,"2",4,1200
"1707814",62,"1",4,1800
"1707840",36,"1",4,8900
"1707840",33,"1",4,18700
"1707840",11,"0",0,NA
"1707840",9,"0",0,NA
"1708797",67,"2",4,16800
"1708797",48,"1",4,60000
"1710083",37,"1",4,26600
"1710083",25,"1",4,400
"1710083",4,"0",0,NA
"1710775",20,"1",4,3000
"1711498",54,"1",2,8500
"1711594",36,"1",4,34340
"1712688",52,"1",2,26120
"1712688",51,"1",4,20920
"1712855",48,"2",4,0
"1712855",48,"1",4,55000
"1714398",47,"1",4,52300
"1714398",16,"2",0,880
"1715038",82,"2",4,9500
"1717350",67,"2",4,37650
"1717350",69,"2",4,0
"1717407",63,"1",2,52400
"1717407",66,"1",4,12600
"1717995",62,"1",4,25400
"1717995",60,"1",4,16120
"1717995",39,"2",4,7000
"1717995",35,"1",4,26600
"1717995",88,"2",4,1100
"1717995",32,"1",4,24000
"1718889",30,"1",2,24000
"1718889",26,"1",2,8200
"1719750",36,"1",4,45400
"1720704",44,"1",4,38800
"1722037",33,"1",4,22400
"1722037",30,"1",4,12000
"1722037",7,"0",0,NA
"1722037",1,"0",0,NA
"1722037",11,"0",0,NA
"1722037",9,"0",0,NA
"1722538",51,"1",4,41200
"1722538",45,"1",4,31060
"1722538",18,"1",4,3500
"1722538",76,"2",4,10500
"1723672",57,"1",4,42000
"1725225",20,"1",4,1000
"1726168",46,"1",4,39000
"1726168",25,"1",4,16000
"1726168",22,"1",4,13000
"1726168",19,"1",4,3210
"1726168",11,"0",0,NA
"1726168",20,"1",4,25000
"1726168",50,"2",4,0
"1726767",19,"2",4,0
"1729474",38,"1",4,18200
"1729474",10,"0",0,NA
"1729474",5,"0",0,NA
"1729474",34,"1",4,19800
"1729474",11,"0",0,NA
"1729474",8,"0",0,NA
"1729474",1,"0",0,NA
"1732407",60,"1",2,8400
"1732407",45,"1",4,22000
"1732407",11,"0",0,NA
"1732432",19,"2",4,0
"1733302",43,"1",4,21750
"1733302",42,"1",4,14920
"1733302",19,"1",4,9320
"1734104",69,"2",2,25000
"1734104",60,"1",4,12000
"1734197",64,"1",4,12900
"1734197",75,"1",4,9200
"1735534",30,"1",4,11200
"1735534",48,"1",4,20000
"1736106",46,"2",4,8000
"1736672",84,"2",4,8400
"1736672",85,"2",4,8400
"1736934",66,"2",4,15200
"1736934",62,"2",4,13000
"1737756",64,"2",2,22400
"1739860",24,"1",4,20800
"1739860",23,"1",4,7000
"1739860",3,"0",0,NA
"1741082",61,"1",2,39420
"1741082",55,"1",4,46160
"1741263",44,"1",4,-9870
"1741263",48,"1",4,43840
"1741263",9,"0",0,NA
"1741263",4,"0",0,NA
"1741892",58,"1",2,35700
"1741892",56,"1",4,53000
"1743106",68,"2",4,12600
"1743450",56,"1",4,11730
"1743450",22,"1",4,24000
"1743726",73,"2",2,37100
"1743726",74,"2",4,0
"1743773",39,"1",4,31630
"1743773",32,"1",4,40600
"1743785",45,"1",4,50000
"1743785",43,"1",4,15000
"1743785",13,"0",0,NA
"1743785",11,"0",0,NA
"1743936",62,"2",4,80
"1743936",63,"2",2,7000
"1746096",42,"1",4,10500
"1748984",84,"2",4,23700
"1748984",78,"2",4,8900
"1749026",53,"2",4,10200
"1749026",47,"1",4,8360
"1749026",20,"1",4,1740
"1749654",45,"1",4,15100
"1749654",47,"2",4,8100
"1749654",16,"1",0,9200
"1749654",15,"0",0,0
"1749654",9,"0",0,NA
"1749654",7,"0",0,NA
"1749654",12,"0",0,NA
"1751197",68,"1",4,119900
"1751197",60,"1",4,58000
"1751512",41,"1",4,60000
"1751512",9,"0",0,NA
"1751512",5,"0",0,NA
"1751719",31,"2",4,12000
"1751719",23,"2",4,0
"1751737",49,"2",4,10400
"1751969",60,"1",4,58000
"1752723",20,"1",4,6000
"1753349",30,"1",4,84000
"1753349",45,"1",4,160000
"1753578",40,"1",2,35000
"1753578",43,"1",4,31000
"1753578",14,"0",0,NA
"1753578",13,"0",0,NA
"1753578",9,"0",0,NA
"1754013",48,"1",2,30300
"1754013",47,"1",4,25200
"1754013",18,"1",4,3000
"1754013",14,"0",0,NA
"1754217",36,"1",4,3800
"1755150",80,"2",2,42000
"1755150",81,"2",4,14800
"1755288",34,"1",4,10200
"1755288",23,"1",4,10000
"1756365",44,"1",4,51000
"1756365",45,"1",4,28000
"1756365",16,"1",0,700
"1756692",56,"1",2,24520
"1756692",33,"1",4,650
"1756692",7,"0",0,NA
"1756692",5,"0",0,NA
"1756692",5,"0",0,NA
"1756692",0,"0",0,NA
"1759169",34,"1",3,23000
"1759169",33,"1",4,6600
"1759169",14,"0",0,NA
"1759169",13,"0",0,NA
"1759169",9,"0",0,NA
"1759294",32,"2",4,0
"1759294",34,"1",3,48900
"1759294",3,"0",0,NA
"1759294",0,"0",0,NA
"1759763",55,"1",4,31000
"1760651",22,"2",4,0
"1760918",38,"1",4,24100
"1760918",36,"1",4,31750
"1760918",7,"0",0,NA
"1760918",0,"0",0,NA
"1761081",80,"2",2,8000
"1761315",76,"2",4,6600
"1761315",37,"1",4,21800
"1762155",51,"1",4,35000
"1762155",54,"1",4,25000
"1762155",18,"1",4,6500
"1762155",16,"1",0,990
"1762155",15,"0",0,0
"1763377",53,"1",4,39000
"1763846",43,"1",4,18300
"1763846",69,"2",4,16000
"1765060",38,"1",4,20000
"1765060",41,"1",4,23000
"1766282",85,"2",4,6100
"1766793",20,"1",4,2600
"1766793",20,"1",4,2600
"1766793",20,"1",4,6000
"1767226",34,"1",4,33000
"1767226",33,"1",4,15500
"1768203",19,"1",4,3000
"1768659",85,"2",4,1780
"1769149",80,"2",4,5500
"1770164",57,"1",4,6000
"1770164",56,"1",4,49800
"1770181",62,"1",3,34680
"1770181",47,"1",4,26000
"1772129",42,"1",4,309000
"1772129",39,"1",4,37500
"1772129",24,"1",4,8000
"1772529",40,"1",4,60000
"1772529",40,"1",4,55000
"1774424",64,"1",4,7720
"1776448",43,"1",4,10100
"1776448",41,"2",4,9500
"1776448",16,"1",0,3800
"1776963",27,"1",4,34180
"1776963",25,"1",4,17400
"1777977",36,"1",4,18500
"1779143",82,"2",4,22900
"1781660",28,"1",4,1000
"1783625",44,"1",4,13000
"1783625",23,"1",4,2500
"1783625",22,"2",4,0
"1783889",38,"1",2,54200
"1783889",38,"1",4,32500
"1783889",2,"0",0,NA
"1783889",14,"0",0,NA
"1784204",54,"2",4,0
"1784204",25,"1",4,7800
"1785550",43,"1",3,13000
"1785550",42,"1",4,44500
"1785550",16,"2",0,0
"1785550",14,"0",0,NA
"1785550",11,"0",0,NA
"1785550",4,"0",0,NA
"1785600",46,"1",4,81000
"1785600",40,"1",4,32400
"1785600",12,"0",0,NA
"1785600",7,"0",0,NA
"1785600",0,"0",0,NA
"1786091",28,"1",2,38200
"1786091",34,"1",4,23900
"1786451",73,"2",4,71000
"1786870",34,"1",4,39500
"1786870",33,"2",4,0
"1786870",4,"0",0,NA
"1786870",3,"0",0,NA
"1787351",71,"2",2,20000
"1787351",70,"1",2,11470
"1787351",45,"2",4,11300
"1787972",54,"1",2,25000
"1787972",51,"2",4,6000
"1788525",28,"1",4,30690
"1788525",28,"1",4,9700
"1788525",0,"0",0,NA
"1788575",69,"2",2,18600
"1788575",67,"2",4,9400
"1788575",51,"2",4,12400
"1789013",51,"1",4,10000
"1789013",47,"1",4,10000
"1789013",17,"1",4,2000
"1790339",42,"1",4,40000
"1790339",40,"1",4,34000
"1790381",29,"1",4,31200
"1790381",23,"1",4,14000
"1790381",1,"0",0,NA
"1791033",67,"2",2,22800
"1791370",46,"1",4,63000
"1791370",44,"2",4,0
"1792015",60,"1",2,11100
"1792015",56,"1",4,23850
"1792120",67,"1",2,22700
"1792120",70,"2",4,9900
"1793328",28,"1",4,7000
"1794368",39,"1",4,12000
"1794368",37,"1",4,30000
"1794368",14,"0",0,NA
"1794368",9,"0",0,NA
"1795146",25,"2",4,7000
"1795146",5,"0",0,NA
"1795146",3,"0",0,NA
"1795146",1,"0",0,NA
"1797777",33,"1",4,-10000
"1797777",28,"1",4,20000
"1797777",1,"0",0,NA
"1797777",0,"0",0,NA
"1798671",39,"1",4,30000
"1798671",43,"2",4,0
"1798671",15,"0",0,0
"1798671",12,"0",0,NA
"1799458",32,"1",4,13400
"1799458",30,"1",4,8500
"1799589",38,"2",4,640
"1801192",52,"1",2,18000
"1801192",49,"2",4,0
"1801595",67,"2",2,26400
"1801833",47,"1",4,3000
"1801833",42,"1",4,16000
"1802750",21,"1",4,10000
"1802750",21,"1",4,12700
"1803285",40,"1",2,16800
"1803285",38,"2",4,4000
"1803285",18,"2",4,0
"1803285",13,"0",0,NA
"1804072",39,"1",4,85000
"1804072",34,"1",4,1500
"1804072",7,"0",0,NA
"1804072",5,"0",0,NA
"1804125",83,"2",4,9950
"1806260",37,"1",4,22070
"1806291",49,"1",4,15600
"1806291",52,"1",4,105800
"1806985",30,"2",4,2000
"1806985",31,"1",4,17500
"1806985",2,"0",0,NA
"1806985",0,"0",0,NA
"1807063",38,"2",4,8900
"1807063",21,"1",4,3000
"1807063",72,"2",4,8300
"1807444",49,"1",4,10700
"1807692",48,"1",4,52000
"1807692",53,"1",4,23300
"1808185",51,"1",4,28000
"1808185",72,"2",4,53200
"1808295",79,"2",2,16300
"1809317",74,"2",2,35800
"1809317",67,"2",4,5700
"1809630",74,"2",4,8500
"1809630",28,"1",4,12170
"1809755",40,"1",4,137000
"1809755",39,"2",4,0
"1809755",8,"0",0,NA
"1809755",5,"0",0,NA
"1810951",41,"1",4,46400
"1810951",40,"1",4,21650
"1810951",13,"0",0,NA
"1810951",10,"0",0,NA
"1811159",18,"1",4,8500
"1811756",54,"1",2,45000
"1811756",47,"1",4,10000
"1811756",19,"1",4,2000
"1811756",15,"0",0,0
"1812191",43,"1",2,27600
"1812191",48,"1",4,36000
"1812191",4,"0",0,NA
"1812340",44,"1",4,27500
"1812340",48,"1",4,5200
"1812684",38,"1",4,26000
"1812684",32,"1",4,9200
"1812684",8,"0",0,NA
"1812684",3,"0",0,NA
"1812890",59,"1",2,35500
"1812890",55,"1",4,13700
"1812890",21,"1",4,4700
"1813545",69,"2",2,118400
"1813545",70,"2",4,6000
"1814490",20,"1",4,17000
"1815132",37,"1",4,17800
"1815336",53,"1",4,36000
"1815336",55,"1",4,46200
"1815336",26,"2",4,0
"1815336",23,"2",4,0
"1817579",47,"1",4,50000
"1817579",48,"1",4,42000
"1817579",15,"0",0,500
"1819963",50,"1",4,21900
"1819963",53,"1",4,14000
"1819963",15,"0",0,0
"1819963",12,"0",0,NA
"1820279",53,"1",4,18000
"1820279",53,"1",2,18000
"1820280",26,"1",4,30020
"1820280",21,"1",4,17100
"1820454",49,"1",2,38300
"1820454",45,"1",4,33600
"1820489",56,"1",2,42000
"1820489",51,"1",4,57000
"1820489",14,"0",0,NA
"1820742",32,"1",4,13004
"1821458",33,"1",4,35004
"1821458",29,"1",4,17200
"1821458",3,"0",0,NA
"1821458",1,"0",0,NA
"1823111",19,"1",4,8000
"1823613",46,"1",4,25000
"1823613",46,"1",4,25500
"1823613",22,"1",4,20380
"1823854",20,"1",4,5000
"1823854",20,"1",4,1500
"1823854",20,"1",4,500
"1824049",58,"1",4,30000
"1824049",61,"1",2,30000
"1825372",19,"1",4,1700
"1827458",58,"1",2,53000
"1827458",57,"1",4,10000
"1830962",72,"2",4,27800
"1830962",67,"2",3,15000
"1832876",45,"1",4,21800
"1832876",47,"1",4,11600
"1832876",17,"2",4,0
"1833701",53,"1",4,34020
"1833701",55,"1",2,133350
"1833913",51,"1",4,83000
"1833913",50,"1",4,22000
"1834338",37,"1",4,28000
"1834338",41,"2",4,13900
"1834338",13,"0",0,NA
"1834338",6,"0",0,NA
"1835514",27,"1",4,27000
"1835778",53,"2",4,10550
"1836292",78,"2",2,15290
"1836531",29,"1",4,14800
"1836531",25,"1",4,11700
"1836531",5,"0",0,NA
"1837032",30,"1",4,26000
"1837032",31,"1",4,26000
"1837032",4,"0",0,NA
"1837032",2,"0",0,NA
"1838825",39,"1",4,43600
"1838825",38,"1",4,13900
"1838825",11,"0",0,NA
"1838825",4,"0",0,NA
"1839074",33,"1",4,20400
"1839074",21,"1",4,10600
"1839074",19,"1",4,3400
"1839194",52,"1",4,31800
"1839194",50,"1",1,43800
"1840067",36,"1",4,24000
"1840220",81,"2",2,12200
"1843554",33,"1",3,21000
"1843554",31,"1",4,18800
"1843554",8,"0",0,NA
"1843898",46,"1",4,11000
"1843898",19,"1",4,1000
"1848088",47,"1",4,11500
"1848088",32,"1",4,19000
"1848593",72,"2",4,16700
"1848832",34,"1",4,23000
"1848832",30,"1",4,18000
"1848832",11,"0",0,NA
"1848832",8,"0",0,NA
"1848832",5,"0",0,NA
"1848832",1,"0",0,NA
"1849349",56,"1",2,30000
"1849464",25,"1",4,45000
"1849464",4,"0",0,NA
"1849729",47,"1",4,50000
"1849729",33,"2",4,0
"1849729",4,"0",0,NA
"1849729",12,"0",0,NA
"1849889",37,"1",4,90620
"1849889",29,"2",4,0
"1849889",0,"0",0,NA
"1850273",48,"1",4,48900
"1850273",46,"1",4,31800
"1850461",84,"2",4,7330
"1850461",81,"2",4,3480
"1853273",83,"2",4,6004
"1854755",36,"1",4,20000
"1855060",69,"2",4,26400
"1856607",52,"1",4,50000
"1856607",54,"1",2,155000
"1856607",15,"0",0,0
"1857218",36,"1",3,45000
"1857218",34,"1",4,15500
"1857218",11,"0",0,NA
"1857218",5,"0",0,NA
"1857218",15,"0",0,0
"1858149",59,"1",4,38000
"1858485",93,"2",4,9000
"1859282",17,"1",4,17500
"1860765",46,"1",4,30000
"1860765",47,"1",4,38100
"1860765",21,"1",4,31500
"1860765",19,"1",4,19600
"1860765",17,"1",4,0
"1860912",36,"1",4,9200
"1861643",36,"1",4,21000
"1861643",38,"1",4,12000
"1861643",6,"0",0,NA
"1861643",0,"0",0,NA
"1862180",75,"1",4,50100
"1862180",74,"2",4,5300
"1862645",37,"1",4,55500
"1862645",37,"1",4,34000
"1862698",63,"1",3,114540
"1862698",58,"2",4,0
"1863705",39,"1",4,6300
"1863705",28,"1",4,25000
"1863705",6,"0",0,NA
"1863705",1,"0",0,NA
"1864204",59,"1",2,61000
"1864204",58,"2",4,0
"1864636",19,"1",4,6800
"1864818",46,"1",2,25000
"1864818",35,"1",4,3000
"1864818",11,"0",0,NA
"1864818",9,"0",0,NA
"1864818",25,"1",4,79000
"1865348",19,"1",4,1500
"1865776",27,"1",4,25600
"1865776",32,"1",4,30000
"1865908",21,"1",4,17000
"1865908",22,"1",4,24000
"1870138",48,"1",4,17000
"1870790",51,"1",4,23240
"1871580",41,"1",2,36000
"1871580",16,"1",0,830
"1871580",14,"0",0,NA
"1871639",52,"2",2,3000
"1874104",93,"2",4,20100
"1874901",80,"2",4,18000
"1874901",80,"2",4,7000
"1875139",43,"2",4,0
"1875139",14,"0",0,NA
"1875988",42,"1",4,15600
"1875988",15,"0",0,1200
"1876523",49,"1",2,40000
"1876523",46,"1",4,20000
"1876523",19,"2",4,800
"1876523",15,"0",0,0
"1876523",0,"0",0,NA
"1877284",56,"2",4,24000
"1877284",49,"1",4,24000
"1879156",35,"1",4,1000
"1879156",4,"0",0,NA
"1880631",55,"1",4,19200
"1880631",57,"1",2,4000
"1880934",19,"1",4,800
"1881092",61,"1",2,4620
"1881092",52,"1",4,24650
"1881092",17,"1",4,330
"1881471",57,"1",4,82100
"1884040",71,"1",2,129000
"1884040",71,"2",4,5500
"1884329",55,"1",4,45000
"1884329",54,"1",4,40000
"1886378",47,"1",4,59400
"1886378",44,"1",4,320
"1886378",6,"0",0,NA
"1886378",3,"0",0,NA
"1886818",37,"1",4,28000
"1886818",10,"0",0,NA
"1886818",7,"0",0,NA
"1886818",4,"0",0,NA
"1887826",51,"2",2,4200
"1887826",47,"1",4,11730
"1887826",19,"1",4,2700
"1888434",37,"1",2,26000
"1888434",35,"1",4,13800
"1888698",36,"1",4,30000
"1888698",36,"1",4,5300
"1888698",11,"0",0,NA
"1889077",62,"2",2,6970
"1889077",55,"1",4,12200
"1889488",32,"1",4,32450
"1889488",31,"1",4,-2000
"1889488",1,"0",0,NA
"1890042",45,"1",4,19400
"1892363",57,"1",4,76600
"1892363",53,"1",4,6000
"1893398",72,"2",4,9900
"1894214",55,"1",4,42000
"1894214",55,"1",4,18000
"1894795",42,"1",4,115000
"1895021",72,"2",4,12600
"1895021",79,"2",2,10000
"1895606",80,"1",2,13000
"1895606",72,"2",4,15000
"1895660",29,"1",4,25000
"1895660",35,"1",4,14800
"1895660",30,"1",4,30000
"1895660",24,"1",4,8000
"1895683",47,"1",4,19200
"1895683",45,"1",4,42000
"1895683",18,"2",4,0
"1895683",18,"2",4,0
"1895683",17,"2",4,0
"1895683",15,"0",0,0
"1895683",13,"0",0,NA
"1895683",12,"0",0,NA
"1895683",12,"0",0,NA
"1895683",11,"0",0,NA
"1895683",8,"0",0,NA
"1895683",7,"0",0,NA
"1897477",39,"1",4,22200
"1897477",39,"1",4,7600
"1897477",14,"0",0,NA
"1897477",12,"0",0,NA
"1897477",7,"0",0,NA
"1897477",5,"0",0,NA
"1898006",78,"2",4,89900
"1898006",83,"2",2,66500
"1898368",33,"2",4,0
"1898368",34,"1",4,130000
"1898368",4,"0",0,NA
"1898368",0,"0",0,NA
"1898725",60,"1",4,17900
"1898725",34,"2",4,12010
"1898903",39,"1",3,14300
"1898903",17,"1",4,6030
"1898903",10,"0",0,NA
"1899055",77,"1",2,21900
"1899055",70,"2",4,6400
"1899982",44,"1",4,35000
"1899982",15,"0",0,2000
"1899982",11,"0",0,NA
"1899982",7,"0",0,NA
"1900161",72,"2",4,9720
"1900360",46,"1",4,20500
"1900360",36,"2",4,9000
"1900581",85,"2",4,31800
"1901339",22,"1",4,8200
"1901339",6,"0",0,NA
"1901339",1,"0",0,NA
"1901339",22,"1",4,15600
"1901959",33,"1",4,11000
"1901959",14,"0",0,NA
"1901959",34,"1",4,10000
"1902261",37,"1",4,24930
"1902261",38,"1",4,73230
"1902261",6,"0",0,NA
"1902261",3,"0",0,NA
"1902261",0,"0",0,NA
"1902904",40,"1",4,13000
"1903037",57,"1",4,85250
"1903037",47,"1",4,23640
"1903037",13,"0",0,NA
"1903037",10,"0",0,NA
"1903101",57,"2",4,110
"1903101",26,"1",4,15200
"1903316",39,"1",4,22400
"1903316",10,"0",0,NA
"1903375",66,"1",2,196000
"1903375",63,"1",4,58000
"1903375",85,"2",4,13100
"1903375",87,"2",2,8100
"1903403",48,"1",3,16300
"1903403",46,"2",4,40
"1903949",34,"1",4,23000
"1903949",37,"1",4,18000
"1903949",15,"0",0,7000
"1903949",12,"0",0,NA
"1903949",6,"0",0,NA
"1904488",57,"1",4,26100
"1905302",86,"2",4,20900
"1905737",69,"1",2,14500
"1905737",69,"1",4,18400
"1908216",84,"2",4,21500
"1911021",51,"1",2,33700
"1911021",46,"1",3,12000
"1912591",58,"1",4,14000
"1912591",51,"1",4,1600
"1913840",56,"1",4,8900
"1914520",82,"2",2,33900
"1915023",72,"2",4,28100
"1915151",44,"1",4,28000
"1915151",44,"1",4,30000
"1915151",19,"1",4,8000
"1915790",44,"1",4,93030
"1915790",43,"1",4,5000
"1915790",14,"0",0,NA
"1915790",11,"0",0,NA
"1915790",8,"0",0,NA
"1916998",39,"1",4,29000
"1916998",19,"1",4,1800
"1919379",34,"1",4,28800
"1919379",16,"2",0,0
"1920411",29,"1",4,28000
"1920411",25,"1",4,26000
"1920411",6,"0",0,NA
"1920411",5,"0",0,NA
"1920411",1,"0",0,NA
"1921078",32,"1",2,29400
"1921078",28,"1",4,20100
"1921078",2,"0",0,NA
"1921565",64,"1",3,14830
"1921565",66,"1",2,16270
"1921855",44,"1",4,35000
"1922210",42,"1",4,70000
"1922210",41,"1",4,30600
"1922210",17,"1",4,6300
"1922244",37,"1",2,33400
"1922244",39,"1",4,30700
"1922244",13,"0",0,NA
"1922244",11,"0",0,NA
"1923507",19,"1",4,2000
"1923881",43,"1",3,71500
"1923881",16,"2",0,0
"1924678",47,"1",4,18500
"1924678",48,"1",4,30400
"1924846",86,"2",2,15400
"1924846",84,"2",4,4830
"1925499",47,"1",4,26000
"1925932",85,"1",4,20000
"1925932",80,"2",4,3900
"1929429",54,"1",4,72100
"1929429",52,"1",4,49000
"1929907",20,"1",4,2000
"1930490",43,"1",4,30000
"1930490",21,"1",4,32000
"1931067",47,"1",4,24680
"1931067",47,"1",4,30380
"1931582",47,"1",2,39500
"1931848",28,"1",4,24720
"1931848",28,"1",4,16000
"1931848",9,"0",0,NA
"1931848",6,"0",0,NA
"1933163",87,"2",4,3600
"1933461",41,"1",4,10000
"1933461",40,"2",4,0
"1933461",10,"0",0,NA
"1933461",4,"0",0,NA
"1934608",56,"1",4,38600
"1934608",43,"1",4,24000
"1934608",51,"1",4,49600
"1934608",14,"0",0,NA
"1934608",12,"0",0,NA
"1936727",37,"1",4,18000
"1936727",13,"0",0,NA
"1936727",11,"0",0,NA
"1937651",56,"1",2,183000
"1937651",52,"1",4,2600
"1937732",36,"1",4,32100
"1937732",42,"1",4,20230
"1937732",11,"0",0,NA
"1937732",10,"0",0,NA
"1937748",20,"1",4,8000
"1938671",34,"1",4,19000
"1938671",38,"1",4,78000
"1938671",5,"0",0,NA
"1938671",1,"0",0,NA
"1938699",37,"1",4,34970
"1938699",42,"1",4,32800
"1938963",34,"1",4,37000
"1939394",27,"1",4,13000
"1939394",9,"0",0,NA
"1939394",4,"0",0,NA
"1940088",53,"2",4,0
"1940088",48,"1",4,5000
"1940088",26,"2",4,6700
"1940165",64,"2",4,9300
"1940560",80,"1",2,10680
"1940560",54,"1",2,6710
"1940560",52,"1",4,15000
"1940793",93,"2",4,4100
"1940868",77,"2",4,7310
"1942250",58,"1",2,85220
"1942250",52,"2",4,0
"1942536",16,"1",0,820
"1942838",77,"2",2,18400
"1942838",69,"2",4,24000
"1942986",67,"2",3,132500
"1942986",64,"1",4,31700
"1943990",35,"1",4,31800
"1943990",32,"1",4,13700
"1943990",6,"0",0,NA
"1943990",4,"0",0,NA
"1944351",47,"1",4,45140
"1944351",44,"1",4,25000
"1944351",16,"2",0,240
"1944351",14,"0",0,NA
"1944935",37,"1",4,38200
"1944935",31,"2",4,0
"1944935",18,"1",4,5900
"1944935",18,"1",4,5200
"1944935",13,"0",0,NA
"1944935",11,"0",0,NA
"1944935",8,"0",0,NA
"1945167",52,"1",4,28400
"1946588",33,"1",4,22400
"1946588",7,"0",0,NA
"1946588",6,"0",0,NA
"1946588",6,"0",0,NA
"1946588",3,"0",0,NA
"1947312",51,"2",4,4000
"1947312",15,"0",0,4000
"1947390",78,"2",2,26300
"1947390",72,"2",4,55600
"1947965",59,"2",4,11500
"1947981",61,"1",4,18000
"1947981",25,"1",4,30500
"1948097",22,"1",4,20400
"1948097",22,"1",4,25000
"1948114",77,"2",2,42900
"1948114",68,"2",4,6100
"1948625",93,"2",4,5400
"1949913",26,"1",4,24500
"1949913",25,"1",4,15400
"1950747",49,"1",4,22200
"1950775",68,"1",2,23300
"1950775",65,"2",4,39500
"1951593",40,"1",4,740
"1951593",48,"1",2,47700
"1951593",15,"0",0,0
"1951593",12,"0",0,NA
"1951906",42,"1",4,45000
"1952302",38,"1",4,15000
"1952302",20,"1",4,12530
"1952302",0,"0",0,NA
"1953112",36,"1",2,31000
"1953112",30,"1",4,6150
"1953112",9,"0",0,NA
"1953112",5,"0",0,NA
"1953575",37,"1",4,20000
"1953575",39,"1",4,42520
"1953575",1,"0",0,NA
"1954212",61,"1",4,23000
"1954212",59,"1",4,16000
"1954989",57,"1",2,70600
"1954989",64,"1",4,11650
"1955091",36,"1",4,11000
"1955217",50,"1",2,3000
"1955217",50,"1",4,35000
"1955219",58,"1",2,50000
"1955219",56,"1",4,4000
"1956839",20,"1",4,19000
"1956839",2,"0",0,NA
"1958714",57,"1",4,16000
"1958714",58,"1",4,19000
"1959289",40,"1",2,10240
"1959289",10,"0",0,NA
"1959289",33,"1",4,33310
"1959547",36,"1",4,22000
"1959547",16,"1",0,1900
"1959547",13,"0",0,NA
"1960133",73,"2",4,6700
"1960373",47,"1",4,40000
"1960373",48,"1",4,40000
"1960373",20,"1",4,22000
"1960373",18,"1",4,10000
"1960705",29,"1",4,27800
"1960705",25,"1",4,19000
"1962127",75,"2",4,17800
"1963046",57,"1",2,9200
"1963046",52,"1",4,34540
"1963451",21,"1",4,18000
"1963451",21,"1",4,26000
"1963451",0,"0",0,NA
"1964811",85,"2",2,15000
"1964811",55,"1",2,14340
"1965418",24,"1",4,25000
"1965418",20,"1",4,22000
"1965430",54,"2",4,2000
"1969359",75,"2",2,10700
"1969359",74,"2",4,7300
"1969359",24,"1",4,15000
"1969809",52,"1",2,52120
"1969809",50,"1",4,18000
"1970828",43,"1",2,41000
"1970828",45,"1",4,3000
"1970828",16,"2",0,0
"1971162",24,"1",4,23000
"1971162",25,"1",4,23000
"1971469",53,"1",4,16000
"1971469",63,"2",2,27500
"1971469",9,"0",0,NA
"1972952",30,"1",4,34600
"1972952",37,"1",4,35000
"1972952",7,"0",0,NA
"1972952",3,"0",0,NA
"1973328",17,"1",4,430
"1973418",36,"1",4,17200
"1973418",14,"0",0,NA
"1973997",23,"1",4,34000
"1973997",23,"1",4,9100
"1977007",32,"1",4,17300
"1977718",54,"1",3,38400
"1977718",45,"1",4,39400
"1978170",51,"1",2,28000
"1978170",49,"1",4,29000
"1978170",24,"1",2,24000
"1979371",50,"1",4,36020
"1979371",19,"1",4,6600
"1980768",39,"2",2,8000
"1980768",1,"0",0,NA
"1981116",75,"2",2,0
"1981116",35,"1",4,3950
"1981292",58,"1",4,46300
"1981292",58,"2",4,44600
"1982281",76,"2",2,25950
"1982281",72,"2",4,0
"1983718",81,"2",4,24300
"1983976",38,"1",2,19800
"1983976",0,"0",0,NA
"1983976",22,"1",4,19000
"1984135",88,"2",4,4300
"1984135",81,"2",4,69200
"1984338",53,"1",4,13840
"1984338",28,"1",4,2000
"1984338",26,"1",2,40000
"1984338",93,"2",4,11000
"1985054",43,"1",4,52000
"1985054",47,"1",4,12000
"1985245",42,"1",4,24600
"1985245",42,"1",4,40000
"1986530",20,"1",4,5000
"1988224",65,"1",4,32000
"1988224",60,"2",4,0
"1988231",64,"2",4,48300
"1988231",63,"2",4,32100
"1991479",81,"1",4,17780
"1991479",82,"2",4,30100
"1992308",74,"2",2,133900
"1992308",75,"2",4,10600
"1992724",40,"2",4,10000
"1992724",36,"1",4,30500
"1992724",16,"1",0,200
"1992724",14,"0",0,NA
"1992890",89,"2",4,14400
"1993620",49,"1",3,25900
"1993620",58,"1",4,16900
"1993620",27,"1",4,8300
"1993775",55,"2",2,10800
"1993884",76,"2",4,17000
"1996505",25,"2",4,0
"1996505",30,"1",4,11400
"1996505",8,"0",0,NA
"1996505",5,"0",0,NA
"1996505",2,"0",0,NA
"1997088",79,"2",3,10000
"1997601",44,"1",4,16000
"1997601",19,"2",4,0
"1997601",17,"2",4,0
"1997957",50,"1",1,44000
"1997957",59,"1",4,6990
"1997957",25,"1",4,25000
"1998230",68,"2",4,4800
"1998230",70,"2",2,9600
"1998728",87,"2",4,12900
"1999600",41,"1",2,29000
"1999600",20,"1",4,8000
"1999600",17,"1",4,800
"1999600",18,"2",4,0
"1999842",43,"1",4,28000
"1999842",3,"0",0,NA
"1999842",43,"1",4,9500
"2001610",19,"2",4,6100
"2001610",29,"1",4,30700
"2001610",1,"0",0,NA
"2002030",44,"1",4,30150
"2002030",36,"1",4,30150
"2002644",74,"2",2,15700
"2002644",72,"2",4,6000
"2004938",81,"2",2,12300
"2004938",70,"2",4,7000
"2005333",84,"1",2,7280
"2005333",72,"2",2,26600
"2005482",53,"1",2,47000
"2005482",57,"1",4,13200
"2005626",62,"1",2,46800
"2005626",61,"2",4,0
"2007046",41,"1",4,37000
"2007335",45,"1",4,21840
"2007335",15,"0",0,2630
"2007335",12,"0",0,NA
"2008706",31,"1",4,21300
"2008706",37,"1",4,13100
"2009860",61,"1",4,17740
"2009860",52,"1",4,49700
"2010179",43,"1",4,25000
"2010179",38,"1",2,25400
"2010179",47,"1",2,22400
"2010179",45,"1",4,27704
"2010668",44,"1",4,33050
"2010668",39,"1",4,18750
"2011058",31,"1",4,22000
"2011058",28,"1",4,1000
"2011058",7,"0",0,NA
"2011058",6,"0",0,NA
"2012027",38,"1",4,49000
"2012027",16,"1",0,1500
"2012027",10,"0",0,NA
"2012027",53,"2",2,9000
"2012035",40,"1",4,30000
"2012035",33,"1",4,30000
"2012035",4,"0",0,NA
"2012035",1,"0",0,NA
"2012788",39,"1",2,48000
"2012788",35,"1",4,25000
"2012788",13,"0",0,NA
"2012788",9,"0",0,NA
"2013226",66,"1",2,1e+05
"2013226",58,"1",4,24000
"2013335",48,"1",2,31000
"2013335",46,"1",4,8900
"2013335",14,"0",0,NA
"2013430",32,"2",4,0
"2013430",40,"1",4,29000
"2013430",1,"0",0,NA
"2013865",48,"1",4,30700
"2013865",54,"1",4,27000
"2013865",22,"1",4,3200
"2014270",42,"1",4,9300
"2014270",20,"1",4,6100
"2014270",26,"1",4,57000
"2014902",39,"2",4,25900
"2014902",16,"1",0,700
"2014902",10,"0",0,NA
"2014902",5,"0",0,NA
"2014902",35,"1",4,23000
"2017006",89,"2",4,17900
"2018535",42,"1",4,24080
"2020320",74,"2",4,27000
"2020785",86,"2",4,16000
"2020903",93,"2",4,29600
"2020903",52,"1",4,23000
"2021128",58,"1",4,13700
"2021128",68,"1",4,26000
"2021464",59,"1",2,155000
"2021464",57,"1",4,8000
"2021624",74,"1",4,35200
"2022347",79,"2",2,10000
"2023251",69,"2",2,37700
"2023251",64,"1",4,9280
"2023795",32,"1",4,36000
"2023795",31,"1",2,17000
"2024675",28,"1",4,12000
"2024675",35,"1",4,20000
"2024675",9,"0",0,NA
"2024675",5,"0",0,NA
"2024675",36,"2",4,7200
"2025518",34,"1",4,30000
"2025518",42,"1",4,29000
"2025518",0,"0",0,NA
"2025815",48,"1",4,17000
"2025815",32,"1",4,16000
"2025815",11,"0",0,NA
"2025815",9,"0",0,NA
"2025936",57,"1",4,6500
"2025936",58,"1",4,6000
"2025936",17,"2",4,0
"2026282",45,"1",4,23200
"2026282",38,"1",4,4400
"2026521",93,"2",4,8700
"2026850",72,"1",4,-1520
"2026850",71,"1",4,20400
"2026850",44,"1",4,5360
"2026850",42,"1",4,6700
"2027143",32,"1",4,13500
"2027143",43,"1",4,26100
"2027143",10,"0",0,NA
"2027143",4,"0",0,NA
"2028636",25,"1",4,30000
"2028719",34,"1",4,10800
"2028719",43,"2",4,8700
"2028719",8,"0",0,NA
"2028719",7,"0",0,NA
"2030029",63,"1",4,6080
"2030158",19,"1",4,2400
"2030158",23,"1",4,2400
"2030158",1,"0",0,NA
"2030696",22,"1",4,21020
"2030696",24,"1",4,20000
"2032638",53,"1",4,60000
"2032884",38,"1",4,61000
"2032884",38,"1",4,8000
"2032884",9,"0",0,NA
"2032884",6,"0",0,NA
"2032884",62,"1",4,25050
"2032974",42,"1",4,55000
"2032974",39,"2",4,11200
"2032974",7,"0",0,NA
"2032974",5,"0",0,NA
"2032974",2,"0",0,NA
"2032974",9,"0",0,NA
"2032974",15,"0",0,0
"2033323",47,"1",4,110500
"2033323",39,"2",4,5000
"2033323",7,"0",0,NA
"2033323",5,"0",0,NA
"2033734",67,"2",2,13810
"2033734",64,"1",4,2700
"2034126",31,"1",4,18000
"2034126",6,"0",0,NA
"2034126",1,"0",0,NA
"2034126",27,"2",4,0
"2035308",62,"1",4,33000
"2035308",28,"2",4,20
"2035308",19,"1",4,2000
"2035308",4,"0",0,NA
"2035308",1,"0",0,NA
"2035308",35,"1",4,22300
"2036565",21,"1",4,10000
"2037082",33,"1",4,54000
"2037082",9,"0",0,NA
"2037082",3,"0",0,NA
"2037082",48,"1",4,8000
"2037756",30,"1",4,15800
"2037756",31,"1",4,27000
"2037756",3,"0",0,NA
"2037756",1,"0",0,NA
"2037849",42,"1",4,43000
"2037849",40,"1",4,24000
"2037849",0,"0",0,NA
"2038210",61,"1",4,39000
"2038458",38,"1",4,28600
"2038458",15,"0",0,0
"2038458",12,"0",0,NA
"2038885",63,"1",2,45000
"2038885",57,"1",4,28200
"2040125",46,"1",4,18000
"2040125",44,"1",4,34700
"2040737",43,"1",2,47900
"2040737",10,"0",0,NA
"2040737",8,"0",0,NA
"2041060",67,"1",2,35100
"2041060",60,"1",4,18200
"2041721",59,"1",4,15000
"2043676",55,"1",2,44100
"2043676",53,"1",4,20000
"2043676",25,"1",4,19000
"2043676",26,"1",4,25000
"2044111",54,"1",4,32000
"2044111",51,"1",2,33000
"2044405",71,"2",4,26900
"2044405",65,"2",4,3900
"2045609",49,"1",4,1e+05
"2045609",50,"2",4,4600
"2045664",53,"1",2,50000
"2045726",49,"1",4,34800
"2045726",59,"1",4,19000
"2047222",50,"1",4,40000
"2047222",40,"1",4,40000
"2047222",10,"0",0,NA
"2047222",6,"0",0,NA
"2047459",55,"1",4,19770
"2047459",58,"1",4,13180
"2052133",72,"1",2,13000
"2052133",80,"2",4,13000
"2052500",73,"1",4,22100
"2052500",70,"2",4,5400
"2053116",49,"2",3,8000
"2053116",74,"2",4,14600
"2053547",20,"1",4,7000
"2054091",38,"1",4,28740
"2054091",16,"2",0,0
"2054091",35,"1",4,40000
"2054560",71,"2",4,10000
"2055115",36,"1",4,76000
"2055115",36,"2",4,0
"2055115",4,"0",0,NA
"2055607",40,"1",2,47450
"2055607",14,"0",0,NA
"2055607",9,"0",0,NA
"2057688",38,"1",4,27000
"2058745",33,"1",4,10600
"2059198",76,"2",2,17100
"2059198",69,"2",4,4100
"2061309",35,"2",4,8560
"2061337",41,"1",4,7500
"2061337",41,"1",4,31960
"2061337",15,"0",0,80
"2061337",13,"0",0,NA
"2061337",7,"0",0,NA
"2062367",68,"2",4,30100
"2062367",63,"2",4,5700
"2062978",51,"1",4,24900
"2062978",47,"1",4,19100
"2063062",53,"1",4,8080
"2063395",50,"1",2,26190
"2066488",36,"1",4,18600
"2067869",82,"2",2,38000
"2067869",73,"2",4,9500
"2068834",56,"1",4,7000
"2068834",57,"1",2,42000
"2069166",26,"1",2,11000
"2069996",33,"1",4,55000
"2069996",25,"1",4,25800
"2071032",26,"1",4,11970
"2071032",4,"0",0,NA
"2071032",27,"1",4,23000
"2071472",73,"1",2,12700
"2071472",65,"1",4,8970
"2073165",52,"1",4,42000
"2073165",53,"2",4,0
"2073734",50,"1",2,31700
"2073883",18,"2",4,0
"2074162",48,"1",4,20000
"2074162",17,"1",4,4430
"2074162",16,"2",0,0
"2074162",13,"0",0,NA
"2075586",42,"1",2,25600
"2075586",42,"1",4,70000
"2075711",18,"1",4,3200
"2076881",78,"2",4,24600
"2077817",49,"1",4,25500
"2077817",35,"1",4,35000
"2077817",3,"0",0,NA
"2077817",1,"0",0,NA
"2077995",77,"2",2,121000
"2077995",69,"2",4,33100
"2078053",73,"2",2,44800
"2078053",75,"2",4,9800
"2078053",42,"1",4,24000
"2078513",52,"1",4,32400
"2078513",50,"1",3,32000
"2078513",14,"0",0,NA
"2078513",20,"1",3,14700
"2078513",17,"1",4,6000
"2079393",31,"1",4,20000
"2082086",52,"1",4,28000
"2082086",49,"1",4,16000
"2084046",36,"1",4,27800
"2084046",32,"1",4,34900
"2084046",10,"0",0,NA
"2084046",7,"0",0,NA
"2084086",55,"1",4,30000
"2084086",48,"1",4,13000
"2084086",26,"1",4,10000
"2084086",82,"2",4,42200
"2084563",43,"1",4,79000
"2084563",17,"1",4,600
"2084563",14,"0",0,NA
"2084563",6,"0",0,NA
"2084584",34,"1",4,38500
"2084584",34,"1",2,26500
"2084584",14,"0",0,NA
"2084584",14,"0",0,NA
"2084584",12,"0",0,NA
"2084584",11,"0",0,NA
"2084584",10,"0",0,NA
"2085434",24,"1",4,17700
"2085434",3,"0",0,NA
"2085434",22,"1",4,16500
"2085963",64,"2",2,13200
"2085963",59,"1",4,25000
"2086244",21,"1",4,1700
"2086244",21,"1",4,5800
"2087641",29,"1",4,12700
"2087641",2,"0",0,NA
"2087733",41,"1",4,48020
"2087733",39,"1",4,32030
"2087776",67,"1",4,9880
"2088441",77,"1",2,121700
"2088441",69,"1",4,30200
"2088441",41,"1",4,12300
"2088441",35,"1",4,16000
"2088441",93,"2",4,4800
"2089228",38,"1",4,72500
"2089739",70,"2",2,6930
"2089739",74,"2",4,4600
"2090221",69,"2",4,21300
"2090557",51,"1",4,28600
"2090557",40,"1",4,60000
"2090959",64,"1",2,128500
"2090959",60,"1",4,6000
"2091116",38,"1",4,34000
"2091749",26,"2",4,7000
"2091749",3,"0",0,NA
"2091749",1,"0",0,NA
"2092575",54,"1",4,10600
"2094787",79,"1",2,37800
"2094787",77,"2",4,19700
"2095483",19,"1",4,1000
"2095483",22,"1",4,4000
"2095483",22,"1",4,5000
"2095483",19,"2",4,0
"2095584",37,"1",4,21450
"2095584",38,"1",4,300
"2095584",2,"0",0,NA
"2095737",68,"2",4,6200
"2095737",45,"1",4,13000
"2095950",35,"1",4,16400
"2095950",36,"1",4,22400
"2095950",4,"0",0,NA
"2098082",43,"1",4,33060
"2098082",15,"0",0,100
"2098082",11,"0",0,NA
"2098082",9,"0",0,NA
"2098630",75,"2",4,14500
"2099334",76,"2",2,27410
"2099334",73,"2",4,1500
"2099341",43,"1",4,23000
"2099341",51,"1",4,22000
"2099532",23,"1",4,12000
"2099532",3,"0",0,NA
"2099532",24,"1",4,15000
"2099643",27,"1",2,12000
"2099643",22,"1",4,12000
"2099655",40,"1",4,29400
"2099655",18,"1",4,7400
"2099655",7,"0",0,NA
"2099829",53,"1",4,24900
"2099829",35,"1",4,37600
"2099829",22,"1",4,7400
"2102174",53,"2",4,12700
"2102174",23,"1",3,15000
"2105926",54,"1",2,32500
"2105926",42,"1",4,36400
"2106084",54,"1",2,20000
"2106084",53,"1",4,24000
"2106084",15,"0",0,0
"2106084",24,"1",4,15000
"2106084",20,"1",4,18300
"2107440",44,"2",4,5900
"2107440",16,"2",0,0
"2108668",80,"2",4,5400
"2109056",74,"2",2,32500
"2109075",93,"2",4,12000
"2109678",53,"1",4,47400
"2109678",18,"1",4,10600
"2109678",12,"0",0,NA
"2109678",35,"1",4,14000
"2110124",43,"1",4,30000
"2110788",45,"1",4,65000
"2110788",36,"1",4,44500
"2110788",16,"1",0,4400
"2110788",15,"0",0,1700
"2110788",15,"0",0,0
"2113009",55,"1",4,31700
"2113009",29,"1",4,19200
"2114831",39,"1",4,29610
"2117124",46,"1",4,49000
"2117124",17,"1",4,2100
"2117124",15,"0",0,0
"2117391",31,"1",4,41800
"2117391",23,"1",4,7000
"2117391",0,"0",0,NA
"2118021",38,"1",4,7900
"2118021",12,"0",0,NA
"2118021",9,"0",0,NA
"2118863",46,"1",4,45010
"2118938",61,"1",2,7000
"2118938",46,"1",4,7000
"2118938",14,"0",0,NA
"2118938",12,"0",0,NA
"2119241",34,"1",4,32200
"2119241",36,"1",2,14200
"2119241",8,"0",0,NA
"2119591",52,"1",2,310000
"2119591",52,"1",4,45000
"2120162",47,"1",4,39100
"2120162",44,"1",4,18000
"2120162",20,"1",4,8000
"2120162",17,"1",4,2000
"2121848",73,"2",2,15400
"2123210",38,"1",4,25000
"2123210",15,"0",0,0
"2123288",57,"1",4,45300
"2123288",50,"1",4,12500
"2125146",37,"1",4,48000
"2125146",38,"1",4,38000
"2125146",10,"0",0,NA
"2125146",7,"0",0,NA
"2125341",33,"1",4,12900
"2125341",11,"0",0,NA
"2125341",8,"0",0,NA
"2126599",33,"1",4,19100
"2126599",34,"1",4,25000
"2126599",5,"0",0,NA
"2127201",34,"1",4,16300
"2127201",49,"1",4,18500
"2127201",17,"1",4,2500
"2127201",14,"0",0,NA
"2127536",52,"1",4,25000
"2127536",54,"1",4,70000
"2127536",24,"1",4,21700
"2127536",21,"1",4,16200
"2127823",46,"1",4,25050
"2127823",40,"1",4,50000
"2127823",9,"0",0,NA
"2127823",6,"0",0,NA
"2127839",74,"2",2,20200
"2128401",29,"2",4,6000
"2128401",28,"2",4,0
"2128485",63,"1",4,69800
"2128485",56,"1",4,20700
"2128835",44,"1",4,133800
"2128835",47,"2",4,0
"2128835",14,"0",0,NA
"2130399",45,"1",4,32070
"2130399",16,"2",0,0
"2130399",13,"0",0,NA
"2130399",44,"1",4,25000
"2131194",28,"1",4,35400
"2131194",28,"1",4,580
"2131194",6,"0",0,NA
"2131194",2,"0",0,NA
"2131869",50,"1",2,43120
"2131869",47,"1",4,32000
"2132671",65,"1",4,46210
"2132671",64,"2",4,3700
"2133710",37,"1",4,41700
"2133710",18,"1",4,2400
"2133716",43,"1",2,32800
"2133716",41,"1",4,80900
"2133716",16,"2",0,0
"2133716",14,"0",0,NA
"2133982",27,"1",4,19000
"2135823",38,"1",4,25004
"2135823",43,"1",4,27000
"2135823",12,"0",0,NA
"2135823",7,"0",0,NA
"2135823",3,"0",0,NA
"2137846",46,"1",4,35000
"2137846",45,"1",4,25000
"2138572",79,"2",2,70300
"2140144",34,"1",4,16800
"2140144",35,"1",4,9000
"2140144",12,"0",0,NA
"2140144",9,"0",0,NA
"2140399",29,"1",4,11300
"2140399",9,"0",0,NA
"2140399",7,"0",0,NA
"2140399",6,"0",0,NA
"2140399",0,"0",0,NA
"2140399",34,"1",4,1300
"2141350",69,"2",2,14000
"2141350",58,"2",4,0
"2141374",93,"2",3,28600
"2141470",39,"1",4,64100
"2141470",44,"1",4,10800
"2141470",2,"0",0,NA
"2142184",34,"1",4,43920
"2142184",32,"1",4,35000
"2142184",11,"0",0,NA
"2142184",9,"0",0,NA
"2142184",6,"0",0,NA
"2142184",4,"0",0,NA
"2142184",2,"0",0,NA
"2142422",66,"1",2,43400
"2142422",70,"1",4,12000
"2142943",29,"1",4,29300
"2142943",29,"1",4,29600
"2142943",3,"0",0,NA
"2142943",0,"0",0,NA
"2145140",75,"1",4,36800
"2145659",71,"2",4,9600
"2146273",39,"1",4,13900
"2146273",43,"1",3,16600
"2146273",14,"0",0,NA
"2146273",12,"0",0,NA
"2146273",1,"0",0,NA
"2146273",22,"1",4,5800
"2146273",2,"0",0,NA
"2147074",49,"1",4,32000
"2147074",10,"0",0,NA
"2147074",46,"1",4,30800
"2147101",38,"1",4,43200
"2147101",38,"1",4,9300
"2147101",6,"0",0,NA
"2147101",2,"0",0,NA
"2147190",32,"1",4,4900
"2147829",49,"1",3,56800
"2147829",35,"2",4,0
"2147829",9,"0",0,NA
"2147829",7,"0",0,NA
"2147829",16,"2",0,0
"2147852",93,"2",4,5400
"2147906",42,"1",4,70500
"2147958",41,"1",4,20200
"2147958",41,"2",4,0
"2147958",12,"0",0,NA
"2147958",8,"0",0,NA
"2147958",7,"0",0,NA
"2148438",47,"1",4,1280
"2148554",30,"1",4,22500
"2148554",2,"0",0,NA
"2148554",1,"0",0,NA
"2148554",34,"2",4,0
"2151368",52,"1",4,55800
"2151368",57,"1",4,7200
"2152669",48,"1",4,91200
"2152669",46,"1",4,19000
"2152669",16,"2",0,100
"2152669",13,"0",0,NA
"2154843",74,"2",4,21970
"2157854",20,"1",4,16900
"2158190",53,"1",4,150830
"2158190",50,"1",4,45600
"2159359",31,"1",4,25000
"2159359",33,"1",4,27000
"2159359",1,"0",0,NA
"2160137",69,"1",2,19600
"2160137",72,"2",4,36700
"2160265",45,"1",4,11800
"2160265",44,"1",4,22800
"2160265",20,"1",4,14000
"2160673",59,"1",4,28650
"2160673",59,"2",4,0
"2160776",60,"2",2,115300
"2160776",58,"2",4,0
"2161356",19,"1",4,6000
"2161492",35,"1",4,48700
"2161622",66,"2",2,0
"2161622",59,"1",4,6200
"2162946",71,"1",2,26900
"2162946",72,"2",4,5800
"2165566",47,"1",4,35680
"2165566",16,"1",0,2130
"2165566",13,"0",0,NA
"2166192",59,"2",4,4800
"2166192",76,"2",2,30800
"2169101",57,"1",4,160000
"2169101",38,"1",4,24400
"2169395",36,"1",4,33000
"2169936",60,"1",2,27770
"2169936",58,"1",4,17600
"2170317",45,"1",4,43100
"2170317",41,"1",4,60000
"2170317",16,"1",0,3000
"2170460",26,"1",4,12100
"2170460",26,"1",4,14100
"2170460",10,"0",0,NA
"2170460",7,"0",0,NA
"2170820",61,"1",4,14000
"2170820",51,"1",4,11500
"2171701",27,"1",4,19200
"2171708",74,"2",4,17500
"2171708",48,"1",4,3000
"2171708",62,"2",3,9500
"2171984",38,"1",4,26000
"2171984",35,"1",4,24000
"2172712",52,"2",4,25300
"2173054",69,"2",2,34900
"2173054",67,"2",4,30300
"2173586",87,"2",4,8000
"2175204",67,"2",2,18800
"2175204",62,"2",4,8400
"2175556",38,"1",4,100100
"2175556",33,"1",4,35100
"2175627",58,"1",4,13900
"2175627",51,"1",2,38000
"2182323",28,"1",4,27000
"2182434",36,"1",4,20540
"2182434",14,"0",0,NA
"2182434",7,"0",0,NA
"2182434",47,"1",4,34900
"2183329",46,"1",4,4000
"2183329",28,"1",4,22740
"2183355",58,"1",2,43700
"2183355",55,"1",4,10800
"2183604",46,"1",4,185000
"2183604",35,"1",4,27000
"2183604",11,"0",0,NA
"2183604",16,"1",0,5200
"2183864",47,"1",4,15000
"2183864",77,"2",4,6000
"2184428",52,"1",4,27300
"2184428",49,"1",4,43400
"2184428",28,"1",4,33800
"2184428",21,"1",4,40000
"2184428",17,"2",4,0
"2184762",25,"1",4,504
"2185803",27,"1",4,30000
"2185803",25,"1",4,22000
"2186240",53,"1",2,30710
"2186240",52,"1",4,15890
"2186240",24,"1",4,27100
"2186872",54,"1",4,20000
"2186872",29,"1",4,26000
"2186872",5,"0",0,NA
"2187219",31,"1",4,20000
"2187219",34,"1",2,42000
"2187219",0,"0",0,NA
"2187660",54,"1",4,27010
"2187660",14,"0",0,NA
"2189619",49,"1",4,71000
"2190025",29,"2",4,0
"2190025",28,"1",4,35000
"2190025",7,"0",0,NA
"2190025",4,"0",0,NA
"2190025",2,"0",0,NA
"2190620",49,"1",4,16000
"2190620",43,"1",4,25000
"2190620",22,"1",4,8900
"2190620",20,"1",4,5000
"2190620",7,"0",0,NA
"2190694",60,"2",4,9290
"2190694",5,"0",0,NA
"2191346",59,"2",3,38600
"2191346",59,"2",4,21800
"2191346",33,"2",4,0
"2191426",82,"2",4,8600
"2191764",66,"2",2,18210
"2191764",60,"1",3,30900
"2191767",77,"2",4,10000
"2196015",58,"1",4,30000
"2196015",57,"1",4,18000
"2196249",61,"2",4,0
"2196249",55,"1",4,14600
"2196250",18,"1",4,1200
"2198382",86,"2",4,0
"2198666",42,"1",4,22300
"2199861",18,"2",4,0
"2200612",20,"1",4,1800
"2200648",54,"1",4,36000
"2200648",50,"1",4,73500
"2200648",27,"1",4,25510
"2200648",11,"0",0,NA
"2200648",26,"1",4,11000
"2200838",42,"1",4,20000
"2200838",48,"1",4,16000
"2200838",16,"2",0,0
"2200838",13,"0",0,NA
"2203808",29,"1",4,17000
"2203808",14,"0",0,NA
"2203808",9,"0",0,NA
"2203808",61,"2",4,0
"2203808",30,"1",4,26300
"2203967",55,"1",3,48600
"2203967",53,"1",4,16000
"2204168",62,"2",4,0
"2204168",52,"2",4,14500
"2204360",27,"1",4,4700
"2204360",4,"0",0,NA
"2204360",31,"1",4,7000
"2204360",30,"1",4,0
"2204633",50,"1",2,45000
"2204633",36,"1",4,35000
"2205078",52,"1",2,43200
"2205078",47,"1",4,30000
"2207155",35,"1",4,95200
"2207155",42,"2",4,0
"2207155",14,"0",0,NA
"2207155",13,"0",0,NA
"2207295",20,"1",4,3000
"2209074",23,"2",4,0
"2209154",83,"2",2,16300
"2209154",83,"2",4,13700
"2209495",64,"1",2,78000
"2209713",54,"2",4,0
"2209713",53,"1",4,16900
"2210776",76,"2",2,19600
"2210776",82,"2",2,119000
"2210942",50,"1",4,17000
"2210942",73,"1",4,14220
"2211257",51,"1",4,37000
"2211257",45,"2",4,10000
"2211996",35,"1",4,13100
"2211996",13,"0",0,NA
"2211996",13,"0",0,NA
"2212092",61,"1",4,132000
"2212092",45,"1",4,24000
"2212301",20,"1",4,20000
"2212301",17,"1",4,6120
"2212301",61,"1",4,31500
"2212924",55,"1",4,1e+05
"2212924",56,"1",4,8800
"2212924",25,"1",4,8100
"2212924",85,"2",4,8500
"2213474",54,"1",4,7800
"2213474",59,"1",4,28800
"2217341",49,"2",4,11900
"2217348",80,"2",4,10800
"2217551",45,"1",4,41300
"2217551",14,"0",0,NA
"2218360",71,"2",3,8300
"2218886",28,"1",4,20000
"2218886",29,"1",4,14300
"2219310",41,"1",4,51000
"2219310",35,"1",4,24700
"2219658",43,"1",4,30000
"2219658",29,"1",4,16000
"2220539",59,"1",2,52000
"2220539",61,"1",4,34800
"2221563",46,"1",4,118700
"2221563",43,"1",4,178000
"2221563",18,"2",4,0
"2221563",6,"0",0,NA
"2222354",21,"2",4,120
"2222354",27,"1",2,24800
"2222354",0,"0",0,NA
"2223193",52,"1",4,6000
"2223193",61,"1",3,31550
"2223369",20,"1",4,18200
"2223369",19,"1",4,21000
"2223936",85,"2",4,13700
"2223936",80,"1",4,51430
"2223936",53,"1",4,15200
"2223936",56,"2",4,800
"2224339",49,"1",2,35200
"2224339",41,"1",4,15000
"2224339",8,"0",0,NA
"2224339",5,"0",0,NA
"2225317",55,"1",4,79250
"2225317",51,"1",4,0
"2225948",55,"1",2,30000
"2226400",45,"1",4,23500
"2226762",69,"2",2,31140
"2226762",65,"2",4,9200
"2231408",52,"1",4,9900
"2231408",52,"1",4,40900
"2231448",38,"1",4,24260
"2231448",39,"1",4,25000
"2231448",8,"0",0,NA
"2231448",6,"0",0,NA
"2232733",40,"1",4,22300
"2232733",37,"1",3,20000
"2232733",8,"0",0,NA
"2232733",3,"0",0,NA
"2232752",84,"2",2,29200
"2234340",78,"2",2,10700
"2234368",52,"1",2,5000
"2235088",69,"2",4,219000
"2235088",74,"2",4,44000
"2235528",48,"1",4,11700
"2235528",48,"1",4,64000
"2235528",11,"0",0,NA
"2235528",8,"0",0,NA
"2237383",32,"1",4,19100
"2237383",33,"1",4,28000
"2237383",10,"0",0,NA
"2237383",10,"0",0,NA
"2238096",59,"2",4,8000
"2238128",43,"1",2,41500
"2238128",46,"1",4,22400
"2238285",52,"1",4,15100
"2238285",58,"1",3,17000
"2238285",86,"2",4,16800
"2239658",26,"1",4,30000
"2239658",13,"0",0,NA
"2239658",37,"1",4,18700
"2239658",9,"0",0,NA
"2241995",34,"1",4,38900
"2241995",6,"0",0,NA
"2241995",4,"0",0,NA
"2242298",64,"1",2,40800
"2242298",61,"1",4,9300
"2242311",72,"2",4,7000
"2243299",68,"2",4,12400
"2243299",43,"2",4,0
"2243299",27,"1",4,14000
"2244247",53,"2",2,16000
"2244247",44,"1",4,15000
"2244247",16,"2",0,0
"2245115",71,"1",4,45800
"2245115",54,"2",4,4880
"2245121",61,"1",2,22300
"2245121",56,"2",4,0
"2245121",84,"2",4,11100
"2246657",85,"2",4,57700
"2247894",41,"1",4,36000
"2247894",33,"1",4,32000
"2247894",15,"0",0,0
"2247925",44,"1",4,62800
"2247925",49,"1",4,28900
"2247925",16,"1",0,2260
"2247925",12,"0",0,NA
"2249163",44,"1",4,44700
"2249163",41,"1",4,30000
"2249163",19,"1",4,10000
"2249163",17,"1",4,4000
"2249650",81,"1",2,19700
"2249650",72,"2",4,5900
"2250345",86,"2",2,14200
"2250345",79,"2",2,26100
"2252365",57,"1",2,94000
"2252551",50,"1",4,40200
"2252551",49,"1",4,60000
"2252551",16,"1",0,1300
"2255486",50,"1",2,54580
"2255486",51,"1",4,35080
"2256677",49,"1",4,10300
"2256677",49,"1",4,25000
"2256677",26,"1",4,20700
"2256677",22,"1",4,7600
"2257255",43,"1",4,23000
"2257255",16,"2",0,0
"2257255",42,"2",4,8700
"2258928",38,"1",4,10600
"2258928",8,"0",0,NA
"2258928",6,"0",0,NA
"2259840",30,"1",2,7500
"2259840",11,"0",0,NA
"2259840",9,"0",0,NA
"2261524",37,"1",3,27000
"2261524",43,"1",4,17000
"2261524",11,"0",0,NA
"2261524",20,"1",4,20000
"2261524",17,"1",4,6000
"2262002",65,"1",3,23780
"2262002",57,"2",4,0
"2262046",64,"2",4,5000
"2262046",68,"1",4,12800
"2262126",19,"1",4,12000
"2262126",0,"0",0,NA
"2262126",19,"1",4,5000
"2263235",19,"1",4,4200
"2263660",36,"1",4,28200
"2263660",39,"1",4,38000
"2263660",8,"0",0,NA
"2263660",5,"0",0,NA
"2263673",40,"1",4,39000
"2263673",39,"1",4,25000
"2264239",47,"1",4,31200
"2264239",41,"1",4,10700
"2264239",16,"2",0,0
"2264239",12,"0",0,NA
"2264299",93,"2",4,0
"2264493",75,"2",4,6750
"2266699",19,"1",4,10000
"2267934",75,"2",4,8700
"2267934",83,"2",4,4800
"2268134",51,"1",4,16600
"2268800",44,"1",4,40100
"2268800",39,"1",4,35000
"2268800",11,"0",0,NA
"2268800",8,"0",0,NA
"2269770",37,"1",4,38800
"2270925",50,"1",2,30200
"2270925",47,"1",4,30000
"2270925",18,"1",4,4600
"2270925",13,"0",0,NA
"2270925",12,"0",0,NA
"2271552",31,"1",4,27000
"2271552",28,"1",4,25000
"2271552",0,"0",0,NA
"2271563",43,"1",2,98100
"2271563",46,"1",4,98080
"2271563",9,"0",0,NA
"2271563",6,"0",0,NA
"2271856",52,"1",4,32000
"2271856",50,"1",4,23100
"2272317",43,"1",4,39300
"2272317",43,"1",4,14250
"2272317",11,"0",0,NA
"2272317",9,"0",0,NA
"2272580",82,"2",4,4400
"2272580",83,"1",2,25000
"2272778",31,"1",4,21800
"2272778",10,"0",0,NA
"2273079",43,"2",4,6000
"2273079",21,"1",4,9700
"2273079",17,"1",4,990
"2273122",45,"1",2,17000
"2273122",32,"2",4,3000
"2273122",14,"0",0,NA
"2273122",10,"0",0,NA
"2273122",1,"0",0,NA
"2273122",35,"2",4,8600
"2274657",20,"1",4,3500
"2277119",28,"1",4,16500
"2277119",31,"1",4,31300
"2277119",13,"0",0,NA
"2278630",75,"2",2,14600
"2278630",69,"1",4,13000
"2278630",46,"1",4,23200
"2279732",47,"1",4,38000
"2279732",45,"2",4,0
"2279732",17,"2",4,0
"2279732",12,"0",0,NA
"2279850",54,"1",4,9760
"2280326",93,"1",4,15000
"2281117",27,"1",4,8000
"2281709",40,"1",3,46804
"2281709",34,"1",4,39930
"2281709",4,"0",0,NA
"2282262",36,"1",4,40000
"2282262",39,"1",4,12000
"2282262",15,"0",0,0
"2283694",53,"1",4,13000
"2283949",35,"1",4,11800
"2283949",35,"1",4,60000
"2284070",22,"1",4,24000
"2284070",21,"1",4,12000
"2284366",20,"1",4,11500
"2284366",2,"0",0,NA
"2284432",55,"1",4,54000
"2284432",50,"1",4,15000
"2285070",53,"1",4,45000
"2285070",53,"1",4,25000
"2286026",43,"1",4,21000
"2286026",41,"1",4,11000
"2286026",21,"1",4,19900
"2286026",18,"1",4,1000
"2286026",61,"1",4,20000
"2286168",21,"1",4,1040
"2286168",21,"1",4,32000
"2286168",21,"1",4,4500
"2286752",57,"1",4,4200
"2286997",51,"1",4,11000
"2286997",52,"1",3,40000
"2286997",11,"0",0,NA
"2288620",34,"1",4,42000
"2288620",34,"1",4,12900
"2288620",4,"0",0,NA
"2288620",14,"0",0,NA
"2289165",45,"1",4,44680
"2289413",50,"1",4,8000
"2289413",8,"0",0,NA
"2289413",53,"1",4,10000
"2289613",87,"2",4,11500
"2289714",54,"2",4,10000
"2289714",36,"1",4,12800
"2289714",49,"2",4,11800
"2289868",47,"1",4,6000
"2289868",45,"1",4,27000
"2289868",13,"0",0,NA
"2289868",10,"0",0,NA
"2290565",46,"1",4,22700
"2290565",22,"1",4,7600
"2290565",19,"2",4,6800
"2291075",61,"1",4,30000
"2291075",56,"1",4,20000
"2291435",35,"1",4,10750
"2291435",57,"2",4,10800
"2291640",41,"1",4,28100
"2291640",17,"2",4,0
"2291640",14,"0",0,NA
"2292564",47,"1",4,21000
"2292564",16,"1",0,6120
"2294477",61,"2",2,105000
"2294477",57,"2",4,0
"2294668",39,"1",4,47800
"2294668",46,"1",4,0
"2295453",66,"2",2,116700
"2295453",67,"2",4,21000
"2295504",47,"1",4,20300
"2295504",48,"1",4,24600
"2295504",27,"1",4,23500
"2295504",24,"2",4,0
"2295504",18,"1",4,3500
"2295504",9,"0",0,NA
"2295504",7,"0",0,NA
"2298099",72,"2",4,10000
"2298493",26,"1",4,25000
"2298493",22,"1",4,15000
"2298493",27,"1",4,10600
"2299052",57,"1",2,46200
"2299052",61,"1",4,24000
"2299052",9,"0",0,NA
"2299061",19,"1",4,9200
"2299061",22,"1",4,10000
"2299730",35,"1",4,18000
"2299730",38,"1",4,5800
"2299730",14,"0",0,NA
"2299730",12,"0",0,NA
"2299730",9,"0",0,NA
"2300698",36,"1",4,14500
"2300698",38,"1",4,14400
"2300698",9,"0",0,NA
"2300698",7,"0",0,NA
"2301864",29,"1",2,19000
"2301864",28,"1",4,20000
"2301946",29,"1",4,40600
"2301946",26,"1",4,26000
"2302349",24,"1",4,13500
"2302349",4,"0",0,NA
"2302839",43,"1",4,24600
"2302839",18,"2",4,0
"2302839",9,"0",0,NA
"2302839",42,"1",4,14600
"2304164",56,"1",2,381500
"2304164",52,"1",4,37000
"2304164",77,"2",4,13000
"2304987",61,"1",4,37200
"2304987",55,"1",4,30000
"2305294",18,"1",4,950
"2305294",15,"0",0,0
"2305294",18,"1",4,2500
"2306132",78,"2",2,28500
"2306132",73,"2",4,5400
"2306890",54,"2",2,11100
"2306890",76,"1",4,13700
"2306890",19,"1",4,8000
"2306890",20,"1",4,16000
"2307011",20,"1",4,5000
"2307224",63,"2",4,1000
"2307224",59,"2",4,0
"2307881",39,"1",4,88200
"2307881",41,"2",4,0
"2307881",13,"0",0,NA
"2308370",30,"1",4,50000
"2309852",38,"1",4,50000
"2309943",65,"1",2,37550
"2309943",71,"2",4,7200
"2310038",31,"1",4,30120
"2310038",31,"1",2,30000
"2310190",40,"1",4,40400
"2310190",43,"2",4,0
"2310190",25,"2",4,0
"2310190",3,"0",0,NA
"2310314",50,"1",4,76000
"2310314",57,"1",2,29000
"2310716",25,"1",4,10000
"2310716",25,"1",4,6100
"2310758",46,"1",4,39400
"2310781",79,"2",2,0
"2311563",64,"1",2,36000
"2311563",67,"2",4,7300
"2312421",43,"1",4,22050
"2316248",54,"1",2,48200
"2316248",53,"1",4,45000
"2317080",58,"1",2,31500
"2317080",43,"1",4,13700
"2317673",75,"2",4,4800
"2317683",60,"1",4,126000
"2317805",51,"1",2,23000
"2319192",54,"1",4,33000
"2319192",53,"1",4,28000
"2319206",21,"1",4,4400
"2321163",37,"1",3,22000
"2321163",42,"1",4,14790
"2321163",16,"2",0,0
"2321163",10,"0",0,NA
"2321163",8,"0",0,NA
"2321163",7,"0",0,NA
"2321280",69,"2",4,12000
"2322339",73,"2",2,27500
"2322339",67,"2",4,5900
"2322533",50,"1",4,41880
"2322862",52,"1",2,48000
"2322862",43,"1",4,22000
"2322862",18,"1",4,3500
"2322862",15,"0",0,0
"2323962",23,"1",4,15200
"2323962",5,"0",0,NA
"2323962",1,"0",0,NA
"2325979",46,"1",2,43000
"2325979",45,"2",3,0
"2325979",18,"1",4,5100
"2327469",27,"1",4,420
"2327469",26,"2",4,6500
"2327469",0,"0",0,NA
"2327469",0,"0",0,NA
"2327766",36,"1",4,30100
"2327766",26,"1",4,8000
"2327766",11,"0",0,NA
"2330907",35,"1",4,43000
"2330907",39,"2",4,13000
"2330907",7,"0",0,NA
"2330907",5,"0",0,NA
"2330907",3,"0",0,NA
"2331370",46,"1",4,80300
"2331502",41,"1",4,1e+05
"2331502",39,"2",4,0
"2331502",13,"0",0,NA
"2331502",10,"0",0,NA
"2331502",7,"0",0,NA
"2331649",40,"1",4,40800
"2331649",39,"1",4,16250
"2331649",14,"0",0,NA
"2331649",9,"0",0,NA
"2331772",48,"1",2,34000
"2331772",19,"1",4,10000
"2331772",0,"0",0,NA
"2332312",70,"2",4,25570
"2332356",38,"1",4,32000
"2332356",33,"1",4,49500
"2332356",1,"0",0,NA
"2333691",49,"1",4,80100
"2333691",42,"1",4,10100
"2333691",11,"0",0,NA
"2333691",8,"0",0,NA
"2333691",5,"0",0,NA
"2334176",37,"1",4,36140
"2334176",34,"1",4,6500
"2334176",9,"0",0,NA
"2334176",6,"0",0,NA
"2334176",1,"0",0,NA
"2334831",77,"2",4,134200
"2334831",71,"1",2,54200
"2336824",43,"1",4,35000
"2337355",53,"1",4,36000
"2338361",52,"1",2,45800
"2338361",46,"1",4,45000
"2338361",22,"1",3,33000
"2338611",55,"1",4,120000
"2338611",54,"1",2,110000
"2338896",31,"1",4,18300
"2338896",33,"1",4,32000
"2338896",14,"0",0,NA
"2338896",10,"0",0,NA
"2340490",60,"1",3,57400
"2340490",60,"2",4,29800
"2341840",45,"1",4,80000
"2341840",44,"2",4,0
"2341840",28,"1",4,18000
"2341840",11,"0",0,NA
"2341840",9,"0",0,NA
"2341840",4,"0",0,NA
"2343325",58,"1",4,24550
"2343522",56,"1",4,40000
"2343522",58,"1",3,70000
"2343879",19,"1",4,12500
"2343879",0,"0",0,NA
"2343879",24,"1",4,16600
"2344544",60,"1",4,36000
"2344829",22,"1",4,12000
"2344829",25,"1",4,14000
"2345596",59,"2",4,5300
"2345596",36,"2",4,0
"2346001",30,"1",4,60140
"2346001",31,"1",4,34140
"2346662",20,"1",4,3000
"2348517",89,"2",4,0
"2348563",78,"2",4,14100
"2348599",27,"1",4,32000
"2348599",0,"0",0,NA
"2348599",38,"1",4,20720
"2348599",15,"0",0,0
"2351097",44,"1",4,45200
"2351097",45,"1",4,20000
"2351097",4,"0",0,NA
"2351326",46,"2",4,8800
"2351890",20,"1",3,2300
"2352800",47,"1",4,2400
"2352800",46,"2",4,0
"2353037",46,"1",4,28200
"2354075",50,"1",4,45000
"2354075",54,"2",4,0
"2354075",24,"1",4,6300
"2354075",15,"0",0,2800
"2354484",43,"1",2,24000
"2354667",37,"1",2,42000
"2354667",40,"2",2,0
"2354667",18,"1",3,1300
"2354667",16,"1",0,2400
"2354667",13,"0",0,NA
"2354773",45,"1",4,13200
"2354773",17,"1",4,2000
"2355512",18,"1",4,4800
"2356208",48,"1",4,73000
"2356967",44,"1",4,11900
"2357208",24,"1",4,27600
"2357208",21,"1",4,2790
"2357208",1,"0",0,NA
"2357208",0,"0",0,NA
"2357972",69,"1",4,30900
"2357972",63,"2",4,4900
"2358583",22,"2",3,0
"2360201",59,"1",4,13000
"2360201",54,"1",4,30000
"2360805",52,"1",4,26400
"2362959",46,"2",4,0
"2362990",19,"1",4,700
"2363011",79,"2",2,21100
"2363011",83,"2",3,18200
"2363192",30,"1",4,14300
"2363192",35,"1",4,21920
"2363192",2,"0",0,NA
"2364162",73,"2",4,25900
"2364162",74,"2",4,1500
"2364179",30,"1",4,27000
"2364179",35,"1",4,41200
"2364179",7,"0",0,NA
"2364179",3,"0",0,NA
"2364334",29,"2",4,0
"2364334",28,"1",4,24000
"2364334",6,"0",0,NA
"2364334",5,"0",0,NA
"2365115",71,"1",2,49000
"2365115",66,"2",4,21800
"2365143",18,"1",4,600
"2365909",76,"2",2,52400
"2365909",69,"2",4,5100
"2366475",49,"2",4,1600
"2366475",43,"1",4,22800
"2368551",68,"1",2,18000
"2368551",56,"1",4,17000
"2369202",46,"1",4,21430
"2369202",44,"1",4,36000
"2369202",15,"0",0,0
"2369202",13,"0",0,NA
"2369202",9,"0",0,NA
"2369816",72,"2",4,14500
"2370164",54,"1",2,44990
"2370164",52,"1",4,38000
"2370164",15,"0",0,0
"2370164",15,"0",0,0
"2370164",13,"0",0,NA
"2370164",18,"1",4,11530
"2370577",75,"2",2,3600
"2373168",50,"1",3,11000
"2373983",31,"1",4,15804
"2373983",31,"1",4,35004
"2373983",8,"0",0,NA
"2373983",4,"0",0,NA
"2375203",78,"2",4,60700
"2375203",44,"1",2,17890
"2375836",53,"1",4,64000
"2377188",32,"1",4,47300
"2377188",40,"1",4,68000
"2377188",2,"0",0,NA
"2377188",1,"0",0,NA
"2377386",43,"2",4,10200
"2377386",43,"1",4,22000
"2377386",22,"1",4,26000
"2377927",74,"2",4,28100
"2378186",41,"1",4,20670
"2378186",37,"1",4,30000
"2378186",10,"0",0,NA
"2378186",6,"0",0,NA
"2378257",86,"2",4,10900
"2378257",24,"2",4,660
"2378621",64,"1",2,17320
"2378621",63,"1",4,10600
"2380106",44,"1",4,46500
"2380106",44,"1",4,7780
"2381245",51,"1",4,38900
"2381245",17,"2",4,500
"2381589",60,"2",4,19800
"2381739",40,"1",4,8700
"2382088",47,"1",4,12300
"2382088",16,"1",0,2600
"2382309",33,"1",4,42000
"2382309",33,"1",4,18400
"2382309",0,"0",0,NA
"2382415",37,"1",4,61000
"2382415",36,"1",4,33000
"2382415",11,"0",0,NA
"2382415",8,"0",0,NA
"2382458",38,"1",4,9000
"2382458",39,"1",4,35000
"2382458",15,"0",0,0
"2382458",12,"0",0,NA
"2382458",9,"0",0,NA
"2384200",20,"1",4,1500
"2384548",40,"2",4,12600
"2384548",14,"0",0,NA
"2384548",38,"1",4,35200
"2384835",42,"1",4,31200
"2384835",45,"1",4,26300
"2386787",50,"1",4,22000
"2386787",16,"2",0,0
"2386819",33,"1",4,12580
"2386819",14,"0",0,NA
"2386819",12,"0",0,NA
"2386819",10,"0",0,NA
"2386819",9,"0",0,NA
"2387286",25,"1",4,28000
"2388093",38,"1",4,80000
"2388093",27,"1",4,14200
"2388093",3,"0",0,NA
"2388093",7,"0",0,NA
"2389435",59,"1",3,175000
"2389435",54,"1",4,20000
"2389458",50,"1",3,70050
"2389458",47,"1",4,26050
"2389669",39,"1",4,37000
"2389892",49,"1",4,36710
"2389892",51,"1",4,32300
"2390440",42,"1",4,132000
"2390440",41,"2",4,7000
"2390440",12,"0",0,NA
"2390440",8,"0",0,NA
"2391068",93,"2",4,8700
"2393405",46,"1",4,12500
"2393405",13,"0",0,NA
"2393405",11,"0",0,NA
"2393801",88,"2",4,10200
"2394047",31,"1",4,18000
"2394047",23,"1",4,13000
"2394095",56,"1",2,38100
"2394095",54,"1",4,17300
"2394095",15,"0",0,0
"2394301",49,"2",4,4930
"2394532",43,"1",4,31170
"2394532",41,"1",4,34540
"2394532",15,"0",0,150
"2394532",12,"0",0,NA
"2395266",46,"1",4,45000
"2395266",21,"1",4,3400
"2395266",18,"1",4,8700
"2395266",8,"0",0,NA
"2395266",45,"1",4,26000
"2395526",67,"2",2,25900
"2395526",71,"2",4,10800
"2395526",35,"1",4,12100
"2395666",36,"1",4,20000
"2395666",38,"1",4,20000
"2395666",14,"0",0,NA
"2395666",12,"0",0,NA
"2395666",9,"0",0,NA
"2395666",1,"0",0,NA
"2396000",42,"1",4,304000
"2396000",43,"1",4,7900
"2396000",14,"0",0,NA
"2396000",11,"0",0,NA
"2396782",17,"1",4,1500
"2396943",32,"1",4,23000
"2398225",37,"1",4,45000
"2398225",29,"1",4,6100
"2398225",2,"0",0,NA
"2398225",9,"0",0,NA
"2398225",6,"0",0,NA
"2398872",64,"1",4,6100
"2398872",63,"1",4,151400
"2399406",49,"1",4,26000
"2399406",47,"1",4,20000
"2399483",40,"1",4,30000
"2400381",62,"1",4,26690
"2401063",39,"1",4,27000
"2401063",15,"0",0,1800
"2401063",34,"1",4,19000
"2401063",17,"2",4,0
"2401063",14,"0",0,NA
"2401137",63,"2",4,11800
"2401137",59,"2",4,0
"2401384",55,"1",2,46000
"2401384",47,"1",4,13900
"2401384",14,"0",0,NA
"2401487",61,"2",4,5900
"2402602",84,"2",4,29300
"2404140",49,"1",4,27200
"2404140",17,"1",4,2900
"2405566",85,"2",3,12000
"2405566",89,"2",2,32700
"2405732",78,"2",2,54500
"2405732",72,"1",4,170
"2407317",29,"1",2,-6800
"2407317",29,"1",4,15000
"2407317",8,"0",0,NA
"2407317",4,"0",0,NA
"2409123",46,"1",4,22200
"2409123",49,"1",4,110000
"2409123",18,"1",4,1700
"2409123",13,"0",0,NA
"2410803",49,"1",4,50100
"2410803",42,"1",4,33100
"2410803",14,"0",0,NA
"2410803",8,"0",0,NA
"2411606",42,"1",4,54000
"2411606",35,"1",4,8100
"2411606",4,"0",0,NA
"2411993",43,"1",4,290000
"2411993",37,"2",4,0
"2411993",3,"0",0,NA
"2411993",0,"0",0,NA
"2414907",71,"1",4,70100
"2414907",39,"1",4,61800
"2415399",93,"2",4,23600
"2416372",38,"1",4,33000
"2416372",32,"1",4,35300
"2416372",11,"0",0,NA
"2416372",9,"0",0,NA
"2416372",3,"0",0,NA
"2416477",18,"1",4,2000
"2416750",43,"1",4,12700
"2416750",43,"1",4,38000
"2416750",17,"1",4,400
"2416983",45,"1",3,46400
"2416983",42,"1",4,26000
"2416983",20,"1",4,18870
"2416983",17,"1",4,2810
"2417206",50,"1",4,42000
"2417206",49,"1",4,24700
"2417206",14,"0",0,NA
"2417206",12,"0",0,NA
"2417979",35,"2",4,6400
"2417979",48,"1",4,15000
"2418193",63,"1",4,319000
"2418193",56,"1",4,20900
"2419618",46,"1",2,41920
"2419618",45,"1",4,36700
"2419618",18,"1",4,11600
"2419860",38,"1",4,31900
"2419860",54,"1",4,21300
"2419860",1,"0",0,NA
"2419860",29,"2",4,7300
"2420405",73,"2",4,6000
"2420493",42,"1",2,19200
"2420493",38,"1",4,25400
"2422033",64,"2",2,17400
"2422033",57,"2",4,105000
"2422918",41,"1",4,59170
"2422918",43,"1",4,17200
"2422918",15,"0",0,0
"2422918",13,"0",0,NA
"2422982",49,"2",4,9400
"2423029",28,"1",4,30000
"2423029",28,"1",4,9000
"2423029",11,"0",0,NA
"2423029",7,"0",0,NA
"2423029",6,"0",0,NA
"2423173",58,"1",4,14330
"2423173",84,"2",2,12700
"2424284",57,"1",2,11000
"2424284",56,"1",4,15800
"2425736",85,"2",4,27700
"2426790",42,"1",4,34000
"2426790",38,"1",4,17700
"2427078",31,"1",4,18500
"2427078",10,"0",0,NA
"2427078",7,"0",0,NA
"2429168",72,"2",2,129200
"2429168",30,"1",4,20000
"2429197",44,"1",4,33900
"2429197",40,"1",4,1300
"2429197",10,"0",0,NA
"2429197",8,"0",0,NA
"2430480",36,"1",2,40400
"2430480",37,"1",4,40000
"2431557",39,"1",4,4600
"2431557",10,"0",0,NA
"2431557",8,"0",0,NA
"2431557",5,"0",0,NA
"2431730",29,"1",4,33000
"2431730",30,"1",4,18000
"2431730",4,"0",0,NA
"2431730",2,"0",0,NA
"2431788",73,"2",2,20250
"2431788",70,"2",4,17600
"2432610",56,"1",3,49200
"2432610",54,"1",4,44300
"2433319",65,"1",4,62300
"2436028",33,"1",4,13320
"2436028",33,"1",4,31010
"2436028",5,"0",0,NA
"2436028",4,"0",0,NA
"2436028",2,"0",0,NA
"2437381",55,"1",2,38000
"2437381",58,"2",4,12200
"2437415",18,"1",4,2000
"2438983",67,"2",4,17560
"2440101",45,"1",4,43500
"2440101",39,"2",4,0
"2440101",14,"0",0,NA
"2440101",12,"0",0,NA
"2440101",9,"0",0,NA
"2440492",21,"1",4,3550
"2441086",67,"1",2,15960
"2441086",73,"2",4,5100
"2441873",27,"1",4,1000
"2441873",39,"1",4,15000
"2442363",36,"1",4,38700
"2442363",11,"0",0,NA
"2442363",9,"0",0,NA
"2442363",8,"0",0,NA
"2443051",71,"2",4,11500
"2443051",67,"2",4,4000
"2446859",20,"1",4,5550
"2447718",71,"2",4,18300
"2449232",32,"1",4,25000
"2449232",30,"1",4,24000
"2449232",0,"0",0,NA
"2449996",63,"1",3,52500
"2450437",45,"1",4,65350
"2450437",44,"1",4,109000
"2451761",49,"1",4,30000
"2452121",44,"1",4,15500
"2452121",53,"1",4,152000
"2452244",66,"2",4,8800
"2452778",47,"1",4,-8500
"2452778",20,"1",2,8800
"2452778",16,"2",0,0
"2453472",47,"1",4,39910
"2453472",48,"1",4,30600
"2453472",20,"1",4,4000
"2454665",50,"1",4,46200
"2454665",48,"1",4,14400
"2454665",18,"1",4,6804
"2454903",71,"2",2,12200
"2454903",44,"1",4,7900
"2456239",71,"2",2,22000
"2456239",63,"2",4,7200
"2456313",53,"1",3,42800
"2456313",53,"1",4,42500
"2456955",58,"1",4,35170
"2456955",56,"2",4,0
"2456955",29,"1",4,8600
"2456955",5,"0",0,NA
"2457424",18,"1",4,2000
"2457926",32,"1",4,30000
"2457926",32,"1",4,19000
"2457926",30,"1",4,23000
"2458302",28,"1",4,33200
"2458302",27,"1",4,20600
"2459379",50,"1",4,33800
"2459753",53,"1",2,44970
"2459753",53,"1",4,2200
"2461061",47,"1",4,68000
"2461061",44,"1",4,18500
"2461061",12,"0",0,NA
"2462340",34,"1",4,30000
"2462340",33,"1",4,33000
"2464796",50,"1",4,12000
"2465146",52,"1",3,16200
"2465146",50,"1",4,42000
"2465146",14,"0",0,NA
"2465146",19,"1",4,2000
"2465489",84,"2",4,5300
"2465590",69,"2",3,6900
"2465590",43,"2",3,7000
"2467235",72,"2",2,8800
"2467300",51,"1",4,57200
"2467300",38,"1",4,20000
"2467355",34,"1",4,35000
"2467355",42,"1",4,16000
"2467355",14,"0",0,NA
"2468369",32,"1",4,25000
"2468369",32,"1",4,30000
"2468662",42,"1",2,68000
"2468662",42,"1",4,5400
"2468662",16,"2",0,710
"2468922",36,"1",4,47100
"2468922",34,"1",4,3000
"2468922",7,"0",0,NA
"2468922",5,"0",0,NA
"2468922",3,"0",0,NA
"2469446",35,"1",4,51000
"2470334",51,"1",2,45400
"2470334",51,"1",4,50000
"2470334",26,"1",4,20500
"2472395",29,"1",2,36600
"2472396",54,"1",2,30930
"2472396",50,"1",4,11000
"2473652",43,"1",2,16000
"2473652",39,"1",4,5000
"2473652",12,"0",0,NA
"2473652",8,"0",0,NA
"2473652",4,"0",0,NA
"2476117",53,"1",4,10000
"2476171",70,"2",2,18200
"2476171",46,"1",4,42800
"2476171",14,"0",0,NA
"2476274",70,"2",4,11310
"2477178",71,"1",3,22000
"2477178",35,"1",4,23440
"2478997",86,"2",4,22600
"2480705",52,"1",4,19000
"2480705",43,"1",4,45900
"2480705",18,"1",4,1000
"2480705",15,"0",0,0
"2482094",50,"1",4,59000
"2482094",22,"1",4,20800
"2482094",19,"1",4,10000
"2482504",45,"1",4,48320
"2482504",44,"1",4,26910
"2482504",13,"0",0,NA
"2482504",11,"0",0,NA
"2483575",56,"1",2,32400
"2483575",52,"1",4,14900
"2484747",31,"1",4,31000
"2484747",31,"1",4,25000
"2484747",0,"0",0,NA
"2485766",59,"1",4,10000
"2487725",41,"1",4,75700
"2487725",6,"0",0,NA
"2487725",4,"0",0,NA
"2487725",41,"2",4,0
"2488121",28,"1",4,11570
"2488121",0,"0",0,NA
"2488121",30,"1",4,36400
"2488121",30,"1",4,20500
"2488413",47,"1",3,10600
"2488629",79,"2",2,19700
"2488629",79,"2",4,18200
"2489310",44,"1",4,29000
"2489310",41,"1",4,49000
"2489310",19,"1",4,4000
"2489310",16,"2",0,0
"2489310",0,"0",0,NA
"2489310",19,"1",4,10000
"2489310",14,"0",0,NA
"2490166",43,"1",4,31900
"2490166",44,"1",4,17500
"2490166",16,"2",0,0
"2491782",45,"1",4,46400
"2491782",44,"1",4,38700
"2492035",29,"1",4,20000
"2492035",28,"1",4,21000
"2492035",1,"0",0,NA
"2493340",64,"1",4,31000
"2493340",70,"1",4,36950
"2496740",36,"1",4,50420
"2496740",37,"1",4,29520
"2496861",47,"1",4,36500
"2497995",40,"1",4,70000
"2497995",42,"1",4,10000
"2497995",12,"0",0,NA
"2497995",0,"0",0,NA
"2498726",82,"2",4,41900
"2499695",50,"1",2,30000
"2499695",44,"1",4,24200
"2499932",44,"1",2,40900
"2499932",45,"1",4,40700
"2499932",13,"0",0,NA
"2499932",8,"0",0,NA
"2500115",93,"2",4,9200
"2500380",46,"1",4,12500
"2500380",45,"2",4,0
"2500380",15,"0",0,1000
"2500380",13,"0",0,NA
"2500380",11,"0",0,NA
"2500380",47,"2",4,10600
"2501059",62,"2",4,5300
"2501675",56,"1",4,34170
"2503128",19,"1",4,4700
"2503128",28,"1",4,29000
"2503582",41,"1",4,57000
"2503582",14,"0",0,NA
"2503582",11,"0",0,NA
"2504200",33,"1",4,22000
"2504200",6,"0",0,NA
"2504518",59,"1",4,64600
"2504518",33,"1",4,14180
"2505068",20,"1",4,2700
"2507091",20,"1",4,4600
"2507143",39,"1",4,27500
"2507143",36,"1",4,21000
"2507143",8,"0",0,NA
"2507143",5,"0",0,NA
"2507143",0,"0",0,NA
"2507215",22,"1",4,15010
"2507215",23,"1",4,19100
"2508036",33,"1",4,27000
"2508036",31,"1",4,27000
"2508036",1,"0",0,NA
"2509634",86,"2",2,15000
"2509634",84,"2",4,6400
"2509757",33,"2",4,4000
"2509757",8,"0",0,NA
"2509757",4,"0",0,NA
"2510018",62,"2",2,4600
"2510018",52,"1",4,22700
"2511303",39,"1",4,6700
"2511303",38,"1",4,123000
"2511303",5,"0",0,NA
"2511303",5,"0",0,NA
"2511303",2,"0",0,NA
"2511595",27,"1",4,30000
"2512162",41,"2",4,17300
"2513345",46,"1",2,3800
"2513345",44,"1",2,73000
"2515864",52,"1",4,34000
"2515942",80,"2",4,6700
"2516095",27,"1",4,30600
"2516095",4,"0",0,NA
"2516095",26,"1",4,35000
"2518011",71,"2",2,11300
"2518011",67,"2",4,5400
"2518011",93,"2",4,4300
"2518154",40,"1",4,31000
"2518154",42,"1",4,48020
"2518154",16,"1",0,1500
"2518154",15,"0",0,0
"2518215",37,"1",2,31000
"2518215",39,"1",4,21600
"2518215",18,"1",4,3500
"2518215",18,"1",4,10530
"2518215",22,"1",3,15000
"2519103",49,"1",4,19100
"2519103",43,"1",4,4000
"2519103",12,"0",0,NA
"2521195",80,"2",2,12200
"2523663",25,"1",4,33490
"2524657",41,"1",4,44000
"2524844",41,"1",4,40000
"2524844",42,"1",4,8000
"2524844",7,"0",0,NA
"2524934",71,"2",2,7900
"2524934",64,"2",4,4800
"2524934",86,"2",4,0
"2525774",60,"1",4,25000
"2525774",59,"1",4,21900
"2525774",57,"2",4,0
"2525774",29,"2",4,0
"2526086",18,"1",4,1100
"2527161",36,"1",4,22000
"2527161",39,"2",4,8600
"2528121",38,"1",4,40300
"2528121",9,"0",0,NA
"2528121",6,"0",0,NA
"2528121",5,"0",0,NA
"2528135",37,"1",4,30000
"2528135",14,"0",0,NA
"2529230",53,"1",3,30000
"2529230",49,"1",4,23000
"2529415",18,"1",4,3600
"2530684",36,"1",4,12000
"2530684",35,"1",4,89000
"2530684",8,"0",0,NA
"2532130",84,"2",4,6900
"2532130",75,"2",4,6100
"2532349",54,"1",4,44300
"2532349",61,"1",4,21700
"2533446",56,"1",4,39600
"2533446",48,"1",4,10100
"2533446",9,"0",0,NA
"2534021",44,"1",4,70500
"2534021",42,"1",4,4000
"2534021",14,"0",0,NA
"2534021",12,"0",0,NA
"2534021",8,"0",0,NA
"2537215",48,"1",4,26020
"2537215",20,"1",4,13120
"2537215",55,"1",2,56200
"2538494",20,"1",4,20000
"2539775",43,"1",4,23600
"2539775",53,"1",4,52300
"2539900",52,"1",4,36350
"2539900",56,"1",4,12500
"2540573",50,"2",4,11360
"2540573",50,"2",4,0
"2540634",47,"1",4,30450
"2540634",37,"1",4,27000
"2540634",9,"0",0,NA
"2540634",5,"0",0,NA
"2540634",13,"0",0,NA
"2540873",50,"1",4,25000
"2541659",28,"1",4,6700
"2541659",27,"1",4,22500
"2543158",32,"1",4,24000
"2543158",29,"1",4,18000
"2544512",72,"2",2,38000
"2544512",72,"2",4,0
"2548570",25,"1",4,15000
"2548570",29,"1",2,17100
"2548712",56,"1",4,10000
"2548712",26,"2",4,6000
"2548712",9,"0",0,NA
"2550012",72,"1",2,144900
"2550012",67,"2",4,9200
"2550141",35,"1",4,28000
"2550141",33,"1",4,31000
"2550141",10,"0",0,NA
"2550141",4,"0",0,NA
"2550662",72,"2",2,31000
"2550662",31,"2",4,0
"2551372",53,"1",4,32000
"2551372",57,"2",2,8100
"2551889",44,"1",4,36000
"2551889",46,"1",4,28500
"2551889",18,"1",4,13000
"2551889",16,"1",0,1000
"2551889",18,"1",4,1000
"2555540",57,"1",2,45800
"2555540",57,"2",4,0
"2555587",38,"1",2,36000
"2555587",41,"1",4,3000
"2555908",47,"1",4,44200
"2555908",22,"1",4,7700
"2556014",89,"2",4,10600
"2556014",83,"2",4,21800
"2557839",32,"1",4,18000
"2557839",28,"1",4,20000
"2559960",31,"1",4,30000
"2559960",36,"1",4,30000
"2560139",58,"2",3,800
"2560991",56,"1",2,-9900
"2560991",15,"0",0,560
"2563168",75,"2",4,31700
"2563244",41,"1",4,38000
"2566072",53,"1",4,42100
"2567756",36,"1",4,42600
"2567756",26,"1",4,25000
"2567756",1,"0",0,NA
"2570558",40,"1",4,28100
"2571409",79,"2",4,0
"2571409",93,"2",4,8300
"2571422",71,"2",2,18000
"2572382",57,"1",4,17000
"2572382",57,"1",4,81800
"2573249",38,"1",4,32000
"2573249",15,"0",0,2800
"2573611",88,"2",4,54300
"2574412",48,"1",2,10130
"2574412",43,"1",4,10000
"2574475",21,"1",4,10000
"2574475",2,"0",0,NA
"2574475",19,"1",4,6000
"2574967",57,"1",4,297500
"2576159",82,"2",4,22700
"2576239",55,"1",2,81480
"2576239",52,"1",3,5200
"2577759",59,"1",4,25100
"2578239",27,"1",4,53070
"2579372",72,"2",4,35100
"2579372",67,"2",4,7200
"2579650",70,"1",2,85180
"2579650",61,"2",4,16000
"2580045",66,"2",2,25200
"2580045",72,"2",4,21300
"2580646",40,"1",4,21000
"2580646",16,"2",0,0
"2580646",38,"1",4,480
"2581263",43,"1",4,63750
"2581263",36,"1",4,65400
"2581263",0,"0",0,NA
"2581263",20,"2",4,0
"2583423",69,"2",2,55400
"2583423",67,"2",4,13200
"2583787",52,"1",2,25900
"2583787",52,"1",3,28100
"2585196",18,"2",4,1200
"2585196",21,"1",2,6000
"2586094",54,"1",2,3000
"2586094",43,"1",4,52200
"2586884",24,"1",4,19000
"2586884",0,"0",0,NA
"2586884",31,"1",4,35000
"2587147",63,"1",2,20600
"2587147",39,"1",4,17800
"2587524",93,"2",4,9400
"2589884",38,"1",4,40000
"2589884",37,"1",4,20000
"2589884",12,"0",0,NA
"2589884",9,"0",0,NA
"2590241",52,"1",4,60000
"2590241",51,"1",4,16000
"2590252",36,"1",4,54100
"2590252",29,"1",4,4000
"2590252",8,"0",0,NA
"2590252",6,"0",0,NA
"2591388",66,"2",2,37300
"2591388",67,"2",4,5700
"2591812",35,"1",4,290000
"2591812",13,"0",0,NA
"2591812",57,"1",4,5500
"2593244",18,"1",4,2000
"2594057",38,"1",3,12000
"2594057",30,"1",4,14000
"2594057",7,"0",0,NA
"2594057",1,"0",0,NA
"2594146",41,"1",4,42600
"2594146",38,"1",4,10600
"2594637",68,"1",4,22000
"2595450",52,"1",2,44400
"2595450",46,"1",4,37000
"2595490",46,"1",4,11900
"2596251",40,"1",4,13500
"2596251",9,"0",0,NA
"2596661",61,"1",2,49000
"2596661",56,"1",4,11500
"2597312",79,"1",4,34000
"2597312",80,"1",4,25150
"2597359",49,"2",4,0
"2598404",51,"1",2,50300
"2598404",44,"1",4,25000
"2598404",25,"1",4,17000
"2599440",21,"1",4,7340
"2599693",41,"1",4,42040
"2599806",62,"2",4,0
"2599806",62,"2",2,12000
"2601351",34,"1",4,17300
"2601668",24,"2",4,12600
"2601668",7,"0",0,NA
"2601668",4,"0",0,NA
"2601668",0,"0",0,NA
"2601931",89,"2",4,23000
"2602799",42,"1",4,89600
"2602799",45,"1",4,8000
"2602799",13,"0",0,NA
"2602799",11,"0",0,NA
"2602799",8,"0",0,NA
"2604300",36,"1",4,25000
"2604300",29,"1",4,4500
"2604890",45,"1",4,20000
"2604890",42,"1",4,50000
"2604890",8,"0",0,NA
"2604890",5,"0",0,NA
"2604890",85,"2",4,11700
"2604920",23,"1",4,6800
"2604920",27,"1",4,20000
"2604920",21,"1",4,1300
"2604920",21,"1",4,1300
"2605603",64,"2",3,83500
"2605603",61,"2",4,190
"2606318",28,"1",4,12800
"2606318",11,"0",0,NA
"2606318",8,"0",0,NA
"2606729",30,"1",4,32000
"2606729",35,"2",4,0
"2606729",8,"0",0,NA
"2606729",7,"0",0,NA
"2606729",6,"0",0,NA
"2606729",16,"2",0,3200
"2606729",5,"0",0,NA
"2606729",1,"0",0,NA
"2607672",55,"1",3,159000
"2607672",52,"1",4,3500
"2608032",47,"1",2,23600
"2608032",42,"1",4,6990
"2608500",85,"2",2,66600
"2608534",43,"1",4,33500
"2608811",48,"1",4,40900
"2609528",38,"1",4,20000
"2609528",46,"1",4,0
"2609528",8,"0",0,NA
"2609528",2,"0",0,NA
"2610230",49,"1",4,38000
"2610230",40,"1",3,21100
"2610336",22,"1",4,5500
"2610691",58,"2",4,15500
"2610691",56,"1",4,16700
"2610691",27,"1",4,23000
"2611037",69,"2",4,8060
"2611037",80,"1",2,30000
"2613756",53,"1",3,52700
"2613756",53,"1",4,31000
"2613756",24,"1",4,4400
"2614115",30,"1",4,13300
"2614115",32,"1",4,10000
"2614115",6,"0",0,NA
"2614115",3,"0",0,NA
"2614115",13,"0",0,NA
"2614115",9,"0",0,NA
"2614544",43,"1",2,25000
"2614544",43,"1",4,27000
"2614696",37,"1",4,20700
"2615269",47,"1",4,50000
"2615269",50,"2",4,0
"2615269",15,"0",0,0
"2615269",11,"0",0,NA
"2615269",9,"0",0,NA
"2615776",54,"1",2,49800
"2615776",52,"1",4,39100
"2615776",8,"0",0,NA
"2615865",42,"1",4,313700
"2615865",39,"1",4,1e+05
"2615865",11,"0",0,NA
"2615865",8,"0",0,NA
"2615865",6,"0",0,NA
"2616787",54,"1",2,64000
"2616787",55,"1",4,9200
"2617550",22,"1",4,3500
"2617992",34,"1",4,42000
"2617992",29,"1",4,10500
"2617992",7,"0",0,NA
"2618461",44,"1",4,19250
"2618461",45,"1",4,9000
"2618461",12,"0",0,NA
"2618640",87,"2",2,116400
"2619482",50,"1",4,37500
"2619482",36,"1",4,45000
"2620193",34,"1",4,20000
"2620193",36,"1",4,14000
"2620193",5,"0",0,NA
"2620193",0,"0",0,NA
"2620878",40,"1",4,24660
"2620933",60,"1",2,47010
"2620965",49,"1",2,38000
"2620965",45,"1",4,25000
"2620965",14,"0",0,NA
"2620965",13,"0",0,NA
"2620965",12,"0",0,NA
"2621673",43,"1",4,50450
"2622231",29,"1",4,19100
"2623596",39,"1",4,2000
"2623596",43,"1",4,30980
"2623596",10,"0",0,NA
"2623596",7,"0",0,NA
"2623656",24,"1",4,9000
"2623656",3,"0",0,NA
"2623656",1,"0",0,NA
"2624324",93,"2",4,113000
"2625661",47,"1",4,15600
"2625661",46,"1",4,19700
"2625834",77,"2",2,37900
"2625834",75,"2",4,16000
"2626448",47,"1",4,28500
"2626448",49,"1",4,23000
"2626448",17,"2",4,0
"2626448",17,"2",4,0
"2627909",52,"2",4,8200
"2627909",55,"1",4,13000
"2628471",30,"1",4,10000
"2628471",4,"0",0,NA
"2629358",43,"1",2,11060
"2629763",57,"1",2,50100
"2629763",53,"1",4,9400
"2629894",21,"2",4,9400
"2630444",50,"1",4,23650
"2630444",47,"1",4,31200
"2630444",27,"1",4,24500
"2631918",52,"1",4,13000
"2631918",47,"1",4,42010
"2631918",12,"0",0,NA
"2632593",62,"1",4,34510
"2632593",57,"2",4,0
"2633592",93,"1",4,17700
"2635613",49,"1",4,35400
"2635613",48,"1",4,22100
"2635613",25,"1",4,10500
"2636586",32,"1",4,60000
"2636586",32,"1",4,30000
"2636866",25,"1",4,10130
"2636866",27,"1",4,8750
"2637839",40,"1",4,47700
"2637839",39,"1",4,10000
"2637839",14,"0",0,NA
"2637839",10,"0",0,NA
"2637839",4,"0",0,NA
"2638680",36,"1",4,3500
"2638680",41,"1",4,41600
"2638680",8,"0",0,NA
"2638680",5,"0",0,NA
"2638890",47,"1",4,28000
"2638890",56,"1",4,30000
"2639068",73,"1",2,24270
"2639068",72,"2",4,20600
"2641206",26,"1",4,26500
"2641206",6,"0",0,NA
"2641559",62,"2",4,18000
"2641559",58,"2",4,0
"2642187",55,"1",2,44600
"2642187",52,"2",4,0
"2642494",44,"1",4,58000
"2642494",6,"0",0,NA
"2643154",54,"1",2,37960
"2643154",49,"1",3,24400
"2643154",39,"1",4,18000
"2643669",85,"2",4,14900
"2644103",51,"1",4,26504
"2644103",74,"2",4,4800
"2644160",75,"2",2,9600
"2644160",70,"1",4,17800
"2644598",22,"2",4,0
"2646723",55,"1",2,52220
"2646723",50,"1",4,18000
"2646837",48,"1",4,32400
"2646837",17,"1",4,830
"2646837",15,"0",0,0
"2647911",39,"1",4,26000
"2649082",67,"1",4,15100
"2651865",81,"2",4,11020
"2653215",20,"1",4,12800
"2653215",24,"1",4,25000
"2653322",36,"1",4,10900
"2653322",33,"1",4,3800
"2653322",15,"0",0,3500
"2653322",8,"0",0,NA
"2653322",6,"0",0,NA
"2653408",59,"1",2,16300
"2653408",54,"1",4,11000
"2653408",17,"1",4,1200
"2653408",16,"1",0,80
"2654200",27,"1",4,21700
"2654403",44,"1",4,31400
"2654403",48,"1",4,28700
"2654403",17,"2",4,0
"2654428",76,"2",4,11100
"2655976",40,"1",2,23000
"2658490",60,"2",4,48980
"2658643",33,"1",4,52000
"2658643",32,"1",4,24600
"2658643",12,"0",0,NA
"2658643",9,"0",0,NA
"2659975",26,"1",4,35000
"2659975",24,"1",4,41000
"2660040",22,"1",4,17400
"2660040",21,"1",4,30000
"2660040",5,"0",0,NA
"2660269",52,"1",2,26000
"2662205",76,"2",4,9580
"2662205",81,"2",2,6100
"2662802",55,"1",4,23000
"2662830",52,"1",4,30000
"2662830",53,"1",4,12000
"2662830",18,"1",3,2270
"2662973",24,"1",4,10500
"2662973",25,"1",4,10600
"2663312",67,"2",4,7960
"2663424",18,"1",4,5000
"2664459",28,"1",4,37000
"2664459",28,"1",4,27000
"2664552",44,"1",4,42000
"2664552",49,"1",4,35800
"2664552",11,"0",0,NA
"2664904",73,"2",2,42400
"2664904",73,"2",4,5400
"2664904",37,"2",4,5400
"2664912",35,"1",4,46500
"2664912",34,"1",4,35000
"2664912",5,"0",0,NA
"2666286",56,"1",4,22000
"2666674",55,"1",4,5100
"2667134",63,"1",4,35700
"2667134",41,"1",4,14000
"2667134",25,"1",4,16300
"2667134",23,"1",4,6500
"2671110",21,"1",4,1000
"2672197",51,"1",4,33000
"2672647",37,"1",4,11000
"2672647",38,"2",2,0
"2672647",15,"0",0,0
"2672647",12,"0",0,NA
"2672647",10,"0",0,NA
"2673278",34,"1",4,17000
"2673278",36,"1",4,52000
"2673278",12,"0",0,NA
"2673278",17,"1",4,2700
"2674566",75,"2",4,5700
"2675871",85,"2",4,14600
"2675979",56,"1",2,75000
"2675979",54,"1",4,40000
"2676682",53,"1",4,21000
"2676682",61,"1",4,16620
"2676884",71,"2",2,25700
"2676884",29,"2",4,6600
"2677343",19,"1",4,1500
"2677343",26,"1",4,18000
"2677569",27,"1",4,25000
"2677569",36,"1",4,18000
"2677569",3,"0",0,NA
"2678368",47,"1",4,38000
"2678368",49,"1",4,22280
"2678368",16,"2",0,0
"2678368",14,"0",0,NA
"2678368",6,"0",0,NA
"2678622",18,"1",4,1500
"2678908",67,"1",4,15800
"2679266",52,"1",4,31700
"2679469",66,"1",2,29500
"2679469",63,"1",4,46700
"2679662",29,"1",2,9000
"2679662",29,"1",4,28000
"2679662",1,"0",0,NA
"2680656",36,"1",4,25000
"2680656",36,"1",4,14500
"2680656",1,"0",0,NA
"2680735",22,"1",4,23050
"2680735",20,"1",4,10000
"2680994",41,"1",4,33000
"2680994",17,"2",4,0
"2680994",15,"0",0,600
"2680994",1,"0",0,NA
"2681420",57,"2",2,15400
"2681420",54,"1",4,27500
"2681898",61,"2",3,21000
"2681898",61,"1",4,2200
"2683316",29,"1",4,26000
"2683316",32,"1",4,15000
"2683316",6,"0",0,NA
"2686655",81,"2",4,25900
"2686916",51,"1",2,25500
"2686916",37,"1",4,20800
"2686916",19,"1",4,390
"2686916",13,"0",0,NA
"2688439",46,"1",4,41200
"2688758",64,"1",4,9000
"2688758",69,"1",4,75950
"2689348",54,"1",2,45000
"2689348",50,"1",4,95000
"2690014",38,"1",4,27900
"2690014",19,"1",4,2000
"2690014",16,"1",0,1500
"2690014",11,"0",0,NA
"2690014",0,"0",0,NA
"2690578",64,"1",4,6880
"2690578",58,"1",4,6600
"2690578",33,"2",4,0
"2691480",67,"1",3,20500
"2692380",43,"1",4,324000
"2692380",42,"1",4,20000
"2692380",13,"0",0,NA
"2692380",11,"0",0,NA
"2693601",74,"2",4,12600
"2693601",69,"2",4,14100
"2694789",82,"2",2,38200
"2695138",85,"2",2,10950
"2695138",39,"1",4,24100
"2695583",70,"2",2,32900
"2695997",30,"1",3,10000
"2695997",39,"1",3,25000
"2695997",5,"0",0,NA
"2697741",36,"1",4,26100
"2697741",32,"1",4,21000
"2698240",35,"1",4,42000
"2698240",32,"1",4,20000
"2699242",41,"2",4,7500
"2699242",44,"1",2,17000
"2699392",49,"1",3,85000
"2699392",48,"1",4,13100
"2699392",19,"1",4,6300
"2699587",79,"2",4,16100
"2699680",79,"1",2,22020
"2699680",83,"2",4,7140
"2700006",52,"1",2,31800
"2700006",49,"1",4,780
"2701039",73,"2",2,16500
"2701195",84,"2",4,0
"2701754",57,"1",4,11220
"2701754",61,"1",2,50000
"2701754",17,"1",4,1300
"2701754",82,"2",4,13300
"2702581",19,"1",4,3500
"2702603",75,"2",3,111300
"2703656",25,"1",4,5000
"2703656",29,"1",4,21000
"2703978",69,"1",2,41020
"2703978",77,"2",4,5900
"2704213",29,"2",4,4000
"2704213",38,"1",4,21000
"2704213",4,"0",0,NA
"2704213",2,"0",0,NA
"2705808",54,"1",3,1000
"2705808",53,"2",4,0
"2708333",36,"1",4,129900
"2708333",9,"0",0,NA
"2708333",62,"2",4,116200
"2708681",20,"1",3,2000
"2708887",46,"1",4,0
"2709075",67,"2",4,3500
"2709075",65,"2",2,16000
"2709234",21,"1",4,26000
"2709234",23,"1",4,22000
"2709241",47,"1",2,15000
"2709241",41,"2",4,500
"2709241",8,"0",0,NA
"2709241",7,"0",0,NA
"2709632",52,"1",4,35000
"2709632",52,"1",3,10000
"2709632",24,"1",4,18000
"2710754",78,"2",2,11200
"2710754",67,"2",4,5100
"2710916",54,"1",4,38000
"2710916",54,"1",4,30800
"2711232",29,"1",4,19000
"2711232",28,"1",2,17000
"2711232",9,"0",0,NA
"2711232",6,"0",0,NA
"2711348",39,"1",4,72500
"2711348",36,"1",4,4000
"2711348",10,"0",0,NA
"2711348",7,"0",0,NA
"2712179",66,"1",4,16000
"2712179",23,"1",4,30000
"2712179",57,"1",4,23200
"2712222",48,"1",4,63000
"2712222",47,"1",4,65700
"2712222",17,"1",4,800
"2712222",15,"0",0,0
"2712223",93,"2",4,5500
"2712916",51,"1",2,45000
"2712916",28,"1",4,20000
"2714632",56,"2",4,6920
"2714927",19,"1",4,70
"2715154",34,"1",4,309200
"2715154",33,"2",4,0
"2715154",2,"0",0,NA
"2715154",0,"0",0,NA
"2715502",19,"1",4,1300
"2715595",35,"1",4,25200
"2715595",30,"2",4,0
"2715595",8,"0",0,NA
"2715595",8,"0",0,NA
"2715689",19,"2",4,200
"2715830",28,"1",4,35000
"2715830",25,"1",4,17800
"2715830",4,"0",0,NA
"2715830",2,"0",0,NA
"2715853",35,"1",4,340
"2715853",49,"2",4,0
"2718188",43,"1",4,41000
"2718188",43,"2",4,0
"2718188",9,"0",0,NA
"2718188",4,"0",0,NA
"2718596",74,"2",2,70700
"2718596",77,"2",4,6000
"2719930",47,"1",4,35000
"2720162",72,"2",2,18300
"2720162",67,"2",4,0
"2720986",19,"1",3,1400
"2721297",31,"2",4,0
"2721297",20,"1",4,13850
"2721842",18,"1",4,1500
"2723002",38,"1",4,29200
"2723002",11,"0",0,NA
"2723002",7,"0",0,NA
"2724308",60,"1",4,20100
"2724308",57,"1",4,163000
"2724922",34,"1",4,5940
"2724922",33,"1",4,17000
"2725244",71,"2",2,63600
"2725340",93,"2",4,6700
"2726373",75,"1",2,25200
"2726373",63,"2",4,11700
"2727790",93,"2",4,9100
"2728454",82,"2",2,17900
"2728794",50,"1",2,10000
"2728870",25,"1",4,18000
"2728870",22,"1",4,17500
"2729561",45,"1",4,33700
"2730130",93,"2",4,9800
"2730616",40,"1",4,83000
"2730616",38,"1",4,1000
"2730616",12,"0",0,NA
"2730616",10,"0",0,NA
"2730616",9,"0",0,NA
"2730616",5,"0",0,NA
"2730892",39,"1",4,42500
"2731251",65,"2",2,38200
"2731251",55,"2",4,0
"2731479",53,"1",2,22300
"2731537",20,"1",3,2500
"2732688",73,"2",3,15800
"2732688",69,"2",4,10100
"2733000",61,"1",4,37000
"2733261",37,"1",4,26200
"2733261",15,"0",0,0
"2733748",39,"1",2,45000
"2733748",37,"1",4,35000
"2733748",17,"1",4,4200
"2733957",42,"1",4,36600
"2734448",39,"2",4,0
"2736318",53,"1",4,18300
"2736318",53,"1",4,39500
"2736397",57,"1",4,104600
"2736397",57,"1",4,2900
"2736619",36,"1",4,55000
"2736619",36,"1",4,15000
"2736619",7,"0",0,NA
"2736619",2,"0",0,NA
"2737230",93,"2",4,48400
"2737735",35,"1",4,12000
"2737735",32,"1",4,2800
"2737735",9,"0",0,NA
"2737735",6,"0",0,NA
"2737735",1,"0",0,NA
"2737901",33,"1",4,26000
"2737901",32,"1",4,30000
"2737901",9,"0",0,NA
"2737901",7,"0",0,NA
"2738675",33,"1",4,25000
"2738675",33,"1",4,12000
"2738675",1,"0",0,NA
"2738675",1,"0",0,NA
"2739466",56,"2",4,7530
"2739542",65,"1",2,45600
"2739542",61,"1",4,17000
"2740964",54,"1",4,47000
"2740964",51,"1",4,47000
"2741576",34,"1",4,9000
"2741576",28,"1",4,4600
"2741576",3,"0",0,NA
"2742668",58,"2",2,30000
"2744034",76,"2",4,6900
"2744034",77,"2",4,3300
"2744083",66,"2",2,164200
"2744119",19,"1",4,1200
"2744420",68,"2",4,7100
"2746358",50,"1",2,78000
"2746358",52,"1",4,13100
"2746358",25,"1",4,29000
"2746358",2,"0",0,NA
"2746358",26,"1",4,10500
"2748126",62,"2",4,3950
"2748126",61,"2",4,0
"2748325",20,"1",4,2000
"2748325",20,"1",4,5010
"2748336",59,"1",4,43000
"2751667",27,"1",4,13000
"2751667",1,"0",0,NA
"2751667",33,"1",4,25000
"2752172",33,"1",4,33000
"2752172",26,"1",4,12000
"2752172",9,"0",0,NA
"2752172",4,"0",0,NA
"2753285",42,"1",4,16000
"2753563",80,"2",2,12600
"2753563",74,"2",4,5000
"2753931",56,"2",4,21600
"2753931",53,"1",4,6000
"2753952",28,"1",4,26500
"2756134",53,"1",4,16600
"2756134",34,"1",3,6300
"2756134",71,"2",4,7300
"2756134",12,"0",0,NA
"2758205",73,"2",4,14900
"2758205",65,"2",4,6000
"2758853",48,"1",2,73010
"2758853",48,"1",4,5620
"2758853",15,"0",0,0
"2758853",13,"0",0,NA
"2759393",36,"1",4,31000
"2759393",33,"1",4,24000
"2759393",11,"0",0,NA
"2759393",8,"0",0,NA
"2760981",21,"1",4,4000
"2760981",22,"1",4,30000
"2761670",72,"2",2,38000
"2761670",64,"2",4,5400
"2762556",40,"1",2,28000
"2762556",36,"1",4,20000
"2763299",54,"1",2,12000
"2763299",50,"1",4,45000
"2763406",50,"2",2,3600
"2763406",37,"1",4,9000
"2764357",20,"1",4,5000
"2764652",37,"1",4,35000
"2764652",31,"1",4,10000
"2764652",19,"1",4,4300
"2764652",12,"0",0,NA
"2764652",8,"0",0,NA
"2764652",5,"0",0,NA
"2764652",66,"1",3,117600
"2764652",60,"2",4,0
"2764652",27,"1",4,18000
"2764735",68,"2",4,9000
"2764735",68,"2",4,0
"2765496",64,"2",2,7370
"2765496",63,"1",4,32100
"2765777",43,"1",4,40000
"2765777",53,"1",4,40000
"2765777",28,"1",4,10000
"2765777",78,"2",4,13400
"2766754",60,"1",2,50000
"2766754",57,"1",4,3500
"2766865",44,"1",4,39300
"2766865",9,"0",0,NA
"2766916",41,"1",4,21320
"2766916",44,"1",4,37000
"2766916",9,"0",0,NA
"2766916",6,"0",0,NA
"2768574",21,"1",4,5000
"2768962",70,"1",4,19000
"2769161",39,"1",4,17000
"2769161",11,"0",0,NA
"2769161",7,"0",0,NA
"2769404",79,"2",4,37000
"2770272",81,"2",2,16000
"2770272",73,"2",4,6600
"2771835",56,"1",2,15700
"2771835",55,"1",4,35100
"2773774",73,"1",2,8500
"2773774",57,"1",4,21000
"2774054",30,"1",2,47700
"2774202",55,"1",4,33370
"2774202",17,"1",4,1800
"2774202",15,"0",0,0
"2774929",79,"2",4,17500
"2774929",79,"2",4,8300
"2775154",34,"1",4,24000
"2775595",38,"1",2,47100
"2775595",52,"1",4,16500
"2777246",71,"2",2,9500
"2777246",71,"2",4,57000
"2781169",47,"1",4,15000
"2781169",48,"1",4,10200
"2781169",16,"2",0,48010
"2781640",59,"1",2,41100
"2781640",48,"1",4,43500
"2781776",53,"2",2,35100
"2781776",52,"1",4,35000
"2782455",46,"1",4,30000
"2782455",65,"2",4,21000
"2784331",73,"2",2,11400
"2785672",58,"1",2,330000
"2785672",61,"1",4,-3000
"2786119",38,"1",4,1500
"2786119",56,"1",2,13000
"2786119",17,"1",4,4600
"2786119",12,"0",0,NA
"2786247",43,"1",3,49700
"2786247",13,"0",0,NA
"2786247",39,"1",4,65000
"2787370",75,"1",2,30800
"2787370",67,"2",4,6500
"2787759",27,"1",4,36000
"2787934",35,"1",4,42000
"2788320",18,"1",4,4000
"2788724",61,"2",4,0
"2789290",83,"2",4,11100
"2789420",87,"2",4,19500
"2792605",33,"1",4,29000
"2792605",39,"1",4,30000
"2794189",56,"1",4,39000
"2794189",36,"1",4,9500
"2794189",15,"0",0,0
"2794189",14,"0",0,NA
"2795398",35,"1",4,20000
"2795398",32,"1",4,14900
"2795398",8,"0",0,NA
"2795398",4,"0",0,NA
"2796358",48,"1",4,29000
"2796358",47,"1",4,8000
"2796358",21,"1",4,4000
"2796432",75,"1",4,50200
"2796432",34,"1",4,19000
"2797884",41,"1",2,11700
"2798452",41,"1",4,14000
"2798452",34,"1",4,31500
"2798452",13,"0",0,NA
"2798452",11,"0",0,NA
"2798501",31,"1",4,22000
"2798501",36,"1",4,12000
"2798796",64,"1",3,10820
"2799405",43,"1",4,27000
"2799405",41,"1",4,45900
"2799594",83,"2",4,11800
"2806614",58,"1",4,31000
"2806614",36,"1",4,6940
"2806812",52,"1",2,155000
"2806812",52,"1",4,8000
"2807278",59,"1",2,6840
"2807445",40,"1",4,30000
"2807510",57,"1",2,10000
"2807510",58,"1",4,35000
"2810309",39,"1",4,37000
"2810309",39,"1",4,1200
"2810309",10,"0",0,NA
"2810309",8,"0",0,NA
"2810309",3,"0",0,NA
"2810309",3,"0",0,NA
"2810610",54,"2",4,700
"2810810",82,"2",4,2700
"2810875",26,"1",4,14000
"2810875",27,"1",4,18600
"2811488",53,"2",4,10500
"2811488",59,"2",4,2600
"2811488",20,"1",4,5500
"2811488",1,"0",0,NA
"2811488",0,"0",0,NA
"2811488",20,"2",4,6000
"2812192",64,"1",4,60000
"2813482",20,"1",4,8000
"2813696",40,"1",2,48500
"2813696",33,"1",4,20000
"2813696",3,"0",0,NA
"2813696",1,"0",0,NA
"2815050",47,"1",4,37000
"2815050",53,"1",4,23000
"2815050",0,"0",0,NA
"2816037",57,"1",4,4500
"2816037",56,"1",3,37390
"2816637",51,"1",3,40000
"2816637",51,"1",4,20100
"2816850",46,"1",4,28100
"2816850",46,"2",4,0
"2818987",50,"1",4,7300
"2819232",61,"1",2,20000
"2819232",68,"1",4,11700
"2820271",29,"1",4,25040
"2820379",23,"1",4,35000
"2820379",33,"1",4,25000
"2820964",44,"1",4,52000
"2821018",46,"1",4,42620
"2821018",46,"1",4,44000
"2821018",20,"1",4,40
"2821018",18,"1",4,3000
"2821018",16,"2",0,0
"2823998",60,"2",2,51000
"2824181",19,"1",4,2100
"2826624",48,"1",4,22110
"2826624",48,"1",4,21310
"2827181",46,"1",4,72200
"2827181",47,"1",4,54200
"2827181",16,"2",0,0
"2828402",69,"2",4,18280
"2828402",49,"1",4,2300
"2828402",10,"0",0,NA
"2828468",32,"1",4,51000
"2828468",31,"2",4,0
"2828468",7,"0",0,NA
"2828468",5,"0",0,NA
"2828468",2,"0",0,NA
"2828656",70,"2",4,44000
"2828675",89,"2",4,25900
"2829083",29,"1",4,44050
"2829083",24,"1",4,9790
"2829548",27,"1",4,23500
"2829548",36,"1",4,35000
"2830291",82,"2",4,4760
"2831263",51,"1",4,25000
"2831263",53,"1",4,65000
"2831671",44,"2",4,0
"2831671",42,"1",4,15000
"2831671",18,"1",4,4000
"2831671",13,"0",0,NA
"2831793",44,"1",4,30000
"2831793",39,"1",4,37000
"2831822",20,"1",4,28000
"2831822",18,"1",4,9400
"2832209",27,"1",4,25630
"2832209",20,"1",4,17000
"2832329",41,"1",4,8000
"2832329",32,"1",4,14000
"2832329",7,"0",0,NA
"2832329",2,"0",0,NA
"2832730",54,"1",4,12000
"2832730",47,"1",4,13010
"2832730",20,"1",4,4500
"2832730",2,"0",0,NA
"2832924",74,"2",4,16060
"2833967",45,"1",4,50000
"2833967",48,"1",2,42820
"2835404",35,"1",4,28000
"2835412",48,"2",4,6700
"2835412",16,"1",0,430
"2839917",40,"2",4,2500
"2839917",43,"1",4,20000
"2840903",59,"1",4,24700
"2840903",54,"1",4,34400
"2841954",39,"1",4,40000
"2841954",40,"1",4,15000
"2841954",8,"0",0,NA
"2842104",48,"1",2,23000
"2842104",43,"1",4,20000
"2842104",21,"1",4,14000
"2842104",19,"1",4,2300
"2842104",17,"1",4,5500
"2842104",69,"2",4,11000
"2842205",17,"1",4,500
"2842227",51,"1",3,55000
"2842227",51,"1",4,56000
"2842417",39,"1",4,36000
"2842417",45,"1",4,20000
"2842458",64,"1",4,8390
"2843291",22,"1",4,8500
"2843302",57,"1",4,45720
"2843302",50,"2",4,0
"2844863",66,"1",2,63740
"2844863",64,"2",4,7400
"2845349",36,"2",4,7600
"2845349",31,"2",4,0
"2845349",11,"0",0,NA
"2845349",10,"0",0,NA
"2845955",21,"1",4,5000
"2846003",30,"1",4,1870
"2846003",30,"1",4,27000
"2846540",48,"1",4,15000
"2846861",26,"1",4,21000
"2848306",19,"1",3,810
"2849248",31,"1",4,45000
"2849248",31,"1",4,22000
"2849558",32,"1",4,9000
"2849558",36,"1",4,60000
"2849769",24,"1",2,20500
"2849769",28,"2",4,0
"2849769",6,"0",0,NA
"2849769",2,"0",0,NA
"2851010",61,"2",3,40000
"2851010",61,"2",4,0
"2852519",56,"1",2,29000
"2852519",50,"1",4,32000
"2852519",25,"2",4,6000
"2852656",35,"1",3,13100
"2852656",8,"0",0,NA
"2852656",1,"0",0,NA
"2852656",38,"1",2,14300
"2853689",42,"1",4,21000
"2853689",14,"0",0,NA
"2853689",47,"1",2,23000
"2854667",93,"2",4,80800
"2856032",36,"1",4,46000
"2856154",53,"1",4,26300
"2857267",37,"1",4,19300
"2857267",34,"1",2,97000
"2858891",30,"1",4,15400
"2859875",51,"1",4,4800
"2859875",59,"1",4,3700
"2861267",67,"1",2,25400
"2861267",61,"1",4,40500
"2862418",60,"1",2,24200
"2862418",57,"1",4,20600
"2862418",26,"1",4,17000
"2862532",60,"1",2,37030
"2862723",38,"1",4,23000
"2862723",29,"1",4,12800
"2862723",10,"0",0,NA
"2863484",77,"2",2,9600
"2863485",34,"1",4,21000
"2863485",31,"1",4,36000
"2863485",11,"0",0,NA
"2863485",7,"0",0,NA
"2864281",65,"1",2,44060
"2864281",63,"2",4,2800
"2864766",29,"1",4,35000
"2864766",26,"1",4,27000
"2866678",22,"1",4,20400
"2866678",20,"1",4,3800
"2867046",64,"2",2,20000
"2867046",61,"1",3,9600
"2867483",43,"2",2,6400
"2867483",8,"0",0,NA
"2870222",75,"2",2,0
"2870222",70,"2",4,0
"2870774",37,"1",4,18000
"2870884",33,"1",4,690
"2871263",58,"1",4,30800
"2871263",39,"2",4,6800
"2871263",20,"1",4,3100
"2873030",52,"1",2,34200
"2873030",49,"1",4,40500
"2873030",19,"1",4,4900
"2874155",45,"1",4,46000
"2874155",41,"1",4,43500
"2875118",34,"1",2,50500
"2875118",38,"1",4,4100
"2875118",16,"2",0,0
"2875118",12,"0",0,NA
"2875118",10,"0",0,NA
"2875118",15,"0",0,0
"2875200",66,"1",4,9300
"2875200",73,"2",2,0
"2875565",32,"1",4,16500
"2875565",41,"1",4,270
"2875565",13,"0",0,NA
"2878075",59,"1",4,5000
"2878075",36,"1",4,17000
"2879666",72,"1",2,10600
"2879666",64,"2",4,11600
"2879733",56,"1",4,20000
"2879733",47,"1",4,115000
"2880564",23,"1",4,12000
"2880564",23,"2",4,0
"2880965",57,"1",2,41000
"2881672",34,"1",4,9600
"2881672",12,"0",0,NA
"2881672",9,"0",0,NA
"2881672",6,"0",0,NA
"2882420",35,"1",4,3000
"2882420",34,"1",4,25430
"2882420",2,"0",0,NA
"2884653",54,"1",4,55000
"2884653",52,"2",4,4400
"2884653",32,"1",4,7000
"2884653",20,"1",4,5800
"2884653",22,"1",4,15000
"2886898",21,"1",4,8000
"2887188",19,"1",4,1600
"2888018",39,"1",4,35000
"2888018",35,"1",4,30400
"2888018",16,"1",0,6500
"2889310",52,"1",4,69800
"2889310",36,"1",4,30000
"2889310",11,"0",0,NA
"2889310",7,"0",0,NA
"2889337",58,"1",4,75000
"2889337",54,"1",4,20000
"2889784",71,"2",2,6000
"2889784",60,"1",4,45000
"2889784",34,"2",4,2000
"2889784",39,"2",4,8300
"2889784",37,"1",4,12000
"2890232",66,"1",4,16300
"2890382",26,"1",4,32000
"2890827",39,"1",4,37300
"2890827",36,"1",4,16000
"2893167",18,"1",4,8000
"2893418",87,"2",4,13200
"2894822",25,"1",4,35000
"2894822",22,"1",2,14200
"2894822",1,"0",0,NA
"2894822",0,"0",0,NA
"2894927",28,"1",4,42000
"2894927",27,"1",4,10704
"2896076",61,"2",4,6810
"2896076",22,"1",4,12200
"2896538",76,"1",2,30300
"2896538",72,"2",4,3900
"2896538",35,"1",4,7840
"2896802",49,"1",4,31000
"2896802",50,"1",4,16600
"2897007",42,"1",4,50000
"2897007",36,"1",4,12500
"2898635",28,"2",4,0
"2900644",76,"2",4,25700
"2900988",72,"2",4,27400
"2901253",72,"2",4,4400
"2901253",66,"2",2,7920
"2901253",93,"2",4,7670
"2902129",39,"1",4,17100
"2902129",10,"0",0,NA
"2902743",71,"2",4,9650
"2905919",66,"1",4,12700
"2905919",57,"2",4,0
"2906610",26,"1",4,10800
"2906610",28,"1",4,33000
"2906610",22,"1",4,5000
"2906622",73,"2",4,31500
"2906622",66,"2",4,13600
"2906660",42,"1",4,5000
"2906660",43,"1",4,12000
"2906660",15,"0",0,500
"2906660",12,"0",0,NA
"2907779",42,"1",4,49600
"2907779",39,"1",4,21300
"2907779",10,"0",0,NA
"2907779",8,"0",0,NA
"2907779",5,"0",0,NA
"2908252",54,"1",2,41000
"2908252",54,"1",4,19200
"2908585",41,"1",4,28300
"2908585",40,"1",4,18400
"2908585",10,"0",0,NA
"2908708",48,"1",2,41100
"2908708",48,"1",4,41900
"2908708",21,"1",4,10100
"2908708",21,"1",4,3200
"2909068",28,"1",4,26000
"2909912",44,"1",4,35000
"2909912",79,"2",4,9900
"2910587",59,"1",2,39600
"2910587",59,"1",4,16100
"2910755",32,"1",4,21700
"2910877",35,"1",3,8870
"2910877",15,"0",0,0
"2910877",13,"0",0,NA
"2911078",46,"1",2,30000
"2912399",40,"1",2,16250
"2912399",39,"1",4,32500
"2912399",13,"0",0,NA
"2912909",56,"1",2,40400
"2913002",50,"1",4,94000
"2913002",49,"1",4,19700
"2913002",16,"1",0,350
"2913345",70,"1",4,38100
"2913345",40,"1",4,11000
"2913345",28,"1",4,16000
"2913345",13,"0",0,NA
"2913345",34,"1",4,3400
"2915140",61,"1",4,52000
"2915140",17,"1",4,2800
"2915140",24,"1",4,3800
"2916182",61,"1",3,9780
"2916182",63,"1",2,113000
"2917312",62,"1",4,28800
"2917731",93,"2",4,28800
"2917738",71,"2",4,8600
"2917738",73,"2",4,11200
"2917778",48,"1",4,40000
"2917778",48,"1",4,19300
"2917778",13,"0",0,NA
"2919478",32,"1",4,23910
"2919478",33,"1",4,22500
"2919478",7,"0",0,NA
"2919478",12,"0",0,NA
"2919667",45,"1",4,20000
"2919983",58,"1",2,29900
"2919983",59,"2",4,7000
"2920334",49,"2",4,7900
"2920938",76,"2",2,20300
"2920938",77,"2",4,9400
"2921638",87,"2",4,1100
"2921638",87,"2",3,14000
"2922026",53,"1",4,16900
"2924956",37,"1",2,31400
"2926333",30,"1",4,23000
"2926333",1,"0",0,NA
"2926333",27,"1",4,34100
"2927698",17,"1",4,18000
"2928151",39,"1",4,36000
"2928614",56,"1",4,83000
"2928679",71,"1",2,122700
"2928679",63,"2",4,0
"2928679",37,"1",4,24000
"2929532",43,"1",4,1e+05
"2929532",45,"1",4,63000
"2929532",16,"2",0,0
"2929532",13,"0",0,NA
"2929614",21,"1",4,6500
"2929614",1,"0",0,NA
"2932659",53,"1",4,74800
"2932659",63,"1",2,22000
"2932881",58,"1",2,37780
"2932881",50,"2",4,0
"2932881",21,"1",4,10200
"2932881",18,"2",4,0
"2932881",17,"2",4,0
"2932881",17,"2",4,0
"2932894",87,"2",4,21100
"2933831",43,"1",4,46000
"2933831",40,"2",4,0
"2933831",13,"0",0,NA
"2933831",5,"0",0,NA
"2936720",58,"1",4,40000
"2936995",78,"2",2,18170
"2936995",66,"2",4,5200
"2937037",43,"1",4,40000
"2937037",14,"0",0,NA
"2938383",37,"1",4,46720
"2938383",37,"2",4,0
"2938383",8,"0",0,NA
"2938383",3,"0",0,NA
"2938394",28,"1",4,18000
"2938394",30,"1",4,25000
"2938394",31,"1",4,34400
"2940106",62,"2",2,10300
"2940106",63,"2",4,4100
"2940904",41,"1",4,22000
"2941257",70,"2",4,20970
"2942229",58,"1",4,19000
"2942229",50,"1",4,35800
"2942604",43,"1",4,42100
"2943090",30,"1",4,13000
"2943090",28,"1",4,24210
"2943090",31,"1",4,16000
"2943526",64,"1",4,22090
"2944455",20,"1",4,11500
"2944455",1,"0",0,NA
"2944455",19,"1",4,5300
"2944455",18,"1",4,5400
"2944811",57,"1",4,26300
"2944811",57,"2",4,3400
"2946287",52,"1",2,28500
"2946287",44,"1",4,25000
"2946287",17,"1",4,7000
"2947823",67,"2",2,50000
"2947823",56,"2",4,0
"2947823",26,"1",2,5600
"2947823",3,"0",0,NA
"2947877",41,"1",2,20000
"2947877",41,"1",4,40000
"2948689",41,"1",4,17000
"2949099",69,"1",4,6600
"2949099",63,"1",4,19000
"2949099",36,"1",4,16000
"2949598",51,"1",4,25000
"2950154",59,"2",3,-4200
"2951239",58,"1",4,1000
"2951239",24,"1",2,17300
"2951239",12,"0",0,NA
"2951918",75,"2",4,50500
"2953122",65,"1",2,34300
"2953122",70,"1",4,27200
"2954767",36,"1",4,38000
"2954767",37,"1",4,660
"2954767",4,"0",0,NA
"2954767",2,"0",0,NA
"2956048",36,"1",4,65000
"2956048",35,"2",4,0
"2956048",11,"0",0,NA
"2956048",9,"0",0,NA
"2956204",52,"1",2,60000
"2956204",47,"1",4,67200
"2957054",35,"1",4,30000
"2957054",41,"1",4,66700
"2957054",0,"0",0,NA
"2957408",38,"1",4,4900
"2957408",39,"1",4,20800
"2957408",15,"0",0,2400
"2957408",14,"0",0,NA
"2957416",36,"1",2,61800
"2957416",31,"2",4,0
"2957416",8,"0",0,NA
"2957416",6,"0",0,NA
"2957416",5,"0",0,NA
"2957416",3,"0",0,NA
"2957852",21,"1",4,25000
"2957852",18,"2",4,0
"2957936",19,"1",4,11000
"2960097",73,"2",4,16600
"2960097",59,"2",4,9000
"2960097",58,"1",4,25000
"2961643",43,"1",4,24500
"2961643",39,"1",4,2410
"2961643",17,"1",4,1400
"2961643",14,"0",0,NA
"2961643",10,"0",0,NA
"2961876",51,"2",2,36500
"2961876",48,"1",4,30600
"2961876",28,"1",4,9500
"2963770",48,"1",4,13500
"2963770",44,"1",4,9400
"2963770",8,"0",0,NA
"2964228",70,"2",4,24990
"2964228",64,"1",3,18590
"2964438",58,"1",2,38100
"2964438",54,"1",4,12200
"2965205",20,"1",4,28000
"2965205",21,"1",4,4000
"2965592",62,"1",4,25000
"2966664",48,"1",4,19000
"2966886",34,"1",2,34000
"2966886",40,"1",4,12000
"2966886",8,"0",0,NA
"2967812",78,"2",4,17600
"2968121",49,"1",4,53000
"2969063",37,"1",4,45400
"2969063",37,"1",4,12500
"2969063",0,"0",0,NA
"2969717",56,"1",2,57500
"2969717",57,"1",4,15000
"2969971",65,"1",4,17000
"2970175",48,"1",4,16200
"2970175",15,"0",0,0
"2970175",15,"0",0,0
"2970175",42,"1",4,10000
"2971459",40,"1",4,114100
"2972325",69,"1",2,44700
"2972325",63,"2",4,0
"2972878",85,"2",2,8400
"2972878",77,"1",4,3960
"2973079",41,"1",4,41000
"2973079",42,"1",4,50500
"2974005",63,"2",4,4100
"2974005",19,"1",4,14000
"2974701",48,"1",4,27150
"2975321",77,"2",2,9200
"2975497",30,"1",4,14400
"2975497",36,"1",4,70810
"2975497",0,"0",0,NA
"2975562",47,"1",4,30000
"2975562",50,"1",4,16000
"2975562",22,"1",4,15000
"2976393",68,"2",2,12000
"2976623",52,"1",4,51600
"2976974",80,"2",4,20630
"2977285",52,"1",4,54050
"2977285",50,"1",4,0
"2977285",24,"2",4,0
"2978095",37,"1",4,11000
"2978157",49,"1",2,38300
"2978157",55,"1",4,37300
"2978902",49,"1",4,33500
"2978902",48,"1",4,35500
"2979169",48,"1",2,11970
"2979169",45,"2",4,0
"2979169",16,"2",0,0
"2979583",46,"1",4,48800
"2979583",33,"1",4,20000
"2979583",7,"0",0,NA
"2979583",15,"0",0,0
"2979583",11,"0",0,NA
"2979664",32,"1",4,14400
"2979664",27,"1",4,4000
"2979664",6,"0",0,NA
"2979664",4,"0",0,NA
"2979911",50,"1",4,54000
"2980753",34,"1",4,29000
"2980909",42,"1",4,42000
"2980909",15,"0",0,0
"2980909",13,"0",0,NA
"2981780",22,"1",4,8000
"2981780",24,"1",4,12000
"2981780",23,"1",4,6000
"2981917",72,"1",2,110500
"2981917",63,"2",4,5000
"2981994",24,"1",4,31000
"2981994",30,"1",4,7000
"2982052",43,"1",4,11010
"2982052",16,"2",0,0
"2982052",38,"1",4,20600
"2982610",59,"1",4,26000
"2982610",59,"1",4,19000
"2983150",64,"2",2,11700
"2983150",59,"1",4,12000
"2984923",66,"1",4,27500
"2984923",33,"1",4,10530
"2985742",76,"2",4,10400
"2985742",62,"2",4,190
"2985742",25,"2",4,5300
"2985902",86,"2",4,15200
"2985904",19,"1",4,2700
"2986469",18,"1",4,7000
"2987553",44,"1",4,92500
"2987553",45,"1",4,1500
"2987553",12,"0",0,NA
"2987553",9,"0",0,NA
"2988031",51,"1",4,139700
"2988031",47,"2",4,0
"2988031",11,"0",0,NA
"2988031",9,"0",0,NA
"2988031",6,"0",0,NA
"2988132",41,"2",4,0
"2989889",22,"1",4,4500
"2990205",56,"1",4,16000
"2990205",55,"1",3,290000
"2990225",39,"1",4,32100
"2990225",18,"1",4,2000
"2990554",41,"1",4,42000
"2990554",38,"1",4,15000
"2990554",15,"0",0,4900
"2990554",13,"0",0,NA
"2990712",21,"1",4,2200
"2990845",49,"1",2,98800
"2990845",48,"1",4,28000
"2991415",52,"1",4,46900
"2991415",51,"1",4,19800
"2992009",62,"2",3,33600
"2992847",20,"1",4,15000
"2993048",65,"2",4,19800
"2995539",58,"1",3,18000
"2995539",54,"1",4,47000
"2996451",46,"1",4,29300
"2996451",42,"1",4,19700
"2996451",19,"1",4,10000
"2996451",16,"1",0,630
"2996659",80,"2",4,26300
"2996659",78,"2",4,26300
"2997763",54,"1",4,11700
"2998227",19,"1",4,3500
"2998618",30,"1",4,31950
"2998618",28,"1",4,45000
"2998874",51,"1",4,35000
"2999160",41,"1",4,23000
"2999160",41,"1",4,41000
"2999160",5,"0",0,NA
"2999160",3,"0",0,NA
"2999469",74,"2",4,5400
"2999469",65,"2",4,3700
"3000108",71,"2",4,9100
"3000629",39,"1",2,1600
"3000629",38,"1",4,27480
"3001040",46,"1",4,61120
"3001040",49,"1",4,40300
"3002950",37,"1",4,40200
"3004403",70,"1",4,30600
"3004715",34,"1",4,3500
"3004715",33,"1",4,34000
"3004715",11,"0",0,NA
"3004715",7,"0",0,NA
"3004838",61,"1",2,65000
"3004838",60,"1",4,3200
"3004991",41,"1",4,31000
"3004991",16,"1",0,1000
"3004991",13,"0",0,NA
"3005943",76,"2",2,12500
"3005943",81,"2",4,5200
"3005943",38,"1",4,43600
"3006004",41,"1",4,31000
"3006004",36,"1",4,7000
"3006004",5,"0",0,NA
"3006596",71,"2",4,16000
"3006596",83,"2",2,51850
"3006970",60,"1",2,93000
"3006970",49,"1",4,142000
"3006970",18,"1",4,770
"3006970",15,"0",0,290
"3007689",49,"1",4,55000
"3007689",43,"1",4,35000
"3007689",11,"0",0,NA
"3007689",9,"0",0,NA
"3008158",34,"1",4,46000
"3008158",14,"0",0,NA
"3009509",42,"1",4,20000
"3009509",43,"1",4,18000
"3009509",20,"1",4,10270
"3009509",17,"1",4,3400
"3009509",13,"0",0,NA
"3009645",50,"1",4,22200
"3009645",50,"1",4,29300
"3010056",38,"1",4,35000
"3010056",35,"1",4,20000
"3010056",9,"0",0,NA
"3010056",5,"0",0,NA
"3010056",0,"0",0,NA
"3011335",28,"1",4,13700
"3011335",30,"1",4,15400
"3011335",9,"0",0,NA
"3011335",7,"0",0,NA
"3011761",47,"2",4,0
"3011761",45,"1",4,21830
"3012375",48,"1",4,25000
"3012375",48,"1",3,17500
"3012449",69,"1",2,29640
"3012449",72,"1",4,9300
"3013145",41,"1",4,34400
"3013822",50,"1",4,36120
"3014463",40,"2",4,8500
"3014519",31,"1",4,14000
"3014519",31,"1",4,21400
"3014519",7,"0",0,NA
"3014519",4,"0",0,NA
"3015602",26,"2",4,4600
"3015602",33,"1",4,6300
"3015602",1,"0",0,NA
"3015602",0,"0",0,NA
"3015602",0,"0",0,NA
"3015886",34,"1",4,20000
"3015886",34,"1",4,30000
"3015886",10,"0",0,NA
"3015886",6,"0",0,NA
"3016701",28,"1",4,16000
"3017396",31,"1",2,17200
"3017396",26,"1",4,6600
"3017396",10,"0",0,NA
"3017396",8,"0",0,NA
"3017396",5,"0",0,NA
"3017396",2,"0",0,NA
"3017506",55,"1",4,3850
"3017506",56,"1",4,13200
"3018085",22,"1",4,17200
"3018085",20,"1",4,6000
"3018501",40,"1",4,2200
"3018714",39,"1",4,50000
"3018714",28,"1",4,18000
"3019174",59,"1",2,40000
"3020410",19,"1",4,3000
"3020874",49,"1",4,32800
"3020874",46,"2",4,0
"3020874",19,"1",4,3700
"3020874",15,"0",0,250
"3021237",29,"1",4,14400
"3021237",38,"1",3,20000
"3021237",11,"0",0,NA
"3021237",10,"0",0,NA
"3021237",0,"0",0,NA
"3022303",59,"1",2,500
"3022303",56,"1",4,10000
"3022309",79,"2",2,157000
"3022309",74,"2",4,7000
"3022922",57,"1",3,25000
"3022922",48,"1",4,20000
"3023936",93,"2",4,8050
"3023955",65,"2",2,12900
"3023955",64,"2",4,4300
"3024132",56,"1",4,19400
"3024132",55,"1",4,13250
"3024990",19,"1",4,1100
"3025222",48,"1",3,49700
"3025222",47,"1",4,14500
"3025222",22,"1",4,11500
"3025284",44,"1",2,56030
"3025284",53,"2",4,2400
"3026161",20,"1",4,13250
"3026161",21,"1",4,16100
"3026444",36,"1",4,56000
"3026444",29,"1",4,24000
"3026444",0,"0",0,NA
"3026653",72,"2",4,0
"3026653",65,"2",4,0
"3027916",93,"2",4,12400
"3028217",65,"2",4,4600
"3028217",60,"1",2,12000
"3028505",62,"2",4,11100
"3028771",59,"2",4,8900
"3028771",60,"1",2,25500
"3028771",36,"1",4,12000
"3029060",52,"1",4,30500
"3029060",52,"2",4,0
"3029060",17,"2",4,10
"3030115",27,"1",4,10000
"3030115",22,"1",4,1600
"3032750",43,"1",4,23900
"3034688",69,"2",2,12000
"3034688",78,"2",4,1500
"3035640",28,"1",4,17000
"3035640",26,"1",4,18000
"3035640",5,"0",0,NA
"3035640",58,"2",4,6500
"3035673",84,"2",2,32000
"3035673",87,"2",4,8800
"3035738",64,"2",4,7000
"3035995",68,"2",2,11800
"3035995",63,"1",4,13200
"3036398",25,"1",4,26000
"3037087",70,"2",4,17900
"3038014",21,"1",4,2000
"3038803",40,"1",2,19400
"3039789",22,"1",4,4000
"3039789",22,"1",4,27000
"3039789",1,"0",0,NA
"3040382",29,"1",3,13000
"3040382",26,"1",4,30000
"3041358",34,"1",4,30200
"3041508",49,"1",4,33400
"3041508",37,"1",2,13000
"3043324",47,"1",4,24500
"3043324",44,"1",4,11300
"3043324",23,"1",4,9600
"3043348",46,"1",4,25400
"3043348",47,"1",4,75000
"3043565",58,"1",4,1e+05
"3043565",53,"1",4,340
"3043565",10,"0",0,NA
"3044522",22,"2",4,420
"3045900",70,"2",4,0
"3045900",62,"1",4,77000
"3047736",47,"1",4,37600
"3047736",13,"0",0,NA
"3048233",55,"1",4,42920
"3048233",50,"1",2,20000
"3048770",69,"2",4,4500
"3049627",75,"2",4,21600
"3050863",67,"2",4,10300
"3050863",65,"2",4,125650
"3051649",87,"2",2,12300
"3051649",74,"2",4,10000
"3052414",36,"1",4,19000
"3052414",37,"2",4,0
"3052414",11,"0",0,NA
"3052414",6,"0",0,NA
"3052586",70,"2",2,10
"3054359",49,"1",2,29500
"3054359",17,"1",4,5000
"3054359",20,"1",4,9500
"3054359",42,"1",4,34000
"3054359",23,"1",4,21000
"3055262",44,"1",4,32000
"3055262",38,"1",4,14000
"3055262",16,"1",0,1900
"3055262",14,"0",0,NA
"3055262",0,"0",0,NA
"3055262",18,"1",4,8800
"3055676",66,"2",4,5830
"3056146",46,"1",4,18000
"3056368",76,"2",4,7600
"3056499",71,"2",3,23000
"3056499",71,"2",4,19000
"3056984",74,"2",2,12000
"3056984",73,"2",4,0
"3057641",62,"1",3,40000
"3057641",56,"2",4,0
"3057641",18,"2",4,40
"3058492",42,"1",4,36100
"3058492",40,"1",4,13800
"3058492",2,"0",0,NA
"3058492",0,"0",0,NA
"3058605",78,"2",4,117000
"3059223",74,"2",4,16800
"3060037",45,"1",4,21050
"3060037",41,"1",4,35940
"3060037",16,"2",0,0
"3060037",14,"0",0,NA
"3062588",40,"1",4,24000
"3062588",19,"2",4,0
"3062588",15,"0",0,0
"3062588",13,"0",0,NA
"3062588",50,"1",2,26000
"3063881",29,"1",4,24000
"3063881",29,"2",4,0
"3063881",6,"0",0,NA
"3063881",3,"0",0,NA
"3063881",2,"0",0,NA
"3063881",2,"0",0,NA
"3064123",51,"1",2,18000
"3064123",52,"1",4,35000
"3065939",63,"1",3,27500
"3065939",54,"1",4,32000
"3067186",49,"1",4,11000
"3067186",54,"1",4,27700
"3067435",30,"1",4,20000
"3067833",46,"1",4,1700
"3068038",62,"2",4,21100
"3068837",72,"2",2,12710
"3068837",71,"2",4,0
"3069176",59,"2",4,18400
"3069176",55,"1",4,6900
"3069176",36,"1",4,29800
"3069176",88,"2",4,12400
"3069176",14,"0",0,NA
"3070075",62,"1",4,57980
"3070075",57,"1",4,16000
"3071024",68,"1",4,39000
"3071024",73,"2",4,4000
"3071024",51,"1",4,29000
"3071924",36,"1",3,35000
"3071924",35,"1",4,46100
"3071924",12,"0",0,NA
"3071924",9,"0",0,NA
"3071924",7,"0",0,NA
"3072670",64,"1",2,26110
"3072670",64,"2",4,12890
"3072670",42,"1",4,23100
"3073149",60,"2",4,0
"3074154",26,"1",2,38000
"3074154",3,"0",0,NA
"3074344",29,"1",2,34000
"3074344",27,"1",4,23000
"3074462",53,"1",4,11400
"3074462",56,"1",4,5080
"3075389",37,"1",4,26300
"3075389",43,"2",4,0
"3075389",10,"0",0,NA
"3075389",6,"0",0,NA
"3075389",2,"0",0,NA
"3076097",34,"1",4,34800
"3077385",40,"1",4,42000
"3077385",34,"1",4,35000
"3077432",41,"1",4,52000
"3077432",42,"1",4,22000
"3077432",10,"0",0,NA
"3077432",8,"0",0,NA
"3077432",6,"0",0,NA
"3077543",62,"2",4,0
"3077543",61,"1",2,26000
"3078719",68,"1",4,70100
"3078740",62,"1",4,54000
"3078740",57,"1",4,46000
"3079087",27,"1",4,25800
"3079087",32,"1",4,33900
"3079087",0,"0",0,NA
"3079087",13,"0",0,NA
"3079087",10,"0",0,NA
"3080769",37,"1",4,16700
"3080769",11,"0",0,NA
"3080769",7,"0",0,NA
"3080769",43,"1",4,24000
"3081077",46,"1",4,10000
"3081183",66,"1",2,104330
"3081183",64,"1",4,37900
"3083221",75,"2",2,8700
"3084233",43,"2",4,14700
"3084233",36,"2",4,11500
"3084350",51,"1",2,26000
"3084479",34,"1",4,36000
"3084479",29,"1",4,12000
"3084479",3,"0",0,NA
"3084904",53,"1",2,20000
"3084904",45,"1",4,18000
"3084904",19,"1",4,18000
"3084904",6,"0",0,NA
"3085300",44,"2",4,0
"3085300",45,"1",4,26000
"3085300",18,"2",4,0
"3085300",13,"0",0,NA
"3085300",13,"0",0,NA
"3086011",28,"1",4,10000
"3086011",27,"1",2,22300
"3086011",7,"0",0,NA
"3086011",0,"0",0,NA
"3086163",19,"1",4,400
"3087159",68,"2",3,5900
"3087159",52,"2",4,3500
"3087819",47,"1",4,47000
"3087819",46,"1",4,52000
"3088179",50,"2",4,6700
"3088835",29,"1",4,41800
"3088835",36,"1",4,39820
"3088967",75,"2",4,25000
"3088967",50,"2",4,1600
"3088967",14,"0",0,NA
"3088967",11,"0",0,NA
"3088967",8,"0",0,NA
"3088967",44,"1",4,31700
"3090684",36,"1",4,142000
"3091434",30,"1",4,48600
"3091434",26,"1",4,16500
"3091945",41,"1",4,23700
"3091945",46,"1",4,40000
"3091945",21,"1",4,21900
"3092814",26,"1",2,47000
"3092814",27,"2",4,0
"3092814",7,"0",0,NA
"3092814",3,"0",0,NA
"3092814",0,"0",0,NA
"3093480",36,"2",4,4800
"3093480",11,"0",0,NA
"3093480",11,"0",0,NA
"3093480",8,"0",0,NA
"3093480",5,"0",0,NA
"3093717",27,"1",4,27050
"3093717",21,"1",4,8000
"3093891",21,"1",4,8500
"3096326",65,"1",4,45500
"3096326",68,"1",4,22040
"3097387",40,"1",4,75000
"3097387",40,"2",4,0
"3097387",9,"0",0,NA
"3097387",6,"0",0,NA
"3097429",83,"2",4,9600
"3097503",72,"2",4,11200
"3097895",87,"2",4,16720
"3099194",41,"1",2,26000
"3099194",42,"1",4,20000
"3099266",21,"1",4,2500
"3100052",47,"1",4,32820
"3100052",44,"1",4,29200
"3103874",74,"1",4,16500
"3103874",78,"1",2,26800
"3104093",50,"1",4,130250
"3104093",51,"1",4,20800
"3105373",70,"2",4,4800
"3105373",73,"2",2,6000
"3106376",41,"1",4,45000
"3106376",38,"1",4,40000
"3106376",5,"0",0,NA
"3106376",3,"0",0,NA
"3106956",56,"1",2,31400
"3106956",55,"1",4,21000
"3108506",39,"1",4,14000
"3108506",14,"0",0,NA
"3108506",61,"1",2,61000
"3108694",43,"1",4,25000
"3108694",48,"1",4,39000
"3108694",8,"0",0,NA
"3109649",49,"1",4,37100
"3109649",47,"1",2,54000
"3112521",41,"2",4,8200
"3114925",36,"1",4,58000
"3114925",42,"1",4,47510
"3114925",7,"0",0,NA
"3115867",74,"1",2,24600
"3115867",71,"2",4,5600
"3116403",21,"1",4,1900
"3117551",38,"1",4,25000
"3117551",19,"1",4,4300
"3117551",16,"2",0,0
"3118694",36,"1",4,9900
"3118694",2,"0",0,NA
"3119600",36,"1",1,30000
"3119600",38,"1",4,10900
"3121051",40,"1",4,40000
"3121051",35,"1",4,18000
"3121051",13,"0",0,NA
"3121051",11,"0",0,NA
"3122568",80,"2",4,22100
"3122568",78,"1",4,4660
"3122716",52,"1",4,23900
"3122716",55,"1",4,28100
"3123103",50,"1",2,36000
"3123103",51,"1",4,14000
"3129295",46,"1",4,46000
"3130170",57,"1",4,22300
"3130170",55,"1",2,26200
"3130170",21,"1",4,500
"3130172",62,"2",4,10100
"3130172",55,"1",4,8000
"3131180",65,"1",4,8000
"3132664",56,"1",4,700
"3132664",62,"1",4,19800
"3132998",45,"1",4,40100
"3132998",41,"1",4,40000
"3132998",17,"1",4,6000
"3132998",13,"0",0,NA
"3132998",15,"0",0,0
"3133193",42,"2",2,0
"3133193",39,"1",4,14000
"3133193",16,"1",0,3800
"3134638",77,"2",2,145900
"3134638",75,"2",4,7000
"3134694",81,"2",2,53900
"3134694",81,"2",4,4600
"3137090",67,"1",4,35800
"3137090",43,"1",4,20000
"3137562",36,"1",4,43260
"3137645",19,"1",4,5000
"3137902",44,"1",4,35670
"3137902",47,"1",4,34570
"3138975",48,"1",4,21000
"3139867",42,"1",4,43010
"3139867",43,"1",4,18000
"3139867",19,"1",4,1700
"3139867",16,"2",0,0
"3140501",46,"1",4,30830
"3140501",17,"1",4,750
"3140501",7,"0",0,NA
"3141063",50,"1",2,59200
"3141063",46,"1",4,10000
"3142072",49,"1",4,72000
"3142072",49,"1",4,15000
"3142072",15,"0",0,200
"3142234",70,"1",2,38900
"3142234",66,"1",4,9900
"3145006",47,"1",4,25000
"3145006",47,"1",4,25000
"3145393",35,"1",4,22000
"3146276",43,"1",2,27000
"3146276",40,"2",4,0
"3146276",18,"1",4,2100
"3146276",13,"0",0,NA
"3146630",38,"2",4,7200
"3146754",47,"1",4,43700
"3146754",17,"1",4,450
"3148090",34,"1",4,32000
"3148090",34,"1",4,27500
"3148090",8,"0",0,NA
"3148090",3,"0",0,NA
"3149289",28,"1",4,28600
"3149289",28,"1",3,12000
"3149289",6,"0",0,NA
"3149289",2,"0",0,NA
"3149775",64,"1",4,25500
"3150071",84,"2",4,13700
"3150339",31,"1",4,26000
"3150339",11,"0",0,NA
"3150339",2,"0",0,NA
"3150339",32,"1",4,24600
"3151134",37,"1",4,46040
"3151134",15,"0",0,600
"3151134",11,"0",0,NA
"3153193",48,"1",4,20400
"3153329",50,"1",3,160000
"3153329",44,"2",4,0
"3157700",93,"2",4,12700
"3159416",67,"2",4,10230
"3159416",74,"2",2,13600
"3160127",44,"1",4,25000
"3160127",43,"2",4,0
"3160127",23,"2",4,0
"3160127",12,"0",0,NA
"3160127",10,"0",0,NA
"3160406",53,"2",4,0
"3160996",43,"1",4,58000
"3160996",14,"0",0,NA
"3160996",18,"1",4,400
"3160996",46,"1",2,25000
"3162465",72,"2",4,11900
"3162465",74,"2",4,8000
"3163271",64,"2",2,51000
"3163271",61,"1",4,26000
"3164156",28,"1",4,20000
"3164263",73,"2",4,7800
"3164500",21,"1",4,20400
"3165768",29,"1",4,10000
"3165768",27,"1",4,2000
"3165768",9,"0",0,NA
"3165768",3,"0",0,NA
"3166557",59,"2",4,15500
"3167674",55,"1",4,122500
"3167674",53,"1",4,31000
"3167812",83,"2",4,5200
"3168772",46,"1",4,18000
"3170297",88,"2",4,2700
"3171616",27,"1",4,27000
"3171616",4,"0",0,NA
"3171616",29,"1",4,22000
"3171616",7,"0",0,NA
"3171852",46,"1",4,107400
"3171852",37,"1",4,14500
"3171852",17,"1",4,5000
"3171852",14,"0",0,NA
"3171852",13,"0",0,NA
"3171852",9,"0",0,NA
"3171852",9,"0",0,NA
"3171852",6,"0",0,NA
"3171852",3,"0",0,NA
"3171852",1,"0",0,NA
"3173352",21,"1",4,1000
"3173352",21,"1",4,12800
"3173910",25,"1",4,19800
"3173910",30,"1",4,30000
"3173910",6,"0",0,NA
"3173910",5,"0",0,NA
"3173910",5,"0",0,NA
"3173910",2,"0",0,NA
"3173910",0,"0",0,NA
"3175145",77,"2",2,9020
"3175145",66,"2",4,8000
"3176061",47,"1",2,76000
"3176061",43,"2",4,10000
"3176061",15,"0",0,0
"3176061",13,"0",0,NA
"3177791",26,"1",4,10000
"3178393",93,"2",4,89900
"3179546",72,"2",4,24000
"3179546",38,"1",2,32000
"3179762",45,"1",4,43300
"3179762",44,"1",4,10000
"3179762",21,"1",4,14000
"3179806",56,"1",4,11000
"3180657",55,"1",4,12900
"3180657",61,"1",3,23900
"3181847",43,"1",4,6100
"3181847",55,"1",4,28800
"3181847",7,"0",0,NA
"3181892",79,"2",2,107500
"3181892",85,"2",4,0
"3183339",42,"1",4,6000
"3183339",46,"1",4,45300
"3183339",10,"0",0,NA
"3183339",7,"0",0,NA
"3183380",52,"1",4,24600
"3183681",44,"1",4,40000
"3183681",17,"2",4,30
"3183900",58,"1",4,13700
"3183900",25,"2",4,7700
"3184984",51,"1",3,50000
"3184984",54,"1",4,19100
"3184984",19,"1",4,18000
"3185233",66,"2",2,13200
"3185233",62,"1",4,3500
"3187433",93,"2",4,20600
"3187513",45,"1",4,24000
"3187513",21,"2",4,0
"3187989",68,"2",4,9200
"3188696",72,"2",2,25820
"3188696",75,"2",4,8300
"3188745",53,"1",2,72500
"3188745",43,"1",4,45000
"3188745",4,"0",0,NA
"3189928",58,"1",2,46260
"3189928",51,"1",4,26800
"3189928",25,"1",4,11500
"3190147",82,"2",2,21500
"3192431",37,"1",4,28000
"3192442",63,"2",3,17600
"3192442",62,"2",4,1900
"3194644",20,"2",4,0
"3194919",43,"1",4,23800
"3194919",39,"2",4,0
"3194919",10,"0",0,NA
"3194919",8,"0",0,NA
"3196074",57,"1",2,44200
"3196074",53,"1",4,26300
"3196074",26,"1",4,23000
"3196185",20,"1",4,3500
"3197445",78,"2",4,4710
"3199355",48,"1",4,27040
"3199355",44,"1",4,27604
"3199355",22,"1",4,18710
"3200424",51,"1",4,140000
"3201113",50,"2",4,17400
"3201113",49,"1",4,31000
"3202283",39,"1",4,33000
"3202283",35,"1",4,54000
"3202283",11,"0",0,NA
"3202283",7,"0",0,NA
"3202801",86,"2",4,13400
"3203882",30,"1",4,9500
"3203882",0,"0",0,NA
"3204498",63,"1",4,23200
"3204498",62,"2",4,0
"3204923",44,"1",4,10000
"3205397",30,"1",4,35000
"3205397",27,"1",4,17000
"3205397",4,"0",0,NA
"3205397",1,"0",0,NA
"3205924",52,"1",4,47000
"3205924",19,"1",4,600
"3205924",17,"2",4,0
"3205924",0,"0",0,NA
"3207083",55,"1",2,161000
"3207083",54,"1",4,8500
"3207085",41,"1",3,17500
"3207085",38,"1",4,10400
"3207085",4,"0",0,NA
"3207085",16,"2",0,0
"3207530",69,"2",2,42000
"3207530",70,"2",4,36000
"3208567",49,"1",4,22000
"3208567",40,"2",4,1200
"3208567",10,"0",0,NA
"3208920",54,"1",4,10200
"3208920",46,"1",4,14000
"3209792",33,"1",4,22000
"3209792",27,"1",4,18600
"3213845",73,"1",2,152000
"3214015",43,"1",4,59900
"3214015",20,"1",4,8000
"3214419",38,"1",4,21000
"3214419",9,"0",0,NA
"3215518",45,"1",2,45000
"3215518",42,"2",4,0
"3215518",11,"0",0,NA
"3215518",9,"0",0,NA
"3215518",7,"0",0,NA
"3215662",44,"1",4,42600
"3215662",12,"0",0,NA
"3216048",28,"1",4,36400
"3216048",35,"1",2,30000
"3217778",20,"1",4,10000
"3219533",28,"1",4,37030
"3220091",46,"1",4,34000
"3220091",40,"1",4,6000
"3220091",13,"0",0,NA
"3220091",10,"0",0,NA
"3220108",61,"1",4,11500
"3220197",72,"2",4,6000
"3221802",35,"1",4,18000
"3221802",34,"1",4,39000
"3221802",5,"0",0,NA
"3221802",4,"0",0,NA
"3222037",39,"1",4,24300
"3222037",37,"1",4,24900
"3222037",11,"0",0,NA
"3222037",8,"0",0,NA
"3222093",78,"2",4,8100
"3222284",23,"1",4,15000
"3223131",38,"1",4,3000
"3223262",52,"1",2,16100
"3223262",53,"1",4,12200
"3223262",16,"1",0,7500
"3223262",13,"0",0,NA
"3223262",17,"1",4,2600
"3223437",76,"2",4,7200
"3224481",53,"1",2,35380
"3224481",34,"1",4,5940
"3225087",76,"2",2,8800
"3225677",32,"1",2,38000
"3225677",29,"1",4,25000
"3225677",1,"0",0,NA
"3226203",37,"1",4,17000
"3226203",38,"1",4,43000
"3227152",24,"1",4,9000
"3227152",24,"1",4,16500
"3227554",19,"1",4,9000
"3228591",26,"1",4,13000
"3228591",20,"1",4,7000
"3229301",69,"1",2,40800
"3229301",66,"1",4,7100
"3229780",59,"1",2,60800
"3229780",48,"1",4,28000
"3230690",49,"1",2,27600
"3230954",56,"1",4,38500
"3230954",23,"1",4,10500
"3232284",86,"2",4,115400
"3232284",58,"1",4,15700
"3233027",93,"2",4,18400
"3233529",59,"1",2,33000
"3233529",57,"1",4,40000
"3234085",29,"1",4,55000
"3234085",29,"1",4,53000
"3234295",45,"1",4,28360
"3234295",44,"1",4,27300
"3234295",16,"2",0,0
"3234304",48,"1",4,21700
"3234393",48,"1",4,40300
"3234393",47,"1",4,25100
"3234393",16,"1",0,1300
"3234650",93,"2",4,14200
"3235435",57,"1",2,67170
"3235435",57,"1",4,34900
"3235836",68,"1",2,209400
"3235836",48,"1",4,42500
"3237525",60,"2",4,50
"3237525",63,"2",2,15000
"3237870",43,"1",4,26100
"3238139",29,"1",4,10200
"3238139",9,"0",0,NA
"3238139",6,"0",0,NA
"3238445",57,"1",2,52500
"3238445",56,"1",4,18100
"3239307",51,"1",2,30000
"3239307",55,"1",4,93000
"3241391",80,"1",2,21140
"3241391",75,"2",4,5400
"3243813",23,"1",4,19100
"3243813",23,"1",4,16000
"3244557",53,"1",3,60000
"3244557",48,"1",4,14400
"3244557",16,"2",0,500
"3245935",58,"1",4,10000
"3245935",68,"1",4,27800
"3245992",79,"2",4,10600
"3245992",82,"2",4,7200
"3246168",39,"1",2,44400
"3246414",84,"2",4,18400
"3247064",68,"2",2,5300
"3247064",62,"2",4,0
"3248204",84,"2",4,22400
"3249758",48,"1",4,46600
"3249758",47,"1",4,20600
"3249758",17,"1",4,1300
"3252278",46,"1",4,34800
"3252278",43,"1",4,6900
"3252278",12,"0",0,NA
"3252624",19,"1",4,1500
"3252815",55,"1",2,35000
"3252815",50,"1",4,8300
"3252815",29,"1",4,25000
"3252815",19,"1",4,15500
"3252815",4,"0",0,NA
"3252815",0,"0",0,NA
"3252815",26,"2",4,0
"3253117",83,"2",4,15300
"3253618",39,"1",4,24800
"3253618",36,"1",4,34700
"3253618",10,"0",0,NA
"3253618",8,"0",0,NA
"3254336",38,"1",4,6100
"3254336",31,"1",4,20000
"3255848",53,"2",2,0
"3255848",44,"1",4,29000
"3256256",62,"1",4,35000
"3256256",44,"1",4,7590
"3256335",74,"1",2,17500
"3256335",66,"2",4,5500
"3258667",77,"2",2,24500
"3258667",68,"2",4,22500
"3259508",52,"1",2,73000
"3259508",45,"1",4,70000
"3260935",49,"1",4,60000
"3260935",35,"1",4,30000
"3260935",10,"0",0,NA
"3260935",8,"0",0,NA
"3260935",5,"0",0,NA
"3261143",41,"1",4,18600
"3261143",31,"2",4,5850
"3262367",33,"1",4,45000
"3262367",44,"1",4,19800
"3262367",8,"0",0,NA
"3262769",32,"1",4,8100
"3262769",30,"1",4,6200
"3264763",63,"2",4,10400
"3264763",59,"1",4,21400
"3264876",50,"1",4,53500
"3264876",51,"1",4,53500
"3264980",82,"2",4,9100
"3265015",43,"1",4,44000
"3265015",16,"1",0,3000
"3265015",7,"0",0,NA
"3265015",6,"0",0,NA
"3265015",9,"0",0,NA
"3265050",50,"1",4,25000
"3265050",44,"1",4,20000
"3265050",19,"1",4,14000
"3265050",69,"2",4,7200
"3265650",75,"1",2,49000
"3265650",66,"1",4,43600
"3266140",47,"1",4,73000
"3266140",48,"1",4,28200
"3266140",15,"0",0,0
"3266140",13,"0",0,NA
"3266337",52,"1",2,71000
"3266337",53,"1",4,180
"3266337",17,"1",4,2500
"3266337",15,"0",0,100
"3268090",51,"1",4,150160
"3268090",48,"1",4,7200
"3268090",19,"1",4,4000
"3268090",17,"1",3,10500
"3268090",13,"0",0,NA
"3271675",19,"1",4,500
"3272321",34,"1",4,73000
"3272321",32,"1",4,15000
"3272522",36,"1",4,32000
"3272522",33,"1",4,8200
"3272522",6,"0",0,NA
"3272522",0,"0",0,NA
"3274345",53,"1",4,17010
"3274345",53,"1",4,29010
"3274501",37,"1",4,40000
"3274501",9,"0",0,NA
"3274501",8,"0",0,NA
"3274501",6,"0",0,NA
"3275663",42,"1",4,28000
"3275663",47,"1",4,47500
"3277005",71,"2",2,6700
"3277213",64,"2",2,12000
"3277213",61,"2",4,0
"3277656",42,"1",4,14000
"3277656",42,"1",4,40000
"3278211",24,"1",4,11600
"3278267",22,"1",4,1500
"3278564",78,"2",4,10100
"3278580",51,"2",4,0
"3278867",27,"1",4,14550
"3278867",27,"1",4,1600
"3278867",3,"0",0,NA
"3278867",1,"0",0,NA
"3281606",71,"2",4,8400
"3282123",63,"2",4,5200
"3284619",50,"1",3,74000
"3284619",45,"1",4,12000
"3284619",9,"0",0,NA
"3284718",43,"1",4,8400
"3284718",41,"1",4,10800
"3285920",68,"2",4,6500
"3287091",76,"2",4,4500
"3287091",75,"2",4,13000
"3288783",35,"1",4,19000
"3289454",69,"2",4,13000
"3289501",33,"1",4,17400
"3290531",55,"1",4,44000
"3290531",51,"1",4,45000
"3291605",48,"1",4,12500
"3291605",47,"1",4,12500
"3291834",31,"1",4,35000
"3291834",32,"1",4,65000
"3291834",3,"0",0,NA
"3293373",44,"1",2,46200
"3293373",41,"1",2,26200
"3293373",17,"1",4,8000
"3293373",15,"0",0,2000
"3293589",24,"2",4,7300
"3293589",4,"0",0,NA
"3293589",3,"0",0,NA
"3294428",25,"1",4,18000
"3294428",4,"0",0,NA
"3295284",48,"1",4,34000
"3295284",45,"1",4,20000
"3295284",18,"1",4,200
"3295430",76,"2",4,3000
"3296426",39,"1",4,55000
"3296426",38,"1",4,10000
"3296426",9,"0",0,NA
"3296426",6,"0",0,NA
"3296614",38,"1",2,93000
"3296614",38,"1",4,20000
"3296614",10,"0",0,NA
"3296614",7,"0",0,NA
"3296736",44,"1",4,47000
"3296736",44,"1",4,45000
"3296736",20,"1",4,1700
"3296736",17,"2",4,0
"3296736",0,"0",0,NA
"3297754",57,"1",4,14590
"3298128",87,"2",4,12250
"3298622",69,"2",4,10800
"3298795",39,"1",4,31000
"3298795",35,"1",4,18000
"3298795",0,"0",0,NA
"3299833",53,"1",3,40000
"3299833",50,"1",4,37000
"3300161",42,"2",4,6000
"3300161",11,"0",0,NA
"3300161",9,"0",0,NA
"3300161",30,"2",4,11100
"3302744",30,"1",4,39400
"3302744",31,"1",4,11900
"3302744",0,"0",0,NA
"3304873",52,"1",4,25000
"3305678",40,"1",4,10950
"3305678",4,"0",0,NA
"3306587",55,"1",4,37390
"3306587",20,"1",4,2000
"3306587",18,"1",4,100
"3306587",15,"0",0,0
"3307292",60,"1",2,14000
"3307370",46,"1",4,35000
"3307370",35,"1",4,30000
"3307370",15,"0",0,0
"3307370",4,"0",0,NA
"3308768",72,"2",4,26000
"3309300",20,"1",4,3500
"3309571",35,"1",4,50000
"3309571",33,"1",4,1900
"3309571",1,"0",0,NA
"3310725",45,"1",4,62400
"3310923",46,"1",4,18000
"3311351",35,"1",2,33150
"3311351",35,"1",4,33000
"3311351",3,"0",0,NA
"3311587",22,"1",4,4000
"3311667",38,"1",4,23500
"3311667",33,"1",4,20000
"3311667",12,"0",0,NA
"3311667",9,"0",0,NA
"3312901",39,"1",4,12400
"3312901",77,"2",4,22500
"3313242",30,"1",4,31200
"3313242",4,"0",0,NA
"3313690",44,"1",2,18700
"3313690",42,"1",4,20000
"3315474",35,"1",4,43000
"3316952",51,"1",2,9000
"3316952",49,"1",4,19500
"3316952",22,"1",4,6500
"3316952",22,"1",4,21000
"3317131",28,"1",4,10200
"3317131",3,"0",0,NA
"3317131",1,"0",0,NA
"3318238",48,"2",4,0
"3318238",51,"1",2,43000
"3318251",27,"1",4,9600
"3318251",20,"1",4,12000
"3318568",61,"1",2,35000
"3318568",57,"2",4,0
"3319120",49,"2",2,7000
"3319427",89,"2",4,148600
"3320402",58,"1",4,69000
"3321612",45,"1",4,40000
"3321612",43,"1",4,6000
"3321612",12,"0",0,NA
"3321612",9,"0",0,NA
"3322118",61,"1",2,50000
"3322118",63,"1",4,12200
"3322118",36,"1",4,17600
"3322988",42,"1",4,31400
"3322988",39,"1",4,21200
"3322988",16,"1",0,600
"3322988",14,"0",0,NA
"3322988",10,"0",0,NA
"3323685",81,"2",4,22100
"3324785",55,"2",4,5400
"3324785",54,"2",4,3200
"3324785",3,"0",0,NA
"3324785",0,"0",0,NA
"3326504",28,"1",4,26000
"3326504",29,"1",4,11500
"3326633",41,"1",4,7900
"3326633",41,"2",4,0
"3326633",11,"0",0,NA
"3326843",19,"1",4,1000
"3326943",35,"1",4,92000
"3326943",31,"1",4,42500
"3326943",57,"2",4,10500
"3327812",75,"1",4,17040
"3327812",71,"2",4,10800
"3328715",46,"1",2,65000
"3328715",41,"2",4,0
"3328715",17,"2",4,0
"3329052",76,"1",4,12300
"3329052",53,"1",2,32000
"3329052",51,"2",2,0
"3329078",39,"1",4,26000
"3329078",36,"1",4,21000
"3329078",4,"0",0,NA
"3329078",2,"0",0,NA
"3329632",19,"1",4,9000
"3330925",33,"1",4,50000
"3330925",42,"1",4,38650
"3331649",63,"2",4,10300
"3332570",33,"1",2,25800
"3332570",13,"0",0,NA
"3332570",31,"1",4,23400
"3332862",54,"1",2,46000
"3332862",51,"1",4,38000
"3334207",55,"1",4,21000
"3334207",53,"2",4,0
"3334207",18,"2",4,0
"3334207",10,"0",0,NA
"3334350",41,"1",4,90100
"3334350",40,"1",4,2800
"3334350",9,"0",0,NA
"3334350",7,"0",0,NA
"3336512",20,"2",4,0
"3337883",52,"1",2,70000
"3337883",43,"1",4,25000
"3339120",61,"1",4,16600
"3339120",41,"1",4,16500
"3339680",55,"1",4,63800
"3339680",54,"1",4,11870
"3339680",18,"1",4,1830
"3340194",23,"1",4,24000
"3340194",21,"1",4,21000
"3340194",21,"1",4,21000
"3340194",20,"1",4,25000
"3340194",19,"1",4,16600
"3340194",19,"1",4,13000
"3341595",45,"1",4,25300
"3342406",44,"1",4,77600
"3342406",43,"2",4,300
"3342406",13,"0",0,NA
"3342406",6,"0",0,NA
"3342925",66,"2",2,23000
"3342925",65,"2",4,8000
"3344757",37,"1",2,36000
"3344980",39,"1",4,24000
"3344980",36,"1",4,10810
"3347010",37,"1",2,37000
"3347010",37,"1",4,52000
"3347010",22,"1",4,900
"3347010",0,"0",0,NA
"3347281",73,"2",2,20400
"3347281",81,"2",4,4900
"3347396",45,"1",4,33000
"3347396",45,"1",4,14500
"3347396",16,"2",0,0
"3347530",64,"1",2,27390
"3347530",62,"1",4,24000
"3347709",62,"1",4,27200
"3348455",49,"1",4,26500
"3348455",48,"2",4,0
"3349557",42,"1",4,225000
"3349557",38,"1",4,0
"3349733",66,"2",4,52000
"3349894",54,"1",3,37200
"3349894",52,"1",4,29800
"3350317",45,"1",2,59480
"3350317",43,"1",4,9100
"3350317",22,"1",4,15000
"3350317",5,"0",0,NA
"3350317",3,"0",0,NA
"3351802",50,"1",4,43000
"3351802",49,"2",4,0
"3352311",51,"2",4,6800
"3352311",46,"1",4,12704
"3352674",37,"2",4,7600
"3352674",45,"2",4,6500
"3352674",12,"0",0,NA
"3352674",10,"0",0,NA
"3352674",7,"0",0,NA
"3353558",55,"1",4,16400
"3353558",60,"1",4,17000
"3353663",38,"1",4,350
"3353663",41,"1",4,20000
"3353663",20,"1",4,10000
"3353663",18,"1",4,1000
"3355321",45,"2",4,64000
"3355321",41,"1",4,37600
"3355321",12,"0",0,NA
"3355321",9,"0",0,NA
"3357228",59,"1",4,30500
"3357228",61,"2",4,27000
"3357394",37,"1",4,65000
"3357394",37,"1",4,430
"3357394",0,"0",0,NA
"3357394",2,"0",0,NA
"3357394",2,"0",0,NA
"3358840",65,"2",4,12400
"3358912",19,"1",4,2100
"3359402",32,"1",4,6500
"3359402",42,"1",4,21700
"3359402",2,"0",0,NA
"3359564",54,"1",3,62000
"3359564",54,"1",4,13000
"3359564",27,"1",4,15000
"3359839",37,"1",4,22800
"3359839",31,"1",4,15500
"3359839",13,"0",0,NA
"3359839",10,"0",0,NA
"3360065",81,"2",4,15100
"3360065",78,"2",4,15500
"3360336",20,"1",4,8000
"3362267",45,"2",4,7100
"3362267",23,"2",4,0
"3362267",19,"1",4,3700
"3362267",15,"0",0,0
"3362267",49,"2",4,0
"3365959",62,"2",2,19000
"3366350",37,"1",4,50000
"3366350",36,"1",4,22010
"3366350",13,"0",0,NA
"3366350",11,"0",0,NA
"3366474",40,"1",4,33100
"3366474",39,"2",4,100
"3366474",9,"0",0,NA
"3366474",7,"0",0,NA
"3369203",49,"1",2,20000
"3369203",48,"1",4,35600
"3370630",69,"2",4,16560
"3370769",55,"2",4,20000
"3370769",63,"2",4,12000
"3370769",35,"1",4,17500
"3370769",11,"0",0,NA
"3370769",10,"0",0,NA
"3370769",7,"0",0,NA
"3373361",61,"1",4,28800
"3373361",56,"1",4,24000
"3373481",51,"1",2,100500
"3374585",49,"1",4,40000
"3374604",54,"1",4,16600
"3374899",45,"1",4,315000
"3374899",44,"1",4,20800
"3374899",21,"2",4,0
"3374899",16,"2",0,0
"3374899",13,"0",0,NA
"3374939",32,"1",4,30000
"3375438",68,"2",4,128790
"3375438",72,"1",4,10000
"3375678",44,"1",4,13000
"3375678",46,"1",3,25000
"3378364",67,"1",4,55000
"3378790",41,"1",4,36420
"3378790",42,"1",4,10020
"3378790",15,"0",0,830
"3378790",12,"0",0,NA
"3378790",12,"0",0,NA
"3379017",40,"1",4,28530
"3379017",39,"1",4,28050
"3379864",54,"1",4,38000
"3379864",65,"2",4,6600
"3381519",80,"2",4,27300
"3381519",74,"2",4,8400
"3381840",39,"1",4,320000
"3381840",35,"1",4,130000
"3382208",49,"1",2,30000
"3382208",50,"1",4,45000
"3382208",11,"0",0,NA
"3383306",55,"1",2,63000
"3383306",49,"1",4,319000
"3383681",39,"1",4,19500
"3383697",19,"1",4,10000
"3383781",57,"1",4,54600
"3383781",59,"2",4,4800
"3383781",35,"1",4,45000
"3383860",39,"1",4,16000
"3383860",39,"1",4,45000
"3384501",36,"1",4,30000
"3384501",47,"1",2,23900
"3384501",37,"1",4,35000
"3386198",31,"1",4,7500
"3386198",32,"1",2,33800
"3386198",11,"0",0,NA
"3386198",9,"0",0,NA
"3387487",17,"2",4,0
"3387578",79,"2",2,9050
"3387578",76,"2",4,3480
"3388923",31,"1",4,40000
"3388923",33,"1",4,5200
"3388923",12,"0",0,NA
"3388923",3,"0",0,NA
"3389220",52,"1",4,10700
"3390167",64,"2",4,9940
"3390167",64,"1",4,22100
"3391378",44,"2",4,6100
"3391683",32,"1",4,50000
"3391683",36,"1",4,25000
"3391683",0,"0",0,NA
"3392237",38,"1",4,14600
"3392237",14,"0",0,NA
"3392237",11,"0",0,NA
"3392237",6,"0",0,NA
"3392706",51,"1",2,32800
"3392706",53,"1",4,8310
"3392877",57,"1",4,24500
"3393021",42,"1",4,39500
"3393021",44,"1",4,90000
"3393475",27,"1",4,27000
"3393475",8,"0",0,NA
"3393475",39,"1",4,35000
"3396124",33,"1",4,29700
"3396124",11,"0",0,NA
"3396124",8,"0",0,NA
"3397555",33,"1",4,7200
"3397555",38,"1",2,39500
"3397555",3,"0",0,NA
"3397555",17,"2",4,0
"3398784",79,"2",2,10700
"3399228",30,"1",4,37500
"3399228",33,"1",4,29000
"3404314",47,"1",4,65000
"3404314",47,"1",4,17100
"3404883",24,"1",4,24000
"3404883",23,"1",4,24000
"3404883",25,"1",4,43000
"3407468",50,"1",4,38000
"3407468",47,"1",4,36000
"3407998",48,"1",4,23500
"3408038",47,"1",4,53000
"3408038",53,"1",4,9500
"3408334",59,"2",2,30500
"3408334",43,"1",4,14500
"3408753",52,"1",4,32400
"3408753",48,"1",4,23500
"3408753",17,"1",4,2630
"3408753",14,"0",0,NA
"3409384",73,"2",4,6650
"3409660",46,"1",4,12000
"3409660",51,"2",2,26300
"3409660",16,"1",0,1300
"3409660",15,"0",0,0
"3409772",78,"1",4,17600
"3409772",85,"1",2,50700
"3409772",54,"2",4,4200
"3410281",21,"1",4,3000
"3410281",22,"1",4,3600
"3410281",21,"1",4,3000
"3410281",21,"1",4,18000
"3410281",24,"1",4,20100
"3411147",76,"2",4,15850
"3411719",46,"1",2,60700
"3411719",50,"2",4,0
"3411719",17,"1",4,6000
"3411719",13,"0",0,NA
"3412962",51,"2",2,37400
"3412962",48,"2",4,0
"3414447",55,"1",2,19200
"3414447",43,"1",4,62130
"3414455",28,"1",4,35020
"3414455",29,"1",4,20000
"3414538",55,"1",4,100
"3415887",45,"1",4,25000
"3415887",12,"0",0,NA
"3416158",79,"2",2,23700
"3416394",67,"2",4,15100
"3416792",74,"2",2,15000
"3416792",72,"2",4,6600
"3416808",43,"1",4,32300
"3416808",36,"1",4,14000
"3416808",10,"0",0,NA
"3417140",70,"2",4,15900
"3419012",76,"1",4,23500
"3419775",42,"1",4,30000
"3419775",45,"1",4,7750
"3419775",2,"0",0,NA
"3419775",1,"0",0,NA
"3422759",76,"2",4,0
"3423594",46,"1",4,10000
"3423594",47,"1",4,35000
"3423594",18,"2",4,0
"3424478",44,"1",4,10000
"3424478",48,"1",4,10010
"3424998",52,"1",4,32290
"3424998",50,"1",4,30100
"3425209",58,"1",2,47220
"3425209",51,"1",4,300
"3425818",77,"2",4,10370
"3427202",32,"1",4,8800
"3427202",31,"1",4,31200
"3427202",12,"0",0,NA
"3427202",7,"0",0,NA
"3427674",19,"1",4,3000
"3428498",47,"1",4,31000
"3428498",48,"1",4,38000
"3428808",85,"2",4,7400
"3429561",43,"1",2,43000
"3429561",46,"1",4,18000
"3429561",12,"0",0,NA
"3429615",42,"1",4,52020
"3429615",46,"1",4,10000
"3429615",11,"0",0,NA
"3429615",9,"0",0,NA
"3429834",42,"1",4,35000
"3429834",11,"0",0,NA
"3429834",11,"0",0,NA
"3429834",19,"1",4,2700
"3429834",40,"1",4,26000
"3430146",93,"2",4,32800
"3430314",44,"1",4,13650
"3430314",46,"1",4,41000
"3430314",16,"1",0,1020
"3430314",14,"0",0,NA
"3430314",11,"0",0,NA
"3430314",10,"0",0,NA
"3430962",62,"2",4,16000
"3430962",20,"1",3,12320
"3432830",75,"2",4,39300
"3432920",30,"1",3,13700
"3432920",35,"2",4,0
"3432920",8,"0",0,NA
"3432920",4,"0",0,NA
"3432920",2,"0",0,NA
"3434290",60,"2",3,20000
"3434290",55,"2",4,0
"3434548",71,"2",2,41200
"3435572",63,"1",4,27200
"3435572",57,"1",4,5500
"3436628",36,"1",4,35000
"3436628",36,"1",4,18000
"3436628",12,"0",0,NA
"3436628",8,"0",0,NA
"3436865",39,"1",4,28400
"3436865",16,"1",0,5200
"3436865",14,"0",0,NA
"3436865",11,"0",0,NA
"3438488",57,"1",4,52000
"3438693",56,"1",4,21000
"3440450",32,"1",4,20000
"3440450",33,"1",4,10000
"3440450",13,"0",0,NA
"3440450",10,"0",0,NA
"3440765",53,"1",4,34400
"3440765",16,"1",0,250
"3440765",13,"0",0,NA
"3440765",50,"1",4,36110
"3441007",32,"1",4,15000
"3441007",39,"1",4,15300
"3441007",12,"0",0,NA
"3441007",11,"0",0,NA
"3442851",61,"1",4,30800
"3442851",40,"1",4,31000
"3442851",39,"1",4,14300
"3443797",19,"1",4,1000
"3444644",78,"2",4,17400
"3445016",31,"1",4,30000
"3445016",31,"1",4,23000
"3445016",11,"0",0,NA
"3445016",7,"0",0,NA
"3445383",58,"1",2,26220
"3445383",56,"1",4,19800
"3445532",77,"2",2,9000
"3445532",70,"2",4,3700
"3447204",63,"2",4,37000
"3447711",58,"1",4,35000
"3447711",52,"1",4,54000
"3447819",62,"2",4,0
"3448880",63,"1",2,42000
"3448880",49,"1",4,39600
"3449126",84,"2",4,18600
"3449476",74,"2",4,8500
"3449977",71,"1",4,133800
"3449977",72,"2",4,10560
"3450237",45,"1",4,39000
"3450237",39,"1",4,6000
"3450237",15,"0",0,600
"3450237",14,"0",0,NA
"3450237",18,"1",4,600
"3451508",31,"1",3,36000
"3451508",26,"1",4,29500
"3454597",37,"1",4,28000
"3454597",29,"1",4,10000
"3454597",9,"0",0,NA
"3454597",6,"0",0,NA
"3454607",68,"1",2,31300
"3454607",47,"2",4,0
"3455124",61,"1",4,19600
"3455124",54,"2",4,0
"3457278",18,"1",4,7100
"3457463",19,"1",4,3000
"3459697",59,"1",2,83100
"3459697",59,"1",4,44200
"3460770",33,"1",4,47640
"3460770",30,"1",4,30000
"3460770",0,"0",0,NA
"3460997",53,"1",2,27100
"3461045",69,"1",2,24700
"3461045",59,"1",4,19400
"3461045",41,"1",4,6000
"3461045",38,"1",4,23000
"3461245",29,"1",4,27500
"3461245",30,"2",4,0
"3461245",4,"0",0,NA
"3461245",3,"0",0,NA
"3461977",52,"1",4,38900
"3462064",34,"1",4,2600
"3462724",41,"1",4,38000
"3462724",0,"0",0,NA
"3462724",26,"1",4,20000
"3462973",70,"2",4,18000
"3463778",40,"1",4,40000
"3463778",40,"1",4,10900
"3463778",18,"1",4,3000
"3463778",15,"0",0,0
"3465282",78,"2",2,30400
"3465360",31,"1",4,60410
"3465360",31,"1",4,58800
"3466945",49,"1",4,16080
"3466998",28,"1",4,34000
"3466998",9,"0",0,NA
"3466998",35,"1",4,58400
"3467442",74,"2",4,19660
"3468340",28,"1",4,16000
"3470705",76,"1",4,11700
"3472924",18,"1",4,280
"3474358",58,"1",4,14780
"3474358",49,"1",4,-320
"3474409",45,"2",4,105000
"3474409",50,"1",4,13600
"3475279",22,"1",4,3500
"3475279",22,"1",4,3500
"3476568",41,"1",4,33100
"3476568",31,"1",4,26500
"3476568",18,"1",4,4000
"3477102",51,"1",2,37000
"3477102",45,"1",4,15000
"3477102",52,"1",3,34000
"3478010",21,"1",3,3000
"3478638",41,"1",4,43960
"3479023",29,"1",4,26500
"3479023",28,"1",4,48100
"3479023",29,"1",4,27000
"3479023",23,"1",4,23000
"3479870",36,"1",2,26000
"3479870",8,"0",0,NA
"3480449",37,"1",4,15000
"3481092",46,"1",4,22000
"3481092",40,"1",4,20000
"3481092",13,"0",0,NA
"3481105",77,"2",4,10600
"3481105",79,"2",4,3900
"3481105",40,"1",4,21000
"3481105",35,"1",4,4000
"3481105",4,"0",0,NA
"3482000",65,"1",4,34600
"3482000",64,"2",4,4800
"3489605",62,"2",2,0
"3489605",62,"2",4,0
"3489652",40,"1",4,27900
"3489652",12,"0",0,NA
"3490423",32,"1",4,26500
"3490423",35,"1",4,10560
"3490423",11,"0",0,NA
"3491667",44,"1",3,40220
"3491708",48,"1",4,20000
"3491708",54,"1",4,20000
"3492025",48,"1",4,63200
"3492025",48,"1",4,8200
"3492025",11,"0",0,NA
"3492025",6,"0",0,NA
"3492160",48,"2",4,3500
"3492629",77,"2",4,16900
"3492911",24,"2",4,0
"3492911",29,"1",4,25620
"3492911",2,"0",0,NA
"3492911",0,"0",0,NA
"3493529",52,"2",2,9000
"3493529",49,"2",4,0
"3494688",42,"2",4,0
"3494844",34,"1",4,9450
"3495704",52,"1",4,24900
"3496066",35,"1",4,33500
"3496066",33,"1",4,28100
"3496066",6,"0",0,NA
"3496113",46,"1",4,30000
"3496113",37,"1",4,37000
"3496113",7,"0",0,NA
"3496113",3,"0",0,NA
"3496113",0,"0",0,NA
"3496694",19,"1",4,2000
"3497003",30,"1",4,82000
"3497003",34,"1",4,17200
"3497003",6,"0",0,NA
"3499780",48,"1",4,44000
"3499780",48,"1",4,36900
"3500407",60,"1",3,1e+05
"3500407",59,"1",4,2500
"3500455",55,"1",2,73000
"3500455",55,"1",4,28000
"3500458",36,"1",4,6400
"3500458",14,"0",0,NA
"3500458",41,"1",4,17000
"3501185",52,"1",4,31500
"3501185",29,"1",4,19800
"3501185",1,"0",0,NA
"3501185",22,"1",4,5000
"3502573",46,"1",4,16000
"3502573",43,"1",4,16000
"3502573",17,"1",4,7100
"3504513",65,"1",4,39900
"3504513",64,"2",4,6100
"3504645",63,"1",4,13590
"3504805",43,"1",4,30000
"3504805",46,"2",4,0
"3504805",18,"2",4,0
"3504805",16,"2",0,0
"3504805",12,"0",0,NA
"3505058",65,"1",2,11100
"3505058",59,"1",4,9000
"3505058",32,"1",4,15500
"3505306",40,"1",2,55000
"3505306",27,"1",4,4210
"3505400",82,"2",2,12800
"3505400",78,"2",4,10500
"3505511",72,"2",4,26000
"3506752",39,"1",4,30000
"3507168",74,"2",2,133100
"3507168",83,"2",4,9700
"3507168",42,"1",4,8600
"3507317",29,"1",4,19800
"3507317",8,"0",0,NA
"3507482",21,"1",4,2500
"3507482",21,"1",4,2500
"3508003",66,"1",4,40000
"3508586",72,"2",2,131000
"3508586",71,"2",4,6000
"3509391",35,"1",4,20500
"3509391",36,"1",4,18000
"3510011",50,"2",4,7000
"3510369",38,"1",4,16550
"3510369",15,"0",0,0
"3510369",35,"1",4,26000
"3510751",48,"1",2,31200
"3510751",27,"1",4,8800
"3510751",2,"0",0,NA
"3510751",0,"0",0,NA
"3510977",32,"1",4,13500
"3510977",12,"0",0,NA
"3510977",4,"0",0,NA
"3510977",4,"0",0,NA
"3510977",2,"0",0,NA
"3511066",67,"2",4,39800
"3511066",35,"1",4,25000
"3511066",36,"1",4,22350
"3511104",32,"2",4,850
"3511104",14,"0",0,NA
"3511104",12,"0",0,NA
"3511309",43,"1",3,40000
"3511309",39,"1",3,35000
"3511309",14,"0",0,NA
"3511309",12,"0",0,NA
"3512496",47,"2",4,10000
"3512496",17,"2",4,0
"3512496",15,"0",0,0
"3513192",46,"1",4,55960
"3513192",45,"1",4,18100
"3513192",22,"1",4,10060
"3513403",65,"2",4,30030
"3513403",76,"2",4,3590
"3514547",71,"2",2,25100
"3514547",67,"2",4,13300
"3514860",33,"1",4,24500
"3515019",59,"1",4,11000
"3515019",27,"1",4,15000
"3515171",52,"1",4,5950
"3515171",58,"1",2,43900
"3516209",19,"1",4,5300
"3517306",47,"1",4,37000
"3517677",38,"1",2,36000
"3517677",17,"1",4,5000
"3517898",50,"1",4,50700
"3517898",40,"1",4,30800
"3517898",12,"0",0,NA
"3518903",49,"1",4,9050
"3519731",46,"1",4,23000
"3520334",54,"1",4,16400
"3521061",93,"2",4,2000
"3521359",68,"2",2,18000
"3521359",71,"2",4,5000
"3522518",70,"1",4,70000
"3522518",71,"1",4,9600
"3522828",55,"1",2,45000
"3522828",54,"1",4,35000
"3522828",15,"0",0,0
"3523313",77,"2",4,15100
"3524149",26,"1",4,22000
"3524149",4,"0",0,NA
"3524149",30,"1",4,15100
"3525386",68,"2",4,8900
"3525386",58,"1",4,31000
"3525386",56,"1",4,25500
"3525646",78,"1",4,32700
"3525646",53,"2",2,0
"3525714",41,"1",2,32000
"3525714",35,"1",4,18000
"3525714",7,"0",0,NA
"3527891",57,"1",4,15540
"3528381",88,"2",4,7030
"3528957",32,"1",4,29000
"3528957",32,"1",4,20400
"3528957",7,"0",0,NA
"3528957",2,"0",0,NA
"3529041",44,"1",4,55000
"3529041",47,"1",4,42000
"3529041",10,"0",0,NA
"3529041",9,"0",0,NA
"3529115",42,"1",2,71200
"3529115",36,"1",4,45000
"3529115",17,"2",4,0
"3529115",15,"0",0,0
"3529423",42,"2",4,1400
"3529529",80,"2",4,15200
"3530902",62,"1",4,67500
"3530902",63,"2",4,4100
"3531437",39,"1",4,30600
"3531437",36,"1",4,19000
"3531437",4,"0",0,NA
"3531437",1,"0",0,NA
"3535282",41,"1",4,43000
"3535282",30,"1",4,10000
"3535582",35,"2",4,0
"3535582",35,"1",4,22000
"3535582",7,"0",0,NA
"3535582",2,"0",0,NA
"3536389",70,"1",2,12700
"3536389",52,"1",4,5000
"3536488",48,"1",4,46620
"3536488",46,"1",4,26360
"3536488",10,"0",0,NA
"3536488",7,"0",0,NA
"3537584",42,"1",4,33100
"3537584",39,"1",4,42400
"3537584",15,"0",0,0
"3539196",30,"1",4,32100
"3539196",28,"1",4,27100
"3539312",39,"1",2,48000
"3539830",63,"1",2,89000
"3539830",64,"1",4,87000
"3541367",22,"1",4,20000
"3541800",56,"1",2,95000
"3542499",43,"1",4,16000
"3542499",46,"2",4,6600
"3542499",23,"1",4,17000
"3542499",21,"1",4,15500
"3544599",39,"1",4,80900
"3545307",35,"1",4,33500
"3545850",47,"1",4,11000
"3545850",22,"1",4,21000
"3545850",46,"1",4,8500
"3546140",89,"2",4,20300
"3546910",52,"1",4,19200
"3547018",25,"1",4,23000
"3547018",26,"1",4,45000
"3547065",52,"1",2,28000
"3547065",48,"1",4,50500
"3547065",19,"1",4,4100
"3547065",18,"1",4,10000
"3548289",52,"1",4,67900
"3548289",48,"1",4,15100
"3548429",39,"1",4,20000
"3548429",35,"1",4,17900
"3548429",9,"0",0,NA
"3549527",72,"1",4,22000
"3549527",77,"2",4,7700
"3549698",53,"1",2,24300
"3549698",43,"1",4,25400
"3549698",69,"2",4,21600
"3550086",55,"1",4,34000
"3550086",52,"1",2,23670
"3550197",19,"1",4,2200
"3550290",54,"1",4,32700
"3550290",54,"1",4,36300
"3550290",20,"1",4,15000
"3550290",62,"1",4,46000
"3550845",44,"1",4,50000
"3551202",65,"1",2,31400
"3551202",47,"1",4,4000
"3551202",17,"1",4,105630
"3553009",51,"1",2,45100
"3553009",44,"1",4,46200
"3553009",19,"1",4,11800
"3553009",18,"1",4,3020
"3553009",13,"0",0,NA
"3553470",37,"1",4,15000
"3553470",34,"1",4,18000
"3553470",10,"0",0,NA
"3553470",7,"0",0,NA
"3553692",50,"1",4,20000
"3553692",49,"1",3,20000
"3553692",21,"2",4,0
"3554668",56,"1",4,30300
"3554668",47,"1",3,20200
"3555527",42,"1",4,25000
"3556210",37,"1",4,5700
"3556735",69,"1",4,21000
"3556967",45,"1",4,46800
"3556967",50,"1",4,10100
"3556967",16,"2",0,0
"3556967",83,"2",4,7100
"3556967",40,"1",4,34300
"3558162",45,"1",2,40000
"3558162",45,"2",4,0
"3558162",25,"2",4,5000
"3558162",3,"0",0,NA
"3558776",66,"1",4,24800
"3561392",32,"1",4,25500
"3561392",31,"1",4,45000
"3561392",6,"0",0,NA
"3561392",3,"0",0,NA
"3562914",39,"1",4,18000
"3564117",31,"1",4,16000
"3564117",13,"0",0,NA
"3564117",11,"0",0,NA
"3564117",7,"0",0,NA
"3564245",57,"1",4,32000
"3564245",35,"1",2,17000
"3564834",49,"1",4,3660
"3564834",46,"2",4,0
"3565432",26,"1",4,60200
"3565432",6,"0",0,NA
"3565432",22,"1",4,15000
"3565579",42,"1",4,32000
"3565579",32,"1",4,30000
"3565579",16,"1",0,500
"3565851",18,"1",4,1400
"3568565",68,"1",2,57300
"3568565",62,"1",4,32500
"3569787",19,"1",4,5000
"3570466",30,"1",4,10900
"3570466",9,"0",0,NA
"3570466",48,"1",4,7600
"3571625",31,"1",4,62000
"3571625",31,"1",4,25000
"3571625",2,"0",0,NA
"3571625",17,"2",4,0
"3571814",44,"1",4,39500
"3571814",37,"1",4,11880
"3572236",45,"1",4,128900
"3572236",15,"0",0,1900
"3572585",58,"1",2,38400
"3572585",53,"1",4,70000
"3573038",58,"1",4,51500
"3573038",53,"1",4,39200
"3573364",40,"1",4,20000
"3573364",37,"1",4,6400
"3573364",14,"0",0,NA
"3573364",7,"0",0,NA
"3575685",36,"1",4,45600
"3575685",17,"1",4,4500
"3575685",14,"0",0,NA
"3575685",13,"0",0,NA
"3575685",9,"0",0,NA
"3576091",48,"1",4,22300
"3576417",81,"1",2,35940
"3576417",67,"1",4,27700
"3576475",23,"1",4,37170
"3578503",60,"1",2,33700
"3578503",61,"2",4,0
"3579965",19,"1",4,4000
"3581562",20,"1",4,800
"3582234",23,"1",4,6000
"3584759",82,"2",2,9700
"3584759",67,"2",4,4300
"3585483",46,"1",4,16000
"3585483",8,"0",0,NA
"3585483",2,"0",0,NA
"3585483",32,"1",2,24000
"3585483",16,"1",0,1800
"3589444",67,"2",2,153200
"3589444",60,"2",4,0
"3590600",42,"1",4,23800
"3590600",15,"0",0,7200
"3590600",10,"0",0,NA
"3591676",18,"1",4,6000
"3591869",32,"1",4,165000
"3591869",32,"2",4,0
"3591869",6,"0",0,NA
"3591869",2,"0",0,NA
"3591910",71,"2",2,17500
"3591910",68,"2",4,15400
"3592190",25,"1",4,11000
"3592190",28,"1",4,11000
"3592622",62,"1",2,21000
"3592622",59,"2",4,0
"3592792",35,"1",4,71000
"3595185",40,"1",4,29600
"3595185",12,"0",0,NA
"3595229",65,"1",4,117200
"3595229",56,"1",4,6800
"3595322",79,"2",2,9300
"3595322",70,"1",4,10400
"3595893",75,"2",2,134000
"3595893",51,"1",4,40500
"3598410",23,"1",4,2000
"3598741",31,"1",4,23000
"3598741",32,"1",4,25000
"3598927",30,"1",4,46000
"3599288",89,"2",3,15000
"3599525",43,"1",4,11900
"3599525",14,"0",0,NA
"3599525",10,"0",0,NA
"3600216",45,"1",4,71030
"3600216",50,"1",4,39300
"3600547",31,"1",4,26200
"3600547",32,"1",2,-5000
"3601269",68,"1",2,10100
"3601269",77,"2",4,6100
"3601527",65,"1",2,28900
"3601527",57,"1",4,26000
"3601527",17,"1",4,600
"3602059",20,"1",4,370
"3603465",58,"1",4,40000
"3603465",59,"1",3,40000
"3603863",93,"2",2,30000
"3603863",86,"1",4,11660
"3605395",35,"1",4,28404
"3605395",29,"1",4,20000
"3605395",11,"0",0,NA
"3605395",8,"0",0,NA
"3606423",21,"1",4,6000
"3606423",20,"1",4,4600
"3607659",37,"1",2,32200
"3607659",36,"1",4,16000
"3607884",20,"1",4,9500
"3607884",21,"1",4,10800
"3608029",65,"1",4,32340
"3608029",61,"2",4,16900
"3608733",43,"1",4,19000
"3608733",32,"1",4,10000
"3608733",7,"0",0,NA
"3608733",4,"0",0,NA
"3608733",2,"0",0,NA
"3608733",1,"0",0,NA
"3609647",53,"1",4,8000
"3609806",70,"1",4,12100
"3609806",52,"1",4,27850
"3609869",51,"2",2,11000
"3609869",44,"2",4,0
"3609869",12,"0",0,NA
"3609935",33,"1",2,28000
"3609935",10,"0",0,NA
"3611250",22,"1",4,36500
"3611250",19,"1",4,3800
"3611851",18,"1",4,10000
"3612043",28,"1",4,23000
"3612043",7,"0",0,NA
"3612043",2,"0",0,NA
"3612124",27,"1",4,49000
"3612124",26,"1",4,47000
"3612377",53,"1",4,32000
"3613484",79,"2",4,4400
"3614445",52,"1",4,31000
"3614445",52,"1",2,35200
"3614445",13,"0",0,NA
"3614766",76,"2",4,7000
"3614766",50,"2",4,7000
"3614784",61,"1",4,14600
"3614784",58,"1",4,25420
"3615451",54,"2",4,7900
"3615451",17,"2",4,2100
"3615451",14,"0",0,NA
"3615451",53,"1",4,110
"3617302",40,"1",4,37750
"3617302",12,"0",0,NA
"3617912",43,"1",4,18000
"3617912",15,"0",0,0
"3619084",18,"1",4,2500
"3620094",47,"1",4,32000
"3621161",50,"1",4,10000
"3622892",39,"1",4,29000
"3622897",43,"2",4,7000
"3623697",45,"1",4,10950
"3623697",41,"1",4,32000
"3623697",14,"0",0,NA
"3623697",13,"0",0,NA
"3623697",10,"0",0,NA
"3627087",34,"1",4,10100
"3627087",7,"0",0,NA
"3627902",42,"1",4,12000
"3627902",43,"1",4,8000
"3627902",14,"0",0,NA
"3627902",11,"0",0,NA
"3628009",27,"1",4,22000
"3628009",21,"2",4,0
"3628009",3,"0",0,NA
"3628009",1,"0",0,NA
"3628009",0,"0",0,NA
"3628800",73,"2",2,9300
"3628800",70,"2",4,4200
"3628827",76,"2",4,23700
"3628934",59,"1",4,33000
"3628934",57,"1",4,1400
"3629710",57,"1",4,43000
"3629710",66,"1",2,76000
"3630107",51,"1",4,92200
"3630107",50,"1",4,64000
"3630107",26,"1",4,11000
"3630228",63,"1",4,59000
"3630228",55,"1",4,26000
"3631141",47,"1",4,11510
"3637643",40,"1",4,36600
"3639153",33,"1",4,30600
"3639153",8,"0",0,NA
"3640197",37,"1",4,24000
"3640197",33,"1",2,18600
"3640197",3,"0",0,NA
"3643002",35,"1",4,38000
"3643002",36,"1",4,14000
"3643002",15,"0",0,0
"3643002",13,"0",0,NA
"3645233",63,"1",2,56400
"3645233",60,"1",4,42500
"3645593",48,"1",4,64000
"3645593",10,"0",0,NA
"3645593",49,"1",3,10000
"3645593",33,"1",4,14200
"3646222",70,"1",4,14000
"3646911",25,"1",4,13500
"3646911",24,"1",4,26000
"3646977",22,"1",4,3500
"3647019",43,"1",2,51200
"3647657",33,"1",4,48000
"3647777",24,"1",4,18000
"3647904",33,"1",2,30700
"3647904",24,"1",4,10600
"3647967",28,"1",4,12700
"3647967",27,"1",4,10000
"3647967",1,"0",0,NA
"3648224",80,"2",4,3700
"3648280",45,"1",4,39000
"3648280",45,"1",4,6600
"3648280",17,"1",4,1990
"3648280",16,"2",0,0
"3648280",13,"0",0,NA
"3649624",27,"1",4,20600
"3649624",19,"1",4,3600
"3649624",51,"1",3,50000
"3649624",50,"1",4,25400
"3649624",25,"1",4,7200
"3651081",40,"1",4,31500
"3651081",41,"1",4,65000
"3651081",10,"0",0,NA
"3651081",9,"0",0,NA
"3651081",5,"0",0,NA
"3651905",49,"1",2,19000
"3651905",46,"1",4,22000
"3652462",62,"1",4,53400
"3654521",58,"1",2,18300
"3654521",57,"1",4,37000
"3655435",52,"2",4,33700
"3655435",45,"1",4,16030
"3655456",49,"1",4,16200
"3655456",48,"1",4,14000
"3655475",52,"2",2,30800
"3656893",36,"1",4,28000
"3659678",60,"1",4,17800
"3659678",50,"1",4,25000
"3659680",58,"1",4,20250
"3659680",59,"1",4,22000
"3660191",66,"2",2,13100
"3660191",59,"1",4,36400
"3660191",37,"1",4,12000
"3660685",40,"2",4,6600
"3660685",33,"2",2,3100
"3662230",19,"1",4,2400
"3662526",77,"2",4,33800
"3662898",24,"1",4,2000
"3662975",77,"2",2,9200
"3662975",60,"1",4,57000
"3663298",55,"1",4,22000
"3663298",63,"1",2,29900
"3663744",38,"1",4,23000
"3663744",39,"1",4,24000
"3664522",51,"1",4,6600
"3664522",52,"1",4,3000
"3665048",39,"1",4,21000
"3665048",7,"0",0,NA
"3665048",30,"1",2,27000
"3665048",21,"1",4,16000
"3666387",36,"1",4,51500
"3666916",57,"1",4,6800
"3667423",19,"1",4,6400
"3668716",34,"1",4,82000
"3668716",30,"1",4,2500
"3669091",37,"1",4,21000
"3669091",7,"0",0,NA
"3669479",68,"2",2,41500
"3669479",65,"2",4,6310
"3669803",72,"1",4,21600
"3669803",70,"2",4,2710
"3671313",53,"1",4,42800
"3672348",62,"1",4,39000
"3672348",60,"1",4,40000
"3673011",51,"1",4,8400
"3673011",24,"2",4,0
"3674376",73,"2",2,49500
"3674702",72,"2",4,9100
"3675346",85,"2",4,7110
"3675607",29,"1",4,52000
"3675607",28,"1",4,19000
"3675607",7,"0",0,NA
"3675607",5,"0",0,NA
"3675607",0,"0",0,NA
"3676999",40,"1",4,40000
"3676999",9,"0",0,NA
"3676999",7,"0",0,NA
"3677015",24,"1",4,6000
"3677205",34,"1",4,-5960
"3677205",46,"1",2,-6000
"3677457",74,"1",4,25100
"3677457",39,"1",4,15000
"3677457",19,"1",4,2400
"3677614",61,"1",4,47300
"3677614",56,"1",3,26800
"3677614",38,"2",4,6200
"3677800",70,"1",2,17650
"3677800",60,"1",4,39130
"3679051",26,"1",4,10000
"3679757",55,"2",4,5000
"3679757",17,"1",4,4000
"3679757",16,"2",0,0
"3679757",14,"0",0,NA
"3679837",20,"1",4,36000
"3679853",30,"1",4,22000
"3679853",36,"1",2,52750
"3679853",6,"0",0,NA
"3682129",22,"1",4,35070
"3682721",70,"1",2,18000
"3682721",64,"1",4,4700
"3682948",55,"1",2,61500
"3682948",47,"1",4,20000
"3682948",17,"1",4,2000
"3683789",27,"1",4,23000
"3683789",6,"0",0,NA
"3683789",4,"0",0,NA
"3683789",1,"0",0,NA
"3683789",30,"2",4,0
"3684846",63,"1",4,21040
"3684846",62,"1",4,28000
"3685084",74,"2",4,15610
"3685084",70,"2",4,6000
"3686792",19,"1",4,6000
"3686792",24,"1",4,35000
"3686997",79,"2",2,11100
"3687144",41,"1",4,21000
"3687144",46,"2",4,12000
"3687144",45,"1",4,3460
"3687461",71,"2",2,40700
"3687461",64,"1",4,11800
"3688972",42,"1",4,55800
"3689555",35,"1",3,10000
"3689555",28,"1",4,10000
"3689555",4,"0",0,NA
"3689555",1,"0",0,NA
"3690006",50,"1",4,11000
"3690006",17,"2",4,0
"3690006",20,"1",4,6000
"3690006",27,"1",4,8000
"3690006",24,"1",2,12000
"3692466",55,"2",4,9000
"3692466",47,"1",4,14000
"3692882",48,"1",4,20000
"3692882",22,"1",4,5300
"3692882",19,"2",4,0
"3693855",47,"1",4,25800
"3693855",46,"2",4,0
"3693855",17,"1",4,6720
"3694786",88,"2",4,46700
"3695291",84,"2",4,9600
"3696295",42,"1",4,31050
"3696295",18,"2",4,0
"3696295",16,"2",0,0
"3696428",57,"1",4,53800
"3696428",56,"2",4,24600
"3697713",51,"1",3,40000
"3698782",35,"1",4,53000
"3698782",34,"1",4,7000
"3698782",9,"0",0,NA
"3698782",6,"0",0,NA
"3699034",52,"2",4,0
"3699034",56,"1",2,41000
"3699034",17,"1",4,4500
"3699972",29,"1",4,29900
"3699972",26,"1",4,33500
"3701086",72,"1",4,26400
"3701086",75,"2",4,4400
"3701413",40,"1",4,32000
"3702472",73,"2",2,12200
"3703674",54,"2",4,1880
"3703674",85,"2",4,4900
"3703852",20,"1",4,25000
"3704496",66,"2",4,25900
"3704496",67,"1",4,10800
"3705055",37,"2",2,7580
"3705095",55,"1",4,25000
"3705095",29,"2",4,7400
"3705253",38,"1",2,35000
"3705253",42,"1",4,15000
"3705253",16,"1",0,1100
"3705253",15,"0",0,4500
"3705253",13,"0",0,NA
"3706646",48,"1",2,33700
"3706646",17,"2",4,0
"3706646",17,"1",4,330
"3706973",22,"1",4,25000
"3706973",2,"0",0,NA
"3709229",60,"2",2,20000
"3709479",30,"1",4,39330
"3709479",31,"2",4,3850
"3709479",10,"0",0,NA
"3709479",8,"0",0,NA
"3709479",7,"0",0,NA
"3709479",6,"0",0,NA
"3709479",2,"0",0,NA
"3710444",31,"2",4,0
"3710444",36,"1",4,21500
"3710444",10,"0",0,NA
"3710444",4,"0",0,NA
"3710444",2,"0",0,NA
"3710444",0,"0",0,NA
"3710565",47,"2",4,6500
"3710583",54,"1",2,27500
"3710583",47,"1",4,22000
"3711068",57,"1",2,125000
"3711068",60,"1",4,43000
"3711480",21,"1",4,1300
"3713294",46,"1",4,12600
"3713294",33,"1",4,15000
"3713969",45,"1",4,54000
"3714349",66,"1",4,63400
"3714349",62,"2",4,10200
"3714349",93,"2",4,7500
"3714503",33,"1",4,18000
"3714503",32,"1",4,55000
"3714592",29,"1",4,25600
"3714592",41,"1",4,4200
"3715228",52,"1",2,61300
"3715228",52,"1",3,29000
"3716764",57,"1",4,24200
"3717072",19,"1",4,17000
"3717072",19,"1",4,12400
"3718299",40,"1",4,32800
"3718299",15,"0",0,1000
"3718299",9,"0",0,NA
"3718863",34,"1",2,37000
"3718863",32,"1",4,26000
"3718863",5,"0",0,NA
"3719832",51,"1",4,42000
"3719832",46,"1",4,37000
"3719832",15,"0",0,0
"3719832",10,"0",0,NA
"3720458",56,"1",2,43200
"3720458",56,"2",4,6100
"3722084",50,"1",4,74100
"3722084",48,"2",4,0
"3722118",47,"1",4,10000
"3722118",24,"2",4,0
"3722118",1,"0",0,NA
"3722499",53,"1",2,53900
"3722499",52,"1",4,29800
"3722499",20,"1",4,1600
"3722877",67,"2",4,45000
"3722877",64,"2",2,34860
"3723870",65,"2",4,7900
"3725123",50,"1",4,79000
"3725123",25,"1",4,14000
"3725123",30,"1",4,3000
"3725749",33,"1",4,39100
"3725865",68,"1",2,65000
"3725865",55,"1",4,25000
"3726283",81,"2",4,22100
"3726910",49,"1",4,105000
"3726910",48,"1",4,95000
"3726910",16,"2",0,0
"3728708",29,"1",4,26000
"3728708",9,"0",0,NA
"3728708",3,"0",0,NA
"3729409",18,"1",4,2500
"3729451",36,"1",4,6000
"3729451",36,"1",2,20400
"3729451",16,"2",0,0
"3729451",14,"0",0,NA
"3730007",83,"2",3,10800
"3730883",24,"2",4,0
"3730883",4,"0",0,NA
"3730883",0,"0",0,NA
"3730883",26,"1",4,25000
"3731374",28,"1",4,24000
"3731374",28,"1",4,24500
"3731374",1,"0",0,NA
"3731445",85,"2",2,1200
"3732043",60,"1",2,54000
"3732043",55,"2",4,0
"3732043",12,"0",0,NA
"3732043",9,"0",0,NA
"3732211",31,"1",4,30000
"3732211",30,"2",4,7200
"3732518",67,"1",4,28700
"3732518",35,"1",4,42700
"3732601",46,"1",2,41000
"3732601",42,"1",4,40000
"3732714",86,"2",4,19500
"3732823",52,"2",2,0
"3732823",49,"1",4,33000
"3732823",21,"1",4,6500
"3732823",18,"1",4,1800
"3732825",53,"1",4,21600
"3732825",21,"1",4,8800
"3732825",50,"1",4,29800
"3733230",85,"2",4,16900
"3733486",59,"1",2,60000
"3733486",52,"1",4,48300
"3733821",45,"1",1,37040
"3733821",43,"1",4,31000
"3733821",16,"1",0,680
"3733821",12,"0",0,NA
"3733821",10,"0",0,NA
"3737593",31,"1",4,50000
"3737593",32,"2",4,0
"3737593",5,"0",0,NA
"3737593",2,"0",0,NA
"3737914",31,"1",4,27100
"3737914",38,"1",4,22800
"3738208",43,"1",4,46000
"3738208",27,"1",4,12000
"3738208",11,"0",0,NA
"3738208",6,"0",0,NA
"3738208",0,"0",0,NA
"3738359",33,"1",4,24740
"3738359",32,"1",4,18500
"3738359",4,"0",0,NA
"3738359",2,"0",0,NA
"3739089",79,"2",2,32000
"3739089",75,"2",4,1400
"3739742",83,"2",4,8000
"3741351",59,"1",2,13500
"3741351",54,"1",4,20000
"3745698",23,"1",4,15000
"3745698",42,"1",4,15300
"3746040",39,"1",4,13900
"3746040",12,"0",0,NA
"3746283",60,"1",4,12500
"3746283",45,"1",4,47700
"3746283",19,"1",4,8400
"3746283",17,"2",4,3800
"3746885",31,"1",4,19500
"3749081",82,"2",4,22500
"3749837",23,"1",4,12500
"3749940",38,"1",4,43000
"3750580",52,"1",2,77850
"3750580",46,"1",4,17000
"3750580",38,"2",4,10000
"3750806",37,"1",4,42000
"3750806",32,"1",4,27000
"3750806",10,"0",0,NA
"3750806",6,"0",0,NA
"3752228",23,"1",4,4000
"3752228",21,"1",4,3000
"3753249",74,"1",4,15400
"3753249",65,"1",4,21800
"3753300",41,"2",4,0
"3753810",63,"2",4,2700
"3753810",59,"1",4,23700
"3754585",40,"1",4,44500
"3754585",13,"0",0,NA
"3754585",13,"0",0,NA
"3754585",12,"0",0,NA
"3754650",24,"1",4,21000
"3754650",0,"0",0,NA
"3754650",19,"1",4,45500
"3754650",19,"1",4,6700
"3754650",23,"1",4,4000
"3756690",59,"1",4,20700
"3757985",77,"2",3,16350
"3757985",75,"2",4,4700
"3758582",85,"1",4,8960
"3758788",62,"1",4,53800
"3758788",53,"1",4,34600
"3758796",45,"1",4,15000
"3758796",45,"1",4,26000
"3758796",20,"1",4,5000
"3758796",35,"1",4,12000
"3760198",69,"2",2,44540
"3760198",66,"2",4,4840
"3760689",41,"1",4,770
"3760689",37,"1",4,13000
"3760689",13,"0",0,NA
"3760689",3,"0",0,NA
"3760689",7,"0",0,NA
"3760901",63,"1",3,15400
"3760901",59,"1",4,12000
"3760901",17,"1",4,2000
"3761449",29,"1",4,15600
"3762433",80,"2",4,25200
"3762835",49,"1",4,26000
"3762835",24,"1",4,18000
"3762835",24,"1",4,18000
"3763056",56,"1",4,49700
"3763245",33,"1",4,27000
"3763245",11,"0",0,NA
"3763245",28,"1",4,4000
"3763594",93,"2",4,13000
"3764402",21,"1",4,8000
"3764579",48,"1",4,28000
"3764579",48,"2",4,0
"3765034",44,"1",4,24120
"3765034",35,"1",4,16100
"3765145",54,"1",3,130000
"3765145",53,"1",4,2300
"3766508",49,"1",4,6500
"3766508",43,"1",4,11400
"3766508",19,"1",4,20000
"3766508",16,"2",0,0
"3769483",30,"1",4,32000
"3769483",22,"1",4,9000
"3772049",66,"1",2,34100
"3774140",45,"1",4,25000
"3774140",37,"1",4,22000
"3774140",12,"0",0,NA
"3774140",8,"0",0,NA
"3774777",38,"1",4,48000
"3774777",38,"1",4,15000
"3775242",30,"1",4,12900
"3775242",32,"1",4,26300
"3775242",9,"0",0,NA
"3775242",7,"0",0,NA
"3775262",50,"1",2,17700
"3775262",49,"1",4,20400
"3776114",41,"1",4,0
"3776114",44,"1",4,10080
"3776370",45,"1",4,43900
"3776370",39,"1",4,10000
"3776463",58,"2",4,13100
"3776463",34,"1",4,11690
"3777045",79,"2",2,23800
"3777045",81,"2",4,4400
"3778177",25,"1",4,8520
"3778215",58,"1",4,3500
"3778378",39,"1",4,36000
"3778378",29,"1",4,3000
"3778378",1,"0",0,NA
"3779780",23,"1",4,17800
"3779780",24,"1",4,16800
"3779780",6,"0",0,NA
"3780711",48,"1",3,49000
"3781780",51,"1",2,40000
"3782714",43,"1",2,31900
"3782714",43,"1",4,1800
"3782714",23,"2",4,6500
"3782714",19,"1",4,12000
"3782853",35,"1",4,80000
"3782853",35,"1",4,18000
"3782853",10,"0",0,NA
"3782853",6,"0",0,NA
"3782853",0,"0",0,NA
"3783310",44,"2",4,5300
"3785386",32,"1",4,22000
"3785386",39,"1",4,22600
"3785386",5,"0",0,NA
"3785386",1,"0",0,NA
"3785894",70,"2",4,7300
"3786852",62,"1",3,62380
"3786852",50,"1",4,43000
"3786852",18,"1",4,2000
"3786852",14,"0",0,NA
"3787730",19,"1",4,4000
"3789752",35,"1",2,77000
"3789752",34,"1",4,32000
"3789752",4,"0",0,NA
"3789752",1,"0",0,NA
"3789752",0,"0",0,NA
"3792528",46,"1",4,45200
"3794096",52,"1",4,10000
"3794096",53,"1",4,22400
"3794096",7,"0",0,NA
"3794289",45,"1",2,31500
"3794289",41,"1",4,22700
"3794515",69,"1",4,21100
"3796189",46,"1",4,45000
"3796189",52,"2",4,0
"3797098",52,"1",3,38400
"3797098",25,"1",4,15100
"3797612",20,"1",4,7200
"3797612",22,"1",4,12000
"3798455",67,"2",4,6640
"3798739",54,"1",4,30000
"3800815",26,"1",4,20000
"3800960",68,"2",4,8600
"3800960",77,"2",4,0
"3803446",86,"2",4,54300
"3803613",53,"1",4,36300
"3803613",55,"1",4,56000
"3805020",64,"2",2,7700
"3805020",63,"2",4,3000
"3805020",35,"2",2,7200
"3805260",45,"1",4,13300
"3805260",44,"2",4,0
"3805260",12,"0",0,NA
"3805260",9,"0",0,NA
"3806127",71,"2",2,16100
"3806127",73,"1",4,50000
"3806127",25,"1",4,19000
"3806127",16,"1",0,15000
"3806285",45,"1",4,9100
"3807615",48,"1",4,32080
"3807615",45,"1",4,29200
"3807615",17,"1",4,750
"3807615",11,"0",0,NA
"3808045",39,"1",4,51450
"3808045",36,"1",4,14200
"3808045",14,"0",0,NA
"3808045",12,"0",0,NA
"3808877",68,"1",2,36100
"3808877",17,"2",4,0
"3808877",15,"0",0,0
"3809060",40,"1",4,48000
"3809060",40,"1",4,3000
"3809060",18,"1",4,5500
"3809060",17,"1",4,600
"3811182",23,"1",4,10000
"3811645",50,"1",4,37300
"3811645",49,"1",4,8000
"3811645",15,"0",0,0
"3811645",4,"0",0,NA
"3814297",79,"2",2,5900
"3814528",36,"1",4,32000
"3814528",36,"1",4,13000
"3814528",3,"0",0,NA
"3814528",1,"0",0,NA
"3814802",61,"1",4,43100
"3814885",44,"2",4,64000
"3814885",45,"1",4,40000
"3814885",17,"1",4,2000
"3814885",15,"0",0,0
"3815028",42,"1",4,51260
"3815028",41,"1",4,22560
"3815697",20,"1",4,4000
"3816890",62,"1",2,100
"3817044",24,"1",4,18000
"3817044",26,"1",4,7700
"3817044",24,"1",4,19400
"3817044",22,"1",4,3800
"3818718",63,"1",2,50000
"3819369",45,"1",4,50000
"3819369",32,"1",4,17000
"3819369",22,"1",4,3600
"3819673",46,"2",4,18200
"3819907",50,"1",4,49000
"3819907",29,"2",4,0
"3819907",6,"0",0,NA
"3820444",45,"1",4,45400
"3820444",54,"1",4,27720
"3821839",56,"1",4,22500
"3821839",50,"1",4,67500
"3821939",41,"1",4,43900
"3821939",40,"1",4,12310
"3821939",4,"0",0,NA
"3821939",1,"0",0,NA
"3823828",48,"1",4,16600
"3823828",11,"0",0,NA
"3823901",70,"2",4,10100
"3823901",76,"2",2,19700
"3824246",56,"1",2,41000
"3824246",53,"1",4,26000
"3825166",82,"2",4,12000
"3825378",42,"1",4,37300
"3827752",69,"2",4,41100
"3828018",35,"1",4,25400
"3828018",33,"1",4,16200
"3828018",10,"0",0,NA
"3828018",8,"0",0,NA
"3828702",62,"2",2,6000
"3829112",47,"1",4,39100
"3829112",50,"1",4,3500
"3829112",21,"1",4,4800
"3829112",20,"1",4,19700
"3830980",32,"1",4,13000
"3830980",31,"1",4,9700
"3831502",41,"1",2,30100
"3831502",37,"2",4,15900
"3831502",12,"0",0,NA
"3831794",36,"1",4,18100
"3831794",16,"2",0,0
"3831794",11,"0",0,NA
"3831898",26,"1",4,24220
"3831898",35,"1",2,30600
"3832158",31,"1",4,46000
"3832449",30,"1",4,15600
"3832449",22,"1",3,17000
"3832449",13,"0",0,NA
"3832449",11,"0",0,NA
"3832449",8,"0",0,NA
"3832449",4,"0",0,NA
"3834114",36,"1",4,34420
"3834114",36,"2",4,0
"3834114",5,"0",0,NA
"3834114",9,"0",0,NA
"3834114",7,"0",0,NA
"3835427",20,"1",4,4000
"3835906",40,"1",4,69000
"3835906",43,"1",4,69000
"3835906",11,"0",0,NA
"3835906",8,"0",0,NA
"3836107",48,"1",4,40000
"3836107",24,"1",4,5000
"3837131",40,"1",2,21600
"3837131",38,"2",4,100
"3837131",4,"0",0,NA
"3838106",54,"2",4,8600
"3838106",54,"1",4,5000
"3838610",81,"2",4,19600
"3840550",61,"1",4,61000
"3840550",55,"1",4,2500
"3841258",44,"1",4,32200
"3841258",43,"1",4,5000
"3841258",85,"2",4,4600
"3841813",41,"1",4,38000
"3841813",38,"1",4,49010
"3841813",12,"0",0,NA
"3841813",9,"0",0,NA
"3844151",54,"1",4,299000
"3844151",50,"1",4,25000
"3844151",16,"2",0,0
"3844151",13,"0",0,NA
"3844946",29,"1",4,40400
"3847430",60,"1",2,12300
"3847430",53,"1",4,45000
"3847613",54,"1",4,29070
"3848087",55,"2",4,13200
"3850263",24,"1",4,40000
"3850263",25,"2",4,0
"3850263",3,"0",0,NA
"3850263",2,"0",0,NA
"3851200",43,"1",4,17700
"3851200",42,"1",4,16000
"3851200",21,"1",4,17000
"3851679",45,"1",4,100400
"3851679",46,"1",4,13000
"3851679",17,"1",4,600
"3851679",12,"0",0,NA
"3852829",19,"1",4,5800
"3852857",36,"1",3,35000
"3853357",55,"1",2,25600
"3853357",55,"1",4,2900
"3854090",49,"1",4,33300
"3854090",48,"1",4,12700
"3854090",25,"1",4,18000
"3854090",20,"1",4,15000
"3854454",74,"1",2,20100
"3854454",67,"1",4,19500
"3854784",22,"1",4,10200
"3854784",4,"0",0,NA
"3855007",59,"1",4,46150
"3855007",47,"1",4,31000
"3856501",74,"2",4,10500
"3857982",28,"2",4,11150
"3857982",7,"0",0,NA
"3857982",22,"1",4,11000
"3859781",18,"2",4,0
"3860107",72,"2",2,9000
"3860518",22,"1",4,2200
"3860740",24,"1",4,25000
"3860740",31,"1",4,17500
"3860740",0,"0",0,NA
"3863390",35,"1",4,25000
"3863390",38,"1",4,5400
"3863390",16,"2",0,0
"3863390",13,"0",0,NA
"3863390",11,"0",0,NA
"3864630",54,"1",4,3750
"3864630",41,"1",4,70000
"3864630",13,"0",0,NA
"3864630",11,"0",0,NA
"3864630",8,"0",0,NA
"3866466",33,"1",4,28700
"3866466",5,"0",0,NA
"3867009",59,"1",4,50000
"3867009",62,"1",2,75000
"3867731",22,"1",4,16900
"3867957",58,"1",3,110000
"3867957",56,"1",4,56000
"3867957",13,"0",0,NA
"3867957",16,"1",0,1400
"3868913",41,"1",4,18000
"3868913",11,"0",0,NA
"3869073",73,"2",2,52000
"3869288",47,"1",4,35000
"3869288",45,"1",4,3600
"3869288",17,"2",4,0
"3870032",79,"2",4,5600
"3870032",85,"2",4,7700
"3870137",50,"1",4,51400
"3870137",57,"1",4,65000
"3870137",18,"1",4,9800
"3870995",65,"1",2,1000
"3870995",70,"2",4,3400
"3872270",38,"1",4,37200
"3872270",34,"1",4,28000
"3872270",2,"0",0,NA
"3873078",41,"1",4,22000
"3873459",44,"1",3,90000
"3873459",42,"1",4,20000
"3873459",11,"0",0,NA
"3873459",9,"0",0,NA
"3874116",53,"1",4,29700
"3874116",41,"1",4,6700
"3874116",17,"1",4,9500
"3874116",15,"0",0,2000
"3874116",13,"0",0,NA
"3874177",35,"1",4,40000
"3874177",37,"1",4,15000
"3874177",15,"0",0,0
"3874177",12,"0",0,NA
"3874177",10,"0",0,NA
"3875226",75,"2",4,18700
"3875480",46,"1",4,41400
"3875480",43,"1",4,15000
"3875480",23,"1",4,14000
"3876892",44,"1",4,47000
"3876892",45,"1",4,32100
"3876892",17,"1",4,2000
"3876892",14,"0",0,NA
"3876892",9,"0",0,NA
"3877356",37,"1",4,28500
"3877356",39,"1",4,40800
"3879072",25,"1",4,1300
"3879072",29,"1",4,25000
"3879072",3,"0",0,NA
"3879072",0,"0",0,NA
"3879084",47,"1",4,25000
"3879084",44,"1",4,10750
"3880030",39,"2",4,0
"3880750",52,"1",2,20000
"3880750",53,"2",4,0
"3880786",30,"1",4,30000
"3880786",28,"1",4,28000
"3881817",64,"1",4,11600
"3881817",58,"2",4,7000
"3883123",62,"1",4,64020
"3883123",61,"2",4,0
"3884224",66,"1",4,14800
"3884548",65,"2",2,24100
"3884548",56,"2",4,0
"3884643",43,"1",4,20000
"3884643",40,"1",4,9100
"3884643",13,"0",0,NA
"3884643",12,"0",0,NA
"3884768",67,"2",4,39000
"3884768",45,"1",4,8000
"3884805",52,"1",2,23900
"3884805",53,"1",4,23700
"3884985",45,"1",4,57400
"3884985",39,"1",4,32050
"3885187",63,"1",2,44800
"3885187",62,"1",4,45800
"3886048",48,"1",4,34000
"3886048",20,"1",4,6000
"3886048",16,"1",0,400
"3886331",40,"1",4,33000
"3886331",42,"1",4,3000
"3886331",12,"0",0,NA
"3891411",59,"2",4,12300
"3891411",57,"2",4,0
"3891438",54,"2",4,105000
"3891614",79,"2",4,17300
"3891705",42,"1",4,19000
"3891705",4,"0",0,NA
"3891705",33,"1",4,9000
"3891753",44,"1",4,38000
"3892359",52,"1",4,9000
"3892359",46,"1",4,30000
"3892359",11,"0",0,NA
"3892359",3,"0",0,NA
"3892775",82,"2",4,30000
"3892775",93,"2",4,10700
"3893055",63,"1",4,25000
"3893055",55,"1",4,2400
"3893055",20,"1",4,18000
"3895342",43,"1",2,45000
"3895342",38,"1",4,40100
"3895371",20,"1",4,4000
"3895802",62,"1",2,9000
"3895802",63,"2",4,0
"3897550",57,"1",4,33000
"3897654",48,"1",4,23000
"3897654",45,"1",4,31000
"3897787",43,"1",4,94000
"3897787",42,"2",4,0
"3897787",18,"2",4,0
"3897787",16,"2",0,0
"3897787",14,"0",0,NA
"3898114",49,"1",4,9000
"3899672",44,"1",4,27000
"3899672",47,"1",4,34000
"3899672",24,"1",4,8200
"3899672",20,"1",4,14400
"3899904",43,"1",4,309000
"3899904",41,"1",4,10000
"3899904",15,"0",0,0
"3899904",12,"0",0,NA
"3901970",52,"1",4,36500
"3901970",53,"1",4,35000
"3903016",36,"1",3,23810
"3903016",39,"1",4,24500
"3903016",12,"0",0,NA
"3903016",9,"0",0,NA
"3903202",20,"1",4,12000
"3904302",28,"1",4,40350
"3904302",8,"0",0,NA
"3904302",4,"0",0,NA
"3904302",28,"1",4,23000
"3905892",52,"1",4,22200
"3905892",51,"1",4,50000
"3907244",56,"1",4,50000
"3907244",56,"1",4,25300
"3907451",84,"2",4,18800
"3907966",28,"1",4,10000
"3907966",7,"0",0,NA
"3907966",4,"0",0,NA
"3908068",48,"1",4,38000
"3908068",51,"1",4,20000
"3908068",20,"1",4,3000
"3908558",31,"1",4,600
"3909776",57,"2",3,10080
"3909776",56,"1",4,21400
"3910736",44,"1",4,8000
"3910736",44,"1",4,33000
"3910736",20,"1",4,18000
"3910736",13,"0",0,NA
"3911025",62,"1",4,20000
"3911366",55,"1",3,12000
"3911366",53,"1",4,27800
"3911706",48,"1",4,28000
"3913247",23,"1",4,12000
"3913247",29,"1",2,24000
"3913564",40,"2",4,5000
"3913564",3,"0",0,NA
"3913663",43,"1",4,44000
"3914559",29,"1",4,38100
"3914559",36,"1",2,43500
"3914559",0,"0",0,NA
"3914559",14,"0",0,NA
"3916569",51,"1",4,13500
"3916569",18,"1",4,200
"3916569",14,"0",0,NA
"3916569",12,"0",0,NA
"3916956",75,"2",4,12000
"3916956",26,"1",4,19400
"3916956",24,"1",4,17000
"3916956",6,"0",0,NA
"3916956",3,"0",0,NA
"3917322",71,"2",4,9600
"3917322",33,"1",4,10360
"3919310",80,"2",2,11800
"3919310",70,"2",4,4200
"3919511",55,"1",3,24090
"3919511",55,"1",4,24700
"3919511",28,"1",4,14020
"3920397",38,"1",4,30000
"3920397",29,"1",4,20000
"3921425",46,"1",4,33110
"3921425",42,"1",4,10100
"3921425",6,"0",0,NA
"3921425",5,"0",0,NA
"3921425",17,"1",4,570
"3922519",45,"1",4,12800
"3922519",19,"1",4,6500
"3922519",16,"2",0,0
"3922931",48,"2",2,32000
"3923346",74,"2",4,23700
"3925956",31,"1",4,18250
"3925956",11,"0",0,NA
"3925956",9,"0",0,NA
"3925956",29,"2",4,0
"3925962",37,"1",4,30000
"3925993",66,"2",4,11500
"3925993",63,"1",4,8450
"3926918",41,"1",4,24000
"3926918",43,"1",4,11500
"3926918",18,"1",4,3200
"3926918",18,"1",4,3200
"3927928",41,"1",4,24000
"3928191",46,"1",4,38000
"3928191",43,"1",4,5400
"3928191",20,"1",4,36000
"3928391",53,"1",4,69500
"3928391",43,"1",2,13300
"3928391",53,"1",4,37820
"3928462",61,"1",4,13500
"3928462",73,"2",2,20404
"3929198",31,"1",4,61000
"3929198",28,"2",4,0
"3929198",4,"0",0,NA
"3929198",3,"0",0,NA
"3930518",76,"2",2,4500
"3931335",21,"1",4,16000
"3931877",25,"1",4,37500
"3931877",23,"1",4,4200
"3932047",18,"1",4,350
"3932912",57,"1",4,13730
"3932912",57,"2",4,0
"3932912",20,"1",4,7100
"3933483",30,"1",4,29000
"3933483",32,"1",4,24400
"3933483",3,"0",0,NA
"3933483",1,"0",0,NA
"3933770",74,"2",4,128400
"3933770",28,"1",4,12000
"3933770",32,"1",4,6800
"3934987",71,"2",4,10100
"3934987",72,"2",2,10500
"3934987",38,"1",4,42800
"3936575",68,"2",4,7000
"3937170",52,"1",2,59030
"3937170",52,"1",4,13000
"3938125",21,"1",4,12000
"3941167",44,"1",4,37000
"3941167",19,"2",4,0
"3942255",20,"1",4,2000
"3943538",39,"1",2,33000
"3943538",13,"0",0,NA
"3944619",72,"1",4,4800
"3944619",74,"1",4,14500
"3945245",55,"1",2,95000
"3945245",54,"2",4,0
"3945494",27,"1",4,30000
"3945494",24,"1",4,3000
"3946102",29,"1",4,25000
"3948629",36,"1",4,18000
"3948629",31,"1",4,22000
"3948629",6,"0",0,NA
"3948629",3,"0",0,NA
"3948685",76,"2",2,25800
"3948685",77,"2",4,7000
"3949445",54,"1",2,21600
"3949445",47,"1",4,28000
"3949445",19,"2",4,0
"3949755",18,"1",4,1500
"3950068",45,"1",4,17700
"3950427",53,"1",4,49900
"3950427",42,"1",4,78500
"3951178",27,"1",4,40000
"3951178",21,"1",4,15000
"3951196",45,"1",4,27500
"3951196",46,"1",4,19000
"3951196",16,"1",0,2100
"3951569",26,"1",4,16000
"3951569",24,"1",4,19600
"3951569",7,"0",0,NA
"3951569",0,"0",0,NA
"3952539",34,"1",4,17100
"3952539",12,"0",0,NA
"3952539",10,"0",0,NA
"3952576",23,"1",4,15000
"3952576",27,"1",4,12000
"3953422",41,"1",4,25000
"3953422",44,"1",4,59000
"3953422",16,"1",0,900
"3953422",15,"0",0,0
"3953422",13,"0",0,NA
"3954084",69,"2",3,117500
"3954084",38,"2",4,6000
"3955326",54,"1",3,85000
"3955326",56,"1",4,18200
"3956706",47,"1",3,22000
"3956706",21,"1",4,12000
"3957631",43,"1",4,65000
"3957631",35,"1",4,3000
"3957631",19,"1",4,19000
"3957631",12,"0",0,NA
"3958959",46,"2",2,12000
"3958959",53,"2",4,0
"3958959",25,"1",4,17600
"3958959",1,"0",0,NA
"3959350",52,"1",3,5000
"3959350",52,"1",4,30000
"3959350",21,"1",4,5700
"3959350",18,"1",4,20000
"3959619",41,"1",4,30500
"3959619",45,"1",4,25000
"3959971",69,"2",4,21500
"3961304",44,"1",4,10000
"3961304",52,"1",4,31200
"3961509",79,"2",2,11780
"3961509",79,"2",4,6100
"3962070",41,"1",4,24000
"3962070",40,"1",4,11500
"3962388",36,"2",4,5200
"3962388",16,"1",0,2000
"3962388",13,"0",0,NA
"3962388",39,"1",4,10800
"3962576",35,"1",4,75000
"3962576",36,"1",4,0
"3962576",6,"0",0,NA
"3962576",4,"0",0,NA
"3962576",2,"0",0,NA
"3962576",0,"0",0,NA
"3962875",36,"1",3,24000
"3962875",36,"1",4,15000
"3963139",55,"1",4,30000
"3963139",59,"1",2,17000
"3963139",47,"2",4,1200
"3964165",54,"1",4,20000
"3964165",53,"1",4,16900
"3966615",46,"1",2,39000
"3966615",47,"1",4,27000
"3966615",9,"0",0,NA
"3968822",39,"2",4,5700
"3968822",36,"2",4,8900
"3969840",47,"2",4,11060
"3969840",50,"1",4,19800
"3969840",9,"0",0,NA
"3971659",35,"1",2,37000
"3971659",8,"0",0,NA
"3971990",29,"1",4,18000
"3971990",21,"1",4,3400
"3971990",5,"0",0,NA
"3971990",0,"0",0,NA
"3972099",69,"1",2,47900
"3972099",41,"1",4,37000
"3972099",10,"0",0,NA
"3973978",59,"1",4,40000
"3973978",69,"1",2,35000
"3975631",75,"1",4,20000
"3975631",72,"1",4,21300
"3977191",57,"1",4,24000
"3977191",53,"1",4,23000
"3977756",23,"1",4,21900
"3977756",24,"1",4,16200
"3977902",34,"1",4,54000
"3977902",34,"2",4,0
"3977902",12,"0",0,NA
"3977927",42,"1",4,42000
"3977927",30,"1",4,26000
"3977927",13,"0",0,NA
"3977927",4,"0",0,NA
"3977927",8,"0",0,NA
"3978099",59,"1",2,70000
"3978099",53,"1",4,13000
"3978099",79,"2",4,25000
"3978168",57,"1",4,13000
"3978168",59,"1",4,24700
"3978565",76,"1",2,19830
"3978565",38,"1",4,4600
"3979325",48,"1",4,27000
"3979325",47,"1",4,38000
"3979377",93,"2",3,15000
"3980177",62,"1",2,45000
"3980177",40,"2",4,3000
"3980177",18,"1",4,4000
"3980177",16,"2",0,110
"3980177",13,"0",0,NA
"3980177",14,"0",0,NA
"3980177",35,"2",4,6800
"3980244",25,"1",4,32000
"3980244",20,"1",4,17000
"3981305",43,"1",4,16400
"3981305",44,"1",4,275000
"3981309",32,"1",4,8500
"3981309",8,"0",0,NA
"3981309",6,"0",0,NA
"3981309",36,"1",4,8400
"3981655",38,"1",4,30000
"3981655",37,"1",4,18000
"3981655",17,"1",4,300
"3981655",15,"0",0,0
"3982243",66,"2",4,24200
"3982655",82,"2",4,9130
"3982928",77,"2",4,0
"3984265",44,"1",4,30100
"3984265",33,"1",4,20010
"3984265",11,"0",0,NA
"3984265",8,"0",0,NA
"3984337",41,"1",4,55000
"3984337",43,"1",4,33000
"3984677",27,"1",4,35000
"3985680",64,"2",3,51000
"3985938",60,"1",4,18620
"3986705",27,"1",4,19000
"3986705",33,"1",4,27000
"3986705",8,"0",0,NA
"3989358",52,"1",4,40700
"3990826",51,"1",4,42700
"3990826",52,"2",4,260
"3990826",13,"0",0,NA
"3990840",47,"2",2,47100
"3990840",45,"2",4,0
"3993064",61,"1",2,61000
"3993064",60,"1",4,16000
"3994549",57,"1",2,449000
"3994549",54,"1",4,10100
"3994549",16,"1",0,7000
"3994559",55,"1",4,46000
"3997503",47,"1",4,27000
"3997503",48,"1",4,12500
"3997503",19,"1",4,3060
"3998595",55,"1",2,64000
"3998595",50,"1",4,17000
"3999848",66,"2",4,39430
"3999848",71,"2",4,6900
"4000788",49,"1",4,6550
"4000788",46,"1",4,26000
"4000788",14,"0",0,NA
"4000788",12,"0",0,NA
"4000788",9,"0",0,NA
"4001409",40,"2",4,9450
"4001409",32,"1",4,12000
"4002218",36,"1",4,70000
"4002218",39,"1",4,46200
"4002218",7,"0",0,NA
"4002218",5,"0",0,NA
"4002239",57,"1",3,54000
"4002239",40,"1",4,31000
"4002239",16,"2",0,15000
"4004259",41,"1",4,-700
"4004259",45,"1",4,47000
"4005524",55,"1",2,27000
"4005524",51,"1",4,19000
"4005524",21,"1",4,12000
"4005871",44,"1",4,52000
"4005871",39,"1",4,14900
"4006414",25,"1",4,30000
"4006649",19,"1",4,3700
"4007044",69,"2",4,15600
"4008537",25,"1",4,3000
"4008537",24,"1",4,1000
"4008578",38,"1",2,30000
"4008578",12,"0",0,NA
"4008578",32,"1",4,18000
"4008578",11,"0",0,NA
"4008696",76,"2",4,11000
"4010098",61,"1",4,12140
"4010640",71,"1",4,14200
"4010640",71,"2",4,1900
"4012575",36,"1",4,36000
"4012575",38,"1",4,20000
"4012575",14,"0",0,NA
"4012575",12,"0",0,NA
"4012575",10,"0",0,NA
"4012575",9,"0",0,NA
"4013282",38,"1",4,32000
"4013282",43,"1",4,16500
"4014432",50,"1",4,10000
"4014432",45,"1",4,26000
"4014893",32,"1",4,53000
"4014893",42,"1",4,144300
"4014893",0,"0",0,NA
"4015189",65,"2",4,37100
"4015189",64,"2",4,2600
"4017623",25,"1",3,19010
"4017623",23,"1",4,14000
"4017623",45,"1",4,16700
"4017764",51,"1",4,87100
"4017764",38,"1",4,27100
"4017764",18,"1",4,1700
"4019328",47,"2",4,0
"4019328",50,"1",4,19500
"4019328",20,"1",4,10000
"4019328",19,"1",4,2800
"4019769",44,"1",2,14600
"4020429",36,"1",4,51000
"4020429",36,"2",4,0
"4020429",10,"0",0,NA
"4020429",7,"0",0,NA
"4021455",77,"2",2,25900
"4021455",51,"2",4,0
"4022496",29,"1",4,33400
"4022496",26,"1",4,15400
"4022853",76,"2",2,9900
"4023773",72,"1",4,13120
"4024104",93,"2",4,13000
"4025066",22,"1",4,14900
"4025066",20,"1",4,13000
"4027318",20,"1",4,3000
"4027375",71,"2",2,29300
"4027375",69,"2",4,12100
"4027558",45,"1",4,25050
"4027558",15,"0",0,0
"4027908",80,"1",2,20300
"4027908",63,"1",3,11200
"4029463",42,"1",4,21200
"4029463",42,"2",4,0
"4029463",17,"2",4,0
"4029463",15,"0",0,0
"4029910",49,"1",4,28080
"4029910",55,"1",4,4100
"4030705",74,"2",2,16480
"4032167",56,"1",2,33500
"4032167",53,"1",4,43000
"4032167",16,"1",0,1500
"4033747",19,"1",4,6350
"4035067",55,"1",4,48200
"4035067",25,"1",4,12000
"4037152",34,"1",2,13000
"4037154",40,"1",4,35600
"4037154",35,"1",4,9600
"4037154",7,"0",0,NA
"4037154",5,"0",0,NA
"4037154",0,"0",0,NA
"4037154",11,"0",0,NA
"4037560",44,"1",4,3700
"4038321",56,"1",2,22300
"4038321",56,"1",4,22300
"4038738",41,"2",4,3000
"4038738",41,"1",4,25000
"4039461",66,"1",2,115900
"4039461",64,"1",4,26000
"4040399",35,"1",4,33000
"4040399",15,"0",0,100
"4040399",8,"0",0,NA
"4040399",4,"0",0,NA
"4040436",38,"1",4,22000
"4040436",29,"1",4,16000
"4041350",70,"1",4,71900
"4041350",62,"1",4,54900
"4041940",57,"1",4,64000
"4041940",56,"1",4,45000
"4041940",22,"1",4,3000
"4041940",17,"1",4,1200
"4042107",45,"1",4,18000
"4042107",40,"1",4,25000
"4042107",11,"0",0,NA
"4042107",7,"0",0,NA
"4042107",18,"1",4,1600
"4046137",20,"1",4,1000
"4050586",40,"1",4,38000
"4050586",40,"1",4,49400
"4050586",8,"0",0,NA
"4050586",5,"0",0,NA
"4050675",38,"1",4,49700
"4050675",42,"1",4,94600
"4050675",10,"0",0,NA
"4050675",7,"0",0,NA
"4050794",51,"1",2,15000
"4050794",48,"1",4,42000
"4050794",24,"1",4,890
"4050794",22,"1",4,20000
"4050794",21,"1",4,27500
"4050794",18,"1",4,15200
"4051714",62,"1",4,35530
"4051714",40,"1",4,9330
"4051714",38,"1",4,29950
"4051714",37,"1",4,14860
"4051714",17,"2",4,0
"4052899",79,"2",4,19200
"4053199",48,"1",4,34460
"4054066",70,"2",4,5000
"4054172",56,"2",2,20500
"4054172",34,"1",4,29310
"4054172",22,"1",4,1600
"4054172",10,"0",0,NA
"4054172",2,"0",0,NA
"4054587",44,"1",4,35000
"4054587",40,"1",4,29000
"4055503",42,"1",4,24800
"4055503",44,"1",4,7800
"4055503",13,"0",0,NA
"4055750",44,"1",3,28000
"4055750",37,"2",4,13000
"4055750",18,"1",4,12000
"4055750",16,"2",0,0
"4055750",13,"0",0,NA
"4055750",9,"0",0,NA
"4056233",93,"2",4,13000
"4057499",39,"1",4,13320
"4057499",28,"1",4,9600
"4057499",10,"0",0,NA
"4057499",4,"0",0,NA
"4057779",70,"2",2,9600
"4057779",80,"2",4,11600
"4058167",75,"2",2,20000
"4058167",68,"2",4,35600
"4058860",47,"1",4,50000
"4058860",63,"1",4,309000
"4058860",4,"0",0,NA
"4058860",4,"0",0,NA
"4059178",49,"1",2,15300
"4059675",60,"1",4,13600
"4062989",48,"1",4,75000
"4062989",47,"1",4,23700
"4063276",59,"1",2,23600
"4063300",52,"1",2,36000
"4063300",53,"1",4,34000
"4063338",61,"1",3,29800
"4063338",51,"1",4,800
"4063938",45,"1",4,35194
"4063938",44,"1",4,17800
"4063938",18,"1",4,3500
"4063938",16,"1",0,920
"4063938",12,"0",0,NA
"4064151",68,"2",2,20900
"4064151",71,"2",4,7000
"4065665",50,"1",4,67000
"4065665",48,"1",4,24000
"4067462",56,"1",4,80000
"4067462",50,"1",3,34810
"4067609",29,"1",4,25200
"4067609",9,"0",0,NA
"4067609",8,"0",0,NA
"4067609",3,"0",0,NA
"4067609",29,"1",4,13000
"4068584",48,"1",4,65700
"4068625",80,"2",2,40900
"4068625",69,"2",4,1050
"4068625",45,"2",4,0
"4068625",38,"2",4,400
"4068625",14,"0",0,NA
"4068625",12,"0",0,NA
"4069661",22,"1",4,16000
"4069661",39,"1",4,19000
"4069862",46,"1",4,37360
"4071260",57,"1",4,41900
"4071260",60,"1",4,55000
"4071362",43,"1",3,19500
"4071362",43,"1",4,20700
"4072572",82,"2",4,53000
"4072690",48,"1",4,42500
"4072690",83,"2",4,8500
"4073245",56,"1",4,10000
"4073520",65,"1",4,7340
"4073520",93,"2",4,6900
"4073537",48,"1",2,30000
"4073537",49,"1",4,44000
"4073537",20,"1",4,5100
"4073537",17,"1",4,6300
"4075038",81,"2",4,21900
"4075379",60,"1",2,16000
"4075379",21,"1",4,25050
"4075391",38,"1",4,25000
"4075391",37,"1",4,1000
"4078837",41,"1",4,29000
"4078837",40,"1",3,24000
"4080307",35,"1",4,40000
"4080307",29,"1",4,24000
"4080342",58,"1",2,30000
"4080342",58,"2",4,0
"4080571",19,"1",4,4300
"4081701",63,"2",4,32300
"4081701",57,"2",4,3600
"4082401",93,"2",4,8000
"4083634",43,"1",4,40400
"4083634",42,"1",4,20000
"4083634",17,"1",4,5000
"4083634",14,"0",0,NA
"4084018",56,"1",4,311100
"4084018",57,"1",4,12000
"4085290",73,"2",2,26400
"4085290",37,"1",4,21000
"4085290",9,"0",0,NA
"4085290",6,"0",0,NA
"4085290",17,"2",4,0
"4085534",45,"1",4,17000
"4086780",43,"1",4,33000
"4086780",40,"1",4,6000
"4086780",12,"0",0,NA
"4086780",10,"0",0,NA
"4086780",8,"0",0,NA
"4087236",44,"1",4,69300
"4087236",41,"1",4,18500
"4087236",19,"1",4,30000
"4087236",17,"1",4,9900
"4087887",54,"2",4,5400
"4087887",73,"2",2,6900
"4087887",16,"2",0,0
"4088346",18,"1",4,10000
"4089376",89,"2",2,24000
"4089376",26,"1",4,25000
"4089376",23,"1",4,20000
"4089376",21,"1",4,13900
"4089469",47,"1",4,20000
"4089469",37,"1",4,25900
"4089469",12,"0",0,NA
"4089469",8,"0",0,NA
"4090363",30,"1",4,4900
"4090363",11,"0",0,NA
"4090363",7,"0",0,NA
"4090363",25,"1",4,3000
"4091112",30,"1",4,24000
"4091112",40,"1",4,33000
"4091112",16,"1",0,800
"4091112",14,"0",0,NA
"4091406",50,"1",4,39700
"4091406",13,"0",0,NA
"4091406",8,"0",0,NA
"4091574",63,"1",2,32000
"4091574",64,"2",4,6600
"4091974",71,"2",4,7800
"4092256",47,"1",4,40100
"4092256",46,"1",4,20050
"4092256",16,"1",0,1500
"4092256",10,"0",0,NA
"4092256",8,"0",0,NA
"4092597",22,"1",4,2500
"4092597",23,"1",4,12500
"4092597",22,"1",4,22700
"4092874",64,"1",4,7100
"4092874",71,"2",2,32800
"4093458",28,"1",4,15000
"4093458",29,"1",4,50000
"4093458",5,"0",0,NA
"4093458",5,"0",0,NA
"4093458",4,"0",0,NA
"4093458",4,"0",0,NA
"4093824",31,"1",4,40000
"4093824",28,"1",4,10000
"4093824",6,"0",0,NA
"4093824",3,"0",0,NA
"4093824",10,"0",0,NA
"4094977",37,"1",4,43000
"4094977",37,"1",4,8000
"4094977",17,"1",4,5000
"4094977",15,"0",0,0
"4095077",45,"1",4,11000
"4095111",54,"2",4,9300
"4095145",59,"1",2,55000
"4095145",55,"2",4,0
"4096671",28,"1",2,22000
"4096855",54,"1",4,26000
"4096855",56,"1",4,26300
"4097249",77,"1",2,32900
"4097249",50,"1",4,3700
"4097504",28,"1",4,20000
"4097504",28,"1",4,19000
"4098117",39,"1",4,55400
"4098117",38,"1",4,14200
"4098117",13,"0",0,NA
"4098117",10,"0",0,NA
"4098117",4,"0",0,NA
"4100464",56,"1",2,22000
"4100464",51,"1",4,25300
"4102028",71,"1",2,40000
"4102028",58,"1",4,32700
"4102728",26,"1",4,120000
"4102777",51,"2",4,3000
"4102777",32,"2",4,6500
"4104583",79,"2",4,26300
"4104583",77,"2",4,6030
"4104799",37,"1",4,38000
"4105403",26,"1",4,41300
"4105557",20,"1",4,4000
"4107162",38,"1",4,70000
"4107162",37,"2",4,0
"4107162",11,"0",0,NA
"4107162",9,"0",0,NA
"4107162",7,"0",0,NA
"4107162",2,"0",0,NA
"4107870",38,"1",4,38700
"4107870",36,"1",4,26000
"4107870",7,"0",0,NA
"4107870",4,"0",0,NA
"4108067",19,"1",4,6000
"4108067",20,"1",4,9500
"4108118",68,"2",2,14400
"4108118",72,"2",4,3900
"4108196",59,"1",4,37000
"4113112",84,"2",2,24900
"4113443",81,"2",4,14600
"4114072",46,"1",2,60000
"4114072",30,"1",4,25000
"4114343",45,"2",2,0
"4114343",42,"1",4,9000
"4114343",16,"1",0,1900
"4114595",37,"1",4,37500
"4114595",37,"1",4,24000
"4114595",9,"0",0,NA
"4114595",6,"0",0,NA
"4115042",50,"1",4,33100
"4115218",45,"1",4,9000
"4115218",53,"1",2,12000
"4115702",54,"1",4,30000
"4115702",51,"1",4,24700
"4116065",73,"1",2,16000
"4116065",68,"1",4,19500
"4116452",48,"1",2,10700
"4116452",46,"1",4,11000
"4116854",28,"1",4,30000
"4116854",31,"1",4,37000
"4116854",0,"0",0,NA
"4116854",0,"0",0,NA
"4117280",71,"1",4,10600
"4117280",70,"2",4,2000
"4117280",45,"1",4,6000
"4117964",39,"1",4,8100
"4118318",51,"1",4,13750
"4118548",71,"2",4,7000
"4119249",46,"1",4,10000
"4120049",68,"1",2,40000
"4120049",67,"1",4,17700
"4120050",67,"2",2,45200
"4120050",63,"2",4,3690
"4120365",57,"1",3,113100
"4120365",53,"2",4,1700
"4121182",29,"1",4,32030
"4121182",24,"1",4,18000
"4122103",62,"1",2,13600
"4122103",59,"1",4,18300
"4124363",49,"1",4,13500
"4124363",42,"1",4,19000
"4125894",22,"1",4,21000
"4127006",19,"1",4,2000
"4127671",21,"1",4,6000
"4128449",45,"1",4,42000
"4128449",43,"2",4,0
"4128449",23,"1",4,22000
"4128449",17,"2",4,0
"4128449",12,"0",0,NA
"4128513",21,"1",4,4050
"4128766",32,"1",4,20000
"4128766",23,"1",4,20000
"4128766",5,"0",0,NA
"4129597",46,"1",4,56000
"4129597",43,"1",4,13200
"4129597",16,"2",0,0
"4129597",14,"0",0,NA
"4130556",77,"2",4,5000
"4131964",30,"1",4,29000
"4132121",39,"1",4,38500
"4132121",39,"2",4,0
"4132121",19,"2",4,0
"4132121",17,"2",4,0
"4132121",12,"0",0,NA
"4132401",70,"2",4,14100
"4132980",59,"1",2,30000
"4132980",59,"2",4,6000
"4132980",35,"1",4,5300
"4133147",39,"1",4,56000
"4133147",38,"1",4,55200
"4133147",15,"0",0,0
"4133147",13,"0",0,NA
"4134466",68,"2",2,18600
"4134466",70,"1",4,9500
"4135243",42,"1",4,134000
"4135243",44,"1",4,5800
"4135243",15,"0",0,0
"4135243",11,"0",0,NA
"4137457",57,"1",4,5300
"4137457",52,"2",4,0
"4139626",57,"1",2,29900
"4140130",58,"1",2,55000
"4140130",58,"1",4,24000
"4141285",53,"1",2,75490
"4141285",51,"1",4,8330
"4141285",20,"1",4,10300
"4141522",39,"1",4,36000
"4141522",38,"1",4,11000
"4141522",3,"0",0,NA
"4141522",0,"0",0,NA
"4141522",16,"2",0,0
"4141662",46,"1",4,46000
"4141662",13,"0",0,NA
"4141662",11,"0",0,NA
"4141750",59,"1",2,54300
"4141750",56,"1",4,25200
"4142083",51,"1",4,40000
"4142083",46,"2",3,0
"4142083",10,"0",0,NA
"4142303",59,"1",3,16280
"4142303",57,"2",4,0
"4142328",72,"2",2,6690
"4142328",74,"1",4,18730
"4143634",41,"1",2,21100
"4143634",31,"1",4,19000
"4143714",69,"2",2,20400
"4143733",30,"1",4,22000
"4143733",30,"1",4,70000
"4143733",3,"0",0,NA
"4144211",41,"1",4,17560
"4144211",43,"1",4,48200
"4144211",9,"0",0,NA
"4144211",8,"0",0,NA
"4144643",40,"1",4,68000
"4144643",41,"1",4,33300
"4144643",12,"0",0,NA
"4144643",10,"0",0,NA
"4144643",6,"0",0,NA
"4147485",61,"1",4,27100
"4147485",64,"1",4,12000
"4148240",36,"1",4,26000
"4148240",32,"1",4,7000
"4148240",12,"0",0,NA
"4148240",7,"0",0,NA
"4148351",76,"1",2,53700
"4148351",73,"1",4,12090
"4148351",43,"1",4,27940
"4149134",67,"1",2,35040
"4149134",71,"1",4,8800
"4149343",25,"1",4,32900
"4149343",23,"1",4,15300
"4149664",40,"1",4,23000
"4149778",43,"2",4,0
"4149778",21,"2",4,0
"4149778",15,"0",0,0
"4150361",46,"1",4,39500
"4150651",52,"1",2,50000
"4150651",51,"1",4,15000
"4151038",31,"1",3,28000
"4151038",31,"1",2,18000
"4151038",7,"0",0,NA
"4151038",4,"0",0,NA
"4151907",39,"1",4,35000
"4151907",37,"1",4,50000
"4151907",13,"0",0,NA
"4151907",11,"0",0,NA
"4152017",71,"2",4,2500
"4152017",42,"2",4,5300
"4152017",33,"1",4,24700
"4152490",28,"1",4,24000
"4152490",23,"1",4,8000
"4153027",19,"1",4,1000
"4156027",46,"1",4,133000
"4156027",45,"1",4,35200
"4156092",50,"1",4,42700
"4156092",43,"1",2,41950
"4156487",83,"1",4,13200
"4157773",60,"2",4,12200
"4157773",51,"2",4,0
"4160220",38,"1",3,70200
"4160735",49,"1",4,36200
"4160735",18,"1",4,50
"4160735",16,"2",0,0
"4161498",71,"2",2,23000
"4161498",68,"2",4,5300
"4162152",50,"1",4,126800
"4162152",49,"1",4,24500
"4162152",18,"1",4,6200
"4163075",19,"1",4,2800
"4164100",47,"1",4,52000
"4164100",40,"1",3,21000
"4164100",12,"0",0,NA
"4164100",8,"0",0,NA
"4164815",42,"2",4,11000
"4164815",41,"1",4,39000
"4164815",17,"1",4,4000
"4164815",15,"0",0,2700
"4166042",47,"1",4,12000
"4166042",6,"0",0,NA
"4166042",35,"2",4,0
"4167592",54,"2",4,62300
"4168884",27,"1",4,40000
"4168884",26,"1",4,4500
"4168884",1,"0",0,NA
"4168898",62,"1",4,48000
"4169116",31,"2",4,6400
"4169569",27,"1",4,14200
"4169569",27,"1",4,17500
"4169569",7,"0",0,NA
"4169569",1,"0",0,NA
"4169569",0,"0",0,NA
"4169831",21,"1",4,2000
"4171551",62,"1",2,17000
"4172655",80,"2",2,17730
"4172843",40,"1",4,34630
"4172843",37,"1",4,13150
"4172843",12,"0",0,NA
"4173145",73,"2",4,26500
"4173247",23,"1",4,30000
"4173247",21,"1",4,15000
"4173247",0,"0",0,NA
"4173850",76,"2",2,14400
"4174677",59,"1",4,28830
"4179674",54,"1",2,28000
"4179674",53,"1",4,38000
"4179703",57,"1",2,11000
"4179703",51,"1",4,37500
"4179703",24,"1",4,21000
"4182519",40,"1",4,138000
"4182519",39,"1",4,10100
"4182519",12,"0",0,NA
"4182519",10,"0",0,NA
"4182519",8,"0",0,NA
"4182557",36,"1",4,41600
"4182557",15,"0",0,0
"4184498",64,"1",2,38300
"4184498",63,"1",4,40000
"4184965",52,"1",4,40000
"4184965",60,"1",3,147800
"4187103",24,"1",4,52000
"4187103",7,"0",0,NA
"4187103",1,"0",0,NA
"4187103",25,"1",4,5000
"4187151",51,"1",4,31000
"4187151",46,"1",4,1500
"4187151",16,"1",0,3000
"4188482",32,"1",2,37000
"4188482",33,"1",4,19000
"4188482",12,"0",0,NA
"4188482",13,"0",0,NA
"4188564",62,"1",2,18710
"4188564",59,"1",4,32400
"4188618",53,"1",2,38670
"4188618",44,"1",4,37900
"4189729",46,"2",4,6804
"4190026",86,"2",4,30200
"4190854",84,"2",4,25800
"4191387",47,"1",4,21000
"4191387",27,"1",4,22000
"4191387",16,"1",0,600
"4191952",63,"1",4,18600
"4192204",43,"1",2,29000
"4192204",42,"1",4,18700
"4192204",21,"1",4,5700
"4192701",42,"1",4,92500
"4192701",39,"1",4,9500
"4192701",14,"0",0,NA
"4192701",12,"0",0,NA
"4192701",6,"0",0,NA
"4194611",51,"1",4,50500
"4194611",20,"1",4,0
"4194611",15,"0",0,0
"4194689",48,"1",4,28610
"4194689",48,"1",4,32100
"4196430",85,"2",4,8060
"4197827",57,"1",4,24400
"4198284",22,"1",4,3200
"4198284",23,"1",4,11800
"4198880",38,"1",4,6920
"4198880",14,"0",0,NA
"4198880",11,"0",0,NA
"4200956",59,"1",4,150000
"4201757",42,"1",4,87000
"4201757",42,"1",4,20000
"4201757",11,"0",0,NA
"4201757",3,"0",0,NA
"4201757",3,"0",0,NA
"4202048",33,"1",4,47000
"4202743",79,"2",4,9400
"4206323",35,"1",4,36050
"4206323",31,"2",4,0
"4206323",4,"0",0,NA
"4206323",1,"0",0,NA
"4207351",42,"2",4,0
"4207351",43,"1",4,41700
"4207351",1,"0",0,NA
"4207586",38,"1",4,36500
"4207586",34,"1",4,12500
"4207586",6,"0",0,NA
"4208646",57,"1",4,47300
"4208726",52,"1",2,20200
"4208726",52,"1",4,20100
"4210207",55,"1",2,28000
"4210450",74,"2",4,5000
"4210477",61,"1",2,22700
"4210477",58,"1",4,19700
"4212116",73,"2",4,3700
"4212116",74,"1",2,58000
"4213005",29,"1",4,20050
"4213005",32,"1",4,27100
"4213769",35,"1",2,43200
"4213769",9,"0",0,NA
"4213802",20,"1",4,15000
"4213802",22,"1",4,530
"4214703",74,"2",3,14600
"4214703",66,"2",4,5300
"4215854",22,"2",4,0
"4217653",53,"1",4,75100
"4217653",15,"0",0,0
"4218295",34,"1",4,20000
"4218295",23,"1",4,20000
"4218295",2,"0",0,NA
"4218599",79,"2",4,24000
"4218671",37,"1",4,35000
"4218671",37,"1",4,36030
"4218671",14,"0",0,NA
"4218671",9,"0",0,NA
"4219754",57,"1",4,36000
"4219754",48,"1",4,20000
"4220117",64,"1",4,29000
"4220117",65,"1",4,41800
"4220675",65,"2",4,15200
"4220675",30,"1",4,5510
"4220675",5,"0",0,NA
"4220675",2,"0",0,NA
"4222037",34,"1",4,16300
"4222037",42,"1",2,46300
"4222963",18,"1",4,5300
"4224991",41,"1",4,19000
"4225165",47,"1",2,31800
"4225165",41,"1",4,18800
"4225212",36,"1",2,22000
"4225395",35,"1",4,8600
"4225395",37,"1",4,39000
"4225395",13,"0",0,NA
"4225395",11,"0",0,NA
"4225395",9,"0",0,NA
"4227794",66,"2",4,10500
"4227943",36,"1",4,9000
"4227943",32,"1",4,3080
"4227943",7,"0",0,NA
"4228080",41,"1",4,28000
"4228080",43,"1",4,30300
"4228080",16,"1",0,1100
"4228080",12,"0",0,NA
"4228151",21,"1",4,1500
"4228918",64,"1",2,143000
"4228955",29,"1",4,27400
"4228955",28,"1",4,32700
"4229048",43,"1",4,38700
"4229048",27,"1",4,13800
"4229167",47,"1",2,22000
"4229167",37,"1",4,30000
"4229167",4,"0",0,NA
"4229167",2,"0",0,NA
"4229233",18,"1",4,530
"4229319",34,"1",4,30310
"4231852",33,"1",4,27000
"4231852",41,"1",4,32000
"4231852",9,"0",0,NA
"4231852",5,"0",0,NA
"4233629",89,"2",4,9200
"4233835",51,"1",4,79100
"4233835",43,"1",4,35000
"4233835",15,"0",0,0
"4234327",93,"2",4,24000
"4235547",18,"1",4,2600
"4235547",27,"1",4,28000
"4236076",36,"1",4,29700
"4236076",32,"1",2,48400
"4236076",0,"0",0,NA
"4237309",78,"2",2,17200
"4237572",59,"1",4,8040
"4237572",64,"1",4,19400
"4239068",55,"1",2,46270
"4239068",85,"2",4,6170
"4239218",52,"1",4,38100
"4239218",49,"1",4,19800
"4239218",26,"1",4,15000
"4239488",26,"1",2,24000
"4239488",30,"1",4,37500
"4239488",4,"0",0,NA
"4240135",73,"2",2,11820
"4240135",65,"2",4,1500
"4240135",42,"1",4,9500
"4240900",32,"1",4,36900
"4240900",10,"0",0,NA
"4240900",6,"0",0,NA
"4240900",37,"1",4,20000
"4241387",57,"1",4,13200
"4241387",34,"1",4,34390
"4242818",45,"1",4,39000
"4242818",14,"0",0,NA
"4242818",49,"1",4,20000
"4243178",24,"1",4,20000
"4243178",23,"1",4,21000
"4243178",24,"1",4,16000
"4243419",22,"1",4,16000
"4243419",23,"1",4,49200
"4243660",76,"2",2,3500
"4244167",41,"1",4,31000
"4245365",81,"2",4,17300
"4245889",32,"1",4,25000
"4245889",29,"1",4,26000
"4245889",4,"0",0,NA
"4245889",1,"0",0,NA
"4246460",79,"2",4,31600
"4246879",88,"2",4,9700
"4249493",37,"1",2,27000
"4249493",35,"1",4,30000
"4249493",17,"1",4,2600
"4249493",16,"2",0,0
"4251204",36,"1",4,53100
"4251204",7,"0",0,NA
"4251204",5,"0",0,NA
"4252790",73,"2",2,12300
"4252790",70,"1",4,14900
"4254156",37,"1",2,50000
"4254156",37,"1",4,30000
"4254156",9,"0",0,NA
"4254156",7,"0",0,NA
"4254156",5,"0",0,NA
"4254216",58,"1",4,10700
"4254216",50,"1",4,32800
"4255152",71,"2",4,7100
"4260314",59,"1",4,43400
"4260314",47,"1",4,25000
"4260314",24,"1",4,7250
"4260314",15,"0",0,0
"4261437",60,"1",4,13630
"4261437",60,"1",2,13630
"4262439",51,"1",4,29200
"4262439",57,"1",4,19500
"4262439",14,"0",0,NA
"4262439",14,"0",0,NA
"4262651",29,"1",4,53100
"4262651",29,"1",4,22000
"4263726",28,"1",2,33000
"4263726",25,"1",4,22000
"4263726",4,"0",0,NA
"4264367",84,"2",2,16600
"4264367",77,"2",4,8000
"4265302",61,"2",2,55900
"4265302",54,"2",4,0
"4267422",40,"1",4,34600
"4267422",39,"1",4,15700
"4267422",16,"2",0,0
"4267506",56,"1",4,16000
"4267506",57,"1",2,3000
"4267800",72,"2",4,15800
"4268640",54,"1",4,130080
"4268640",55,"1",4,77100
"4268805",29,"1",4,18000
"4268805",9,"0",0,NA
"4269376",33,"1",4,45100
"4269376",33,"2",4,100
"4269376",4,"0",0,NA
"4269376",1,"0",0,NA
"4271706",72,"1",4,25880
"4273094",80,"2",4,36400
"4273094",93,"2",4,14100
"4274714",66,"1",2,40000
"4274714",47,"1",4,5000
"4274714",19,"1",4,8000
"4274714",16,"2",0,0
"4275064",70,"2",2,18100
"4275064",64,"1",4,9530
"4276760",42,"1",4,75000
"4276838",21,"1",4,3000
"4278752",36,"1",2,33500
"4278752",37,"1",4,38100
"4278752",2,"0",0,NA
"4278752",1,"0",0,NA
"4278755",20,"1",4,9000
"4278902",44,"1",4,27600
"4278902",40,"1",4,22700
"4278902",8,"0",0,NA
"4278902",5,"0",0,NA
"4279095",75,"2",4,25500
"4279951",87,"2",2,20800
"4279951",81,"2",4,14400
"4280138",46,"1",4,32000
"4280138",49,"1",3,38500
"4282523",41,"1",4,16200
"4282523",16,"2",0,0
"4282583",44,"1",4,20000
"4284094",19,"1",4,960
"4285046",31,"1",4,14000
"4285046",31,"1",4,12000
"4285046",3,"0",0,NA
"4285046",1,"0",0,NA
"4285046",67,"2",4,0
"4286524",42,"1",4,20000
"4286524",53,"1",4,15000
"4286524",42,"2",4,1200
"4286605",74,"2",4,6600
"4287836",29,"1",4,32500
"4287836",26,"2",4,0
"4287836",6,"0",0,NA
"4287836",5,"0",0,NA
"4287998",60,"1",4,140800
"4287998",53,"1",4,32000
"4287998",15,"0",0,510
"4287998",15,"0",0,510
"4288168",35,"1",4,24920
"4288168",33,"1",4,36000
"4288168",8,"0",0,NA
"4288168",5,"0",0,NA
"4288734",20,"1",4,25000
"4288734",19,"1",4,16000
"4288868",49,"1",2,25000
"4290204",23,"1",4,15000
"4290204",22,"1",4,4000
"4290268",88,"2",2,57700
"4290739",51,"1",4,9910
"4290739",58,"2",4,6604
"4290747",40,"1",4,44000
"4290747",37,"1",4,38000
"4290747",16,"1",0,3000
"4290747",10,"0",0,NA
"4291246",22,"1",4,19000
"4291246",22,"1",4,10400
"4291246",2,"0",0,NA
"4291246",0,"0",0,NA
"4292668",58,"2",4,7000
"4292668",20,"2",4,0
"4292838",55,"1",2,15000
"4294162",45,"1",4,83000
"4295674",36,"1",4,30000
"4295677",79,"2",2,24300
"4295677",74,"2",2,7200
"4296076",48,"1",4,22000
"4296076",47,"1",4,55000
"4296076",16,"1",0,100
"4296215",42,"1",2,36300
"4296986",59,"1",2,35000
"4296986",59,"1",4,30000
"4299517",19,"1",4,800
"4300791",38,"1",4,18000
"4300791",45,"1",4,32000
"4300791",17,"1",4,5200
"4300791",14,"0",0,NA
"4301488",38,"1",4,11000
"4301901",51,"2",4,105000
"4301901",53,"1",2,419000
"4301901",17,"2",4,105000
"4301901",16,"1",0,105630
"4302633",26,"1",4,4000
"4302633",9,"0",0,NA
"4302633",8,"0",0,NA
"4302633",3,"0",0,NA
"4302633",3,"0",0,NA
"4302633",20,"1",4,27000
"4302651",21,"2",4,200
"4302692",38,"1",4,25000
"4302692",38,"1",4,500
"4302692",17,"2",4,0
"4302692",10,"0",0,NA
"4302755",39,"1",4,46330
"4302755",44,"1",4,44000
"4302755",12,"0",0,NA
"4302755",7,"0",0,NA
"4303963",52,"1",4,6000
"4304629",27,"2",4,0
"4304629",4,"0",0,NA
"4304629",2,"0",0,NA
"4304629",36,"1",4,10000
"4304977",45,"1",4,7200
"4304977",10,"0",0,NA
"4304977",10,"0",0,NA
"4304977",49,"2",2,7800
"4307259",53,"1",4,54300
"4307259",44,"1",4,43700
"4307259",11,"0",0,NA
"4307259",7,"0",0,NA
"4307259",1,"0",0,NA
"4310742",64,"2",2,41200
"4310742",56,"1",4,2500
"4312804",43,"1",4,85000
"4312804",28,"1",4,27400
"4312804",8,"0",0,NA
"4312804",4,"0",0,NA
"4314414",37,"1",2,18700
"4314414",38,"1",4,8500
"4314414",11,"0",0,NA
"4315286",85,"2",4,23300
"4315286",82,"2",4,6900
"4316261",70,"2",4,10800
"4317588",35,"1",2,36000
"4317588",30,"1",4,1900
"4317588",11,"0",0,NA
"4317588",9,"0",0,NA
"4317588",6,"0",0,NA
"4318474",65,"2",2,25500
"4318474",63,"1",4,13200
"4318908",30,"1",4,34000
"4318908",11,"0",0,NA
"4318908",6,"0",0,NA
"4319666",65,"2",4,16400
"4321479",58,"1",3,60000
"4321479",57,"2",4,11900
"4321826",52,"1",4,11410
"4321826",47,"1",4,13300
"4321826",13,"0",0,NA
"4321826",11,"0",0,NA
"4321826",9,"0",0,NA
"4321826",6,"0",0,NA
"4322675",37,"1",4,36410
"4322675",39,"1",4,34400
"4322675",14,"0",0,NA
"4322675",11,"0",0,NA
"4322675",9,"0",0,NA
"4323532",57,"1",4,18900
"4323820",37,"1",4,25200
"4323820",17,"1",4,500
"4324050",39,"1",4,27000
"4324050",14,"0",0,NA
"4324050",11,"0",0,NA
"4324050",7,"0",0,NA
"4324521",53,"2",4,12300
"4324521",54,"1",4,14000
"4324521",21,"1",4,13000
"4325336",19,"1",4,5000
"4326166",40,"1",2,31000
"4326166",38,"2",4,0
"4326166",13,"0",0,NA
"4326166",13,"0",0,NA
"4326166",9,"0",0,NA
"4326166",3,"0",0,NA
"4327197",55,"1",4,70000
"4327197",48,"1",4,2000
"4327437",55,"1",2,25000
"4327437",57,"1",4,25000
"4327884",39,"1",4,2000
"4328996",67,"2",2,20600
"4328996",65,"2",4,15800
"4331064",41,"1",2,28100
"4331064",37,"1",4,9000
"4331064",17,"1",4,4700
"4331064",15,"0",0,0
"4331064",14,"0",0,NA
"4332319",43,"1",4,42000
"4332319",14,"0",0,NA
"4332319",12,"0",0,NA
"4332319",9,"0",0,NA
"4332319",4,"0",0,NA
"4332917",36,"1",2,41000
"4332917",33,"1",4,31050
"4332917",10,"0",0,NA
"4332917",7,"0",0,NA
"4334010",40,"1",3,15600
"4335704",52,"1",2,25000
"4335704",50,"1",4,15600
"4336730",44,"1",4,47690
"4336730",44,"1",4,34000
"4336730",13,"0",0,NA
"4336730",8,"0",0,NA
"4337542",32,"1",4,13710
"4337542",15,"0",0,0
"4337680",22,"1",4,17000
"4337680",25,"1",4,19000
"4337680",7,"0",0,NA
"4337680",6,"0",0,NA
"4339095",72,"1",4,11000
"4339095",62,"1",4,26500
"4340612",45,"1",4,33000
"4340612",40,"1",4,14000
"4340634",53,"2",4,0
"4342494",18,"2",4,0
"4345620",30,"1",4,24160
"4345620",31,"1",4,17000
"4345620",2,"0",0,NA
"4345718",36,"1",4,34200
"4345718",39,"1",4,5800
"4345849",48,"1",4,7300
"4347525",28,"1",2,34500
"4347525",27,"2",4,0
"4347525",3,"0",0,NA
"4347525",0,"0",0,NA
"4347525",10,"0",0,NA
"4348168",20,"1",4,1000
"4348168",22,"1",4,5000
"4348635",46,"1",4,15600
"4349437",50,"1",4,49800
"4349437",34,"1",4,10000
"4349437",13,"0",0,NA
"4349437",11,"0",0,NA
"4349437",15,"0",0,0
"4350572",19,"1",4,8000
"4350637",62,"1",4,16000
"4350637",51,"1",4,8000
"4350637",15,"0",0,0
"4350637",11,"0",0,NA
"4350637",9,"0",0,NA
"4351017",57,"1",2,68000
"4351017",49,"1",4,2000
"4351259",79,"1",4,26170
"4351259",83,"2",4,29000
"4353103",52,"1",4,57040
"4353103",53,"1",4,29000
"4353296",45,"1",4,25000
"4353296",39,"1",4,7800
"4353296",19,"1",4,9600
"4353296",16,"2",0,0
"4353679",33,"1",3,74040
"4354015",35,"2",4,6100
"4354015",9,"0",0,NA
"4354414",66,"2",4,25600
"4354414",70,"2",4,7200
"4356324",50,"1",2,20000
"4356324",19,"1",4,5000
"4356324",18,"1",4,6000
"4356590",51,"1",2,20000
"4356590",48,"1",4,20000
"4356730",47,"2",4,5000
"4356730",9,"0",0,NA
"4357650",34,"1",4,13500
"4357650",14,"0",0,NA
"4357650",12,"0",0,NA
"4357650",0,"0",0,NA
"4357650",54,"1",4,10500
"4359207",28,"1",4,16500
"4359207",30,"1",4,18000
"4360008",48,"1",4,20000
"4361936",39,"1",2,20000
"4361936",16,"1",0,770
"4361936",15,"0",0,0
"4361936",13,"0",0,NA
"4361936",11,"0",0,NA
"4361936",3,"0",0,NA
"4361936",1,"0",0,NA
"4361936",31,"2",4,2400
"4363813",70,"2",4,7400
"4366598",46,"1",4,63000
"4366598",38,"2",4,0
"4366598",10,"0",0,NA
"4366598",9,"0",0,NA
"4366598",4,"0",0,NA
"4366598",1,"0",0,NA
"4368179",39,"2",4,0
"4368179",34,"2",4,10200
"4368179",8,"0",0,NA
"4368179",5,"0",0,NA
"4368179",2,"0",0,NA
"4368308",72,"1",4,19660
"4369014",37,"1",4,25000
"4369014",3,"0",0,NA
"4369014",1,"0",0,NA
"4370083",77,"2",2,7400
"4372643",25,"1",4,15020
"4373776",93,"1",4,20500
"4375465",32,"1",4,21000
"4375465",34,"1",4,11000
"4376101",20,"1",4,1800
"4376225",80,"2",4,10800
"4376395",30,"1",4,25000
"4376395",27,"1",4,20000
"4376395",0,"0",0,NA
"4377483",51,"1",4,42670
"4377483",49,"1",4,24500
"4378445",32,"1",4,30200
"4379343",40,"2",4,6900
"4379343",29,"2",4,5000
"4379343",7,"0",0,NA
"4382716",33,"1",4,58000
"4382716",31,"1",4,7200
"4382716",3,"0",0,NA
"4382716",1,"0",0,NA
"4382799",84,"2",4,9450
"4383383",38,"1",4,47620
"4383383",31,"2",4,0
"4383383",4,"0",0,NA
"4384596",52,"1",4,800
"4384662",52,"1",4,17700
"4384662",50,"1",4,38000
"4384689",35,"1",4,15900
"4384689",15,"0",0,0
"4384689",14,"0",0,NA
"4384689",47,"1",4,18200
"4386350",57,"1",4,28500
"4386350",56,"1",4,15310
"4386350",32,"2",4,5180
"4386350",27,"1",4,30100
"4387255",47,"1",4,5000
"4392722",51,"1",4,125000
"4392937",21,"1",4,19000
"4392937",2,"0",0,NA
"4392937",24,"1",4,19000
"4393665",50,"1",4,95000
"4393665",48,"1",4,7500
"4393665",16,"1",0,4680
"4393665",13,"0",0,NA
"4393665",13,"0",0,NA
"4393943",34,"2",4,0
"4393943",27,"1",4,21000
"4393943",51,"2",4,7000
"4394670",51,"1",3,311000
"4394670",50,"2",4,0
"4394670",21,"1",4,3000
"4394670",16,"2",0,0
"4394918",27,"1",4,14000
"4394918",26,"1",4,13000
"4395116",63,"1",2,32500
"4395497",31,"1",4,18000
"4395497",24,"1",4,9800
"4395497",9,"0",0,NA
"4395950",54,"2",4,8000
"4395950",53,"1",2,28800
"4395950",20,"2",4,0
"4395950",14,"0",0,NA
"4396148",40,"1",4,4200
"4396148",32,"1",4,25000
"4396148",9,"0",0,NA
"4396148",7,"0",0,NA
"4396152",63,"2",4,770
"4396386",66,"1",2,29000
"4396386",63,"2",4,5300
"4396701",37,"2",2,6800
"4396788",42,"1",4,42600
"4396788",35,"1",4,27000
"4396788",12,"0",0,NA
"4396788",4,"0",0,NA
"4396788",1,"0",0,NA
"4397427",83,"1",2,25700
"4397427",81,"2",4,17600
"4397733",41,"1",4,12800
"4397733",41,"1",4,27600
"4397733",24,"1",4,12000
"4398674",42,"1",2,42400
"4398674",47,"1",4,16100
"4398674",12,"0",0,NA
"4399530",26,"1",4,39000
"4399530",29,"1",4,35000
"4400535",38,"1",4,17000
"4400535",50,"1",4,44270
"4400535",19,"1",4,16000
"4400951",33,"1",4,17800
"4400951",13,"0",0,NA
"4400951",12,"0",0,NA
"4400951",6,"0",0,NA
"4401146",51,"1",2,60000
"4401146",51,"1",4,40000
"4401146",10,"0",0,NA
"4402034",53,"1",4,16300
"4402034",55,"1",4,36510
"4402832",63,"1",4,23000
"4402832",56,"1",4,18090
"4402832",82,"2",4,14700
"4403377",39,"1",4,120000
"4403377",32,"1",4,5350
"4403377",3,"0",0,NA
"4403377",2,"0",0,NA
"4404088",86,"2",4,20800
"4404088",87,"2",4,11400
"4404120",71,"2",4,7500
"4404402",47,"1",2,30000
"4404402",53,"1",4,42130
"4404402",23,"1",4,8000
"4404402",19,"1",4,4000
"4404796",48,"1",4,70500
"4405189",69,"1",4,23400
"4405189",63,"1",4,4310
"4405234",57,"1",4,26000
"4406922",44,"2",4,5300
"4406922",35,"2",4,5300
"4406922",15,"0",0,1290
"4406922",13,"0",0,NA
"4407076",31,"2",4,6600
"4407076",28,"1",4,30000
"4408393",36,"1",4,26150
"4408393",47,"1",4,17200
"4408775",25,"1",4,24150
"4409593",45,"1",3,53000
"4409593",47,"2",4,0
"4409593",22,"1",4,26000
"4409641",46,"1",2,39000
"4409641",40,"1",4,42000
"4409641",15,"0",0,0
"4410412",29,"1",4,50000
"4410412",30,"1",2,2000
"4410412",8,"0",0,NA
"4410412",3,"0",0,NA
"4410412",1,"0",0,NA
"4412629",58,"1",4,33100
"4412629",56,"2",4,0
"4413494",56,"1",4,30000
"4414011",54,"1",4,16100
"4414042",58,"1",4,92000
"4414042",53,"1",4,0
"4414410",22,"1",4,17770
"4414410",1,"0",0,NA
"4414663",45,"1",4,55000
"4414663",41,"1",3,43000
"4414663",12,"0",0,NA
"4414663",10,"0",0,NA
"4414663",1,"0",0,NA
"4415085",93,"2",4,8800
"4415415",64,"2",2,8400
"4415715",46,"1",4,21300
"4415715",18,"1",4,5000
"4416249",42,"1",4,54000
"4416249",47,"1",4,25000
"4416249",7,"0",0,NA
"4416249",4,"0",0,NA
"4416249",3,"0",0,NA
"4416273",73,"2",4,20000
"4416386",87,"2",4,23000
"4416386",63,"2",2,48600
"4417793",54,"1",2,16800
"4417793",55,"1",4,19000
"4418601",51,"1",4,45170
"4418601",51,"1",4,3630
"4419764",32,"1",3,30604
"4419764",32,"1",4,35000
"4420090",81,"2",4,14500
"4420295",65,"1",2,27600
"4420295",56,"1",4,14400
"4420510",20,"1",4,9000
"4420510",19,"1",4,10000
"4420601",37,"1",4,23300
"4421441",44,"1",4,13700
"4421441",42,"1",4,50000
"4421441",11,"0",0,NA
"4424882",45,"1",4,22000
"4424882",42,"1",4,24000
"4424882",11,"0",0,NA
"4424882",7,"0",0,NA
"4424882",2,"0",0,NA
"4427752",85,"2",4,8400
"4427891",89,"2",2,114200
"4427891",85,"2",3,3800
"4430005",41,"1",2,31900
"4430005",5,"0",0,NA
"4430030",40,"1",2,52250
"4430030",39,"1",4,44870
"4430030",16,"2",0,0
"4430030",11,"0",0,NA
"4430370",82,"1",2,32400
"4431024",66,"1",2,18500
"4431349",57,"1",4,34500
"4432188",35,"1",4,25000
"4432188",33,"1",4,19000
"4432188",1,"0",0,NA
"4432694",26,"1",4,24000
"4432694",26,"1",4,75000
"4435267",57,"1",4,8400
"4435768",37,"1",4,61000
"4435768",44,"1",4,25200
"4435768",8,"0",0,NA
"4435768",5,"0",0,NA
"4435768",2,"0",0,NA
"4435768",0,"0",0,NA
"4437013",26,"1",4,35000
"4437013",39,"1",4,36000
"4437013",5,"0",0,NA
"4437013",2,"0",0,NA
"4438966",42,"1",4,70240
"4438966",44,"1",4,35240
"4438966",19,"1",3,7000
"4440509",37,"1",4,83000
"4440509",31,"2",4,0
"4440509",3,"0",0,NA
"4440509",1,"0",0,NA
"4443618",33,"1",4,15000
"4444662",18,"1",4,2000
"4445540",67,"1",4,159000
"4446490",38,"1",4,11000
"4446490",33,"1",4,14700
"4446490",17,"1",4,4500
"4446490",9,"0",0,NA
"4446490",15,"0",0,0
"4447833",66,"2",4,6800
"4447833",68,"2",4,6500
"4449467",59,"1",4,14300
"4450034",43,"1",2,22800
"4450144",78,"2",4,8400
"4450300",30,"1",4,54000
"4450346",32,"1",4,22000
"4450346",31,"1",4,4700
"4450346",12,"0",0,NA
"4450346",9,"0",0,NA
"4451178",51,"1",4,18700
"4453248",33,"1",4,36000
"4453992",55,"1",4,20000
"4454381",23,"2",4,0
"4454992",30,"1",4,15200
"4454992",8,"0",0,NA
"4454992",3,"0",0,NA
"4454992",40,"1",4,17700
"4455418",70,"2",4,18400
"4456365",78,"2",4,35000
"4456392",63,"1",2,31890
"4456392",60,"1",4,12000
"4456394",79,"1",4,72900
"4456394",75,"2",4,8200
"4456394",12,"0",0,NA
"4456878",87,"2",4,31300
"4456878",41,"1",4,22080
"4458257",51,"1",2,38000
"4458257",49,"1",4,30000
"4459006",71,"2",2,33700
"4459006",74,"2",4,6300
"4459036",59,"1",4,30300
"4459036",57,"1",4,7920
"4459722",25,"1",4,18610
"4459722",26,"1",4,29900
"4459934",60,"1",2,40000
"4459934",54,"1",4,13300
"4461731",29,"1",4,10400
"4461731",13,"0",0,NA
"4461731",13,"0",0,NA
"4461731",8,"0",0,NA
"4461731",4,"0",0,NA
"4462240",63,"2",4,10000
"4464560",41,"1",4,80500
"4464560",40,"1",4,20000
"4464560",11,"0",0,NA
"4464560",9,"0",0,NA
"4464560",7,"0",0,NA
"4465024",66,"2",2,11500
"4466011",93,"2",4,1100
"4466011",83,"2",4,5500
"4466199",47,"1",4,27000
"4466199",44,"1",4,26000
"4466199",16,"2",0,0
"4466199",12,"0",0,NA
"4466522",37,"1",4,81000
"4466522",38,"2",4,13000
"4466522",13,"0",0,NA
"4466522",8,"0",0,NA
"4466522",7,"0",0,NA
"4466522",6,"0",0,NA
"4467218",46,"1",4,70000
"4467218",38,"1",4,0
"4467807",21,"1",4,4500
"4468207",42,"1",4,30000
"4468273",41,"1",4,6400
"4468273",38,"2",4,0
"4468273",17,"2",4,0
"4468767",79,"2",4,13400
"4470450",70,"2",2,7000
"4470450",70,"2",4,3800
"4470720",71,"2",2,34900
"4470720",65,"2",4,5000
"4473389",35,"1",2,24000
"4473389",34,"2",4,0
"4473389",7,"0",0,NA
"4473389",2,"0",0,NA
"4474372",41,"1",4,66000
"4474372",41,"1",4,17000
"4474372",8,"0",0,NA
"4474372",5,"0",0,NA
"4475037",60,"1",2,40100
"4475037",57,"2",4,0
"4475037",32,"1",4,20000
"4475415",27,"1",4,8700
"4475415",5,"0",0,NA
"4475717",41,"1",4,36400
"4475717",41,"1",4,1900
"4475860",40,"1",4,28400
"4475860",40,"1",4,25840
"4475860",11,"0",0,NA
"4475860",7,"0",0,NA
"4476501",73,"1",2,22930
"4476501",64,"1",4,9950
"4477183",18,"1",4,3000
"4478313",56,"1",4,3030
"4478313",59,"1",3,21670
"4478618",22,"1",4,3000
"4478618",24,"1",4,3000
"4478618",22,"1",4,6800
"4478618",22,"1",4,600
"4478637",76,"2",2,17000
"4480487",24,"1",4,30000
"4480487",25,"1",4,6700
"4480554",88,"2",4,9100
"4481485",46,"1",2,36000
"4481485",44,"1",4,12000
"4481485",19,"1",4,5000
"4481485",16,"1",0,1000
"4481502",70,"1",2,24050
"4481502",63,"2",4,4050
"4482202",55,"1",4,45000
"4482202",11,"0",0,NA
"4482202",36,"1",4,15000
"4482738",40,"1",4,24000
"4482738",43,"1",4,6200
"4482738",12,"0",0,NA
"4482738",8,"0",0,NA
"4484775",79,"2",4,7000
"4485080",33,"1",4,6000
"4485080",34,"1",4,55000
"4485080",0,"0",0,NA
"4485370",89,"2",4,3500
"4485370",85,"2",4,7300
"4487048",38,"1",4,37100
"4487048",7,"0",0,NA
"4487395",26,"1",4,30400
"4487395",28,"1",4,44000
"4487492",81,"2",2,22000
"4487492",70,"2",4,3900
"4487737",48,"1",4,27000
"4487737",21,"1",4,4070
"4487900",52,"1",2,125000
"4487989",35,"1",4,16000
"4489103",93,"2",4,27700
"4489166",71,"2",4,26250
"4489689",36,"1",4,4000
"4490446",32,"1",4,26000
"4490446",13,"0",0,NA
"4490446",9,"0",0,NA
"4492527",62,"1",4,53900
"4495218",28,"1",4,35000
"4495218",29,"1",4,28000
"4495690",35,"1",4,19000
"4495690",36,"1",4,50000
"4496087",66,"2",4,10500
"4496087",74,"2",2,0
"4497067",45,"1",4,32400
"4497067",39,"1",4,32400
"4497067",6,"0",0,NA
"4497067",1,"0",0,NA
"4497829",22,"1",4,16000
"4497829",21,"1",4,25000
"4497849",53,"1",4,61000
"4498152",75,"2",2,15500
"4498420",30,"1",4,21600
"4498420",37,"1",4,5700
"4498420",4,"0",0,NA
"4498420",2,"0",0,NA
"4499586",62,"1",4,15100
"4499586",64,"1",4,29100
"4501123",38,"1",4,39100
"4501123",34,"1",4,37150
"4501758",84,"2",4,3710
"4504000",21,"1",4,4500
"4504196",18,"2",4,0
"4505099",51,"1",2,44600
"4505099",49,"1",4,3900
"4505099",29,"1",4,13210
"4506488",44,"1",4,43700
"4506488",45,"1",4,25100
"4508130",78,"2",4,5100
"4508372",74,"1",4,14510
"4508594",41,"1",4,40000
"4508594",44,"1",4,26000
"4508594",11,"0",0,NA
"4508594",9,"0",0,NA
"4508844",39,"1",2,11000
"4508844",36,"1",4,21000
"4508844",15,"0",0,0
"4509180",42,"1",4,48400
"4509180",47,"1",4,20000
"4509180",16,"1",0,600
"4509180",12,"0",0,NA
"4509856",32,"1",4,29500
"4509856",31,"1",4,21000
"4509856",7,"0",0,NA
"4509856",5,"0",0,NA
"4510341",45,"1",4,-4200
"4510341",48,"2",4,6500
"4510341",8,"0",0,NA
"4510453",61,"2",2,12600
"4510453",60,"2",4,5400
"4510679",67,"1",2,23000
"4510679",37,"2",4,7000
"4511429",49,"1",4,5600
"4511429",19,"1",4,1400
"4512574",56,"1",4,28000
"4512574",49,"1",4,55000
"4514516",25,"1",4,24400
"4514573",59,"1",2,56000
"4514905",48,"2",4,105000
"4515554",53,"1",3,183000
"4515554",42,"1",4,6900
"4515554",19,"1",4,3400
"4515554",18,"1",4,2000
"4516756",31,"1",4,28500
"4517571",42,"1",4,33000
"4517571",40,"1",3,40030
"4517571",19,"1",4,18000
"4517667",53,"1",2,35710
"4517869",53,"1",4,35800
"4517869",64,"1",4,36900
"4517882",81,"2",2,7500
"4517882",70,"2",4,5100
"4517882",15,"0",0,3300
"4518796",19,"1",4,20000
"4518796",20,"2",4,5000
"4518796",1,"0",0,NA
"4519779",36,"1",4,23500
"4519779",12,"0",0,NA
"4519779",41,"1",4,18000
"4519821",74,"2",2,12600
"4519821",75,"2",4,10400
"4520163",19,"1",4,5000
"4520625",55,"1",4,72050
"4520998",87,"2",4,17340
"4520998",77,"2",4,15420
"4521606",43,"1",4,35000
"4521606",49,"1",2,35000
"4521606",13,"0",0,NA
"4521607",20,"1",4,11000
"4521752",25,"1",4,19900
"4521752",25,"1",4,3600
"4521789",30,"1",4,6600
"4521929",77,"2",4,25700
"4522439",18,"2",4,0
"4523539",41,"2",4,11100
"4523539",35,"2",4,5100
"4523539",16,"1",0,4000
"4523539",10,"0",0,NA
"4523539",9,"0",0,NA
"4523759",49,"1",2,45500
"4523759",49,"1",4,19800
"4523759",30,"1",2,2300
"4524342",60,"1",4,98000
"4524662",58,"2",4,10000
"4528277",60,"1",4,54500
"4528277",58,"1",4,30200
"4529951",34,"1",4,48020
"4530764",57,"1",2,37200
"4530764",45,"1",4,36000
"4531014",33,"1",4,30500
"4531014",37,"1",4,49000
"4531901",72,"2",2,9700
"4531964",27,"1",3,27000
"4531964",26,"1",4,35250
"4532543",24,"1",4,10000
"4532543",20,"1",4,15000
"4533026",37,"2",4,12000
"4533915",78,"2",4,21000
"4533915",46,"1",2,25090
"4533915",14,"0",0,NA
"4534768",70,"1",4,9100
"4534776",27,"1",2,15000
"4535828",58,"2",4,4700
"4535828",25,"1",4,9900
"4535828",14,"0",0,NA
"4535828",56,"1",3,21300
"4536342",59,"1",4,32570
"4536530",83,"2",4,58000
"4536530",50,"1",4,39000
"4538200",43,"1",4,47000
"4538200",21,"1",4,14500
"4538200",17,"1",4,3600
"4538405",72,"1",2,21200
"4538405",64,"2",4,3004
"4538705",37,"1",4,39000
"4538705",35,"1",4,7900
"4538705",14,"0",0,NA
"4538705",13,"0",0,NA
"4540703",65,"1",4,15900
"4540703",62,"2",4,1400
"4541600",57,"1",4,33900
"4541600",58,"2",4,0
"4542012",77,"2",2,30100
"4542012",49,"1",4,34000
"4542383",26,"1",4,27100
"4542383",22,"1",4,18000
"4544860",32,"1",4,25060
"4544860",32,"1",4,23000
"4544860",1,"0",0,NA
"4547340",76,"2",4,6600
"4549285",70,"2",2,13000
"4549285",70,"1",4,19800
"4549285",49,"1",2,5000
"4549373",74,"2",2,42500
"4549373",74,"2",4,6200
"4549913",19,"1",4,3000
"4550948",38,"1",4,42000
"4551781",57,"1",4,27000
"4551781",56,"1",4,20000
"4551944",26,"1",4,11700
"4551944",7,"0",0,NA
"4551944",6,"0",0,NA
"4551944",3,"0",0,NA
"4552212",38,"1",4,24000
"4552212",36,"1",4,22900
"4552212",15,"0",0,0
"4552212",10,"0",0,NA
"4553067",54,"1",4,0
"4553067",56,"1",4,128000
"4553067",30,"1",4,40500
"4553067",26,"1",4,25300
"4554281",77,"2",2,8200
"4554422",42,"1",4,23800
"4554422",36,"1",4,21000
"4554799",51,"1",4,35120
"4554799",16,"1",0,320
"4556673",54,"1",4,13000
"4557784",49,"1",4,20700
"4557784",43,"1",4,17500
"4557888",54,"1",4,10000
"4557888",52,"1",4,60000
"4557888",29,"1",4,16000
"4557888",25,"1",4,16400
"4557888",26,"1",4,16000
"4557917",35,"1",4,52800
"4557917",37,"1",4,40000
"4557917",5,"0",0,NA
"4557917",3,"0",0,NA
"4557917",0,"0",0,NA
"4558673",50,"1",4,25800
"4558673",53,"1",4,16000
"4560056",38,"1",4,28000
"4560056",35,"1",4,12000
"4560056",9,"0",0,NA
"4560056",7,"0",0,NA
"4561005",38,"1",4,21000
"4561005",37,"2",2,9820
"4561005",11,"0",0,NA
"4561005",7,"0",0,NA
"4561005",6,"0",0,NA
"4561005",4,"0",0,NA
"4561837",84,"1",3,22900
"4561974",29,"1",4,33000
"4561974",26,"2",4,0
"4561974",4,"0",0,NA
"4561974",2,"0",0,NA
"4562860",61,"1",4,9000
"4562860",57,"1",4,16300
"4562969",23,"1",4,4000
"4562979",79,"2",4,17400
"4565929",75,"2",2,51200
"4565929",67,"2",4,8410
"4566090",41,"1",4,61900
"4566198",83,"2",2,14800
"4567081",43,"1",4,34000
"4567422",49,"1",4,80600
"4567422",47,"2",4,0
"4567422",14,"0",0,NA
"4567422",10,"0",0,NA
"4567604",21,"1",4,4000
"4568933",18,"1",4,2500
"4569341",57,"1",4,4840
"4569341",57,"1",4,30000
"4570641",38,"1",4,20000
"4570641",36,"1",4,800
"4570641",9,"0",0,NA
"4570641",6,"0",0,NA
"4570641",14,"0",0,NA
"4571273",60,"1",3,43000
"4571318",48,"1",4,434
"4571318",44,"1",4,49900
"4571318",17,"1",4,800
"4571318",16,"2",0,0
"4573664",44,"1",4,28410
"4573664",38,"1",4,21700
"4573664",15,"0",0,0
"4573923",68,"1",2,43500
"4573923",64,"1",4,10400
"4574993",50,"1",4,130500
"4574993",52,"1",2,8800
"4575873",49,"1",4,14500
"4575873",51,"2",4,0
"4576141",41,"2",4,0
"4576141",39,"1",4,112070
"4576141",9,"0",0,NA
"4576141",9,"0",0,NA
"4576141",6,"0",0,NA
"4576840",46,"1",4,80000
"4576840",45,"1",4,10000
"4576840",16,"2",0,0
"4576840",14,"0",0,NA
"4576840",12,"0",0,NA
"4577151",33,"1",4,55000
"4577151",31,"1",4,25000
"4577151",2,"0",0,NA
"4577580",57,"1",4,9000
"4577580",47,"2",4,2000
"4578400",22,"1",4,7800
"4579767",42,"1",4,50000
"4579767",40,"2",4,0
"4581211",48,"1",4,6600
"4581211",21,"1",4,2500
"4581211",12,"0",0,NA
"4581211",55,"1",4,6500
"4583006",48,"1",4,28000
"4583903",27,"1",4,52300
"4583903",28,"1",4,31160
"4583951",46,"1",2,92000
"4583951",43,"1",4,4000
"4583951",13,"0",0,NA
"4583951",10,"0",0,NA
"4584750",27,"1",4,21700
"4584750",28,"1",4,11400
"4585404",43,"1",4,14800
"4585404",34,"1",4,4800
"4585404",13,"0",0,NA
"4585531",33,"1",2,17000
"4585531",29,"1",4,16000
"4585531",4,"0",0,NA
"4585531",0,"0",0,NA
"4585982",42,"1",4,22000
"4585982",38,"1",4,46000
"4586710",57,"1",2,52000
"4586710",45,"1",4,50000
"4586970",22,"1",4,3000
"4586970",23,"1",4,12000
"4587914",36,"1",4,39400
"4587914",31,"1",4,55400
"4587914",5,"0",0,NA
"4587914",3,"0",0,NA
"4589302",55,"1",2,5560
"4589302",52,"1",4,25530
"4589913",36,"1",4,14800
"4589949",84,"2",4,15004
"4591469",29,"1",4,43000
"4591469",27,"1",4,31000
"4591893",30,"1",4,7000
"4591893",11,"0",0,NA
"4591893",0,"0",0,NA
"4593171",73,"1",4,30700
"4593171",67,"2",4,3600
"4593974",48,"2",2,43000
"4593974",54,"2",4,7600
"4594720",74,"2",2,26450
"4594720",75,"2",4,11800
"4595485",82,"2",2,16000
"4595546",39,"1",4,38000
"4595546",37,"1",4,15000
"4595546",14,"0",0,NA
"4595950",39,"1",4,31700
"4596581",33,"1",4,30000
"4596581",29,"1",4,19000
"4596581",9,"0",0,NA
"4596581",5,"0",0,NA
"4597547",44,"1",2,21400
"4597547",32,"1",4,32370
"4597547",1,"0",0,NA
"4597648",47,"1",4,20020
"4597648",51,"1",4,30020
"4597648",12,"0",0,NA
"4600441",79,"1",2,38600
"4600441",82,"1",2,10000
"4600623",53,"1",4,4400
"4601733",37,"1",2,26600
"4601733",35,"1",4,16500
"4601733",12,"0",0,NA
"4601733",8,"0",0,NA
"4601733",30,"1",4,27000
"4602017",50,"1",2,78850
"4602017",48,"2",4,850
"4602273",44,"1",4,53140
"4602273",44,"1",4,12200
"4602273",13,"0",0,NA
"4602273",12,"0",0,NA
"4602622",39,"1",4,52290
"4602622",37,"1",4,24000
"4602622",10,"0",0,NA
"4602622",8,"0",0,NA
"4602622",17,"1",4,1000
"4602736",34,"1",4,21000
"4603578",88,"2",4,3700
"4604395",40,"1",4,19000
"4606991",43,"2",4,0
"4606991",39,"1",4,60000
"4606991",7,"0",0,NA
"4606991",5,"0",0,NA
"4607205",74,"2",2,31800
"4607696",55,"1",4,4880
"4607978",49,"1",2,42000
"4607978",46,"1",4,6300
"4607978",17,"2",4,0
"4608030",38,"1",4,18000
"4608030",37,"2",4,0
"4608030",12,"0",0,NA
"4608030",8,"0",0,NA
"4608172",57,"2",4,8000
"4608791",59,"1",4,5600
"4608812",37,"1",4,24000
"4608812",33,"1",4,40000
"4608957",54,"2",4,31300
"4608957",52,"1",4,1700
"4608957",14,"0",0,NA
"4608957",14,"0",0,NA
"4609272",52,"1",3,70200
"4609272",49,"1",4,24600
"4611670",43,"2",4,0
"4611919",39,"1",4,19000
"4613435",38,"1",4,47200
"4613591",36,"1",4,7000
"4614519",93,"2",4,7000
"4614810",19,"1",4,3000
"4615708",46,"1",4,12000
"4615708",51,"1",2,33000
"4615708",22,"1",4,18800
"4615708",17,"1",4,1900
"4615708",18,"1",4,12200
"4617761",85,"2",4,13000
"4620910",55,"1",4,57900
"4620985",53,"1",3,48300
"4620985",56,"1",4,3000
"4620985",16,"1",0,430
"4624682",84,"2",4,19000
"4625754",34,"1",4,18500
"4625754",33,"1",4,28500
"4626531",41,"1",4,38320
"4626536",39,"1",4,8470
"4626536",37,"1",4,19040
"4627207",36,"1",4,34000
"4627207",36,"1",4,10000
"4627207",15,"0",0,1000
"4627207",13,"0",0,NA
"4627207",10,"0",0,NA
"4628008",79,"2",2,21110
"4628008",43,"1",4,-300
"4628008",7,"0",0,NA
"4628008",44,"1",4,26800
"4629595",67,"2",2,8400
"4631034",46,"1",4,51900
"4631034",36,"1",4,41200
"4631034",1,"0",0,NA
"4631191",24,"1",4,1800
"4631780",50,"1",4,40000
"4631780",42,"1",4,61700
"4631780",12,"0",0,NA
"4632517",52,"1",2,7500
"4632814",34,"1",4,23600
"4632814",29,"1",4,16020
"4633151",42,"1",4,44430
"4634278",45,"1",4,20200
"4634402",47,"1",4,32700
"4634402",42,"1",4,21900
"4634402",8,"0",0,NA
"4634402",6,"0",0,NA
"4636611",31,"1",4,9800
"4636611",33,"1",4,12650
"4636611",9,"0",0,NA
"4636611",8,"0",0,NA
"4636611",4,"0",0,NA
"4637193",58,"1",4,2000
"4637193",55,"1",4,25000
"4637193",85,"2",2,5060
"4639660",56,"2",4,13200
"4639660",42,"2",4,0
"4639660",16,"2",0,0
"4639960",21,"1",4,600
"4640622",76,"2",2,45500
"4640622",76,"2",4,5000
"4641139",20,"1",4,3000
"4641527",37,"1",2,18000
"4641637",19,"1",4,5500
"4642449",50,"1",4,13000
"4643069",66,"2",4,9800
"4643985",16,"1",0,300
"4644086",22,"1",4,24800
"4645213",61,"2",2,21700
"4645213",64,"1",4,52200
"4646580",19,"2",4,0
"4646604",67,"1",3,23800
"4647518",42,"1",4,74000
"4647518",21,"1",4,15000
"4648079",82,"2",4,9200
"4648152",42,"2",4,10300
"4648152",15,"0",0,0
"4648437",51,"1",4,45000
"4648437",52,"1",4,24000
"4648836",49,"1",4,60000
"4648836",35,"1",4,18000
"4649381",68,"2",2,22200
"4649381",61,"1",4,8510
"4649985",62,"1",4,19000
"4650035",85,"2",4,6000
"4650609",18,"1",4,3000
"4650853",78,"2",4,20100
"4650853",72,"2",4,4900
"4652966",40,"1",4,13900
"4652966",43,"1",4,20470
"4652966",76,"2",4,11000
"4653535",25,"1",4,4600
"4653931",18,"1",4,4000
"4654702",51,"1",4,16000
"4654702",9,"0",0,NA
"4655292",36,"1",4,8000
"4655329",61,"1",2,8700
"4655906",24,"1",4,3500
"4655906",0,"0",0,NA
"4656220",29,"1",4,27000
"4656220",26,"1",4,23800
"4656625",49,"1",2,30600
"4656625",15,"0",0,0
"4657171",58,"1",2,16000
"4657171",54,"1",4,24000
"4657181",52,"2",4,2740
"4657181",56,"2",4,2200
"4657181",31,"2",4,0
"4657181",28,"2",4,4170
"4657877",47,"1",4,19420
"4657877",27,"1",4,16000
"4657877",37,"1",4,16000
"4658550",64,"2",2,13610
"4658550",60,"1",4,8700
"4658550",23,"2",3,0
"4661042",47,"1",4,65000
"4661042",48,"1",4,37000
"4661042",14,"0",0,NA
"4661042",14,"0",0,NA
"4661042",8,"0",0,NA
"4661502",41,"1",2,23600
"4661540",35,"1",4,130000
"4661540",32,"2",4,0
"4661540",2,"0",0,NA
"4661736",37,"1",4,25000
"4661736",30,"1",4,23000
"4662112",76,"1",2,120000
"4662112",71,"2",4,7140
"4662803",33,"1",4,13000
"4666487",49,"1",4,63500
"4666487",50,"1",4,71000
"4666487",35,"1",4,26000
"4667460",61,"2",3,51200
"4667460",56,"2",4,14900
"4667460",33,"1",4,25000
"4667460",5,"0",0,NA
"4667460",32,"2",4,0
"4668419",59,"1",4,30600
"4668609",60,"1",2,19200
"4668609",55,"2",4,0
"4668609",27,"1",4,8000
"4668695",54,"1",2,59500
"4668695",50,"1",4,47200
"4669245",24,"1",4,18700
"4670599",59,"1",2,18000
"4671736",36,"1",4,80500
"4673100",54,"2",4,7000
"4673100",50,"1",4,9300
"4674251",54,"1",4,64900
"4674251",47,"1",4,43500
"4675028",85,"2",4,9000
"4675215",18,"1",4,1420
"4675985",26,"1",4,28000
"4675985",5,"0",0,NA
"4675985",3,"0",0,NA
"4675985",30,"1",4,37050
"4676080",48,"2",4,7200
"4676431",63,"1",2,22010
"4676431",57,"1",4,19000
"4676903",36,"1",4,62000
"4676903",36,"1",4,62000
"4676992",86,"2",4,110100
"4677899",44,"1",4,32100
"4677899",49,"1",4,144000
"4677935",41,"1",2,23600
"4677935",38,"1",4,22000
"4677935",16,"1",0,1800
"4677935",13,"0",0,NA
"4677935",9,"0",0,NA
"4677935",9,"0",0,NA
"4678185",30,"1",4,37190
"4678185",31,"2",4,0
"4678185",4,"0",0,NA
"4678185",1,"0",0,NA
"4678337",66,"2",4,8830
"4678337",93,"2",4,9300
"4678447",45,"1",2,25280
"4678447",45,"1",4,35090
"4679215",70,"1",2,27000
"4679215",72,"2",4,5600
"4679523",47,"1",4,66000
"4679523",36,"1",4,19400
"4679523",9,"0",0,NA
"4679614",46,"1",4,50000
"4679614",20,"2",4,0
"4680983",56,"2",4,12500
"4680983",14,"0",0,NA
"4680983",9,"0",0,NA
"4682737",25,"1",4,6700
"4682737",19,"2",4,0
"4682737",2,"0",0,NA
"4682737",0,"0",0,NA
"4683186",41,"2",2,7000
"4683186",32,"1",4,13800
"4683186",1,"0",0,NA
"4683186",13,"0",0,NA
"4683186",9,"0",0,NA
"4683755",43,"2",4,2000
"4683755",40,"1",4,120000
"4684967",71,"2",2,20000
"4685077",21,"1",3,7000
"4687011",40,"1",4,22500
"4687808",42,"1",4,40000
"4687808",39,"2",4,0
"4687808",5,"0",0,NA
"4687808",3,"0",0,NA
"4687808",69,"2",4,7680
"4688270",64,"2",2,18000
"4688270",58,"1",4,54700
"4688332",49,"1",4,31230
"4688332",16,"2",0,0
"4688683",47,"2",4,7900
"4690059",18,"1",4,1500
"4691309",49,"2",4,9400
"4691309",45,"2",4,0
"4691309",18,"1",4,16010
"4691999",43,"1",4,28000
"4691999",43,"1",4,20000
"4692158",42,"1",4,122000
"4692158",44,"1",4,12500
"4692601",59,"1",2,24000
"4692601",55,"1",4,36000
"4693029",48,"1",3,72000
"4693029",50,"1",4,65000
"4693029",25,"2",4,6000
"4694245",33,"1",4,15200
"4695513",51,"1",2,70000
"4695513",43,"1",4,17000
"4695513",16,"2",0,0
"4695839",85,"2",4,54300
"4696572",55,"2",4,118900
"4696572",50,"1",4,3e+05
"4696938",55,"1",4,39500
"4698399",38,"1",4,83200
"4698399",40,"1",4,27200
"4698399",16,"1",0,1520
"4698399",13,"0",0,NA
"4698542",39,"1",4,51000
"4698542",36,"1",4,48000
"4698542",15,"0",0,520
"4698542",12,"0",0,NA
"4698951",78,"2",4,109700
"4699223",23,"2",4,0
"4699293",40,"1",4,42000
"4699293",47,"2",4,8000
"4699293",14,"0",0,NA
"4699293",12,"0",0,NA
"4700119",70,"2",4,7100
"4700119",93,"2",4,6700
"4700785",67,"1",2,6100
"4700788",57,"1",4,41500
"4700788",63,"1",2,38320
"4701329",36,"1",4,40000
"4701329",33,"2",4,0
"4701329",8,"0",0,NA
"4701409",93,"2",4,1200
"4701409",77,"2",4,6000
"4702422",38,"1",4,29500
"4702422",8,"0",0,NA
"4702422",8,"0",0,NA
"4702422",12,"0",0,NA
"4702422",38,"1",4,28250
"4703331",39,"1",4,21000
"4703331",36,"1",4,24000
"4703331",12,"0",0,NA
"4703331",8,"0",0,NA
"4703331",5,"0",0,NA
"4703331",5,"0",0,NA
"4703373",42,"1",4,24000
"4703373",35,"2",4,0
"4703373",13,"0",0,NA
"4703373",6,"0",0,NA
"4703373",30,"1",4,18000
"4704583",60,"2",2,35000
"4704583",59,"2",4,35000
"4704775",43,"1",4,309000
"4704775",43,"2",4,0
"4704775",10,"0",0,NA
"4704775",16,"1",0,1500
"4707229",40,"1",4,17500
"4707229",12,"0",0,NA
"4707229",3,"0",0,NA
"4707794",31,"1",4,63040
"4707794",29,"1",4,3000
"4707794",0,"0",0,NA
"4707821",39,"1",4,28300
"4708497",18,"2",4,6000
"4708497",1,"0",0,NA
"4708696",24,"2",4,0
"4708696",25,"1",4,30000
"4708696",1,"0",0,NA
"4709923",18,"1",4,350
"4710625",37,"1",4,21600
"4710625",34,"1",4,5000
"4710625",7,"0",0,NA
"4710944",52,"1",2,23100
"4710944",52,"1",4,12300
"4713707",58,"2",4,6600
"4713707",8,"0",0,NA
"4713707",5,"0",0,NA
"4717321",51,"2",2,7100
"4719189",47,"1",4,43050
"4719189",48,"1",2,33700
"4719189",17,"1",4,1400
"4719189",14,"0",0,NA
"4720742",43,"1",4,31100
"4720742",41,"1",4,29000
"4720742",24,"1",4,27300
"4720742",20,"1",4,3900
"4721047",50,"1",4,23230
"4721047",36,"1",4,27000
"4721182",54,"2",2,11000
"4721182",53,"2",4,0
"4722048",54,"1",4,30000
"4722048",52,"1",4,39000
"4722048",32,"2",4,7100
"4722404",61,"1",4,62000
"4722404",63,"2",4,0
"4722435",21,"1",4,4000
"4723604",48,"1",2,31000
"4723604",48,"1",4,61000
"4726450",55,"1",2,31170
"4726450",57,"1",4,45200
"4726450",82,"2",2,0
"4726450",70,"1",4,34000
"4726450",40,"1",4,12000
"4726568",30,"1",4,32000
"4726568",27,"2",4,0
"4726568",1,"0",0,NA
"4727033",43,"1",3,27250
"4727033",48,"1",4,26050
"4727235",20,"1",4,4500
"4727813",27,"1",4,33500
"4728772",86,"2",4,0
"4729089",89,"2",4,6000
"4729541",28,"1",4,13000
"4729541",25,"1",4,4500
"4729943",31,"1",4,28000
"4731959",44,"1",4,30000
"4731959",42,"1",4,30000
"4731959",20,"1",4,10000
"4731959",18,"1",4,7100
"4732851",32,"1",4,20000
"4732851",11,"0",0,NA
"4732851",32,"1",4,11000
"4734152",41,"1",4,60040
"4734152",39,"1",4,6000
"4734152",10,"0",0,NA
"4734152",8,"0",0,NA
"4735675",50,"1",2,18000
"4735828",43,"1",4,13200
"4735828",49,"1",4,14800
"4735859",81,"2",2,40500
"4735859",78,"2",4,19600
"4736730",51,"1",4,41140
"4736730",23,"1",4,8000
"4737785",76,"2",2,22500
"4738455",33,"1",4,21000
"4738455",46,"1",4,10000
"4738455",8,"0",0,NA
"4738455",5,"0",0,NA
"4739166",54,"1",2,16000
"4739166",8,"0",0,NA
"4739166",44,"1",4,18000
"4739489",59,"2",2,12000
"4740193",59,"1",3,28000
"4740193",56,"1",4,6000
"4742382",53,"1",4,38400
"4742382",63,"1",4,19500
"4742509",77,"2",4,8000
"4743671",68,"1",2,46400
"4743671",63,"1",4,17300
"4744069",37,"2",3,4800
"4744069",4,"0",0,NA
"4744224",50,"1",2,31900
"4745388",29,"1",4,49000
"4745388",28,"2",4,0
"4745388",9,"0",0,NA
"4745388",7,"0",0,NA
"4745388",4,"0",0,NA
"4745388",2,"0",0,NA
"4745870",46,"2",4,18100
"4745870",17,"1",4,500
"4746365",56,"1",4,46300
"4746805",32,"1",4,20100
"4746805",9,"0",0,NA
"4748318",38,"1",4,56000
"4748318",36,"1",4,8100
"4748318",1,"0",0,NA
"4748318",1,"0",0,NA
"4751903",30,"1",4,75000
"4751903",28,"1",4,12000
"4751903",0,"0",0,NA
"4752196",81,"2",4,66300
"4752196",61,"2",4,0
"4752302",38,"1",3,26000
"4752557",26,"1",4,12040
"4752557",33,"1",4,21100
"4752884",45,"1",4,45400
"4752884",41,"1",4,6400
"4752884",13,"0",0,NA
"4752884",8,"0",0,NA
"4753218",49,"1",4,107000
"4753218",46,"1",4,25000
"4753218",17,"1",4,500
"4753218",14,"0",0,NA
"4753297",27,"1",4,25000
"4753297",25,"1",2,24000
"4754217",50,"1",4,3700
"4754217",23,"1",4,4000
"4754217",14,"0",0,NA
"4754689",54,"2",4,5510
"4754689",32,"2",4,0
"4754689",32,"1",4,10000
"4754829",48,"1",4,42000
"4754829",52,"1",4,19000
"4756489",30,"1",4,45000
"4756489",32,"1",4,17200
"4756489",14,"0",0,NA
"4759590",75,"2",4,27750
"4759620",54,"1",4,41200
"4759620",56,"1",4,4900
"4759620",16,"1",0,670
"4759620",17,"1",4,400
"4759667",33,"1",4,26120
"4759667",32,"1",4,4800
"4759667",10,"0",0,NA
"4759667",6,"0",0,NA
"4760205",62,"1",4,34500
"4760205",67,"1",2,82570
"4760588",39,"1",4,309000
"4760588",37,"2",4,0
"4760588",6,"0",0,NA
"4760588",4,"0",0,NA
"4760588",2,"0",0,NA
"4761883",51,"1",4,18000
"4761883",48,"2",4,138900
"4761883",17,"2",4,0
"4762204",21,"1",4,3000
"4763375",61,"1",4,135000
"4763821",42,"1",3,57000
"4763821",40,"1",4,17000
"4763821",13,"0",0,NA
"4763896",66,"2",4,119200
"4763896",68,"2",4,22300
"4767170",39,"1",4,20000
"4767170",37,"1",4,30000
"4767170",17,"1",4,1500
"4767561",18,"1",4,3500
"4767976",47,"1",4,38030
"4767976",11,"0",0,NA
"4768438",65,"2",4,6800
"4768836",37,"1",4,20920
"4768836",32,"1",4,34000
"4768836",4,"0",0,NA
"4768836",2,"0",0,NA
"4769967",35,"1",4,27400
"4769967",35,"1",4,4000
"4769967",7,"0",0,NA
"4769967",5,"0",0,NA
"4770119",31,"1",4,24500
"4770119",24,"1",4,17500
"4770119",21,"1",4,16890
"4770776",47,"1",2,53400
"4770776",39,"1",4,35100
"4771676",18,"1",4,2700
"4773069",67,"1",2,31300
"4773069",59,"1",4,8700
"4773194",72,"1",2,59500
"4773194",79,"2",4,3500
"4773715",46,"1",4,38000
"4773715",48,"1",4,40000
"4773759",47,"1",4,50000
"4773759",51,"1",4,35000
"4774255",22,"1",4,25010
"4774255",19,"1",4,24000
"4774403",74,"2",4,22510
"4774403",68,"2",4,1800
"4775117",53,"1",2,25000
"4776997",57,"1",4,12000
"4776997",58,"1",4,19000
"4777863",75,"2",4,10000
"4777878",33,"1",2,70200
"4777878",30,"1",4,22000
"4780700",34,"1",4,14000
"4780700",33,"1",4,48000
"4780700",5,"0",0,NA
"4780700",3,"0",0,NA
"4780848",63,"2",2,105000
"4780878",55,"2",4,10000
"4780878",52,"1",4,1500
"4780878",24,"1",4,8000
"4780964",35,"1",4,36000
"4781063",36,"1",4,12990
"4781063",15,"0",0,340
"4782267",26,"1",4,25000
"4783590",16,"1",0,2000
"4785640",42,"1",4,30200
"4785640",7,"0",0,NA
"4786225",81,"2",4,14700
"4787313",22,"1",2,26000
"4787313",21,"1",4,23830
"4788002",24,"1",4,2900
"4788002",60,"2",4,5000
"4788778",28,"1",4,35000
"4788778",26,"1",4,14000
"4788778",4,"0",0,NA
"4788778",2,"0",0,NA
"4789049",54,"1",3,36000
"4789049",42,"1",4,28600
"4789049",16,"2",0,0
"4791006",42,"1",4,16000
"4791006",43,"1",2,17900
"4791006",21,"1",4,16000
"4791044",53,"1",4,26100
"4791050",41,"1",4,26000
"4791050",45,"2",4,620
"4791050",5,"0",0,NA
"4791111",40,"1",4,18000
"4791111",31,"1",4,31500
"4791703",68,"1",4,27000
"4792276",84,"2",4,22400
"4792659",35,"1",4,36700
"4792659",29,"1",4,2400
"4792659",20,"2",4,0
"4792659",3,"0",0,NA
"4793118",40,"1",4,29600
"4793118",50,"2",4,38200
"4793159",41,"1",2,55640
"4793286",39,"1",4,16400
"4794221",80,"2",2,9800
"4794221",68,"2",4,5400
"4795731",23,"1",4,3500
"4795731",3,"0",0,NA
"4795731",3,"0",0,NA
"4795731",23,"1",4,13000
"4796556",52,"1",3,42200
"4796556",52,"1",4,40300
"4796793",77,"2",2,10200
"4796793",84,"2",4,39100
"4797900",46,"1",4,38400
"4797900",47,"1",4,17000
"4797900",23,"1",4,16700
"4799263",83,"2",2,32300
"4799858",35,"1",4,55080
"4799858",34,"1",4,7820
"4799858",7,"0",0,NA
"4799858",3,"0",0,NA
"4801707",25,"1",4,29000
"4801707",26,"1",4,11000
"4801707",7,"0",0,NA
"4801707",3,"0",0,NA
"4801781",31,"1",4,28500
"4801781",29,"1",4,390
"4801781",4,"0",0,NA
"4801781",1,"0",0,NA
"4802180",93,"2",4,6700
"4802424",59,"1",2,28000
"4802424",59,"1",4,13000
"4803198",44,"1",2,17000
"4803198",13,"0",0,NA
"4803198",41,"1",4,47500
"4805307",53,"1",2,70000
"4805307",46,"1",4,10030
"4805307",14,"0",0,NA
"4805307",12,"0",0,NA
"4805895",37,"1",1,43400
"4805895",39,"1",2,13500
"4805895",11,"0",0,NA
"4806321",35,"1",2,40700
"4806321",31,"1",4,8000
"4806321",14,"0",0,NA
"4806321",13,"0",0,NA
"4806321",9,"0",0,NA
"4806321",7,"0",0,NA
"4807381",54,"1",4,16000
"4807747",21,"1",4,3400
"4807964",52,"1",2,27000
"4807964",26,"1",4,18500
"4807964",22,"1",4,14300
"4808396",47,"1",4,55000
"4808396",38,"2",4,0
"4808396",0,"0",0,NA
"4809164",81,"2",2,10000
"4809589",28,"1",4,30050
"4809589",31,"2",4,0
"4809589",12,"0",0,NA
"4809589",11,"0",0,NA
"4809589",9,"0",0,NA
"4810325",37,"1",4,34000
"4810325",36,"1",4,45000
"4810325",1,"0",0,NA
"4810394",37,"1",2,25000
"4810394",45,"1",4,20000
"4810455",28,"2",4,8000
"4810455",1,"0",0,NA
"4810776",53,"1",2,16404
"4810776",51,"1",4,49000
"4814398",17,"1",4,3320
"4814851",45,"1",4,38500
"4814851",15,"0",0,4500
"4814851",13,"0",0,NA
"4814851",35,"2",4,1300
"4815942",81,"2",4,6660
"4816430",40,"1",4,24500
"4816430",40,"1",4,22200
"4816430",17,"1",4,2500
"4816430",15,"0",0,0
"4816651",24,"1",4,10800
"4816651",23,"1",4,25500
"4816651",20,"1",4,1000
"4818489",59,"1",4,42600
"4818489",33,"1",4,17000
"4818694",50,"1",4,39000
"4818694",51,"1",4,41000
"4818694",8,"0",0,NA
"4819711",23,"1",4,19800
"4819711",28,"1",4,37000
"4821964",50,"1",2,290000
"4821964",43,"1",4,6200
"4821964",11,"0",0,NA
"4822271",28,"1",4,50000
"4822271",4,"0",0,NA
"4822271",25,"1",2,15500
"4823406",50,"1",4,22000
"4823406",52,"1",4,21120
"4823427",52,"1",4,50200
"4823427",43,"1",4,42600
"4823897",54,"1",4,50000
"4823897",53,"1",4,17000
"4824629",74,"1",2,12000
"4825255",35,"1",4,23080
"4825255",16,"1",0,6500
"4825255",14,"0",0,NA
"4825255",9,"0",0,NA
"4825255",35,"1",4,23000
"4825939",74,"2",4,20800
"4826187",57,"2",2,25000
"4826187",56,"1",4,51100
"4826736",39,"1",4,86200
"4826736",40,"1",4,14500
"4826736",8,"0",0,NA
"4826736",5,"0",0,NA
"4826985",28,"1",4,6000
"4826985",28,"1",4,35000
"4826985",4,"0",0,NA
"4826985",2,"0",0,NA
"4828075",74,"2",4,13300
"4828160",18,"1",4,500
"4828436",40,"1",4,24000
"4828436",34,"1",4,25600
"4828436",17,"1",4,11900
"4829244",43,"1",3,25740
"4829244",43,"1",4,29600
"4829244",20,"1",4,8200
"4829471",40,"1",4,8800
"4829471",39,"1",2,37000
"4829471",11,"0",0,NA
"4829471",9,"0",0,NA
"4829696",57,"2",2,0
"4829696",56,"1",4,19400
"4829723",39,"1",4,17200
"4830517",20,"1",4,9000
"4832705",39,"1",2,32500
"4832705",39,"1",4,31000
"4832705",19,"1",4,17000
"4832705",17,"1",4,2500
"4833404",81,"2",4,4800
"4833404",80,"2",2,13000
"4833659",59,"1",4,27000
"4833659",57,"1",4,15600
"4833730",42,"1",4,40000
"4833809",78,"2",4,13900
"4833809",69,"2",4,8800
"4834133",41,"1",2,80000
"4834133",35,"2",4,0
"4834133",13,"0",0,NA
"4834133",12,"0",0,NA
"4834133",9,"0",0,NA
"4835247",44,"1",2,43700
"4835247",44,"1",4,41000
"4835247",19,"1",4,7000
"4835247",18,"1",4,5000
"4836531",50,"1",2,12450
"4836614",43,"1",4,225000
"4836934",42,"1",4,49000
"4836934",3,"0",0,NA
"4836934",35,"1",4,29000
"4838015",33,"1",2,41000
"4838015",33,"1",4,10040
"4838015",12,"0",0,NA
"4838015",7,"0",0,NA
"4838232",56,"1",4,21590
"4838365",39,"1",4,15000
"4838365",36,"1",4,7000
"4838365",8,"0",0,NA
"4838365",10,"0",0,NA
"4839185",38,"1",4,40000
"4839185",27,"2",4,0
"4839185",6,"0",0,NA
"4839185",4,"0",0,NA
"4839185",3,"0",0,NA
"4839185",2,"0",0,NA
"4839191",42,"1",4,18600
"4839867",45,"1",4,41800
"4839867",41,"2",4,7200
"4841947",78,"2",4,23700
"4841947",79,"2",2,4400
"4842090",40,"2",4,1130
"4842920",85,"2",4,24100
"4845409",38,"1",4,7500
"4845409",12,"0",0,NA
"4845409",9,"0",0,NA
"4845409",2,"0",0,NA
"4846077",81,"2",4,20700
"4846673",56,"1",4,12000
"4846673",53,"1",4,40400
"4846673",54,"2",4,100
"4848306",34,"1",4,10000
"4848306",38,"1",4,12700
"4848306",3,"0",0,NA
"4849158",27,"1",4,10000
"4849158",4,"0",0,NA
"4849158",33,"1",4,25000
"4852314",35,"1",2,34000
"4852314",31,"1",4,1600
"4852314",12,"0",0,NA
"4852314",9,"0",0,NA
"4852314",5,"0",0,NA
"4852319",39,"1",4,127000
"4852319",39,"1",4,121000
"4852319",8,"0",0,NA
"4852319",5,"0",0,NA
"4854733",84,"2",4,35200
"4854835",33,"1",4,33700
"4854835",50,"1",4,4300
"4854835",10,"0",0,NA
"4854861",60,"1",4,28000
"4854861",63,"2",4,60
"4854861",38,"2",4,4700
"4854861",35,"2",4,6300
"4854861",12,"0",0,NA
"4854861",11,"0",0,NA
"4854861",10,"0",0,NA
"4854861",4,"0",0,NA
"4855024",59,"1",4,40000
"4855024",59,"1",4,10000
"4855302",39,"1",4,50000
"4856178",56,"2",4,105000
"4856317",71,"1",2,21200
"4856317",66,"1",2,10500
"4856317",62,"2",4,43400
"4857682",75,"2",4,7100
"4858195",83,"2",4,7000
"4859713",46,"1",4,346100
"4859713",45,"1",4,126400
"4859713",13,"0",0,NA
"4859713",11,"0",0,NA
"4859713",8,"0",0,NA
"4860231",74,"2",4,11300
"4861178",63,"1",4,50000
"4861178",72,"2",4,6000
"4862261",75,"2",4,111900
"4862898",55,"1",4,19900
"4862898",57,"1",2,30000
"4864440",35,"1",4,75200
"4864440",35,"1",4,23000
"4864440",8,"0",0,NA
"4864440",6,"0",0,NA
"4864545",38,"1",4,16000
"4866486",67,"2",4,17000
"4869156",35,"1",4,1650
"4869156",35,"1",4,74000
"4869156",11,"0",0,NA
"4869156",9,"0",0,NA
"4869156",6,"0",0,NA
"4870143",57,"1",2,37000
"4870143",55,"1",4,18700
"4871574",38,"1",2,10000
"4871574",38,"1",4,5000
"4871574",15,"0",0,0
"4871971",57,"1",4,40000
"4871971",46,"1",4,27830
"4871971",20,"1",4,4004
"4871971",17,"1",4,8300
"4872103",29,"1",4,24080
"4872103",33,"1",4,33600
"4872824",37,"1",4,60000
"4872824",28,"1",4,10000
"4872824",4,"0",0,NA
"4872824",2,"0",0,NA
"4873828",53,"1",4,39000
"4873828",51,"1",2,18200
"4873828",20,"1",4,7500
"4874273",75,"2",2,68200
"4875513",26,"2",4,7400
"4875513",4,"0",0,NA
"4877809",77,"1",2,38300
"4877809",80,"2",4,34600
"4878546",26,"1",2,34000
"4878546",23,"1",4,13000
"4878772",45,"1",4,81000
"4879035",30,"1",4,49300
"4879035",30,"1",4,27000
"4879035",2,"0",0,NA
"4879035",0,"0",0,NA
"4879165",44,"1",4,55000
"4879165",45,"1",4,18000
"4879382",19,"1",4,3000
"4880130",60,"1",3,13900
"4880130",66,"1",3,20500
"4880171",21,"1",4,16300
"4880171",18,"1",4,800
"4881072",20,"1",4,20000
"4881258",78,"2",2,43900
"4881760",74,"2",2,16700
"4881807",20,"1",4,3800
"4882252",53,"1",4,65200
"4882252",55,"1",4,30100
"4882362",70,"1",4,33810
"4883000",72,"2",4,11500
"4884391",49,"1",4,22000
"4884391",48,"1",4,25000
"4886248",47,"1",4,58500
"4886248",53,"2",4,0
"4888841",38,"1",4,29200
"4891332",88,"2",4,9860
"4891332",46,"1",4,17210
"4891332",84,"2",4,5700
"4891332",23,"1",4,12900
"4891332",11,"0",0,NA
"4891332",40,"1",4,18400
"4891403",71,"1",2,54100
"4891403",65,"2",4,6000
"4891896",50,"1",4,35400
"4891896",51,"2",4,0
"4891896",28,"2",4,0
"4891896",87,"2",2,10600
"4891896",80,"2",4,4400
"4892040",61,"1",2,27980
"4892040",58,"1",4,4000
"4892040",16,"2",0,0
"4893945",52,"1",2,40060
"4893945",52,"1",4,17800
"4895694",74,"2",4,5530
"4896242",38,"1",4,34000
"4896486",57,"1",2,60000
"4896486",55,"1",4,6800
"4896771",20,"1",4,3000
"4897030",50,"1",4,20000
"4897030",46,"1",2,42000
"4897104",72,"2",4,24400
"4898803",40,"2",4,3600
"4898803",17,"1",4,5500
"4898803",52,"1",2,20200
"4899746",68,"1",2,16910
"4899746",62,"2",4,3300
"4900659",29,"1",4,37000
"4900659",30,"1",4,-4000
"4900659",4,"0",0,NA
"4900659",1,"0",0,NA
"4901293",58,"1",4,69000
"4901293",56,"1",4,22000
"4902113",21,"1",4,3800
"4902113",24,"1",4,3800
"4902995",86,"2",4,9200
"4902995",78,"2",3,5500
"4903304",65,"2",4,12000
"4904699",54,"2",4,6700
"4904699",64,"2",4,6640
"4907537",54,"1",4,15000
"4907537",64,"1",2,26200
"4908152",19,"1",4,4000
"4909237",21,"1",4,20000
"4909801",49,"1",4,37000
"4909801",57,"1",4,2000
"4910024",41,"1",4,10000
"4910024",42,"1",4,32000
"4910024",13,"0",0,NA
"4910024",8,"0",0,NA
"4910085",60,"1",4,4650
"4910085",62,"1",4,17060
"4912243",75,"2",4,8400
"4912243",65,"2",4,0
"4912765",93,"2",4,10900
"4912839",80,"2",2,41700
"4912839",75,"2",4,27400
"4912920",76,"1",4,38600
"4913410",36,"1",4,24000
"4913410",31,"1",4,6900
"4913410",9,"0",0,NA
"4913410",5,"0",0,NA
"4913668",53,"1",4,36200
"4913668",51,"1",4,28900
"4913925",21,"1",4,8000
"4915169",75,"1",4,15160
"4915169",51,"1",4,37050
"4915169",73,"2",4,9300
"4915594",62,"1",4,5500
"4915633",56,"1",4,30680
"4915633",60,"1",4,5000
"4917100",52,"1",4,3100
"4917100",53,"2",3,13200
"4917100",14,"0",0,NA
"4917632",55,"1",4,5900
"4917632",59,"1",4,29000
"4917710",72,"2",4,6400
"4919225",63,"1",4,23330
"4919870",43,"1",4,24050
"4920563",40,"1",2,55000
"4920563",39,"1",4,30000
"4920620",26,"1",4,12000
"4920620",27,"1",4,11000
"4920870",49,"1",4,74360
"4920870",46,"1",4,950
"4920870",17,"1",4,4100
"4920870",11,"0",0,NA
"4921589",50,"1",4,9000
"4921589",47,"1",4,9000
"4921589",21,"1",4,23000
"4921608",50,"1",4,10300
"4921608",38,"1",4,29900
"4921796",75,"2",2,15830
"4921796",70,"2",4,7850
"4921894",53,"1",2,25500
"4921894",56,"1",4,5000
"4921894",14,"0",0,NA
"4922590",50,"1",4,61390
"4922590",47,"1",4,45270
"4922590",26,"1",4,20020
"4922590",18,"1",4,3440
"4922635",65,"2",2,105000
"4922635",64,"2",4,9700
"4923825",65,"2",4,22000
"4923825",72,"1",4,30000
"4924005",31,"1",3,40000
"4924005",2,"0",0,NA
"4924005",25,"1",4,20000
"4924679",77,"2",2,120500
"4925373",70,"2",4,2704
"4925373",63,"2",4,22000
"4925572",55,"1",4,23900
"4925638",36,"1",4,23020
"4925638",33,"1",4,15700
"4925638",9,"0",0,NA
"4925638",12,"0",0,NA
"4925779",24,"1",4,5000
"4925779",28,"1",4,7000
"4925779",28,"1",4,5000
"4925779",24,"1",4,5004
"4928036",36,"1",4,28000
"4928036",38,"1",4,20000
"4928036",11,"0",0,NA
"4928036",7,"0",0,NA
"4929227",67,"1",3,21100
"4929227",61,"1",4,1000
"4930913",44,"1",4,43400
"4930913",43,"1",4,40800
"4930913",11,"0",0,NA
"4930913",9,"0",0,NA
"4931155",81,"2",4,130900
"4931555",72,"1",2,66000
"4931555",76,"2",4,10000
"4932363",23,"1",4,14000
"4932363",20,"1",4,13000
"4932660",93,"2",4,6004
"4934662",20,"1",4,3000
"4934663",48,"1",2,21400
"4934663",45,"1",4,13700
"4934663",24,"1",4,20600
"4934663",19,"1",4,9100
"4934663",11,"0",0,NA
"4934663",21,"1",4,12400
"4936781",43,"1",4,15100
"4936781",41,"1",4,2500
"4936781",11,"0",0,NA
"4936781",9,"0",0,NA
"4936781",7,"0",0,NA
"4937509",52,"1",4,43000
"4937509",54,"1",4,10400
"4937679",21,"1",4,18000
"4937756",88,"2",2,8600
"4937756",73,"2",4,11200
"4938757",49,"1",2,22000
"4939367",37,"1",4,15030
"4939367",37,"1",4,8230
"4939367",2,"0",0,NA
"4939367",0,"0",0,NA
"4942756",48,"1",4,39600
"4942756",49,"1",4,43500
"4942756",18,"1",4,4860
"4942807",63,"1",3,42000
"4942807",62,"1",4,23700
"4944064",75,"2",4,3900
"4944064",74,"2",2,12400
"4947029",40,"1",4,40200
"4948044",62,"1",2,30000
"4948044",40,"1",4,11000
"4948883",34,"1",4,8400
"4948883",33,"1",4,21000
"4948883",7,"0",0,NA
"4950077",67,"1",4,11700
"4950077",61,"1",4,23000
"4950452",52,"1",4,113300
"4951453",52,"1",4,21490
"4951453",58,"1",2,16100
"4952148",35,"1",4,45850
"4952708",74,"2",2,17900
"4952866",43,"1",4,108000
"4952866",39,"1",4,15600
"4952866",13,"0",0,NA
"4952866",11,"0",0,NA
"4952866",7,"0",0,NA
"4953906",20,"2",4,30
"4954177",67,"1",2,104500
"4954177",50,"1",4,41500
"4954344",61,"1",4,34200
"4954344",57,"1",4,1900
"4955802",43,"1",4,22970
"4955802",52,"1",2,39040
"4958806",41,"1",4,35000
"4958806",23,"1",4,17000
"4958806",9,"0",0,NA
"4958806",7,"0",0,NA
"4959578",19,"1",4,400
"4959842",31,"1",4,11500
"4959842",26,"1",4,24000
"4959842",1,"0",0,NA
"4960640",25,"1",4,18000
"4960640",18,"1",4,7200
"4964563",39,"1",4,18200
"4964563",12,"0",0,NA
"4964563",44,"1",2,24000
"4966195",38,"1",4,67200
"4966195",39,"2",4,500
"4966195",6,"0",0,NA
"4966195",2,"0",0,NA
"4966523",75,"2",2,29300
"4967147",47,"1",4,57240
"4967147",45,"1",4,15400
"4968122",59,"1",4,163000
"4970168",51,"1",4,52000
"4970814",28,"2",4,8000
"4970814",9,"0",0,NA
"4970814",7,"0",0,NA
"4970814",2,"0",0,NA
"4970814",29,"1",4,12800
"4971186",50,"1",4,17600
"4971421",25,"1",4,25000
"4971421",27,"1",4,4000
"4971421",5,"0",0,NA
"4971421",2,"0",0,NA
"4971421",1,"0",0,NA
"4972050",59,"1",2,40000
"4972050",52,"1",4,34400
"4973312",20,"2",4,0
"4973380",51,"1",4,41500
"4973380",53,"1",4,28000
"4975058",44,"1",4,20800
"4975058",45,"1",4,12700
"4975058",9,"0",0,NA
"4975768",46,"1",4,15000
"4975768",59,"2",4,10100
"4977212",59,"1",4,10000
"4977249",61,"1",2,25000
"4977249",60,"2",4,0
"4977249",17,"2",4,0
"4977683",19,"1",4,1000
"4978389",25,"1",4,60400
"4979951",81,"2",4,7600
"4980467",76,"2",4,1600
"4980467",39,"1",4,1200
"4980467",10,"0",0,NA
"4980467",0,"0",0,NA
"4980667",58,"1",2,35980
"4982282",51,"1",2,13000
"4983964",58,"1",4,80000
"4983964",54,"1",4,12000
"4984384",61,"1",2,8200
"4985134",50,"1",4,30000
"4985134",48,"1",4,8300
"4985423",53,"2",3,0
"4985423",53,"1",4,309000
"4985540",30,"1",4,20100
"4985540",28,"1",4,36100
"4985601",64,"1",4,7700
"4985601",56,"1",4,22090
"4986306",51,"1",3,82000
"4986306",18,"1",4,1500
"4986306",14,"0",0,NA
"4986306",11,"0",0,NA
"4986309",45,"1",4,10000
"4986309",46,"1",4,22700
"4986944",27,"1",4,28400
"4987311",62,"1",3,37400
"4987311",60,"1",4,24600
"4987407",48,"1",4,-500
"4990287",55,"1",3,79100
"4990287",53,"1",4,39800
"4990485",40,"1",4,18600
"4990485",14,"0",0,NA
"4990485",12,"0",0,NA
"4990688",65,"1",2,116600
"4990688",64,"1",2,43700
"4991153",52,"1",2,53400
"4991153",52,"1",2,2500
"4992086",31,"1",4,6000
"4992180",48,"1",4,12800
"4992180",49,"1",4,41600
"4993608",45,"1",4,8000
"4993608",49,"1",4,15600
"4993608",21,"1",4,14000
"4993608",15,"0",0,0
"4993608",13,"0",0,NA
"4994562",29,"1",4,40000
"4994562",22,"2",4,0
"4994562",4,"0",0,NA
"4994562",1,"0",0,NA
"4995757",89,"2",4,27700
"4996356",37,"1",4,14000
"4996356",44,"2",4,11000
"4996356",15,"0",0,0
"4996356",14,"0",0,NA
"4996962",54,"1",2,4400
"4996962",52,"1",4,9600
"4999583",48,"1",4,40000
"4999583",17,"1",4,1000
"4999583",14,"0",0,NA
"4999911",45,"1",4,45050
"4999911",42,"1",4,23400
"4999911",18,"1",4,5900
"4999911",12,"0",0,NA
"5001496",80,"2",4,12000
"5001893",28,"1",4,29000
"5001893",24,"1",4,24000
"5002705",58,"1",2,41500
"5002705",55,"2",4,0
"5002705",37,"1",4,13200
"5002705",16,"1",0,130
"5003075",38,"1",4,63000
"5003075",38,"1",4,20000
"5003075",9,"0",0,NA
"5003075",7,"0",0,NA
"5003362",51,"1",4,9000
"5003362",17,"2",4,1200
"5003362",43,"1",4,16300
"5003760",58,"2",4,0
"5003760",63,"2",3,12000
"5004701",29,"1",4,33000
"5004701",33,"2",4,0
"5004701",8,"0",0,NA
"5004701",15,"0",0,0
"5004701",12,"0",0,NA
"5004702",60,"1",4,28700
"5005404",28,"1",4,28000
"5007794",43,"1",4,30000
"5007794",48,"1",4,26000
"5009729",74,"2",4,5000
"5009729",68,"2",2,21000
"5010773",39,"1",4,8000
"5010773",47,"1",4,9000
"5011906",23,"1",4,18000
"5011906",23,"1",4,21000
"5011906",0,"0",0,NA
"5013561",86,"2",4,10300
"5014466",61,"1",2,28000
"5014466",56,"1",4,1400
"5014853",93,"2",4,8700
"5015659",61,"2",4,14000
"5015743",46,"1",3,12000
"5015743",42,"1",4,20800
"5015743",25,"1",2,15090
"5016218",59,"2",4,7500
"5016659",70,"2",2,18600
"5016659",64,"2",4,41000
"5016668",18,"1",4,450
"5016804",47,"1",4,22040
"5016804",46,"1",3,21000
"5017272",57,"1",3,52000
"5017272",49,"1",4,10900
"5017272",16,"1",0,4000
"5017406",33,"2",4,0
"5017406",37,"1",4,62030
"5017406",3,"0",0,NA
"5017406",0,"0",0,NA
"5017538",76,"2",2,118800
"5017538",70,"1",4,9300
"5018191",35,"1",4,76000
"5018191",36,"1",4,30000
"5018191",9,"0",0,NA
"5018191",4,"0",0,NA
"5018330",74,"2",2,14900
"5018330",77,"2",2,24800
"5019548",23,"1",4,27000
"5019548",22,"1",4,12400
"5019548",3,"0",0,NA
"5020567",33,"1",3,9300
"5020967",61,"2",2,10000
"5020967",57,"1",4,23000
"5021528",48,"1",4,37504
"5021528",53,"1",4,120000
"5021528",13,"0",0,NA
"5021712",35,"1",4,32200
"5021712",41,"1",3,18000
"5021712",7,"0",0,NA
"5021712",38,"2",4,0
"5022004",62,"1",4,5700
"5024662",18,"1",4,7000
"5026114",49,"1",4,2000
"5027475",54,"1",2,51000
"5027475",53,"1",4,30100
"5027475",51,"2",4,590
"5027644",48,"1",4,31800
"5027644",58,"1",4,2400
"5028540",45,"1",4,17300
"5028540",48,"1",4,9500
"5034213",38,"1",4,101500
"5034213",35,"2",4,0
"5034213",16,"1",0,400
"5034213",14,"0",0,NA
"5034213",7,"0",0,NA
"5034730",57,"1",2,21300
"5034730",51,"1",4,39500
"5038216",39,"1",4,12400
"5038216",31,"2",4,1400
"5038216",5,"0",0,NA
"5038216",3,"0",0,NA
"5038588",33,"1",4,23100
"5038588",27,"1",4,25000
"5038629",84,"2",4,13600
"5039387",45,"1",4,11400
"5039387",38,"1",4,45500
"5039387",9,"0",0,NA
"5039387",4,"0",0,NA
"5041037",66,"2",4,20600
"5042634",43,"2",4,9700
"5042634",4,"0",0,NA
"5042634",2,"0",0,NA
"5042634",1,"0",0,NA
"5042634",41,"2",4,7100
"5043559",87,"2",4,4700
"5043559",68,"2",4,4700
"5043559",69,"1",4,34700
"5043559",64,"1",4,43800
"5043559",61,"2",4,0
"5044938",79,"2",4,27070
"5045921",72,"2",4,4200
"5047027",61,"2",4,14400
"5047027",55,"2",4,260
"5048719",40,"1",4,16500
"5048719",15,"0",0,0
"5048719",15,"0",0,0
"5048719",7,"0",0,NA
"5048719",30,"1",4,11000
"5049078",35,"1",4,29400
"5049383",30,"1",2,35200
"5049383",25,"1",4,24000
"5049383",0,"0",0,NA
"5053800",72,"2",4,7800
"5053800",72,"2",2,10300
"5054042",70,"2",2,105000
"5054042",58,"2",4,105000
"5054612",41,"1",4,12000
"5054612",64,"1",4,12300
"5054612",22,"2",4,0
"5054787",20,"1",4,15300
"5055556",28,"1",4,5000
"5055556",30,"1",4,30000
"5055556",9,"0",0,NA
"5055556",4,"0",0,NA
"5055556",2,"0",0,NA
"5056185",49,"1",4,28100
"5056185",48,"1",4,31600
"5057219",30,"1",4,30000
"5060472",45,"1",4,14000
"5062093",65,"1",2,50950
"5062093",48,"1",4,15000
"5063037",57,"1",2,22000
"5063037",55,"1",4,20000
"5063037",17,"1",4,350
"5063599",22,"1",4,16600
"5063599",1,"0",0,NA
"5063599",20,"2",4,7400
"5064624",38,"1",4,27300
"5064624",38,"2",4,0
"5064624",18,"1",4,7000
"5064624",12,"0",0,NA
"5065139",38,"1",4,33600
"5065139",17,"1",4,940
"5065417",84,"2",4,8700
"5065417",48,"2",4,310
"5065479",52,"1",4,19000
"5065479",52,"2",4,0
"5065792",82,"2",4,58400
"5065792",81,"2",4,0
"5065792",40,"1",4,37500
"5066665",79,"2",4,6890
"5067152",18,"2",4,0
"5067471",22,"1",4,117000
"5067471",3,"0",0,NA
"5067806",68,"2",4,13200
"5068310",69,"2",4,15820
"5069172",21,"1",4,26900
"5069172",18,"2",4,4000
"5069172",42,"1",4,24000
"5069172",40,"1",4,24000
"5069172",2,"0",0,NA
"5071045",32,"1",4,50000
"5071045",33,"1",4,6600
"5071045",9,"0",0,NA
"5071045",8,"0",0,NA
"5071103",84,"2",4,9140
"5071898",27,"1",4,5660
"5071898",30,"1",2,15500
"5071898",5,"0",0,NA
"5071898",3,"0",0,NA
"5071898",2,"0",0,NA
"5072388",23,"1",4,13700
"5074335",73,"1",4,19850
"5074335",64,"1",2,29440
"5075593",69,"2",4,12800
"5076731",59,"1",2,30360
"5076731",54,"1",4,18700
"5076731",28,"2",4,0
"5077063",41,"1",4,27040
"5077063",18,"1",4,5200
"5078172",20,"1",4,3600
"5078314",79,"2",4,21100
"5079151",88,"2",4,7120
"5079424",41,"1",4,30000
"5079424",39,"2",4,0
"5080359",81,"2",4,19600
"5080376",55,"1",4,18000
"5080376",48,"1",4,9000
"5080376",6,"0",0,NA
"5081018",36,"1",4,16000
"5081018",35,"2",4,0
"5081181",56,"1",4,39000
"5081181",55,"1",4,10040
"5081181",17,"1",4,1490
"5081382",20,"1",4,5520
"5081712",55,"1",4,55000
"5081712",54,"2",4,0
"5081712",18,"2",4,0
"5082830",29,"1",4,36400
"5083014",61,"1",2,42600
"5083014",48,"2",4,0
"5084000",24,"1",4,13800
"5084000",28,"1",4,40000
"5084000",0,"0",0,NA
"5085518",40,"1",4,36000
"5085518",48,"2",4,2500
"5085518",15,"0",0,160
"5086284",23,"1",4,37630
"5086529",39,"1",4,12550
"5086529",40,"1",4,36000
"5086529",12,"0",0,NA
"5086529",10,"0",0,NA
"5086529",5,"0",0,NA
"5086822",37,"1",2,21000
"5086822",37,"1",4,42000
"5086822",13,"0",0,NA
"5086822",0,"0",0,NA
"5087346",51,"1",4,3000
"5087346",34,"1",4,22000
"5088420",37,"1",4,-3900
"5088420",36,"1",4,22000
"5088763",48,"1",4,35000
"5088763",44,"1",4,18550
"5088763",17,"1",4,850
"5088836",57,"1",4,39000
"5088836",55,"2",4,0
"5090265",61,"1",4,57000
"5090570",35,"1",4,35000
"5090570",39,"1",4,20000
"5090570",15,"0",0,105000
"5090570",4,"0",0,NA
"5091118",87,"2",4,11700
"5091909",55,"2",4,0
"5091909",49,"1",2,45000
"5091942",61,"2",4,8500
"5092732",42,"1",4,48900
"5092732",39,"1",4,35200
"5092732",16,"1",0,2000
"5093745",73,"1",2,3870
"5093745",76,"1",4,7940
"5094073",43,"1",2,40000
"5094073",44,"1",4,17000
"5094073",19,"1",4,6000
"5094073",18,"2",4,0
"5094073",16,"2",0,0
"5094073",0,"0",0,NA
"5094915",44,"1",2,47200
"5094915",41,"1",4,9000
"5094915",14,"0",0,NA
"5094915",11,"0",0,NA
"5094915",9,"0",0,NA
"5095277",58,"2",4,1000
"5095883",25,"1",4,25220
"5095883",28,"1",4,18250
"5096952",56,"2",2,0
"5097532",80,"2",4,117400
"5097698",78,"2",4,54100
"5097698",50,"1",4,39100
"5098542",32,"1",4,33000
"5098542",7,"0",0,NA
"5098542",5,"0",0,NA
"5098641",37,"1",4,11700
"5098641",43,"1",4,10400
"5098641",1,"0",0,NA
"5098641",15,"0",0,0
"5098641",13,"0",0,NA
"5098641",10,"0",0,NA
"5098812",35,"1",4,52180
"5098812",33,"1",4,24200
"5098812",4,"0",0,NA
"5098812",1,"0",0,NA
"5099362",61,"2",3,20000
"5099362",16,"2",0,0
"5101548",72,"1",3,57300
"5101548",56,"1",4,15760
"5105176",49,"1",4,21200
"5105176",16,"1",0,2000
"5105729",35,"1",4,1500
"5105729",24,"1",4,21100
"5105928",53,"1",4,45000
"5105928",52,"2",4,4800
"5105928",15,"0",0,310
"5105928",12,"0",0,NA
"5106621",41,"1",4,53000
"5106621",39,"1",4,12000
"5106621",14,"0",0,NA
"5106621",12,"0",0,NA
"5106621",10,"0",0,NA
"5106879",79,"2",4,38000
"5106879",84,"2",4,0
"5107030",38,"1",4,98000
"5107030",37,"1",4,700
"5107030",4,"0",0,NA
"5107030",2,"0",0,NA
"5107267",62,"1",2,45200
"5107267",62,"1",4,2500
"5107737",22,"1",4,4000
"5107844",42,"1",4,20000
"5107844",52,"1",4,28600
"5108777",47,"1",4,45000
"5108777",47,"1",4,20000
"5108777",21,"1",4,7000
"5109188",62,"2",2,23000
"5109188",61,"2",2,900
"5109188",87,"2",4,14600
"5109200",76,"2",4,45200
"5109770",34,"1",4,43900
"5109770",37,"2",4,4600
"5109770",7,"0",0,NA
"5109770",4,"0",0,NA
"5109854",79,"2",2,56200
"5109854",70,"2",4,5300
"5110718",65,"2",4,29700
"5110791",35,"1",4,47000
"5110791",30,"1",4,23500
"5110791",2,"0",0,NA
"5110791",1,"0",0,NA
"5111382",47,"1",4,31700
"5111382",52,"1",2,90100
"5111382",21,"1",4,16000
"5111887",49,"1",4,20430
"5111887",15,"0",0,0
"5112389",38,"1",4,15000
"5112389",34,"1",4,30000
"5112389",5,"0",0,NA
"5112389",0,"0",0,NA
"5112515",81,"2",4,1590
"5112515",81,"2",4,3800
"5112515",45,"1",4,13100
"5113541",53,"1",2,35000
"5113541",23,"1",4,26000
"5113541",80,"1",4,19800
"5115118",20,"1",4,1000
"5115127",33,"1",4,50000
"5116870",80,"2",4,26100
"5116870",68,"2",4,20300
"5117624",52,"1",2,50000
"5117624",51,"1",4,1e+05
"5118252",51,"1",4,27300
"5118252",57,"2",4,7800
"5118252",19,"1",4,13000
"5118480",57,"1",4,29440
"5118480",51,"1",4,15300
"5119037",54,"1",4,15000
"5119534",39,"1",4,27800
"5119534",39,"1",4,28500
"5119596",49,"1",4,31290
"5119596",45,"1",4,29400
"5119596",12,"0",0,NA
"5119596",10,"0",0,NA
"5119752",44,"1",4,10000
"5120850",62,"1",4,22000
"5120850",64,"2",4,0
"5120903",54,"1",4,81000
"5120903",52,"1",4,20000
"5121392",87,"2",4,2000
"5122438",48,"1",4,32100
"5122438",51,"2",4,0
"5123472",38,"1",4,11100
"5123472",9,"0",0,NA
"5123472",6,"0",0,NA
"5127108",49,"1",4,10500
"5128782",28,"1",4,14500
"5128782",28,"1",4,16400
"5128909",61,"1",4,57000
"5128909",47,"1",4,36500
"5129175",39,"1",4,32000
"5129175",41,"1",4,30000
"5129175",11,"0",0,NA
"5129678",55,"2",3,7000
"5129819",56,"1",4,290500
"5129819",38,"1",4,23100
"5129902",63,"2",4,6600
"5129902",33,"1",4,15000
"5130248",32,"1",4,13300
"5130248",20,"1",4,7100
"5131225",24,"1",4,24500
"5131225",5,"0",0,NA
"5131225",2,"0",0,NA
"5131225",24,"1",4,9350
"5131532",66,"1",4,40050
"5131532",55,"1",4,40050
"5132124",41,"1",4,7500
"5132124",42,"1",4,14000
"5132124",14,"0",0,NA
"5132711",35,"1",4,35500
"5132711",33,"1",4,3000
"5132711",3,"0",0,NA
"5132711",0,"0",0,NA
"5133374",32,"1",4,22100
"5135245",38,"1",4,20400
"5135245",36,"1",4,25000
"5135245",18,"1",4,500
"5135245",15,"0",0,0
"5135695",80,"2",4,8400
"5135703",62,"1",2,7700
"5136725",93,"2",2,14160
"5136725",79,"2",4,0
"5137731",38,"1",4,26000
"5137731",31,"1",4,20000
"5137731",14,"0",0,NA
"5137731",1,"0",0,NA
"5138944",52,"1",4,43200
"5138944",22,"1",4,5600
"5138957",43,"1",4,50000
"5138957",41,"1",4,65000
"5138957",12,"0",0,NA
"5138957",8,"0",0,NA
"5139173",73,"2",2,20000
"5139173",80,"2",4,4600
"5139422",43,"1",4,60000
"5139596",38,"1",4,46140
"5139596",45,"1",4,26600
"5140171",59,"1",3,47200
"5140171",53,"1",4,11300
"5140171",13,"0",0,NA
"5140171",11,"0",0,NA
"5140880",20,"2",4,0
"5141302",75,"1",2,34470
"5141302",66,"2",4,7200
"5141389",68,"1",2,14000
"5141389",72,"1",4,14290
"5142400",38,"1",4,42000
"5142400",38,"1",4,15600
"5142400",13,"0",0,NA
"5142400",10,"0",0,NA
"5142400",8,"0",0,NA
"5142692",77,"2",2,21100
"5142692",71,"2",4,8210
"5142832",42,"1",4,29000
"5142832",40,"1",4,11200
"5142832",12,"0",0,NA
"5142832",10,"0",0,NA
"5142832",5,"0",0,NA
"5144378",46,"1",4,144000
"5144378",43,"1",4,60
"5144378",12,"0",0,NA
"5144378",8,"0",0,NA
"5144378",7,"0",0,NA
"5146803",39,"1",4,33000
"5146803",19,"1",4,3400
"5146803",8,"0",0,NA
"5146803",33,"1",2,39000
"5147101",34,"1",4,70600
"5147101",28,"2",4,0
"5147488",39,"1",4,25800
"5147488",33,"1",4,18800
"5147488",7,"0",0,NA
"5147488",5,"0",0,NA
"5147488",3,"0",0,NA
"5147488",39,"2",4,0
"5147980",58,"1",4,21000
"5148401",60,"1",2,37000
"5148401",54,"1",4,5000
"5148425",74,"1",4,34200
"5148425",83,"1",4,18400
"5149595",52,"1",4,17000
"5149595",51,"1",4,15000
"5149595",23,"1",4,5100
"5149653",61,"1",3,37400
"5149653",55,"1",4,10100
"5151070",22,"1",4,13500
"5151070",3,"0",0,NA
"5151070",27,"1",4,18200
"5152057",49,"1",2,15190
"5152057",49,"1",4,9000
"5154015",73,"2",2,10400
"5154015",65,"1",4,12800
"5154278",42,"1",4,24450
"5154278",47,"1",4,28000
"5154278",18,"1",4,3660
"5154424",45,"1",4,40350
"5154424",45,"1",4,31100
"5154794",45,"1",4,33500
"5154794",44,"1",4,8190
"5154794",20,"1",4,12000
"5154794",18,"1",4,3000
"5154912",60,"1",2,65200
"5154912",45,"1",4,29200
"5154912",14,"0",0,NA
"5154912",11,"0",0,NA
"5155313",51,"1",4,51000
"5155313",43,"1",4,33000
"5156673",22,"1",4,12000
"5158704",70,"2",4,22300
"5158796",82,"1",4,18990
"5158796",32,"1",4,17800
"5158828",53,"1",4,63000
"5160896",49,"1",4,150000
"5160896",48,"1",4,6200
"5161502",48,"1",4,5070
"5161502",38,"2",4,0
"5161502",12,"0",0,NA
"5161502",9,"0",0,NA
"5161502",6,"0",0,NA
"5161687",58,"1",3,43300
"5161687",57,"2",4,5500
"5162582",74,"1",4,41100
"5162582",70,"1",2,35200
"5165337",55,"1",4,15870
"5165337",55,"1",4,10500
"5165606",53,"2",4,0
"5165606",56,"1",4,90100
"5165670",45,"1",2,147000
"5165670",43,"1",4,45000
"5165670",11,"0",0,NA
"5165670",4,"0",0,NA
"5165911",44,"1",4,24100
"5166828",53,"1",4,179400
"5166901",42,"1",4,32200
"5166901",39,"1",4,22100
"5166901",14,"0",0,NA
"5166901",12,"0",0,NA
"5166901",9,"0",0,NA
"5167445",44,"1",4,20400
"5168281",45,"1",4,80150
"5168281",48,"1",4,36000
"5168281",14,"0",0,NA
"5169042",40,"1",4,36000
"5169042",39,"1",4,40000
"5169454",22,"1",4,5000
"5169708",54,"1",2,57000
"5169708",55,"1",4,27200
"5169708",15,"0",0,730
"5171264",44,"1",4,65020
"5171264",42,"1",4,41500
"5171264",17,"1",4,2300
"5171264",16,"2",0,0
"5171264",16,"2",0,0
"5171640",54,"1",4,44000
"5171768",25,"1",4,18000
"5171768",27,"1",4,28000
"5171773",58,"2",4,21760
"5171773",52,"1",4,16000
"5172189",61,"1",2,18500
"5172189",61,"1",4,13000
"5173345",77,"2",2,7000
"5173345",65,"1",4,6500
"5173710",20,"1",4,1600
"5174933",27,"1",4,25000
"5177597",26,"1",4,32000
"5177597",24,"1",4,22800
"5177597",31,"1",4,38400
"5177993",53,"1",4,19000
"5177993",49,"1",4,25000
"5183161",60,"1",4,58000
"5183161",56,"1",4,48100
"5184468",46,"1",4,105200
"5184468",48,"2",4,0
"5185402",39,"1",4,43500
"5185402",28,"1",4,30000
"5185402",2,"0",0,NA
"5185882",44,"1",4,20000
"5185882",41,"1",4,24000
"5185882",16,"1",0,500
"5185882",15,"0",0,0
"5185882",18,"1",4,1100
"5186124",49,"1",4,19000
"5186124",50,"1",2,30570
"5186699",55,"1",4,18300
"5186699",55,"1",4,15000
"5186951",76,"2",4,8900
"5186951",74,"2",4,4600
"5187866",71,"2",2,9600
"5187866",75,"1",4,11900
"5187994",45,"1",4,23000
"5187994",44,"1",4,20000
"5187994",20,"1",4,10000
"5187994",18,"1",4,4010
"5187994",15,"0",0,0
"5187994",7,"0",0,NA
"5188483",25,"1",4,18500
"5188483",26,"1",4,27800
"5188556",38,"1",4,60000
"5188556",30,"1",4,30000
"5189633",35,"1",4,29000
"5189633",34,"1",4,16000
"5189990",73,"2",4,19500
"5190237",50,"1",4,57500
"5190237",54,"1",4,45000
"5190946",77,"2",2,24000
"5190946",68,"2",4,6000
"5191609",36,"1",2,25100
"5191609",28,"1",4,2100
"5191609",7,"0",0,NA
"5191609",2,"0",0,NA
"5192258",87,"2",4,40200
"5193505",26,"1",2,42000
"5194666",44,"1",4,23500
"5195502",40,"1",4,105000
"5195502",40,"2",4,0
"5195502",14,"0",0,NA
"5195502",12,"0",0,NA
"5195502",7,"0",0,NA
"5196442",47,"1",2,55000
"5196538",93,"2",2,10000
"5197026",56,"1",2,46200
"5197026",51,"1",4,46200
"5198918",38,"1",4,32000
"5198918",36,"1",4,14500
"5199203",24,"1",4,16500
"5199203",27,"1",4,16500
"5199330",22,"1",4,5200
"5199330",0,"0",0,NA
"5199330",23,"1",4,400
"5202261",33,"1",4,4800
"5203072",67,"2",4,6800
"5203249",93,"2",4,11000
"5204176",65,"1",4,28500
"5205476",30,"1",4,12200
"5205476",0,"0",0,NA
"5205476",33,"2",4,6500
"5205476",11,"0",0,NA
"5205508",31,"1",4,25000
"5205508",30,"2",4,0
"5205508",0,"0",0,NA
"5206830",40,"1",4,32000
"5206830",17,"1",4,3000
"5206830",14,"0",0,NA
"5207686",77,"1",4,7900
"5208230",81,"2",4,24000
"5208230",72,"2",4,11500
"5209658",41,"1",4,44000
"5209658",40,"1",4,44000
"5210289",41,"1",4,24700
"5210289",34,"1",4,33300
"5210744",53,"1",4,25000
"5210797",57,"1",2,48270
"5210797",42,"1",4,31150
"5212284",44,"1",4,19000
"5212284",13,"0",0,NA
"5212284",45,"1",4,11400
"5212284",55,"2",4,65100
"5213391",45,"1",4,116200
"5213391",45,"1",3,7000
"5213391",21,"1",3,7000
"5213391",16,"1",0,3000
"5213586",76,"2",4,142700
"5215832",36,"1",4,29000
"5215832",29,"1",4,33000
"5216243",58,"1",4,12000
"5216243",60,"2",4,8100
"5216471",38,"1",4,5000
"5216481",48,"1",2,26150
"5217409",37,"1",4,34400
"5218242",54,"1",2,75000
"5218242",53,"1",4,30000
"5218409",47,"1",4,45000
"5218409",49,"1",4,12960
"5218409",16,"2",0,0
"5218409",13,"0",0,NA
"5218837",72,"1",2,15900
"5218837",69,"2",4,5000
"5222156",33,"1",4,45000
"5222156",33,"1",4,18000
"5222156",2,"0",0,NA
"5222156",0,"0",0,NA
"5222900",38,"1",4,44700
"5222900",32,"1",4,38700
"5222900",1,"0",0,NA
"5224042",66,"2",2,37800
"5224042",69,"2",4,18900
"5224556",52,"1",4,33000
"5224556",51,"1",4,23000
"5224556",22,"1",4,1900
"5224729",45,"1",2,42000
"5224729",39,"1",4,42000
"5224729",15,"0",0,0
"5224729",12,"0",0,NA
"5227517",67,"1",2,42500
"5227517",67,"1",4,9400
"5227872",87,"2",2,35940
"5227872",85,"2",4,5100
"5228221",51,"2",4,0
"5229240",36,"1",4,28000
"5229240",15,"0",0,0
"5229240",13,"0",0,NA
"5229240",9,"0",0,NA
"5229240",18,"1",4,470
"5229859",80,"2",4,7350
"5230217",46,"1",4,17600
"5230217",40,"1",4,26700
"5230217",21,"1",4,8100
"5230217",18,"2",4,0
"5230217",11,"0",0,NA
"5230951",68,"1",4,22500
"5230982",28,"1",4,24500
"5230982",27,"1",4,31000
"5231813",23,"2",4,8100
"5231945",85,"2",3,16500
"5231945",73,"2",3,0
"5231945",73,"2",3,8000
"5232106",49,"1",4,48900
"5232106",55,"2",4,31200
"5232362",46,"2",4,9900
"5232362",21,"2",4,0
"5232830",57,"1",4,93000
"5232830",58,"1",3,46600
"5232830",16,"2",0,0
"5232966",60,"1",2,40000
"5232966",59,"1",4,11400
"5233909",36,"1",4,36000
"5233909",33,"1",4,13200
"5233909",13,"0",0,NA
"5233909",9,"0",0,NA
"5233944",61,"1",4,414000
"5233944",48,"1",4,150000
"5234614",36,"1",4,85000
"5235131",19,"1",4,7500
"5235256",42,"1",4,12000
"5235256",43,"1",2,45000
"5235256",11,"0",0,NA
"5236140",41,"1",4,50000
"5236140",41,"1",4,10400
"5236140",14,"0",0,NA
"5237307",44,"1",4,38000
"5237307",41,"1",4,28000
"5237307",17,"1",4,2000
"5237307",13,"0",0,NA
"5238822",36,"1",4,20000
"5238822",36,"1",4,18000
"5238822",18,"2",4,0
"5238822",16,"2",0,0
"5238822",14,"0",0,NA
"5238858",54,"1",2,50580
"5238858",51,"1",4,29410
"5239125",28,"2",4,7000
"5239125",8,"0",0,NA
"5239125",6,"0",0,NA
"5239125",2,"0",0,NA
"5239125",33,"1",4,1400
"5239520",40,"1",4,30000
"5239520",18,"2",4,0
"5240367",46,"1",4,45000
"5240367",37,"1",4,21000
"5240367",1,"0",0,NA
"5241473",55,"1",4,35000
"5241473",50,"2",4,0
"5242318",34,"1",4,41700
"5242318",33,"2",4,0
"5242318",1,"0",0,NA
"5242318",0,"0",0,NA
"5243596",42,"1",4,38000
"5243596",39,"1",4,25500
"5243596",12,"0",0,NA
"5243596",9,"0",0,NA
"5245871",50,"1",4,39100
"5245871",53,"1",3,136000
"5245871",17,"1",4,1800
"5245997",68,"2",4,9600
"5248045",80,"2",2,28300
"5248318",28,"1",3,10000
"5248318",3,"0",0,NA
"5248466",54,"1",2,22000
"5248466",53,"1",4,36200
"5248466",28,"1",4,18200
"5248466",24,"2",4,9000
"5248466",6,"0",0,NA
"5248466",3,"0",0,NA
"5248558",63,"1",2,166000
"5248558",60,"2",4,12100
"5249512",24,"1",4,23000
"5249512",23,"1",4,2000
"5251706",61,"2",4,18400
"5255049",69,"1",2,30000
"5255049",54,"2",4,0
"5255049",23,"1",4,18000
"5256188",74,"2",4,16400
"5257391",46,"1",4,39670
"5257391",40,"1",4,11000
"5258456",40,"1",4,25000
"5258456",35,"1",4,26000
"5258456",0,"0",0,NA
"5258651",22,"1",4,3000
"5258651",22,"1",4,3600
"5258651",21,"1",4,2700
"5258931",51,"1",2,50000
"5258931",52,"1",4,9350
"5259259",37,"1",4,41000
"5259476",49,"1",4,30000
"5259476",46,"1",4,31400
"5259476",16,"1",0,1800
"5259476",15,"0",0,0
"5260845",33,"1",4,18700
"5261750",47,"1",3,27000
"5261750",44,"1",4,23800
"5261750",21,"1",4,840
"5261750",19,"1",4,2400
"5261750",1,"0",0,NA
"5261979",79,"2",2,13500
"5261979",84,"2",3,0
"5262613",49,"1",4,24800
"5262613",54,"1",4,19700
"5262613",20,"2",4,0
"5262613",17,"2",4,0
"5262843",47,"1",4,21320
"5262843",41,"1",4,15800
"5262843",9,"0",0,NA
"5262843",1,"0",0,NA
"5262918",71,"2",4,11200
"5263150",39,"1",4,14000
"5263150",16,"2",0,0
"5263150",46,"1",4,250
"5263641",22,"1",4,14000
"5263641",22,"1",4,31000
"5263641",20,"2",4,0
"5263934",50,"1",4,36000
"5263934",51,"1",4,12000
"5264622",80,"2",4,9600
"5264966",38,"1",2,26000
"5264966",42,"1",2,29500
"5264966",7,"0",0,NA
"5264966",3,"0",0,NA
"5265935",87,"2",4,13300
"5267270",60,"2",2,25010
"5268859",66,"1",4,32460
"5270522",39,"1",4,57000
"5270522",39,"1",4,6400
"5270522",10,"0",0,NA
"5270522",2,"0",0,NA
"5270725",25,"1",4,12000
"5271360",53,"1",2,78620
"5271360",53,"1",4,12300
"5271360",18,"1",4,6200
"5272714",67,"2",4,36300
"5273987",46,"1",4,25000
"5273987",48,"1",4,20400
"5273987",22,"1",4,2900
"5274135",42,"1",4,19800
"5274135",43,"1",4,16500
"5274503",51,"1",2,32700
"5274533",65,"1",4,40000
"5274533",60,"1",4,10300
"5275979",82,"2",4,11100
"5276718",74,"2",4,7300
"5277168",68,"1",4,24000
"5277168",48,"1",4,-5000
"5277620",83,"2",4,8000
"5278539",60,"2",4,1200
"5278954",83,"2",2,139800
"5278954",74,"2",4,16700
"5279795",93,"2",4,24600
"5280716",52,"1",4,54300
"5280716",51,"1",4,24700
"5281007",51,"1",4,24700
"5281007",55,"1",2,76000
"5281007",30,"1",4,10120
"5281708",62,"1",4,32460
"5281708",59,"1",4,27060
"5281742",51,"1",2,34500
"5281742",49,"2",4,0
"5281742",29,"1",2,20000
"5281742",0,"0",0,NA
"5282668",66,"1",4,10100
"5284089",78,"2",2,8400
"5284089",23,"1",4,31000
"5285727",79,"2",4,6000
"5285994",54,"1",4,41200
"5285994",74,"2",4,22500
"5285994",20,"1",4,21800
"5288256",50,"1",4,35000
"5288256",16,"2",0,0
"5288256",6,"0",0,NA
"5288485",42,"1",4,58004
"5288949",37,"1",4,39560
"5290008",55,"1",2,18000
"5290589",55,"2",4,10
"5290589",13,"0",0,NA
"5291223",55,"1",4,5000
"5291223",71,"2",4,0
"5291874",44,"1",1,34600
"5291874",44,"2",2,0
"5291874",22,"2",4,1100
"5291874",6,"0",0,NA
"5291874",3,"0",0,NA
"5292499",50,"1",4,30280
"5292499",48,"1",4,76000
"5292499",11,"0",0,NA
"5292501",61,"1",4,23100
"5295436",22,"1",4,5300
"5295890",45,"1",4,37910
"5295890",42,"1",4,41100
"5296079",39,"1",4,32600
"5296079",20,"1",4,21400
"5296079",17,"2",4,0
"5296079",14,"0",0,NA
"5296857",18,"1",4,290500
"5297592",48,"1",4,57360
"5297592",53,"1",3,38170
"5297592",13,"0",0,NA
"5297668",24,"1",4,20000
"5297668",6,"0",0,NA
"5297668",2,"0",0,NA
"5297668",1,"0",0,NA
"5297668",22,"1",4,20000
"5300464",68,"2",4,11000
"5301156",79,"2",4,17300
"5301156",70,"2",4,5800
"5301323",35,"1",4,35000
"5301323",35,"1",4,55200
"5303521",48,"1",4,33000
"5303521",46,"1",4,9700
"5305623",21,"2",4,0
"5305623",24,"1",4,3200
"5307479",64,"1",2,202200
"5307479",68,"1",4,18400
"5308174",19,"1",4,1000
"5309120",35,"1",2,35000
"5309120",36,"2",4,0
"5309120",8,"0",0,NA
"5309120",6,"0",0,NA
"5310564",72,"2",4,25000
"5312614",51,"1",4,35760
"5312614",53,"1",2,98000
"5314531",42,"1",4,44000
"5314531",42,"1",4,8300
"5314531",18,"1",4,2600
"5316469",29,"1",4,29000
"5316469",6,"0",0,NA
"5317792",49,"1",4,125000
"5317792",57,"1",4,51600
"5318147",47,"1",4,45000
"5318147",44,"2",4,0
"5318147",18,"2",4,0
"5318147",14,"0",0,NA
"5318903",85,"2",2,16000
"5319290",37,"1",4,25000
"5320216",70,"1",4,96000
"5320216",70,"2",4,6000
"5320915",48,"1",4,61000
"5320915",47,"1",4,13000
"5321346",20,"1",4,5000
"5321531",50,"1",4,31000
"5321531",45,"2",4,0
"5321531",12,"0",0,NA
"5321531",28,"1",4,8500
"5322947",40,"2",4,25000
"5322947",41,"1",4,46000
"5322947",17,"1",4,800
"5322947",15,"0",0,0
"5322947",12,"0",0,NA
"5322947",7,"0",0,NA
"5322947",1,"0",0,NA
"5323684",20,"1",4,3000
"5324021",72,"1",4,8640
"5325433",73,"2",2,8300
"5325885",60,"2",4,12300
"5329063",54,"2",4,80
"5329402",45,"1",4,61000
"5329477",59,"1",4,15300
"5329972",60,"1",4,11600
"5330095",68,"2",2,13000
"5330095",73,"1",3,5600
"5330120",58,"2",4,19600
"5330744",67,"2",2,35400
"5330744",67,"2",4,7900
"5332587",55,"1",4,15400
"5332838",46,"1",4,23700
"5332838",46,"1",4,21500
"5332923",28,"1",4,23000
"5332923",24,"1",4,15000
"5333072",63,"1",4,14600
"5333882",59,"1",4,23000
"5333882",35,"1",4,40000
"5333882",12,"0",0,NA
"5333882",9,"0",0,NA
"5333882",7,"0",0,NA
"5333882",3,"0",0,NA
"5333882",38,"1",4,11500
"5333882",18,"2",4,0
"5334940",24,"1",4,32000
"5334940",22,"1",4,16000
"5336340",88,"2",4,7500
"5336553",64,"2",4,34500
"5336553",59,"2",4,0
"5337048",73,"2",4,8000
"5337122",34,"2",4,0
"5337122",25,"1",4,34000
"5337122",2,"0",0,NA
"5337122",1,"0",0,NA
"5337813",53,"1",4,24000
"5338884",30,"1",4,14000
"5338884",29,"1",4,200
"5338884",10,"0",0,NA
"5338884",6,"0",0,NA
"5338884",0,"0",0,NA
"5339141",79,"2",4,18300
"5341380",56,"1",2,25700
"5342167",58,"2",4,0
"5342167",58,"1",4,50050
"5342451",43,"1",4,15000
"5342451",41,"1",4,15900
"5342451",12,"0",0,NA
"5342572",51,"1",4,40800
"5342572",15,"0",0,600
"5342572",27,"1",4,20800
"5343621",23,"1",4,12000
"5343621",25,"1",4,16000
"5343621",5,"0",0,NA
"5343621",2,"0",0,NA
"5343845",47,"1",4,20600
"5343927",55,"1",4,58000
"5343927",54,"1",4,37000
"5344043",69,"2",2,29500
"5344501",62,"2",2,11200
"5344501",49,"2",4,0
"5345065",42,"2",4,0
"5345065",45,"1",2,125000
"5345065",20,"1",4,16000
"5345065",18,"1",4,5000
"5345065",0,"0",0,NA
"5345276",59,"1",3,50000
"5345276",52,"1",3,33000
"5345276",30,"1",4,10500
"5345772",20,"1",4,500
"5347483",28,"1",4,20000
"5347483",21,"1",4,12000
"5348033",48,"1",3,97400
"5348033",46,"1",4,47000
"5348497",21,"1",4,15600
"5350004",65,"1",4,11700
"5350004",63,"1",4,16000
"5350644",39,"1",4,18200
"5350644",30,"1",4,23000
"5350644",14,"0",0,NA
"5350644",12,"0",0,NA
"5351130",81,"2",4,7830
"5351355",62,"2",4,41000
"5351355",61,"1",3,14300
"5351448",27,"1",4,12200
"5351448",6,"0",0,NA
"5351448",5,"0",0,NA
"5351448",3,"0",0,NA
"5351448",43,"1",2,23000
"5352267",24,"1",4,15000
"5352267",27,"1",2,24000
"5353551",64,"1",3,36000
"5353551",60,"1",4,37600
"5354536",63,"1",4,16410
"5354536",66,"1",2,23940
"5354755",54,"1",2,27800
"5354755",46,"2",4,2800
"5354755",16,"2",0,0
"5354800",43,"1",4,40000
"5354800",41,"1",4,10000
"5354800",16,"2",0,0
"5354847",40,"1",4,28000
"5354847",17,"1",4,4000
"5354847",9,"0",0,NA
"5356733",48,"1",4,18700
"5356733",43,"1",4,27000
"5357378",66,"2",2,11300
"5357378",58,"1",4,7000
"5358132",47,"1",4,62500
"5358132",25,"2",4,0
"5360902",81,"2",2,15380
"5361085",50,"1",4,29100
"5361717",52,"1",4,40000
"5361717",51,"1",4,30000
"5362826",37,"1",1,101000
"5362826",40,"1",4,7820
"5362826",9,"0",0,NA
"5362826",7,"0",0,NA
"5362826",17,"2",4,10
"5363565",54,"1",2,54000
"5363565",46,"1",4,30000
"5365210",76,"2",2,11000
"5365395",65,"1",2,17200
"5365395",62,"2",4,0
"5365395",37,"1",4,9200
"5365472",27,"1",4,10000
"5365916",23,"2",4,0
"5365916",35,"1",4,13000
"5365916",33,"2",4,0
"5365916",30,"2",4,0
"5365916",28,"1",3,32000
"5365916",23,"2",4,0
"5365916",22,"1",4,1800
"5365916",22,"2",4,0
"5367715",74,"2",4,19600
"5370210",37,"2",4,8100
"5371243",31,"1",4,19400
"5371243",12,"0",0,NA
"5371343",39,"1",4,40000
"5371343",34,"1",4,400
"5371343",13,"0",0,NA
"5371343",8,"0",0,NA
"5371343",18,"1",4,1200
"5371343",15,"0",0,1200
"5371566",50,"1",2,52000
"5371566",48,"1",4,33000
"5371566",21,"1",4,20000
"5371566",21,"1",4,9500
"5374449",39,"1",3,30000
"5374449",39,"1",4,80000
"5374449",2,"0",0,NA
"5374892",69,"2",4,1000
"5374909",41,"1",4,4800
"5374909",35,"1",4,23000
"5374909",15,"0",0,0
"5374909",14,"0",0,NA
"5374909",10,"0",0,NA
"5374909",9,"0",0,NA
"5374909",6,"0",0,NA
"5375040",64,"2",3,105000
"5375040",60,"2",4,30000
"5375325",89,"2",4,13840
"5375325",80,"2",4,5500
"5375809",67,"2",2,22040
"5375809",62,"2",4,2900
"5375809",40,"1",2,13000
"5376552",39,"1",2,35000
"5377055",33,"1",4,23500
"5377055",34,"2",2,0
"5377055",2,"0",0,NA
"5377439",45,"1",4,32000
"5377439",45,"1",4,33500
"5377439",9,"0",0,NA
"5379544",73,"1",4,14130
"5379544",73,"1",4,4800
"5380470",23,"1",4,9600
"5380470",21,"1",4,8000
"5380470",0,"0",0,NA
"5381001",53,"2",2,0
"5381001",68,"1",4,15900
"5382587",37,"1",4,39700
"5382587",11,"0",0,NA
"5384561",31,"1",4,24000
"5384561",30,"1",4,22000
"5384600",18,"1",4,6500
"5384680",43,"1",4,65600
"5384680",48,"1",2,-3200
"5384680",17,"1",4,800
"5385200",49,"1",4,28500
"5385200",39,"2",4,0
"5385200",12,"0",0,NA
"5385200",10,"0",0,NA
"5385200",6,"0",0,NA
"5385454",56,"1",2,80500
"5385454",54,"1",4,26500
"5385515",51,"2",4,7000
"5385515",40,"1",4,28000
"5385515",16,"1",0,1600
"5385515",13,"0",0,NA
"5386542",48,"2",4,105000
"5386542",63,"2",4,4800
"5387873",51,"1",4,34650
"5387873",15,"0",0,960
"5387873",13,"0",0,NA
"5388567",72,"2",2,11000
"5388567",74,"2",4,4800
"5388567",37,"1",4,8000
"5389130",67,"2",2,10410
"5390066",24,"1",4,7604
"5390066",26,"1",2,20600
"5390066",1,"0",0,NA
"5390187",76,"2",4,115000
"5390562",36,"2",4,0
"5390562",36,"1",4,77750
"5393941",48,"1",4,72500
"5393941",51,"1",3,35000
"5393941",15,"0",0,0
"5393941",13,"0",0,NA
"5393947",76,"2",4,10700
"5394882",93,"2",4,28300
"5395248",93,"2",4,37900
"5396774",79,"2",2,16800
"5396774",79,"2",4,10600
"5398547",49,"1",4,72500
"5398547",49,"1",4,10000
"5398547",21,"1",4,4000
"5398547",17,"1",4,2000
"5398969",58,"2",2,0
"5398969",55,"2",4,0
"5398969",75,"2",4,16900
"5400159",40,"1",2,38900
"5400159",40,"1",4,16500
"5400159",17,"1",4,4700
"5400159",12,"0",0,NA
"5401048",50,"1",4,-9910
"5401048",50,"1",4,4290
"5401048",22,"1",4,7500
"5401048",18,"1",4,3300
"5401311",32,"1",4,6700
"5401311",34,"1",4,6830
"5401311",13,"0",0,NA
"5401311",5,"0",0,NA
"5401311",4,"0",0,NA
"5401311",1,"0",0,NA
"5401755",66,"2",2,14000
"5401755",66,"2",4,21000
"5401938",19,"1",4,3000
"5403631",20,"1",4,7404
"5403631",20,"1",4,16510
"5404668",35,"1",4,38000
"5404668",34,"1",4,7500
"5404668",12,"0",0,NA
"5406324",19,"1",4,400
"5406351",25,"1",4,60000
"5406351",26,"1",4,55000
"5406545",62,"2",2,13830
"5407153",51,"1",4,40000
"5407153",46,"1",4,165950
"5407153",16,"2",0,0
"5407878",59,"1",2,39000
"5407878",55,"1",4,18100
"5408608",19,"2",4,0
"5409946",31,"1",4,21000
"5409946",31,"1",4,49000
"5409946",2,"0",0,NA
"5410252",39,"1",4,11000
"5410252",46,"1",2,20000
"5410252",14,"0",0,NA
"5410252",9,"0",0,NA
"5411528",49,"1",4,41000
"5411528",47,"1",4,36000
"5411528",16,"2",0,0
"5412788",48,"1",3,15000
"5413132",39,"1",2,25000
"5413132",38,"1",2,29000
"5413132",14,"0",0,NA
"5413176",42,"1",4,10000
"5413176",14,"0",0,NA
"5413176",12,"0",0,NA
"5413176",11,"0",0,NA
"5413176",0,"0",0,NA
"5413176",42,"1",4,19000
"5413440",44,"1",4,90000
"5413440",37,"1",4,67900
"5413723",87,"2",4,12100
"5415827",89,"2",4,14640
"5416509",45,"1",2,11200
"5416509",42,"1",4,19700
"5416509",20,"1",4,10500
"5416509",18,"1",4,5000
"5416509",13,"0",0,NA
"5416519",20,"1",4,5000
"5417084",21,"1",4,5000
"5417084",28,"2",4,0
"5417549",39,"1",4,50000
"5417549",36,"1",4,1e+05
"5417549",3,"0",0,NA
"5417549",0,"0",0,NA
"5418035",31,"1",2,31600
"5420049",68,"2",3,4400
"5420049",69,"2",4,6400
"5420049",28,"1",4,16000
"5420242",69,"2",2,19700
"5420242",67,"2",4,8500
"5420620",47,"1",2,36300
"5420620",44,"1",4,29000
"5420620",19,"1",4,7600
"5422936",45,"1",4,10900
"5422936",44,"1",4,12500
"5423089",57,"1",2,599650
"5423089",52,"1",4,108700
"5423089",17,"1",4,1180
"5424191",63,"1",4,38000
"5424191",59,"2",4,0
"5425436",49,"1",4,9000
"5425436",49,"1",4,19300
"5425663",46,"1",4,7100
"5425663",44,"1",4,30500
"5425806",34,"1",4,12000
"5425806",3,"0",0,NA
"5425806",9,"0",0,NA
"5426082",51,"1",4,72000
"5426082",49,"1",4,72000
"5426394",49,"1",4,144000
"5426394",48,"1",4,143600
"5426647",36,"1",4,35000
"5426647",34,"1",4,40000
"5426647",0,"0",0,NA
"5427120",25,"1",4,32900
"5427120",21,"1",4,11000
"5427133",93,"2",4,21700
"5427500",77,"1",4,17060
"5427500",68,"1",4,18800
"5427574",52,"1",4,52000
"5428433",53,"1",4,25000
"5428433",50,"1",4,39000
"5428589",35,"1",2,21200
"5429749",30,"1",2,23000
"5429749",23,"1",4,8000
"5431000",36,"1",4,27000
"5431000",45,"1",4,36000
"5431572",41,"2",4,6400
"5431572",2,"0",0,NA
"5432307",53,"1",4,15000
"5432307",18,"1",4,3400
"5432307",56,"1",4,25000
"5433957",47,"1",2,12080
"5433957",47,"1",4,11000
"5433957",18,"1",4,2000
"5434133",33,"1",2,16000
"5434133",34,"1",4,75520
"5434341",30,"1",4,12200
"5434341",23,"1",4,13000
"5434341",23,"1",4,6000
"5434341",27,"1",4,9600
"5434849",37,"1",4,31000
"5434876",71,"1",4,19600
"5437143",62,"2",2,11900
"5437143",64,"2",4,2500
"5437224",22,"1",4,105000
"5437877",45,"1",4,47250
"5437877",43,"1",4,2100
"5437877",14,"0",0,NA
"5437877",11,"0",0,NA
"5437877",7,"0",0,NA
"5437892",25,"1",4,15000
"5437892",23,"1",4,10000
"5438509",21,"1",4,600
"5438509",21,"1",4,4050
"5438509",21,"1",4,5000
"5439051",50,"1",4,29440
"5439051",45,"1",4,16800
"5439246",68,"2",4,124600
"5439483",31,"1",4,30600
"5439483",29,"1",4,38100
"5439849",25,"1",4,7400
"5439849",25,"1",4,5450
"5442455",23,"1",4,27000
"5442708",49,"1",4,18200
"5442708",40,"1",4,48600
"5442708",14,"0",0,NA
"5444609",73,"1",2,16000
"5445348",37,"1",4,22440
"5445348",44,"1",4,19000
"5445348",13,"0",0,NA
"5445348",10,"0",0,NA
"5445357",51,"1",4,42200
"5445357",28,"1",2,16220
"5449917",71,"2",2,8800
"5453397",61,"2",2,5400
"5453397",57,"1",4,62400
"5454317",83,"2",4,9990
"5454336",29,"1",4,5700
"5454336",11,"0",0,NA
"5454336",7,"0",0,NA
"5454336",3,"0",0,NA
"5454336",32,"1",4,4800
"5455037",47,"1",4,63300
"5455037",46,"1",4,36000
"5455037",15,"0",0,0
"5455037",12,"0",0,NA
"5456703",32,"1",4,27000
"5456703",4,"0",0,NA
"5456703",1,"0",0,NA
"5456703",33,"1",4,60000
"5457652",45,"1",4,38500
"5457652",49,"1",4,63000
"5457655",82,"2",2,20600
"5457655",41,"1",2,15900
"5460626",76,"2",2,15000
"5460858",43,"1",4,62000
"5460858",38,"1",4,3000
"5460858",13,"0",0,NA
"5460858",11,"0",0,NA
"5460858",9,"0",0,NA
"5460858",7,"0",0,NA
"5461055",29,"1",4,38300
"5461055",28,"1",4,30000
"5461055",4,"0",0,NA
"5461055",0,"0",0,NA
"5461901",89,"2",4,7220
"5461949",85,"2",4,0
"5462140",42,"1",4,27200
"5462360",71,"1",2,26700
"5462360",70,"2",4,6900
"5462585",18,"1",4,160
"5462767",29,"1",4,21000
"5462767",3,"0",0,NA
"5463264",49,"1",4,18000
"5463264",43,"1",4,45000
"5463264",9,"0",0,NA
"5463881",81,"2",4,5700
"5463881",48,"1",4,17000
"5464285",45,"1",4,40500
"5464285",45,"1",4,43000
"5464285",13,"0",0,NA
"5464285",11,"0",0,NA
"5464285",11,"0",0,NA
"5465545",48,"1",4,30000
"5465545",51,"1",4,12000
"5465545",18,"1",4,7000
"5465545",16,"1",0,1100
"5467354",34,"1",2,24800
"5467354",33,"2",4,0
"5467354",8,"0",0,NA
"5467354",5,"0",0,NA
"5467931",59,"1",4,51000
"5468333",69,"2",4,9000
"5468333",75,"2",4,19200
"5468923",83,"2",4,18500
"5469387",50,"2",4,16080
"5470510",46,"1",3,150000
"5470510",45,"1",4,50000
"5470510",19,"1",4,200
"5470510",15,"0",0,0
"5470558",34,"1",4,8000
"5470558",31,"1",4,17520
"5471053",32,"1",3,35000
"5471053",40,"1",4,33000
"5471053",18,"1",4,5000
"5471886",57,"1",4,69000
"5472126",41,"1",2,28300
"5472126",15,"0",0,0
"5472126",3,"0",0,NA
"5472593",43,"1",4,28000
"5472593",38,"1",4,24100
"5472748",64,"2",2,35000
"5472748",56,"1",4,27000
"5473770",52,"1",2,27700
"5474245",30,"1",4,26000
"5474510",80,"2",4,6600
"5475095",52,"1",4,43000
"5475095",50,"1",4,45000
"5476184",44,"1",3,22000
"5476184",18,"1",4,11100
"5476184",11,"0",0,NA
"5476184",18,"2",4,8900
"5477503",65,"2",4,127800
"5477503",67,"2",4,9900
"5479340",57,"1",4,18000
"5479340",52,"2",4,0
"5479340",29,"1",4,20000
"5479340",73,"2",4,7800
"5479340",1,"0",0,NA
"5479436",50,"1",4,157000
"5479436",50,"1",4,4300
"5479436",8,"0",0,NA
"5479992",26,"1",4,3800
"5479992",1,"0",0,NA
"5479992",22,"1",4,11500
"5480116",72,"2",4,4000
"5480116",73,"2",4,1900
"5481503",48,"1",4,19460
"5481503",41,"1",4,4010
"5481503",13,"0",0,NA
"5481503",10,"0",0,NA
"5481503",0,"0",0,NA
"5481820",18,"1",4,2000
"5481820",18,"1",4,1500
"5483451",23,"1",4,12000
"5483451",21,"1",4,10000
"5483674",82,"2",2,45900
"5483674",74,"2",4,4700
"5483929",30,"1",4,690
"5483982",44,"1",4,27020
"5484687",27,"1",3,17070
"5484687",25,"1",4,19040
"5485436",78,"2",2,10900
"5486509",48,"1",4,1000
"5486509",49,"1",4,40004
"5486509",15,"0",0,0
"5487472",26,"1",4,35300
"5488283",55,"1",2,26000
"5488283",51,"1",4,26000
"5490750",20,"1",4,1080
"5490924",23,"1",4,9800
"5490924",79,"2",4,5100
"5494318",19,"2",4,0
"5494977",59,"1",4,26200
"5494977",57,"1",4,20100
"5495313",45,"2",2,0
"5495786",69,"1",2,31000
"5495786",71,"2",4,4100
"5497228",39,"1",4,27700
"5497228",15,"0",0,0
"5497228",13,"0",0,NA
"5498790",58,"1",4,56500
"5499481",56,"1",2,37100
"5499512",55,"1",2,40000
"5499512",54,"1",4,25000
"5499512",28,"1",4,10000
"5499512",32,"1",2,20000
"5502153",44,"1",4,16200
"5502153",52,"1",4,20800
"5503003",79,"2",2,12000
"5503856",57,"2",4,11300
"5504464",44,"1",4,30000
"5504464",43,"1",4,75000
"5504464",12,"0",0,NA
"5504464",8,"0",0,NA
"5504999",44,"1",2,40000
"5504999",45,"1",4,20000
"5505352",80,"2",2,45800
"5505352",73,"2",4,14400
"5507450",59,"1",4,120000
"5507450",19,"1",4,3000
"5508969",55,"1",4,30500
"5508969",53,"1",4,96000
"5509527",48,"1",4,17900
"5509527",40,"1",4,7000
"5509527",15,"0",0,0
"5510477",49,"1",4,8400
"5510477",44,"1",4,50000
"5510477",19,"1",4,1530
"5510477",16,"2",0,0
"5510630",19,"2",4,0
"5510998",43,"1",4,11000
"5510998",20,"1",4,3000
"5510998",17,"1",4,2100
"5510998",13,"0",0,NA
"5511009",77,"1",2,301900
"5511009",77,"2",4,8500
"5511048",82,"2",4,32500
"5511135",40,"2",4,0
"5511135",14,"0",0,NA
"5511135",9,"0",0,NA
"5511135",5,"0",0,NA
"5511135",0,"0",0,NA
"5511260",78,"2",4,29200
"5512013",54,"1",2,15600
"5512316",25,"1",4,54000
"5512316",1,"0",0,NA
"5512316",24,"1",4,18000
"5512316",21,"1",4,12750
"5512316",23,"1",4,14400
"5513329",19,"1",4,1800
"5514092",33,"1",4,24000
"5514092",29,"1",4,4000
"5514092",0,"0",0,NA
"5514401",65,"1",2,36800
"5514401",53,"1",4,5750
"5514401",10,"0",0,NA
"5515869",39,"1",4,47600
"5515930",45,"1",4,99300
"5515930",46,"1",4,1400
"5515930",19,"1",4,4300
"5515930",14,"0",0,NA
"5516813",70,"2",4,7960
"5517644",38,"1",4,25000
"5517644",34,"1",4,25000
"5517644",4,"0",0,NA
"5517644",1,"0",0,NA
"5517708",49,"1",4,27700
"5517708",48,"1",4,24110
"5518189",57,"1",2,28000
"5518189",55,"1",4,15000
"5519898",57,"1",4,2100
"5520451",53,"1",4,27000
"5520777",88,"2",4,24900
"5520935",57,"2",4,6350
"5520960",78,"2",2,7090
"5521226",75,"2",2,19400
"5521226",67,"1",4,16600
"5523616",46,"1",2,24000
"5523616",49,"1",4,18000
"5523616",17,"1",4,2200
"5523616",14,"0",0,NA
"5527740",45,"1",4,10500
"5527740",42,"1",4,6000
"5527984",49,"1",4,158500
"5527984",11,"0",0,NA
"5529316",50,"1",4,41000
"5529316",49,"1",4,28000
"5529569",86,"2",4,0
"5530903",82,"2",4,18300
"5530903",66,"2",4,14800
"5532391",56,"1",4,53600
"5532391",57,"1",4,13000
"5532486",63,"2",4,15300
"5532486",59,"1",4,10200
"5532998",67,"2",2,31010
"5532998",63,"2",4,4900
"5533662",54,"1",4,78200
"5533662",44,"1",4,7800
"5533662",15,"0",0,0
"5533705",36,"1",4,42500
"5533705",38,"1",4,41500
"5533705",2,"0",0,NA
"5534990",23,"1",4,12000
"5535222",68,"2",4,15500
"5535222",71,"2",4,5300
"5536448",49,"1",3,13200
"5536448",58,"1",4,14900
"5537742",48,"1",4,47500
"5537742",45,"1",4,36000
"5538369",56,"1",4,2700
"5538369",56,"2",4,7000
"5539080",25,"1",4,4700
"5539080",28,"1",4,6200
"5539080",4,"0",0,NA
"5539080",1,"0",0,NA
"5539091",29,"1",4,37300
"5539091",26,"2",4,0
"5539091",2,"0",0,NA
"5540266",44,"1",2,70000
"5540598",29,"1",4,25700
"5540598",29,"1",4,38300
"5540598",10,"0",0,NA
"5540610",39,"1",4,17600
"5540610",16,"1",0,1330
"5540610",12,"0",0,NA
"5542406",31,"1",4,16800
"5542406",9,"0",0,NA
"5542406",3,"0",0,NA
"5542406",26,"1",4,14300
"5543281",84,"2",4,11200
"5543281",73,"2",4,4000
"5543834",48,"1",4,85000
"5543834",49,"1",4,6000
"5543834",15,"0",0,0
"5543834",12,"0",0,NA
"5544908",37,"1",4,24700
"5544908",34,"2",4,0
"5544908",12,"0",0,NA
"5544908",10,"0",0,NA
"5545096",67,"1",4,30210
"5545096",40,"1",4,11500
"5545550",37,"1",4,20000
"5545550",23,"1",4,6000
"5545550",15,"0",0,0
"5546541",26,"1",4,31400
"5546541",31,"2",4,0
"5546541",1,"0",0,NA
"5546541",1,"0",0,NA
"5546541",10,"0",0,NA
"5546541",7,"0",0,NA
"5546550",76,"2",2,35000
"5550021",79,"2",3,52900
"5550552",61,"2",4,20
"5551792",51,"1",4,25000
"5551792",51,"1",4,40000
"5551792",17,"2",4,0
"5551792",14,"0",0,NA
"5551796",50,"2",4,11000
"5551796",46,"1",4,24000
"5551796",14,"0",0,NA
"5551796",11,"0",0,NA
"5552153",27,"1",4,8000
"5552153",6,"0",0,NA
"5552153",4,"0",0,NA
"5552153",2,"0",0,NA
"5554082",72,"2",4,35100
"5555089",93,"2",4,7000
"5555506",47,"1",4,13050
"5555506",50,"1",4,44000
"5556128",85,"2",4,15280
"5556571",50,"1",4,294000
"5556571",48,"2",4,0
"5556571",22,"1",4,9500
"5556571",17,"2",4,0
"5556571",10,"0",0,NA
"5556865",41,"1",2,30000
"5556865",11,"0",0,NA
"5556865",8,"0",0,NA
"5556865",35,"1",4,17700
"5558434",61,"2",4,7200
"5558434",66,"2",4,3950
"5558434",93,"2",4,15000
"5559202",39,"1",4,52000
"5559202",38,"1",4,37500
"5559202",6,"0",0,NA
"5559202",6,"0",0,NA
"5561232",32,"1",4,39510
"5561440",86,"2",4,14100
"5561546",51,"1",2,30230
"5561546",51,"1",4,32500
"5561943",25,"1",4,30600
"5561943",29,"1",4,21000
"5562467",64,"1",4,20250
"5562476",77,"2",4,10000
"5562476",39,"1",3,12390
"5562476",80,"2",2,8800
"5563140",41,"1",4,31500
"5563140",39,"1",4,13000
"5563140",9,"0",0,NA
"5563140",7,"0",0,NA
"5563971",56,"1",4,25000
"5567630",56,"1",4,11730
"5569806",35,"1",4,27600
"5569806",35,"1",4,35000
"5570226",52,"1",2,24780
"5570462",46,"1",4,41070
"5570462",44,"1",4,7010
"5570462",16,"2",0,110
"5570462",13,"0",0,NA
"5571806",55,"1",4,30000
"5571806",55,"2",4,0
"5572399",62,"1",2,19000
"5572399",59,"2",4,4000
"5572399",30,"2",4,7100
"5572572",35,"1",4,32000
"5572572",46,"1",4,86000
"5572572",25,"1",4,30400
"5572591",40,"1",2,39500
"5572591",35,"1",4,1500
"5572591",15,"0",0,200
"5572591",12,"0",0,NA
"5572809",37,"1",2,15000
"5572809",25,"1",4,8000
"5573827",82,"2",4,33400
"5575344",41,"1",2,38000
"5575344",9,"0",0,NA
"5575589",81,"2",4,53000
"5576774",36,"1",4,35000
"5576774",35,"2",4,0
"5576774",13,"0",0,NA
"5576774",11,"0",0,NA
"5576774",7,"0",0,NA
"5576846",26,"1",4,23600
"5576846",30,"1",4,23600
"5577345",43,"1",4,17450
"5577345",43,"1",4,27000
"5577345",21,"1",4,146000
"5577345",17,"1",4,5800
"5577673",76,"2",4,10900
"5579797",63,"2",2,9800
"5579797",57,"2",2,11900
"5579797",28,"2",4,0
"5579797",79,"2",4,4000
"5579983",26,"1",2,39000
"5579983",4,"0",0,NA
"5581018",74,"2",4,15820
"5581196",24,"1",4,25000
"5581196",23,"1",4,18000
"5581196",21,"1",4,3000
"5581196",20,"1",4,3000
"5582028",47,"1",4,45000
"5582028",47,"1",4,12000
"5582028",22,"1",4,30000
"5582028",23,"1",4,12000
"5582028",2,"0",0,NA
"5582149",38,"1",4,31000
"5582149",54,"1",4,18000
"5582935",32,"1",4,28000
"5582935",29,"1",4,1300
"5582935",9,"0",0,NA
"5582935",4,"0",0,NA
"5582935",2,"0",0,NA
"5583221",41,"1",4,48000
"5583221",40,"2",4,13000
"5583221",13,"0",0,NA
"5584019",21,"1",4,14400
"5584019",0,"0",0,NA
"5584019",24,"1",4,12300
"5584129",70,"1",4,27000
"5584129",67,"1",4,44840
"5585705",30,"1",4,47050
"5585705",9,"0",0,NA
"5585705",29,"1",4,19500
"5586455",40,"1",4,38000
"5586455",34,"1",4,8200
"5586455",15,"0",0,0
"5586455",13,"0",0,NA
"5586455",10,"0",0,NA
"5586455",23,"1",4,15000
"5587113",39,"1",4,48450
"5587113",43,"1",4,10150
"5587113",12,"0",0,NA
"5587113",8,"0",0,NA
"5588112",43,"1",4,24700
"5588124",43,"1",4,34200
"5589199",37,"1",4,19000
"5589199",36,"1",4,32000
"5589199",15,"0",0,0
"5589199",13,"0",0,NA
"5589199",10,"0",0,NA
"5589394",44,"1",4,4700
"5589394",42,"2",4,0
"5589394",23,"1",4,210
"5589638",61,"1",4,31200
"5589638",64,"1",4,18700
"5590446",80,"2",2,122000
"5590446",69,"2",4,3800
"5591057",35,"1",4,110000
"5592154",22,"1",4,15000
"5592154",22,"1",4,11300
"5592419",75,"2",2,9020
"5592753",19,"1",4,2700
"5593373",24,"1",4,10000
"5593650",52,"2",2,40000
"5593650",44,"1",4,16000
"5595068",58,"1",3,290740
"5595068",47,"1",4,0
"5595910",65,"2",2,20600
"5595910",61,"1",4,42000
"5596408",63,"2",4,10800
"5596408",61,"2",4,0
"5600377",73,"1",2,36350
"5600377",67,"1",4,10400
"5600957",34,"1",4,21840
"5600957",32,"1",4,2500
"5600957",9,"0",0,NA
"5600957",6,"0",0,NA
"5601347",68,"1",4,10500
"5601347",31,"1",4,16000
"5601654",49,"1",2,35000
"5601654",44,"1",4,10000
"5601654",19,"1",4,5900
"5602061",64,"2",2,11900
"5602061",62,"2",4,0
"5602142",63,"2",2,17500
"5602142",71,"2",4,9200
"5603374",46,"1",4,10300
"5603374",19,"1",4,4800
"5603374",16,"1",0,840
"5603374",12,"0",0,NA
"5603374",6,"0",0,NA
"5603376",80,"2",2,14500
"5603376",80,"2",4,7500
"5604540",38,"1",4,15070
"5604540",38,"1",4,35000
"5604540",9,"0",0,NA
"5604540",6,"0",0,NA
"5604627",77,"2",4,9200
"5604949",67,"1",4,35250
"5604949",55,"1",4,45000
"5604949",93,"2",4,14000
"5605142",28,"1",4,24000
"5606203",34,"1",4,19030
"5606216",41,"1",4,59000
"5606216",10,"0",0,NA
"5606541",53,"1",2,20800
"5606541",49,"1",4,34000
"5606541",18,"1",4,3900
"5608812",38,"1",4,12000
"5608812",18,"2",4,0
"5608812",5,"0",0,NA
"5609138",39,"1",4,24700
"5609138",39,"1",4,14850
"5609138",18,"1",4,1800
"5609249",28,"1",4,41000
"5609249",30,"1",4,14000
"5609249",6,"0",0,NA
"5609249",2,"0",0,NA
"5609371",77,"2",2,16550
"5609371",82,"2",4,4500
"5610453",63,"1",2,44600
"5610453",61,"1",4,24000
"5610520",38,"1",4,10600
"5611899",55,"1",4,12000
"5611899",53,"1",4,7000
"5612151",81,"2",2,12000
"5612151",72,"2",4,6200
"5612151",30,"1",4,14500
"5613085",45,"1",4,87700
"5613085",40,"1",4,27200
"5614725",51,"1",2,45750
"5614725",43,"1",4,27000
"5615142",69,"1",4,25200
"5615142",63,"1",4,13580
"5615484",57,"1",4,25000
"5615484",56,"2",4,8650
"5615484",16,"2",0,0
"5615576",47,"1",4,72500
"5615726",46,"1",4,12000
"5615726",22,"1",4,4100
"5616803",59,"1",4,39000
"5616803",60,"1",4,26000
"5617506",27,"1",4,29230
"5617506",26,"1",4,9210
"5617816",35,"2",4,0
"5618508",68,"1",2,48390
"5618508",64,"1",4,104790
"5618525",18,"1",4,9000
"5618525",19,"1",4,24000
"5618668",36,"1",3,25800
"5618668",30,"1",4,10000
"5618668",10,"0",0,NA
"5618668",8,"0",0,NA
"5618914",28,"1",4,42610
"5618914",27,"1",4,27000
"5618995",74,"2",2,76800
"5618995",66,"2",4,71500
"5620215",48,"1",4,23090
"5621438",67,"2",4,19630
"5624269",18,"1",4,1300
"5624811",58,"2",2,13000
"5624811",51,"1",4,23000
"5624963",16,"1",0,2400
"5625018",53,"1",4,18000
"5626281",21,"1",4,13400
"5626281",39,"1",2,28000
"5626281",3,"0",0,NA
"5626281",2,"0",0,NA
"5626845",50,"1",4,4800
"5626845",46,"1",4,4500
"5626845",12,"0",0,NA
"5628313",48,"1",4,30000
"5628313",48,"1",4,10000
"5628313",11,"0",0,NA
"5628313",7,"0",0,NA
"5628422",76,"2",2,10900
"5629551",54,"1",4,12300
"5629958",40,"1",4,32000
"5629958",41,"1",4,44000
"5629958",5,"0",0,NA
"5629958",4,"0",0,NA
"5631196",30,"1",4,14900
"5631196",31,"1",4,25700
"5631196",2,"0",0,NA
"5631196",1,"0",0,NA
"5632900",31,"1",4,8700
"5632900",7,"0",0,NA
"5633813",43,"1",4,14250
"5633813",43,"1",4,3000
"5635195",18,"1",4,8000
"5635195",46,"1",4,42600
"5635643",73,"2",2,30600
"5635643",73,"2",4,3800
"5635721",46,"1",4,47000
"5636642",44,"1",4,33000
"5636642",38,"1",4,55000
"5638165",61,"1",2,36500
"5638165",60,"1",4,7860
"5639435",31,"1",4,4800
"5639435",24,"1",4,3600
"5639435",28,"1",4,5000
"5639435",22,"1",4,4800
"5641742",72,"2",4,14900
"5642865",29,"2",4,0
"5642865",28,"1",4,23200
"5642865",3,"0",0,NA
"5642865",1,"0",0,NA
"5644661",71,"2",2,13100
"5644661",63,"1",4,6400
"5644872",21,"1",2,19000
"5644872",1,"0",0,NA
"5644872",22,"1",4,43000
"5645322",43,"1",4,25000
"5645322",41,"1",4,36000
"5645322",15,"0",0,0
"5645322",12,"0",0,NA
"5645761",67,"1",4,18980
"5646792",31,"1",4,21000
"5646792",28,"1",4,20100
"5647934",35,"1",4,42300
"5647934",39,"1",4,11600
"5648026",76,"2",2,10200
"5648026",79,"2",4,14700
"5648026",46,"1",4,22000
"5649510",45,"1",4,56820
"5649510",9,"0",0,NA
"5649510",35,"1",4,17000
"5650751",33,"2",4,0
"5651661",25,"1",3,31500
"5651661",25,"1",4,7500
"5651661",1,"0",0,NA
"5651661",6,"0",0,NA
"5651909",41,"1",4,39490
"5651909",43,"1",4,20000
"5651909",16,"1",0,250
"5651909",18,"1",4,2300
"5652383",42,"2",4,0
"5652980",44,"1",4,27050
"5652980",46,"1",4,28000
"5652980",5,"0",0,NA
"5652980",4,"0",0,NA
"5652993",88,"2",4,26200
"5653185",48,"1",4,34600
"5653185",48,"1",4,15000
"5653527",38,"1",4,40000
"5653981",78,"2",4,34700
"5655834",45,"1",4,34000
"5655834",60,"1",4,21500
"5656654",78,"2",4,18900
"5656654",75,"2",4,13900
"5657632",73,"2",4,30320
"5660916",76,"1",2,190900
"5660916",78,"1",4,53000
"5662761",93,"2",4,15000
"5663025",72,"1",4,22900
"5663025",46,"1",4,14800
"5663025",47,"1",4,41000
"5665325",89,"2",4,13600
"5665955",66,"1",4,27800
"5665955",67,"2",4,3000
"5666169",51,"1",4,18000
"5666169",50,"1",4,25000
"5666169",18,"1",4,800
"5666867",28,"1",4,27000
"5666867",5,"0",0,NA
"5666867",3,"0",0,NA
"5666867",35,"1",4,7000
"5666867",12,"0",0,NA
"5667039",40,"1",4,36000
"5667039",34,"1",4,52000
"5667039",12,"0",0,NA
"5667039",6,"0",0,NA
"5669127",45,"1",4,42000
"5669127",43,"1",4,1400
"5669393",47,"1",4,25000
"5669393",47,"1",4,25000
"5669393",20,"1",4,4100
"5669542",31,"1",4,21200
"5669542",9,"0",0,NA
"5669542",33,"1",4,38000
"5669646",51,"1",4,18000
"5669646",49,"1",4,37000
"5670008",38,"1",4,102200
"5670008",37,"1",4,10800
"5670087",36,"1",2,17100
"5670087",44,"1",4,9000
"5670087",12,"0",0,NA
"5670087",10,"0",0,NA
"5670087",23,"1",4,18000
"5670087",22,"1",4,15500
"5670375",81,"2",2,9400
"5671119",71,"2",4,7380
"5671119",33,"1",4,15300
"5671119",9,"0",0,NA
"5671606",79,"2",4,22500
"5673882",33,"1",4,33300
"5673882",15,"0",0,0
"5673882",27,"1",4,23000
"5674377",57,"1",4,133000
"5674397",78,"2",4,11500
"5676529",46,"1",4,30000
"5676529",62,"1",3,3660
"5677205",31,"1",4,23900
"5677205",33,"1",4,36000
"5677361",45,"1",4,65000
"5677361",35,"1",4,5000
"5677361",4,"0",0,NA
"5677361",1,"0",0,NA
"5678317",93,"2",4,6700
"5678317",79,"2",4,0
"5681554",42,"1",4,25500
"5681554",43,"1",4,25000
"5681881",44,"1",4,1e+05
"5681881",42,"1",4,10700
"5681881",11,"0",0,NA
"5681881",9,"0",0,NA
"5681881",4,"0",0,NA
"5682496",76,"2",4,42300
"5682496",69,"2",4,6200
"5683453",65,"1",4,32000
"5683453",64,"2",4,4800
"5683453",47,"1",4,16000
"5683780",36,"2",4,5400
"5683780",32,"1",4,15000
"5684117",37,"1",4,18000
"5684117",59,"1",3,32000
"5684433",53,"1",4,26600
"5684433",52,"1",4,17300
"5684433",17,"1",4,13000
"5684433",18,"2",4,0
"5684433",15,"0",0,6600
"5684728",46,"1",4,35000
"5684728",44,"1",4,25000
"5684728",12,"0",0,NA
"5684728",11,"0",0,NA
"5684793",62,"1",2,7800
"5684793",39,"1",4,5350
"5684793",13,"0",0,NA
"5685357",40,"1",4,20530
"5685357",36,"2",4,230
"5685357",7,"0",0,NA
"5685357",3,"0",0,NA
"5685552",59,"1",3,11500
"5685552",56,"1",4,9440
"5686360",44,"1",4,75000
"5686360",37,"1",4,32000
"5686360",17,"1",4,8200
"5686360",8,"0",0,NA
"5686360",14,"0",0,NA
"5688675",74,"2",4,18000
"5688675",58,"2",4,32400
"5688911",39,"1",4,24000
"5689344",46,"1",4,35600
"5689344",45,"1",4,13900
"5689692",58,"1",4,21000
"5690350",42,"1",4,28000
"5690350",42,"1",4,45000
"5690350",18,"1",4,8800
"5690787",87,"2",2,25000
"5690867",39,"1",4,20000
"5690867",43,"1",4,28000
"5690867",18,"2",4,0
"5691182",93,"2",4,10800
"5691491",36,"1",4,106700
"5691491",17,"2",4,0
"5691491",15,"0",0,0
"5691491",43,"1",4,32500
"5691550",38,"1",4,26000
"5691550",33,"1",4,6000
"5691550",14,"0",0,NA
"5691550",8,"0",0,NA
"5691550",2,"0",0,NA
"5691946",23,"1",4,9000
"5691946",26,"1",4,13900
"5691946",6,"0",0,NA
"5691946",0,"0",0,NA
"5692057",45,"1",4,27000
"5692057",52,"1",4,25000
"5693026",29,"2",4,7700
"5693026",7,"0",0,NA
"5693397",48,"1",4,52400
"5693397",46,"1",4,12400
"5693397",86,"2",4,11000
"5694244",53,"1",2,22900
"5694244",53,"1",3,12300
"5694244",20,"1",4,8400
"5694244",19,"1",4,7000
"5694383",55,"1",2,134600
"5694383",51,"1",4,88100
"5694524",43,"1",4,40000
"5694524",11,"0",0,NA
"5694524",10,"0",0,NA
"5696192",45,"1",4,35000
"5696192",47,"1",4,15000
"5698499",33,"1",4,6000
"5698499",10,"0",0,NA
"5698499",5,"0",0,NA
"5699938",47,"1",4,21400
"5699938",20,"2",4,0
"5699938",18,"1",4,10000
"5699938",16,"1",0,4000
"5699938",14,"0",0,NA
"5699938",11,"0",0,NA
"5700046",52,"1",4,100700
"5700046",46,"1",4,27000
"5700046",19,"1",4,6200
"5701143",85,"1",4,26860
"5701256",72,"1",4,8100
"5701256",70,"2",4,4090
"5701324",79,"2",4,30100
"5701345",56,"1",3,32000
"5701345",56,"1",4,10250
"5701816",52,"1",4,33130
"5702150",36,"1",4,11400
"5702150",11,"0",0,NA
"5702150",6,"0",0,NA
"5703925",69,"2",2,7200
"5703925",25,"1",4,6000
"5703925",5,"0",0,NA
"5703925",23,"1",4,32000
"5703984",35,"1",4,28300
"5703984",11,"0",0,NA
"5703984",23,"1",4,24000
"5704018",77,"1",4,35300
"5704259",89,"2",4,20400
"5704844",42,"1",4,22000
"5704844",43,"1",4,7200
"5704844",19,"1",4,1500
"5704844",18,"1",4,6400
"5705355",55,"1",4,40750
"5705560",77,"2",4,13000
"5705560",12,"0",0,NA
"5705560",4,"0",0,NA
"5705560",46,"2",4,0
"5707564",56,"1",2,1800
"5707564",46,"1",4,7000
"5708288",20,"2",4,0
"5708306",47,"1",4,25080
"5708306",19,"1",4,7500
"5708306",19,"1",4,780
"5708306",20,"1",4,13000
"5708383",46,"1",4,26000
"5708383",45,"1",4,67000
"5708383",13,"0",0,NA
"5708383",10,"0",0,NA
"5709780",29,"1",4,14800
"5709780",38,"1",4,31000
"5709780",9,"0",0,NA
"5709780",3,"0",0,NA
"5709792",28,"1",4,25000
"5709917",41,"1",4,53100
"5709917",42,"1",4,43000
"5710172",41,"1",4,81200
"5710234",24,"1",4,14000
"5711759",56,"1",4,29790
"5712880",48,"1",2,29500
"5712880",43,"1",4,15000
"5712880",21,"1",4,6800
"5713906",33,"2",4,4800
"5713906",4,"0",0,NA
"5713906",35,"1",4,35900
"5713931",62,"2",4,9000
"5713931",67,"1",2,52000
"5714288",56,"1",4,50000
"5714773",55,"1",2,228000
"5714773",46,"1",4,17000
"5715366",45,"1",4,48500
"5715366",46,"1",4,30800
"5715366",12,"0",0,NA
"5715366",6,"0",0,NA
"5715595",45,"1",4,40400
"5715595",45,"1",4,10300
"5715595",18,"1",4,3600
"5715595",16,"1",0,1760
"5716351",34,"1",4,18160
"5716518",59,"1",4,46000
"5716518",58,"1",4,37000
"5717692",45,"1",4,50000
"5717692",43,"1",4,40000
"5717692",15,"0",0,0
"5717692",13,"0",0,NA
"5718216",51,"1",4,12000
"5718216",56,"1",2,40000
"5718216",28,"1",4,24000
"5718602",36,"1",4,49200
"5718602",42,"1",4,47800
"5718602",2,"0",0,NA
"5718602",0,"0",0,NA
"5718716",45,"1",4,25600
"5718716",13,"0",0,NA
"5718978",51,"1",4,34000
"5718978",50,"1",4,34000
"5719114",51,"2",2,4400
"5719676",45,"1",4,68200
"5719676",44,"1",4,43600
"5719676",18,"1",4,650
"5719676",15,"0",0,0
"5720212",58,"1",4,22800
"5720212",48,"1",2,135000
"5720778",84,"2",4,32000
"5720957",57,"1",3,107500
"5720957",52,"1",4,36000
"5722397",35,"1",4,31200
"5722397",31,"1",4,10000
"5722397",6,"0",0,NA
"5722397",4,"0",0,NA
"5722519",54,"1",4,26000
"5722519",21,"1",4,8000
"5722519",19,"1",4,12000
"5723081",44,"1",4,11340
"5723081",59,"1",4,30000
"5723081",29,"1",4,25000
"5723081",23,"1",4,11800
"5725085",48,"1",4,21400
"5725085",44,"1",4,5000
"5725085",12,"0",0,NA
"5725907",93,"2",4,8000
"5726322",54,"1",4,13600
"5726322",12,"0",0,NA
"5726492",58,"1",4,50000
"5726492",56,"1",4,8500
"5727476",58,"2",4,0
"5728121",49,"1",3,13800
"5728121",52,"2",4,0
"5728121",15,"0",0,0
"5728121",12,"0",0,NA
"5728121",9,"0",0,NA
"5728200",40,"1",4,70000
"5728200",40,"1",4,21000
"5728200",13,"0",0,NA
"5728603",32,"1",4,3000
"5728603",14,"0",0,NA
"5728603",13,"0",0,NA
"5728603",12,"0",0,NA
"5728603",4,"0",0,NA
"5728603",61,"1",4,7800
"5728603",29,"1",4,2500
"5729124",51,"1",4,32620
"5729124",51,"1",4,170
"5730042",36,"1",4,-1900
"5730042",36,"1",4,31100
"5730042",18,"1",4,690
"5730042",14,"0",0,NA
"5730723",18,"2",4,0
"5731019",77,"2",4,119300
"5731860",34,"1",4,13000
"5731860",30,"2",4,0
"5731860",13,"0",0,NA
"5731860",11,"0",0,NA
"5731860",7,"0",0,NA
"5733101",40,"1",4,31100
"5733101",39,"1",4,24500
"5733101",13,"0",0,NA
"5733101",10,"0",0,NA
"5733184",62,"1",2,14200
"5733194",46,"1",4,48080
"5733194",40,"1",2,11000
"5733194",11,"0",0,NA
"5733194",9,"0",0,NA
"5733194",8,"0",0,NA
"5734114",33,"1",4,30690
"5734114",34,"1",4,18950
"5734114",5,"0",0,NA
"5734114",4,"0",0,NA
"5734871",30,"1",4,27500
"5735294",24,"1",2,28000
"5735294",21,"1",4,12000
"5735647",49,"1",2,20000
"5735647",48,"1",4,24300
"5735647",16,"2",0,0
"5737075",46,"1",4,34000
"5737075",42,"1",4,19000
"5737075",15,"0",0,0
"5738599",47,"1",4,30000
"5738599",48,"1",4,38000
"5739043",76,"2",4,6900
"5739121",18,"1",4,4000
"5739347",47,"1",4,29200
"5740091",60,"2",4,14800
"5740091",57,"1",4,5200
"5742035",72,"2",4,8400
"5742768",31,"1",4,56000
"5742768",22,"1",4,6000
"5742852",55,"1",4,45000
"5743340",75,"2",4,5200
"5744331",55,"1",2,40700
"5744331",50,"1",4,14980
"5744331",18,"1",4,5604
"5744331",16,"1",0,5400
"5744443",79,"2",4,7000
"5744601",33,"1",4,45000
"5744601",29,"1",4,20000
"5744601",5,"0",0,NA
"5744940",18,"1",4,500
"5746245",75,"1",4,14800
"5746755",37,"1",4,30000
"5746755",45,"1",4,20000
"5746755",41,"1",4,11500
"5746755",93,"2",4,7200
"5746755",77,"2",4,3600
"5747319",22,"1",4,4500
"5747319",22,"1",4,12000
"5748062",47,"1",4,150000
"5748062",44,"1",4,38000
"5748062",16,"1",0,320
"5748062",12,"0",0,NA
"5748062",14,"0",0,NA
"5749711",47,"1",4,68000
"5751122",23,"1",4,10000
"5751122",23,"1",4,15000
"5751613",40,"1",4,30150
"5751613",38,"1",4,14500
"5752452",82,"2",4,11400
"5752452",60,"1",4,15000
"5752541",23,"1",4,22000
"5752541",27,"1",4,32500
"5754199",62,"2",2,18100
"5754199",53,"1",4,14500
"5754199",36,"1",4,8000
"5754457",43,"1",4,20000
"5754457",40,"1",4,8070
"5754457",6,"0",0,NA
"5754457",0,"0",0,NA
"5755363",19,"1",4,2500
"5755737",37,"1",4,19090
"5755737",9,"0",0,NA
"5757108",42,"1",4,10900
"5757108",12,"0",0,NA
"5757108",11,"0",0,NA
"5758278",42,"1",4,48000
"5758278",40,"1",4,3700
"5758278",13,"0",0,NA
"5758278",8,"0",0,NA
"5758456",36,"1",4,26000
"5758456",35,"1",4,5900
"5758456",13,"0",0,NA
"5759551",30,"1",3,45000
"5759551",30,"1",4,15500
"5759551",10,"0",0,NA
"5759551",17,"2",4,0
"5759551",14,"0",0,NA
"5760004",81,"2",4,10800
"5760663",21,"1",4,26000
"5760663",21,"1",4,23000
"5760663",20,"1",4,5400
"5760663",19,"1",4,9600
"5762185",37,"1",4,65000
"5762185",39,"1",4,30000
"5762185",4,"0",0,NA
"5762185",1,"0",0,NA
"5762361",54,"1",2,30000
"5762361",45,"1",4,12000
"5762361",21,"1",4,22500
"5762722",60,"1",4,40000
"5762722",58,"1",4,64600
"5763525",29,"1",4,25000
"5763525",30,"2",4,0
"5763525",3,"0",0,NA
"5763525",2,"0",0,NA
"5763670",64,"2",4,41100
"5764435",86,"2",4,7000
"5765068",30,"1",4,16000
"5765068",7,"0",0,NA
"5765068",3,"0",0,NA
"5765068",22,"1",4,7800
"5765134",53,"1",4,30700
"5765134",53,"1",2,6000
"5765189",52,"1",4,41000
"5765189",53,"1",2,82000
"5767210",41,"1",4,26500
"5767210",38,"2",4,6000
"5767210",7,"0",0,NA
"5767706",49,"2",4,8460
"5767706",53,"1",4,10000
"5767793",52,"1",4,74840
"5768884",43,"1",4,42600
"5768884",42,"1",4,23200
"5768884",15,"0",0,0
"5768884",12,"0",0,NA
"5768884",65,"2",4,1200
"5769097",34,"1",4,37000
"5769848",77,"2",4,3000
"5770504",72,"1",2,33570
"5770504",65,"2",4,5410
"5770519",63,"1",4,35000
"5770519",63,"2",4,6000
"5770519",66,"2",4,7200
"5770608",35,"1",4,45000
"5770608",37,"1",2,10000
"5771886",71,"2",4,5100
"5771886",66,"2",4,13600
"5772359",27,"1",4,17900
"5772359",27,"1",4,23800
"5772359",0,"0",0,NA
"5773176",70,"2",4,8200
"5773253",11,"0",0,NA
"5774139",69,"2",4,0
"5774924",43,"1",4,26400
"5774924",38,"1",4,5600
"5774924",17,"1",4,5410
"5774924",15,"0",0,0
"5775983",58,"1",4,12200
"5778625",29,"1",4,19700
"5778625",21,"1",4,11100
"5778625",0,"0",0,NA
"5778876",41,"1",4,74000
"5778876",42,"1",4,12000
"5778876",6,"0",0,NA
"5778876",2,"0",0,NA
"5779330",68,"2",4,21800
"5779330",72,"2",4,23400
"5779398",32,"1",4,65180
"5779398",33,"1",4,18000
"5780002",68,"1",2,9400
"5780281",58,"1",4,71000
"5780281",55,"1",4,42000
"5780409",44,"1",2,53000
"5780409",33,"1",4,6000
"5780409",9,"0",0,NA
"5784173",25,"1",4,28000
"5785028",35,"1",2,38200
"5785507",45,"1",4,23000
"5785507",11,"0",0,NA
"5785507",43,"2",4,170
"5788669",49,"1",2,11500
"5788669",41,"1",4,14900
"5788669",10,"0",0,NA
"5788669",9,"0",0,NA
"5788669",7,"0",0,NA
"5788777",53,"1",2,33700
"5788777",49,"1",4,53000
"5788777",16,"2",0,0
"5788777",13,"0",0,NA
"5788789",45,"1",4,35000
"5788789",48,"1",4,34000
"5788789",18,"1",4,1000
"5788789",14,"0",0,NA
"5788987",64,"1",2,54200
"5788987",49,"1",4,41700
"5788987",23,"1",4,8700
"5789423",65,"1",4,18600
"5790535",37,"1",4,25600
"5790535",37,"1",4,15000
"5790741",45,"1",4,29000
"5790741",42,"1",4,18000
"5790741",17,"1",4,2000
"5791545",42,"1",4,31300
"5791545",42,"1",4,70300
"5791545",18,"1",4,9650
"5791545",16,"2",0,10000
"5792835",19,"1",4,4500
"5792897",61,"1",4,28020
"5793019",37,"1",4,3000
"5794589",57,"1",4,80100
"5794589",38,"1",4,47000
"5794714",37,"1",4,30500
"5794714",41,"1",2,37500
"5796802",68,"2",2,20400
"5796802",58,"2",4,0
"5796848",42,"1",4,40200
"5797407",25,"1",4,35000
"5797407",1,"0",0,NA
"5797407",46,"1",4,40000
"5797407",22,"1",2,20000
"5797660",80,"2",4,8400
"5798767",73,"2",4,29200
"5798853",51,"1",4,16000
"5798853",30,"1",4,18000
"5800812",54,"1",2,23230
"5800812",53,"1",4,20030
"5802195",61,"2",4,14100
"5803856",57,"1",4,13500
"5804497",66,"1",3,14900
"5804497",62,"1",4,8250
"5804497",36,"1",3,1300
"5805067",31,"1",4,16900
"5805067",11,"0",0,NA
"5805067",9,"0",0,NA
"5805067",31,"1",4,9000
"5805797",43,"1",4,12100
"5805797",38,"1",4,25100
"5805797",8,"0",0,NA
"5805797",7,"0",0,NA
"5806495",37,"1",4,8500
"5806495",37,"1",2,44000
"5806495",10,"0",0,NA
"5806495",6,"0",0,NA
"5806495",1,"0",0,NA
"5807525",53,"1",4,40160
"5808072",39,"1",4,125000
"5808072",6,"0",0,NA
"5808072",3,"0",0,NA
"5808072",3,"0",0,NA
"5808072",3,"0",0,NA
"5808072",39,"1",4,175000
"5808407",53,"2",2,33500
"5808407",50,"2",4,200
"5808407",15,"0",0,0
"5809808",48,"1",4,34710
"5809808",47,"1",4,20000
"5811085",82,"2",4,37400
"5811799",46,"1",4,31970
"5811799",41,"1",4,52000
"5811799",10,"0",0,NA
"5811950",33,"1",4,14500
"5811950",13,"0",0,NA
"5812561",38,"1",4,32000
"5812561",17,"2",4,0
"5814183",74,"2",2,0
"5814183",68,"2",4,0
"5814183",43,"1",4,48500
"5815525",42,"1",4,61000
"5815525",41,"2",4,0
"5815525",19,"2",4,0
"5815525",17,"2",4,0
"5815525",15,"0",0,0
"5815525",0,"0",0,NA
"5815622",47,"1",4,24000
"5815622",50,"1",2,24300
"5815677",56,"1",4,18200
"5816195",41,"1",2,46000
"5816195",39,"1",4,21500
"5816195",15,"0",0,0
"5816195",15,"0",0,0
"5816195",10,"0",0,NA
"5816777",24,"1",4,10000
"5816777",22,"1",4,17000
"5817550",55,"1",4,32000
"5820837",35,"1",4,35000
"5820837",28,"1",4,20000
"5820837",5,"0",0,NA
"5820923",77,"2",4,17800
"5820923",72,"1",2,9800
"5822562",60,"2",2,25500
"5822562",61,"2",4,0
"5822681",68,"1",4,1000
"5822681",72,"2",4,8900
"5824104",35,"1",4,16900
"5824547",55,"1",4,29700
"5824547",46,"2",4,7200
"5825234",46,"1",4,23900
"5825234",7,"0",0,NA
"5825684",65,"1",2,9200
"5825684",58,"1",4,14700
"5826217",49,"1",4,15020
"5826217",9,"0",0,NA
"5826260",32,"1",4,500
"5826260",33,"1",4,22150
"5826260",6,"0",0,NA
"5826260",1,"0",0,NA
"5828441",71,"1",4,20100
"5828441",74,"2",4,9410
"5828682",51,"1",3,51100
"5829748",18,"1",3,4000
"5830479",36,"1",4,17500
"5830479",16,"2",0,0
"5830479",11,"0",0,NA
"5830756",72,"2",2,117100
"5830756",71,"1",4,160000
"5832470",35,"1",4,17200
"5832470",31,"1",4,10800
"5832470",13,"0",0,NA
"5832582",51,"1",3,63760
"5832582",47,"1",4,39200
"5832697",62,"2",2,0
"5832697",59,"2",2,6000
"5835461",35,"1",4,10950
"5835461",11,"0",0,NA
"5835461",4,"0",0,NA
"5835466",44,"1",4,21400
"5835466",21,"1",4,10000
"5835466",47,"1",2,26000
"5835697",71,"1",4,10300
"5839465",42,"1",2,41000
"5839465",40,"1",4,15000
"5839465",15,"0",0,0
"5839465",12,"0",0,NA
"5839465",12,"0",0,NA
"5839545",77,"2",4,7200
"5839985",51,"1",4,43000
"5839985",46,"1",4,52150
"5839985",5,"0",0,NA
"5839985",5,"0",0,NA
"5839985",5,"0",0,NA
"5840285",76,"2",2,16600
"5840285",69,"2",4,4200
"5840285",33,"1",4,9700
"5840357",30,"1",4,27000
"5840357",40,"1",4,20400
"5841801",62,"1",2,48700
"5841801",61,"1",4,51000
"5841801",26,"1",4,10000
"5842137",57,"2",4,0
"5842137",43,"1",4,35000
"5842137",15,"0",0,0
"5842137",15,"0",0,0
"5842261",83,"2",2,21700
"5842261",74,"2",4,5700
"5842777",53,"1",4,35000
"5842777",38,"1",4,38000
"5842777",6,"0",0,NA
"5842777",2,"0",0,NA
"5846035",38,"2",4,1000
"5846035",35,"2",4,1600
"5846035",14,"0",0,NA
"5846035",11,"0",0,NA
"5846035",8,"0",0,NA
"5846267",80,"2",4,16500
"5846267",43,"1",4,14600
"5847318",48,"1",4,38200
"5847318",18,"2",4,0
"5847318",14,"0",0,NA
"5847881",59,"1",4,26000
"5847881",60,"2",4,0
"5848053",57,"2",4,8610
"5848986",43,"1",4,18000
"5848986",46,"1",4,50000
"5848986",18,"1",4,7000
"5849125",42,"1",4,33050
"5849125",41,"1",4,30000
"5849125",14,"0",0,NA
"5849125",11,"0",0,NA
"5849776",37,"1",4,28600
"5849776",33,"1",4,25000
"5849938",21,"1",4,4170
"5850365",70,"2",2,14480
"5850365",70,"1",4,11580
"5850735",74,"2",4,13000
"5852866",43,"1",4,25000
"5852866",41,"1",4,25000
"5852866",14,"0",0,NA
"5852866",12,"0",0,NA
"5853303",45,"1",2,18200
"5853964",41,"1",2,37664
"5853964",42,"1",4,1000
"5853964",19,"1",4,6000
"5853964",17,"1",4,4700
"5854034",49,"1",4,38000
"5854034",52,"1",4,37500
"5854034",9,"0",0,NA
"5854034",8,"0",0,NA
"5854034",6,"0",0,NA
"5854386",80,"1",2,21300
"5854386",69,"1",4,13400
"5854397",27,"1",4,38000
"5854397",24,"2",4,0
"5854397",5,"0",0,NA
"5854397",1,"0",0,NA
"5855888",23,"1",4,15000
"5855888",24,"1",4,30000
"5856346",23,"1",4,500
"5856498",37,"1",4,30000
"5856498",39,"1",4,25000
"5857162",19,"1",4,7200
"5857162",22,"1",4,5000
"5857162",21,"1",4,5000
"5857162",21,"1",4,4000
"5857168",45,"1",4,50340
"5857168",44,"1",4,41600
"5857168",15,"0",0,0
"5857830",18,"1",4,3900
"5858924",42,"1",4,17000
"5858924",16,"1",0,500
"5859114",48,"1",4,44900
"5859121",37,"1",4,19700
"5859121",34,"1",4,44400
"5859775",61,"1",4,35000
"5859775",60,"1",4,1200
"5860615",28,"1",4,27000
"5860615",27,"1",4,31100
"5861059",75,"2",4,17140
"5861467",61,"1",4,32600
"5861600",43,"1",4,17000
"5861600",42,"1",4,15200
"5861600",9,"0",0,NA
"5862017",47,"1",4,44000
"5862017",15,"0",0,0
"5862017",51,"1",3,90000
"5862669",35,"1",4,339000
"5862669",41,"2",4,0
"5862669",6,"0",0,NA
"5862669",0,"0",0,NA
"5863235",58,"1",2,26920
"5863235",57,"1",4,16200
"5864009",30,"1",4,48790
"5864009",26,"1",4,7700
"5864262",47,"1",4,115000
"5864262",45,"1",4,43500
"5864638",33,"1",4,40000
"5866270",76,"2",4,19400
"5867018",52,"1",4,13000
"5867018",15,"0",0,0
"5867022",63,"2",4,12000
"5867929",20,"2",3,0
"5868240",36,"1",2,33500
"5868240",34,"1",4,10500
"5868240",3,"0",0,NA
"5868240",0,"0",0,NA
"5868352",66,"1",2,18530
"5868632",44,"1",4,34940
"5869202",50,"1",4,65000
"5869202",49,"2",4,0
"5869716",39,"1",2,29000
"5869716",37,"1",4,21000
"5869716",11,"0",0,NA
"5869758",82,"2",4,3200
"5871241",27,"1",4,21000
"5871443",40,"1",4,54200
"5871443",37,"1",4,400
"5871443",10,"0",0,NA
"5871443",7,"0",0,NA
"5871981",71,"2",4,6500
"5872039",66,"2",2,17200
"5872039",63,"2",4,13100
"5872624",47,"1",4,42500
"5872624",49,"1",4,22000
"5872628",42,"1",4,62000
"5872628",49,"1",4,15000
"5872628",14,"0",0,NA
"5873470",39,"1",4,30000
"5873470",33,"1",4,28000
"5873470",5,"0",0,NA
"5873470",1,"0",0,NA
"5873594",20,"1",4,2500
"5873599",53,"1",3,15200
"5873599",52,"1",2,12700
"5874188",47,"1",4,44200
"5874553",41,"1",4,14200
"5874553",18,"2",4,0
"5874553",16,"2",0,0
"5874553",11,"0",0,NA
"5875256",55,"1",4,80000
"5875256",53,"2",4,0
"5875256",17,"2",4,0
"5875756",45,"1",4,39520
"5875756",20,"1",4,7200
"5875756",16,"1",0,1100
"5875756",11,"0",0,NA
"5875756",9,"0",0,NA
"5876737",28,"1",4,10000
"5877065",56,"1",2,160000
"5877065",52,"2",4,0
"5877065",13,"0",0,NA
"5877589",56,"2",4,8800
"5878467",88,"2",2,26700
"5878696",69,"2",4,13500
"5878696",69,"1",4,22900
"5879043",20,"1",4,8000
"5879190",64,"2",4,500
"5880040",66,"1",2,42250
"5880040",62,"1",4,5550
"5880040",38,"2",4,8000
"5880720",36,"1",4,32000
"5880720",39,"1",2,32000
"5880720",16,"2",0,0
"5880720",13,"0",0,NA
"5881788",51,"1",4,9100
"5881788",46,"1",4,6900
"5881788",9,"0",0,NA
"5883369",45,"1",4,21500
"5883369",16,"2",0,0
"5883369",13,"0",0,NA
"5883369",11,"0",0,NA
"5883636",36,"1",4,32500
"5884287",51,"1",4,101000
"5885305",35,"1",3,49000
"5885305",29,"1",4,5000
"5886412",46,"1",4,24200
"5886412",16,"1",0,1000
"5886507",57,"1",4,83000
"5887444",47,"1",2,45600
"5887444",53,"1",4,31000
"5887941",36,"1",4,25080
"5887941",34,"1",4,3000
"5887941",5,"0",0,NA
"5887941",2,"0",0,NA
"5887941",1,"0",0,NA
"5888070",40,"1",4,22700
"5888070",34,"1",4,27900
"5888070",9,"0",0,NA
"5888070",6,"0",0,NA
"5888890",21,"2",4,0
"5889705",20,"1",4,4000
"5891008",50,"1",4,40100
"5891008",45,"2",4,0
"5891036",47,"1",4,36400
"5891036",46,"1",4,2700
"5891036",16,"2",0,0
"5891036",12,"0",0,NA
"5891263",64,"1",4,63600
"5891263",64,"1",4,4000
"5891863",56,"2",2,117500
"5891863",49,"1",4,45500
"5891863",22,"1",4,3500
"5891880",54,"1",2,22000
"5892569",44,"2",4,0
"5894970",43,"1",4,107000
"5894996",57,"2",2,32700
"5894996",56,"1",4,5400
"5895844",54,"2",4,9900
"5895844",43,"1",4,16000
"5895965",55,"1",4,42000
"5896656",47,"1",4,16000
"5896656",48,"1",3,8400
"5896656",21,"1",4,5500
"5896656",18,"2",4,1000
"5896656",15,"0",0,1000
"5896656",4,"0",0,NA
"5896656",84,"1",4,76000
"5898657",30,"1",4,64720
"5898657",31,"1",4,24000
"5898657",11,"0",0,NA
"5898657",7,"0",0,NA
"5898657",6,"0",0,NA
"5899130",42,"1",4,3090
"5899130",41,"1",4,21800
"5899130",15,"0",0,0
"5899130",12,"0",0,NA
"5899260",41,"1",4,79000
"5899260",44,"1",4,11000
"5899260",14,"0",0,NA
"5899260",11,"0",0,NA
"5899341",32,"1",4,23000
"5899341",35,"1",4,24000
"5899341",14,"0",0,NA
"5899341",7,"0",0,NA
"5899364",35,"1",4,21700
"5899364",36,"1",4,51200
"5899364",5,"0",0,NA
"5899364",4,"0",0,NA
"5899645",67,"2",4,7000
"5900129",40,"1",4,26500
"5901152",44,"1",4,20000
"5901181",46,"1",4,9400
"5901376",42,"1",4,23390
"5901376",45,"1",4,37770
"5901803",29,"1",4,25000
"5901803",29,"1",4,20840
"5901803",24,"1",4,10000
"5901803",22,"1",4,3000
"5902260",31,"1",4,23000
"5902260",30,"1",4,25000
"5902260",9,"0",0,NA
"5902260",6,"0",0,NA
"5902728",51,"1",4,47100
"5902728",45,"1",4,2630
"5902728",14,"0",0,NA
"5903041",76,"1",4,151500
"5903172",55,"1",3,103400
"5903172",40,"2",3,0
"5903172",15,"0",0,0
"5903172",8,"0",0,NA
"5903172",45,"1",4,15000
"5903311",65,"1",4,57100
"5903311",68,"2",4,77000
"5903311",69,"2",4,9000
"5903449",20,"1",4,3100
"5903688",34,"1",4,36000
"5903688",29,"1",4,16000
"5903769",51,"1",2,28000
"5903769",50,"1",4,130
"5906019",50,"1",4,26600
"5906019",50,"1",4,25020
"5906262",56,"1",4,27000
"5906735",59,"1",4,158100
"5906735",58,"1",4,9100
"5907313",63,"2",4,21770
"5907313",70,"2",4,6800
"5907333",85,"2",2,117500
"5907757",22,"1",4,25500
"5907757",23,"1",4,25080
"5908638",57,"1",4,56200
"5908713",85,"2",2,91900
"5908724",66,"2",4,40200
"5908724",58,"2",4,0
"5908829",83,"2",4,17600
"5908829",77,"2",4,17600
"5912317",52,"1",4,18000
"5912317",19,"1",4,6500
"5912317",16,"1",0,900
"5912317",50,"1",4,16900
"5913137",30,"1",4,35700
"5913137",1,"0",0,NA
"5913137",0,"0",0,NA
"5913137",21,"2",4,0
"5913591",57,"1",4,100500
"5913591",56,"2",4,24500
"5913591",31,"1",2,6500
"5915007",35,"1",2,40000
"5915007",39,"1",4,21000
"5915007",4,"0",0,NA
"5915007",11,"0",0,NA
"5916641",23,"1",4,10000
"5916641",26,"1",4,12000
"5917263",38,"1",4,52000
"5917263",63,"1",2,90000
"5918980",54,"1",2,46800
"5918980",53,"1",4,24000
"5919748",44,"1",2,45000
"5919748",41,"1",4,17300
"5919748",12,"0",0,NA
"5919748",7,"0",0,NA
"5919748",6,"0",0,NA
"5920523",38,"1",4,19000
"5920523",2,"0",0,NA
"5920523",39,"1",4,144900
"5921080",48,"1",4,35650
"5921080",41,"1",4,13000
"5921080",19,"1",4,5000
"5921378",46,"1",4,23910
"5921378",42,"1",4,53000
"5921473",49,"1",4,25200
"5921473",23,"1",4,1780
"5922607",41,"1",4,40000
"5922607",77,"2",4,30500
"5922607",41,"1",4,35000
"5925600",42,"1",4,14400
"5925600",45,"1",4,23940
"5925600",15,"0",0,0
"5925600",12,"0",0,NA
"5925767",19,"1",4,4800
"5926349",54,"1",4,21600
"5926349",32,"1",4,32500
"5926931",56,"1",2,40910
"5926931",58,"1",4,37750
"5926931",24,"1",4,17600
"5927829",36,"1",4,25000
"5927958",45,"1",4,309000
"5927958",33,"2",4,0
"5927958",5,"0",0,NA
"5928055",53,"1",4,26000
"5928055",85,"2",4,11800
"5928070",62,"1",2,49920
"5928070",52,"1",4,17450
"5931529",46,"1",4,25400
"5931529",46,"1",4,41400
"5932370",45,"1",4,32200
"5932370",43,"1",4,28100
"5932755",41,"1",4,18300
"5932755",40,"1",4,26600
"5932755",14,"0",0,NA
"5932755",12,"0",0,NA
"5933885",19,"1",4,2300
"5934346",57,"1",3,59000
"5934346",54,"1",4,50000
"5934924",79,"2",2,5000
"5934924",80,"2",2,4950
"5935156",82,"1",4,11200
"5937143",37,"2",4,0
"5937143",33,"1",4,24400
"5937143",5,"0",0,NA
"5937143",13,"0",0,NA
"5937143",11,"0",0,NA
"5937476",79,"2",4,20000
"5938025",59,"1",4,11600
"5938025",57,"1",2,50000
"5938179",52,"2",4,11100
"5938179",50,"1",4,18400
"5938205",64,"2",2,17450
"5938205",59,"2",4,250
"5938366",19,"2",4,2100
"5938705",82,"2",4,15300
"5939097",39,"1",4,45300
"5939097",36,"2",4,0
"5939097",12,"0",0,NA
"5939097",8,"0",0,NA
"5939097",1,"0",0,NA
"5939855",59,"1",4,113000
"5939855",56,"1",4,83000
"5940116",80,"2",4,15500
"5940938",60,"1",2,46800
"5940938",59,"1",4,9200
"5940938",14,"0",0,NA
"5941552",93,"2",4,50100
"5942916",51,"2",4,7700
"5942916",52,"1",2,56000
"5945715",18,"1",4,3800
"5946670",49,"1",4,0
"5946703",28,"1",4,58350
"5948518",43,"1",2,32200
"5948518",31,"1",4,27000
"5949318",29,"1",4,27500
"5949318",30,"1",4,330
"5949318",22,"1",4,9600
"5949318",22,"1",4,9430
"5949370",44,"1",4,27100
"5949370",41,"2",4,6000
"5949370",19,"1",4,12000
"5949681",49,"1",4,60000
"5949681",39,"1",4,60000
"5949681",12,"0",0,NA
"5949681",18,"1",4,1500
"5949683",25,"1",4,8570
"5949683",7,"0",0,NA
"5949683",4,"0",0,NA
"5949683",2,"0",0,NA
"5949683",35,"2",4,6000
"5950151",49,"1",4,70300
"5950151",47,"1",4,31300
"5950151",16,"1",0,700
"5950151",14,"0",0,NA
"5950461",63,"1",4,10000
"5950461",61,"2",4,0
"5950518",82,"1",2,15300
"5950587",62,"1",4,6420
"5952211",41,"1",4,3350
"5952211",41,"1",4,14850
"5952522",43,"1",4,35600
"5952522",39,"2",4,0
"5952522",13,"0",0,NA
"5952522",9,"0",0,NA
"5952522",6,"0",0,NA
"5952729",60,"2",2,10460
"5952729",57,"2",4,0
"5955111",21,"1",4,50
"5955176",31,"1",4,50040
"5955176",28,"1",4,25000
"5955176",0,"0",0,NA
"5956785",20,"1",4,8100
"5956785",77,"2",2,8400
"5956785",22,"1",4,11000
"5956988",20,"1",4,2000
"5957340",60,"2",4,44300
"5957953",89,"2",4,9500
"5959248",81,"2",4,16000
"5959248",36,"2",4,0
"5959248",27,"2",4,7700
"5959248",13,"0",0,NA
"5959248",11,"0",0,NA
"5959248",43,"2",2,16000
"5959509",39,"1",4,11900
"5959509",17,"1",4,10000
"5959509",15,"0",0,7300
"5959550",35,"1",4,28010
"5959550",34,"1",4,21400
"5959550",11,"0",0,NA
"5959550",8,"0",0,NA
"5959563",59,"2",2,0
"5961923",43,"1",4,32000
"5961923",41,"1",4,13100
"5961923",17,"2",4,0
"5961923",15,"0",0,0
"5961923",18,"1",4,2030
"5963931",50,"2",4,0
"5966397",66,"2",2,35400
"5966397",71,"2",4,33900
"5966730",28,"1",4,15000
"5966730",24,"1",4,15000
"5967453",57,"1",3,31820
"5967453",57,"1",4,23300
"5968309",24,"1",4,9850
"5968309",26,"1",4,13800
"5968309",5,"0",0,NA
"5968309",1,"0",0,NA
"5968400",51,"1",4,43400
"5968400",51,"1",4,42800
"5968400",18,"1",4,1200
"5968753",34,"1",4,18600
"5968753",38,"1",4,16000
"5968753",15,"0",0,0
"5968753",11,"0",0,NA
"5968753",10,"0",0,NA
"5968753",5,"0",0,NA
"5968753",56,"2",4,7700
"5968787",41,"1",4,25000
"5968787",32,"1",4,3000
"5968787",12,"0",0,NA
"5968787",10,"0",0,NA
"5968787",6,"0",0,NA
"5969097",52,"1",2,31000
"5969097",46,"1",4,23400
"5969097",10,"0",0,NA
"5970025",68,"2",2,26800
"5970025",63,"2",4,5000
"5971029",68,"2",4,12900
"5971029",66,"2",4,6300
"5971936",36,"1",3,31000
"5971936",36,"1",4,5200
"5971936",18,"2",4,0
"5971936",8,"0",0,NA
"5971936",7,"0",0,NA
"5971936",3,"0",0,NA
"5972967",41,"1",4,70000
"5972967",39,"1",4,21000
"5972967",14,"0",0,NA
"5973196",50,"1",4,30000
"5973196",48,"1",4,9500
"5973196",12,"0",0,NA
"5973196",20,"1",4,3000
"5973196",18,"1",3,1000
"5973304",30,"2",4,105000
"5973304",35,"1",4,133000
"5973304",4,"0",0,NA
"5973304",1,"0",0,NA
"5973814",51,"2",4,105000
"5974455",58,"1",4,12000
"5974656",72,"2",2,45000
"5974656",70,"2",4,8000
"5974918",31,"1",4,20000
"5974918",5,"0",0,NA
"5974918",28,"1",4,26000
"5975187",37,"1",4,27400
"5975187",16,"1",0,2400
"5975187",16,"1",0,2400
"5975187",8,"0",0,NA
"5976338",56,"1",2,312000
"5976338",55,"2",3,0
"5976953",38,"1",2,29000
"5976953",30,"2",4,0
"5976953",10,"0",0,NA
"5976953",7,"0",0,NA
"5976953",4,"0",0,NA
"5976953",1,"0",0,NA
"5978041",48,"1",4,6000
"5978041",53,"1",2,6000
"5978041",18,"1",4,5000
"5978041",17,"2",4,0
"5978781",36,"1",4,25700
"5978781",12,"0",0,NA
"5979662",61,"2",4,10000
"5979662",60,"1",4,17600
"5979795",48,"1",4,25000
"5979795",9,"0",0,NA
"5980252",45,"1",3,32000
"5980252",36,"1",4,34000
"5980252",0,"0",0,NA
"5980617",72,"2",2,152500
"5980617",71,"2",4,0
"5981044",58,"1",4,26000
"5984733",52,"1",4,26300
"5984733",41,"1",4,49500
"5984733",17,"2",4,600
"5984733",17,"1",4,3000
"5984810",60,"1",4,160000
"5984810",57,"2",4,0
"5986413",52,"1",4,41000
"5986413",50,"2",4,0
"5986413",14,"0",0,NA
"5986413",8,"0",0,NA
"5987152",35,"1",4,53400
"5987152",33,"1",4,51400
"5987152",3,"0",0,NA
"5987152",1,"0",0,NA
"5987369",18,"1",4,4200
"5988840",71,"2",4,12000
"5988840",65,"2",4,5000
"5989346",23,"1",4,10260
"5989346",25,"1",4,24000
"5989524",47,"1",4,55500
"5989524",44,"1",4,20600
"5989828",37,"1",4,30000
"5989828",40,"1",4,15000
"5989828",16,"1",0,2000
"5989828",11,"0",0,NA
"5989828",10,"0",0,NA
"5990132",31,"2",4,7170
"5990529",51,"1",4,85000
"5990770",39,"1",4,33700
"5990770",53,"1",4,24700
"5991189",63,"1",2,21000
"5991189",65,"2",3,7870
"5991530",63,"1",2,26604
"5991530",68,"2",4,8704
"5997296",43,"1",4,12000
"5997296",18,"2",4,0
"5997296",15,"0",0,0
"5997627",51,"1",2,88000
"5997627",48,"2",4,0
"5998110",63,"1",2,319000
"5998110",55,"2",4,30000
"5999750",32,"1",4,24100
"5999750",35,"1",4,18900
"5999750",5,"0",0,NA
"5999750",8,"0",0,NA
"5999840",63,"1",2,33000
"5999840",60,"1",4,7100
"6001505",82,"1",2,194400
"6002835",46,"1",4,20000
"6002835",23,"2",4,3000
"6002835",2,"0",0,NA
"6002835",2,"0",0,NA
"6002835",0,"0",0,NA
"6002835",18,"2",4,0
"6002835",3,"0",0,NA
"6002835",0,"0",0,NA
"6002835",21,"2",4,700
"6003653",40,"2",4,0
"6003843",37,"1",4,9800
"6003843",30,"1",4,23300
"6004039",28,"1",4,20000
"6004039",28,"1",4,10000
"6004252",47,"1",2,25000
"6004252",49,"1",4,25000
"6004252",19,"2",4,4300
"6004252",15,"0",0,0
"6004252",13,"0",0,NA
"6004252",2,"0",0,NA
"6004327",76,"1",2,50000
"6004327",64,"1",4,50000
"6005022",38,"1",3,38000
"6005022",36,"1",4,11000
"6005022",8,"0",0,NA
"6005215",46,"1",4,48000
"6006139",88,"2",4,9900
"6006451",50,"1",3,31000
"6006451",21,"1",4,18000
"6007209",67,"1",4,26800
"6007209",43,"1",4,17000
"6007209",15,"0",0,0
"6007209",14,"0",0,NA
"6007209",45,"2",4,9400
"6007696",47,"1",4,38000
"6007952",29,"1",4,40000
"6007952",36,"1",4,32000
"6007952",10,"0",0,NA
"6007952",0,"0",0,NA
"6008954",47,"1",4,33000
"6008954",37,"1",4,40000
"6008954",10,"0",0,NA
"6008954",7,"0",0,NA
"6009254",68,"2",4,6900
"6009836",55,"1",4,-70
"6009836",66,"1",2,27530
"6009879",33,"1",4,35000
"6009879",33,"1",4,23000
"6009879",7,"0",0,NA
"6009879",4,"0",0,NA
"6010018",41,"1",4,68000
"6010018",46,"1",4,25000
"6010018",4,"0",0,NA
"6010306",50,"1",4,38840
"6010306",45,"1",4,43830
"6010306",9,"0",0,NA
"6010332",62,"1",4,29800
"6010332",48,"1",4,5800
"6010332",11,"0",0,NA
"6011079",46,"1",4,-3000
"6011079",25,"1",4,13800
"6011079",22,"1",4,19000
"6011079",5,"0",0,NA
"6014599",52,"2",4,6600
"6015523",78,"2",4,8470
"6016061",35,"1",4,23000
"6016061",33,"1",4,6000
"6016061",3,"0",0,NA
"6016061",0,"0",0,NA
"6016379",65,"2",2,18500
"6016379",67,"2",4,14580
"6016669",58,"1",4,26000
"6016669",56,"1",4,22500
"6016669",22,"1",4,20100
"6018008",45,"1",4,24000
"6018008",49,"1",4,26700
"6018008",17,"1",4,410
"6018008",16,"1",0,4700
"6018008",14,"0",0,NA
"6018101",18,"1",4,2000
"6018957",45,"2",4,0
"6018957",42,"1",4,290000
"6018957",21,"1",4,26500
"6018957",17,"2",4,0
"6020370",54,"1",4,21000
"6023606",44,"1",4,15500
"6023606",45,"1",4,7940
"6023606",14,"0",0,NA
"6023606",12,"0",0,NA
"6024933",41,"1",4,37500
"6024933",44,"1",4,75000
"6024933",2,"0",0,NA
"6024933",0,"0",0,NA
"6025227",76,"1",4,16200
"6025227",76,"2",4,3200
"6025632",45,"1",4,48000
"6025632",46,"1",4,9300
"6025632",23,"1",4,14200
"6025632",20,"1",4,5300
"6025632",24,"1",4,23000
"6026802",77,"2",2,5700
"6026802",81,"2",4,0
"6027766",43,"1",4,10530
"6027766",38,"1",4,8500
"6027766",14,"0",0,NA
"6027766",11,"0",0,NA
"6028077",40,"1",4,50800
"6028077",44,"1",4,22480
"6029571",63,"1",4,22100
"6029571",28,"1",4,23000
"6029571",1,"0",0,NA
"6029571",31,"1",1,28000
"6030465",76,"1",2,4200
"6030465",80,"1",4,33100
"6031021",61,"2",4,280
"6031021",70,"2",2,11400
"6031021",40,"1",3,1900
"6031984",63,"2",4,20790
"6032336",72,"2",4,84500
"6032336",67,"2",4,45000
"6033320",78,"2",2,12000
"6034136",87,"2",4,8900
"6034865",39,"1",4,1800
"6034865",35,"1",4,73000
"6035069",58,"1",4,31000
"6035069",52,"1",4,27700
"6035636",34,"1",4,8000
"6035636",32,"1",4,127000
"6035636",0,"0",0,NA
"6036172",84,"2",4,4800
"6036172",51,"1",4,18000
"6038154",70,"2",2,17700
"6038154",65,"1",4,1800
"6039242",77,"2",2,60000
"6039974",55,"1",4,152000
"6039974",37,"1",4,22400
"6039974",12,"0",0,NA
"6039974",10,"0",0,NA
"6040809",61,"1",4,25900
"6040809",24,"1",4,23000
"6040907",26,"1",4,8200
"6040907",5,"0",0,NA
"6040907",3,"0",0,NA
"6040907",41,"1",2,1200
"6043094",48,"1",4,20400
"6043094",39,"2",4,0
"6043094",8,"0",0,NA
"6043094",1,"0",0,NA
"6043859",93,"2",4,0
"6044337",33,"1",4,17500
"6044337",38,"1",4,17000
"6044337",6,"0",0,NA
"6044743",67,"2",4,30500
"6045559",49,"1",4,48000
"6045579",93,"2",4,10500
"6045828",21,"1",4,4010
"6047972",60,"1",4,19400
"6048280",47,"1",4,29600
"6048280",15,"0",0,2000
"6048845",34,"1",4,49200
"6049183",46,"1",4,26000
"6049183",47,"1",2,13500
"6049183",20,"1",4,1400
"6049461",47,"1",4,85300
"6049461",45,"1",4,9000
"6049461",19,"1",4,4150
"6049461",17,"1",4,2050
"6049480",62,"1",2,51000
"6049480",58,"1",4,21000
"6050309",51,"1",4,60000
"6050309",51,"1",4,50000
"6050309",16,"1",0,1700
"6050644",45,"2",4,880
"6050644",44,"1",4,4100
"6050644",16,"2",0,220
"6050644",13,"0",0,NA
"6051119",65,"2",4,20200
"6051119",75,"2",2,147300
"6051566",47,"1",4,26270
"6051566",46,"1",4,4600
"6051566",17,"1",4,4900
"6051566",15,"0",0,1300
"6051566",10,"0",0,NA
"6052433",56,"1",2,122000
"6052433",33,"1",4,103000
"6052433",2,"0",0,NA
"6052541",45,"1",4,35200
"6053182",67,"2",2,18200
"6053182",72,"2",4,19700
"6053549",32,"1",4,17000
"6053549",39,"1",4,42000
"6053549",2,"0",0,NA
"6056648",68,"1",4,17400
"6056648",67,"1",4,16900
"6059937",61,"1",4,70000
"6059937",55,"1",2,30000
"6060060",21,"1",4,6000
"6061201",43,"1",4,30000
"6061201",45,"1",4,30000
"6061267",73,"2",2,31000
"6061267",70,"2",4,0
"6061662",53,"1",4,37800
"6063102",53,"1",2,29050
"6063102",48,"1",4,15400
"6063102",21,"1",4,12550
"6063953",46,"1",3,26000
"6063953",46,"1",4,23000
"6063953",12,"0",0,NA
"6063987",48,"2",4,10400
"6064288",61,"1",2,310000
"6064288",57,"1",4,13900
"6064692",51,"1",2,18000
"6064692",48,"1",4,29000
"6064692",13,"0",0,NA
"6064692",11,"0",0,NA
"6064692",9,"0",0,NA
"6064692",93,"2",4,9600
"6065402",54,"1",4,37500
"6065402",21,"1",4,3000
"6067106",34,"1",4,37500
"6067106",34,"1",4,32000
"6067106",7,"0",0,NA
"6067778",66,"1",4,34800
"6067778",52,"1",4,39400
"6067778",16,"2",0,0
"6067888",23,"1",4,18000
"6067888",26,"1",4,11100
"6068815",54,"1",4,35000
"6068815",48,"1",4,20000
"6069740",25,"1",4,17090
"6069740",19,"1",4,3400
"6069828",77,"2",2,24600
"6070608",75,"2",4,35600
"6070608",43,"1",4,30000
"6070623",31,"1",4,14250
"6070623",8,"0",0,NA
"6070623",6,"0",0,NA
"6071003",69,"2",4,8950
"6072662",70,"2",2,115000
"6072662",77,"2",4,10010
"6072736",75,"2",2,130900
"6072736",69,"2",4,8500
"6073056",44,"1",4,18300
"6073056",51,"1",4,3000
"6073056",15,"0",0,0
"6073509",37,"1",2,31000
"6073509",35,"1",4,16000
"6073509",15,"0",0,2800
"6073509",12,"0",0,NA
"6074324",38,"1",4,80000
"6074324",36,"1",4,5000
"6074324",0,"0",0,NA
"6074324",0,"0",0,NA
"6076572",47,"1",4,30000
"6076572",45,"1",4,20000
"6076784",35,"1",4,36660
"6076784",39,"1",2,33300
"6078921",73,"2",2,29900
"6079706",38,"1",4,36000
"6079706",40,"1",4,4900
"6079706",12,"0",0,NA
"6079706",5,"0",0,NA
"6079706",5,"0",0,NA
"6079727",42,"1",4,67600
"6079727",12,"0",0,NA
"6079727",9,"0",0,NA
"6080239",32,"1",4,146800
"6080239",34,"1",4,8900
"6080382",60,"1",3,30054
"6080382",55,"1",4,19200
"6082142",66,"1",2,1e+05
"6082142",59,"1",4,660
"6083225",23,"1",4,18000
"6083572",46,"1",4,40110
"6083572",48,"1",4,20000
"6083572",18,"1",4,10000
"6084825",39,"1",4,46450
"6084825",38,"1",4,1000
"6084825",7,"0",0,NA
"6084825",4,"0",0,NA
"6085425",74,"2",4,6700
"6085425",69,"2",4,3000
"6085781",34,"1",4,15940
"6085781",33,"1",4,890
"6085781",6,"0",0,NA
"6087206",18,"2",4,0
"6088635",50,"1",4,17900
"6088635",12,"0",0,NA
"6089176",65,"1",2,26200
"6089176",65,"2",4,5400
"6089872",37,"1",4,25000
"6089872",1,"0",0,NA
"6089872",35,"1",4,23000
"6089984",41,"1",4,56200
"6089984",41,"2",4,0
"6089984",7,"0",0,NA
"6089984",4,"0",0,NA
"6089993",31,"1",4,27000
"6091332",30,"1",4,32000
"6091441",58,"1",2,37004
"6091441",48,"1",4,4000
"6091793",69,"1",4,28000
"6091793",78,"2",4,4970
"6091928",52,"2",3,19500
"6091928",50,"1",4,-450
"6092090",76,"1",2,119300
"6092090",68,"2",4,58000
"6092319",61,"1",2,73000
"6092319",62,"2",4,6000
"6093458",44,"1",4,28300
"6093458",12,"0",0,NA
"6095947",39,"1",4,44600
"6095947",16,"1",0,440
"6096344",41,"1",4,32010
"6096344",17,"1",4,1000
"6096344",14,"0",0,NA
"6096344",43,"1",4,70000
"6097488",42,"1",4,18800
"6097488",35,"2",4,0
"6097488",8,"0",0,NA
"6097488",6,"0",0,NA
"6099408",35,"1",4,60400
"6099408",31,"1",4,22000
"6099949",81,"2",2,15900
"6099949",46,"1",4,34360
"6099949",36,"2",4,7300
"6100559",93,"2",4,49300
"6100676",28,"1",4,7600
"6100676",28,"1",4,20500
"6100676",7,"0",0,NA
"6100676",4,"0",0,NA
"6100898",43,"2",4,25900
"6100898",4,"0",0,NA
"6100898",7,"0",0,NA
"6102150",26,"1",4,5400
"6102891",52,"1",4,21500
"6102891",44,"1",4,70500
"6102891",11,"0",0,NA
"6102891",9,"0",0,NA
"6103279",39,"1",2,30000
"6103279",33,"2",4,0
"6103279",10,"0",0,NA
"6103279",7,"0",0,NA
"6104026",45,"1",4,42000
"6104026",38,"1",4,12000
"6105745",64,"1",2,25000
"6105745",58,"1",4,25000
"6107496",40,"1",3,19000
"6107496",18,"2",4,0
"6107496",16,"2",0,0
"6107496",39,"1",4,20000
"6107925",62,"1",3,150000
"6107925",54,"2",4,25000
"6107925",26,"1",4,30000
"6109496",83,"2",4,29500
"6109496",86,"2",4,7200
"6112018",36,"1",4,27050
"6112018",18,"1",4,3860
"6112018",38,"1",2,41000
"6112650",43,"1",2,28000
"6113880",50,"1",4,43200
"6113880",53,"1",2,14800
"6114990",26,"1",4,51000
"6114990",26,"1",4,4800
"6114990",1,"0",0,NA
"6115592",39,"1",4,43000
"6115781",56,"1",4,4500
"6115781",59,"1",4,45400
"6115846",32,"1",4,22600
"6115846",34,"1",4,50800
"6116060",62,"1",3,34000
"6116060",58,"1",4,9000
"6116329",35,"1",4,37500
"6116329",43,"1",4,6000
"6117440",41,"1",4,52000
"6117440",43,"1",4,25000
"6117440",14,"0",0,NA
"6117440",10,"0",0,NA
"6117815",62,"1",4,22300
"6117815",66,"1",4,34470
"6119006",36,"1",4,35800
"6119006",34,"1",4,27700
"6119271",53,"1",4,28000
"6119557",45,"1",4,45010
"6119557",44,"1",4,2200
"6119557",19,"1",4,4800
"6119557",17,"2",4,1800
"6119710",48,"1",2,24000
"6119710",44,"1",4,12000
"6119710",18,"1",4,1000
"6119710",14,"0",0,NA
"6120109",35,"2",4,47000
"6120109",34,"1",4,26700
"6120109",6,"0",0,NA
"6120109",2,"0",0,NA
"6121862",47,"1",4,57200
"6121862",46,"1",4,40000
"6121862",22,"1",4,20000
"6122454",86,"2",2,24000
"6122454",88,"2",4,14800
"6122623",19,"1",4,3100
"6123630",52,"1",4,25500
"6123630",39,"1",4,34000
"6124470",20,"1",4,25000
"6124470",28,"1",3,25000
"6124828",20,"1",4,1800
"6124946",56,"1",4,28000
"6124946",56,"1",4,31000
"6126340",23,"1",4,20000
"6126340",23,"1",4,4000
"6126340",3,"0",0,NA
"6126372",43,"1",4,15300
"6126372",40,"1",4,13000
"6126372",18,"1",4,670
"6126372",16,"1",0,1000
"6126372",15,"0",0,0
"6126452",23,"1",4,13600
"6126452",3,"0",0,NA
"6126452",2,"0",0,NA
"6126821",19,"1",4,5300
"6127131",53,"1",4,29000
"6127131",51,"2",4,64000
"6127482",71,"2",2,184000
"6128340",21,"1",4,37200
"6128357",38,"1",4,20000
"6128357",39,"1",4,20000
"6128357",19,"2",4,0
"6128357",11,"0",0,NA
"6129446",28,"1",4,28000
"6129446",28,"1",4,36000
"6129446",27,"1",4,28000
"6131456",52,"1",2,40000
"6131456",44,"1",4,28000
"6131456",10,"0",0,NA
"6131456",8,"0",0,NA
"6131614",33,"1",4,12720
"6131732",41,"1",2,4500
"6132072",49,"1",4,40510
"6132072",40,"1",4,41120
"6135639",28,"1",4,25000
"6135639",26,"1",4,15300
"6137899",49,"1",4,127000
"6137899",46,"1",4,38000
"6137899",14,"0",0,NA
"6137899",9,"0",0,NA
"6138326",39,"1",4,32830
"6138326",54,"1",4,21450
"6141506",55,"1",2,31200
"6141506",53,"2",4,0
"6144045",30,"2",4,5000
"6144359",25,"1",4,2300
"6144640",31,"1",4,4000
"6144640",34,"1",2,30000
"6144640",0,"0",0,NA
"6145219",30,"1",4,12000
"6145219",13,"0",0,NA
"6146086",57,"2",4,6700
"6147046",66,"1",2,49500
"6147046",67,"1",4,6110
"6147046",38,"1",4,18000
"6147046",33,"1",4,29000
"6147780",57,"1",4,16300
"6147780",55,"1",4,15300
"6147974",46,"2",4,12900
"6148113",60,"1",2,36840
"6148727",52,"1",4,115000
"6148727",51,"1",4,21000
"6150323",48,"1",4,145000
"6150323",48,"2",4,0
"6150574",47,"1",4,74500
"6150574",51,"1",2,41070
"6150574",16,"1",0,2000
"6151340",88,"2",2,24000
"6151347",51,"1",2,10000
"6151347",46,"1",4,15000
"6151487",48,"1",4,60500
"6151801",51,"1",4,30000
"6151801",50,"1",4,13000
"6152715",62,"1",2,11000
"6152715",61,"1",4,10400
"6154206",68,"2",2,26400
"6154206",70,"2",4,15000
"6154288",81,"2",4,16000
"6156077",55,"1",3,21700
"6156077",52,"1",4,32300
"6156077",19,"1",4,7990
"6156123",57,"1",2,48300
"6156123",49,"1",4,19200
"6156349",33,"1",4,47000
"6156349",33,"1",4,27000
"6156349",5,"0",0,NA
"6156349",2,"0",0,NA
"6156706",46,"1",4,18000
"6156706",39,"1",4,30000
"6156706",11,"0",0,NA
"6156706",68,"2",4,14300
"6156843",85,"2",4,12260
"6157523",40,"1",4,42000
"6157523",31,"1",4,25000
"6157523",6,"0",0,NA
"6157523",5,"0",0,NA
"6157523",1,"0",0,NA
"6158125",64,"2",3,7300
"6158125",42,"2",4,5030
"6158253",68,"1",4,30300
"6158395",75,"2",2,15000
"6158609",57,"1",3,45000
"6158609",54,"1",4,33000
"6158958",42,"1",4,19500
"6159125",45,"1",4,275000
"6159125",45,"2",4,20000
"6159125",12,"0",0,NA
"6159125",10,"0",0,NA
"6159125",4,"0",0,NA
"6159147",46,"1",4,12580
"6159147",9,"0",0,NA
"6159216",21,"2",4,0
"6159351",19,"1",4,2400
"6163630",67,"1",4,29900
"6164213",51,"1",4,39700
"6164213",19,"1",4,6500
"6164657",45,"1",4,305000
"6164657",40,"1",4,3000
"6164657",9,"0",0,NA
"6164657",5,"0",0,NA
"6164752",64,"2",4,9500
"6164952",47,"1",2,29000
"6164952",45,"1",4,38500
"6164952",26,"1",2,12000
"6165938",36,"1",4,10800
"6165938",30,"1",4,11240
"6165938",5,"0",0,NA
"6165938",3,"0",0,NA
"6165938",16,"2",0,70
"6165981",53,"1",4,36660
"6165981",53,"1",4,29660
"6167992",64,"2",4,100
"6167992",66,"2",2,32800
"6167992",36,"1",4,7500
"6169113",26,"1",4,30000
"6169113",28,"1",4,20700
"6169113",3,"0",0,NA
"6170673",52,"1",4,18600
"6170673",17,"2",4,0
"6170673",8,"0",0,NA
"6170727",53,"1",2,59200
"6170727",50,"1",4,37100
"6172225",39,"1",4,29700
"6172225",39,"1",4,20800
"6172225",19,"1",4,8700
"6172225",13,"0",0,NA
"6172233",80,"1",4,11970
"6174168",42,"1",4,28000
"6174168",52,"1",4,25000
"6174168",17,"1",4,3200
"6174168",9,"0",0,NA
"6174168",11,"0",0,NA
"6174904",59,"1",2,35700
"6174904",45,"1",4,18700
"6175344",32,"1",4,28700
"6175344",41,"1",4,32700
"6175344",9,"0",0,NA
"6175344",7,"0",0,NA
"6175344",7,"0",0,NA
"6176866",36,"1",4,32000
"6176866",34,"1",4,6500
"6176866",11,"0",0,NA
"6176984",33,"1",4,8000
"6176984",0,"0",0,NA
"6176984",30,"1",4,3900
"6176984",28,"1",4,5000
"6179095",69,"1",2,26700
"6179095",64,"2",4,7500
"6179356",38,"1",4,15200
"6179356",15,"0",0,0
"6179356",12,"0",0,NA
"6179356",41,"1",4,30000
"6179456",40,"1",4,50000
"6179456",34,"1",4,30000
"6179456",7,"0",0,NA
"6179456",5,"0",0,NA
"6179934",52,"1",2,36100
"6179934",51,"2",4,0
"6181132",40,"1",2,37000
"6181132",45,"2",4,0
"6181547",32,"1",4,37000
"6181547",33,"1",4,21000
"6181547",6,"0",0,NA
"6181547",5,"0",0,NA
"6183474",45,"1",4,-10000
"6183474",45,"1",4,6600
"6183474",19,"1",4,9400
"6183474",16,"1",0,3500
"6183474",12,"0",0,NA
"6183666",72,"2",4,17000
"6183825",50,"1",4,18000
"6183825",9,"0",0,NA
"6183825",46,"1",2,16000
"6185395",83,"2",2,14000
"6185570",74,"2",4,10700
"6185934",49,"2",2,0
"6185934",54,"1",4,28720
"6185934",77,"2",4,16600
"6186185",58,"2",4,14100
"6186310",55,"1",4,22000
"6186310",12,"0",0,NA
"6186658",32,"1",4,35000
"6186658",7,"0",0,NA
"6186658",3,"0",0,NA
"6186658",43,"1",4,75000
"6187860",67,"1",4,19150
"6187860",68,"1",4,6600
"6190619",64,"1",4,11200
"6190619",38,"1",4,15100
"6190619",31,"1",4,14060
"6190619",31,"1",4,20040
"6191041",73,"2",4,7300
"6193622",45,"1",4,40000
"6193622",40,"1",4,8000
"6193622",14,"0",0,NA
"6194604",93,"2",4,11250
"6195167",19,"1",4,4000
"6195648",50,"1",4,22000
"6195648",46,"2",4,840
"6195648",10,"0",0,NA
"6196153",37,"1",4,43200
"6196153",36,"1",4,59000
"6196153",11,"0",0,NA
"6196224",42,"1",2,48000
"6196224",49,"1",4,9000
"6196224",25,"1",4,12000
"6196348",20,"1",4,34000
"6196348",1,"0",0,NA
"6196348",21,"1",4,2000
"6196880",49,"1",2,74000
"6196880",44,"1",2,47000
"6196880",14,"0",0,NA
"6198460",46,"1",4,34650
"6198460",16,"1",0,9100
"6198460",13,"0",0,NA
"6200841",76,"2",4,12130
"6200841",74,"2",4,5500
"6200976",21,"1",4,14000
"6200976",27,"1",4,22000
"6203330",45,"1",4,76000
"6203330",46,"2",4,0
"6203330",10,"0",0,NA
"6203330",7,"0",0,NA
"6203612",48,"1",4,35000
"6203797",50,"2",2,10480
"6204403",47,"1",4,30700
"6204403",16,"1",0,4200
"6205151",44,"1",2,11900
"6205151",54,"1",4,6900
"6205287",53,"1",2,64000
"6205287",49,"1",4,29000
"6205287",20,"1",4,4200
"6205287",15,"0",0,9000
"6205368",31,"1",1,22000
"6205368",27,"1",4,26000
"6205512",57,"1",2,32600
"6205512",52,"1",4,27200
"6205761",64,"2",2,52200
"6205761",64,"2",4,8700
"6206085",45,"1",4,32000
"6206085",42,"2",4,0
"6206085",24,"1",4,17000
"6206085",15,"0",0,0
"6206167",55,"2",2,8020
"6206167",61,"2",4,7200
"6207522",47,"1",4,24004
"6208342",26,"1",4,29000
"6208342",23,"1",4,14000
"6208724",20,"1",4,4300
"6210685",24,"1",4,17000
"6210726",48,"1",3,12000
"6210726",50,"1",4,23500
"6212305",19,"1",4,5000
"6215073",39,"1",4,21600
"6215073",17,"1",4,10400
"6215073",14,"0",0,NA
"6215073",47,"1",4,26100
"6217541",51,"1",4,56000
"6217541",52,"1",4,40800
"6217941",72,"2",4,31300
"6218493",54,"2",4,8420
"6218770",38,"1",2,19900
"6218770",24,"1",4,21940
"6220185",29,"1",4,13300
"6220185",8,"0",0,NA
"6220185",7,"0",0,NA
"6220761",47,"1",4,31000
"6220761",44,"1",4,10750
"6220761",18,"1",4,1200
"6220761",13,"0",0,NA
"6221188",51,"1",4,45000
"6221188",45,"2",4,0
"6221188",13,"0",0,NA
"6221188",10,"0",0,NA
"6222529",56,"1",2,63100
"6223252",56,"1",4,32900
"6224620",42,"1",4,35000
"6224620",39,"1",4,14000
"6224620",15,"0",0,500
"6224620",13,"0",0,NA
"6224620",10,"0",0,NA
"6224706",60,"2",2,48000
"6224706",49,"2",4,0
"6224719",48,"1",4,13900
"6224719",51,"1",4,12290
"6224719",20,"1",4,19300
"6224719",27,"1",4,20300
"6224719",72,"1",4,18540
"6224835",75,"2",4,26300
"6225060",50,"1",2,49290
"6225060",46,"1",4,16000
"6225649",41,"1",1,54100
"6225649",32,"1",4,15100
"6225649",0,"0",0,NA
"6225649",11,"0",0,NA
"6225649",8,"0",0,NA
"6225649",3,"0",0,NA
"6226085",43,"1",4,42400
"6226085",39,"1",4,6000
"6226085",14,"0",0,NA
"6226085",11,"0",0,NA
"6226777",50,"1",4,29490
"6226777",50,"2",4,0
"6226777",23,"1",4,3280
"6229207",31,"1",4,32080
"6229207",31,"1",4,27000
"6229207",1,"0",0,NA
"6229791",38,"1",4,44600
"6229791",35,"2",4,0
"6229791",6,"0",0,NA
"6230964",19,"1",4,4000
"6231845",22,"1",4,23500
"6231845",27,"1",4,5000
"6233598",69,"2",2,7000
"6233598",63,"2",4,5400
"6233598",40,"1",4,22000
"6235374",50,"1",2,38400
"6235374",43,"1",4,5120
"6235646",48,"1",4,57500
"6235646",43,"1",4,25200
"6235909",48,"1",4,35200
"6235909",34,"1",4,14900
"6235968",46,"1",4,45400
"6235968",18,"1",4,9000
"6235968",16,"1",0,5430
"6236580",67,"1",2,25400
"6236580",62,"1",4,6300
"6236580",29,"1",4,10000
"6238029",42,"2",4,0
"6238029",44,"1",4,19100
"6238029",19,"1",3,16000
"6238079",46,"1",4,23000
"6238079",53,"1",4,40000
"6238079",20,"2",4,6400
"6238079",18,"2",4,6400
"6238482",61,"1",2,22000
"6238482",62,"1",4,151080
"6238622",86,"2",4,27900
"6238690",63,"1",4,30720
"6238690",33,"1",2,20890
"6238694",28,"1",4,27600
"6238694",20,"1",4,9000
"6239323",51,"1",4,30000
"6239323",48,"1",4,33000
"6241725",41,"1",4,20000
"6241725",37,"1",4,190
"6241725",4,"0",0,NA
"6241725",2,"0",0,NA
"6242275",41,"1",2,22000
"6242275",30,"1",4,4000
"6242275",3,"0",0,NA
"6242275",0,"0",0,NA
"6242871",49,"1",4,5000
"6242871",46,"1",4,10500
"6242871",13,"0",0,NA
"6242871",9,"0",0,NA
"6245667",53,"1",4,45900
"6246932",52,"1",4,37000
"6246932",52,"1",4,29100
"6247171",68,"2",4,6500
"6247171",73,"2",4,5100
"6247546",62,"1",4,35000
"6247546",86,"2",4,7200
"6247688",48,"1",4,25700
"6247688",46,"1",4,22800
"6249635",25,"1",4,14600
"6249635",6,"0",0,NA
"6249635",26,"1",4,31000
"6249692",40,"1",4,113100
"6249692",34,"1",4,8500
"6249947",60,"1",2,255000
"6250629",37,"1",4,36800
"6250629",34,"1",4,10800
"6250629",10,"0",0,NA
"6250629",7,"0",0,NA
"6250629",4,"0",0,NA
"6251402",23,"1",4,5000
"6252079",39,"1",4,31000
"6252823",82,"2",4,18100
"6252939",40,"1",4,61000
"6252939",15,"0",0,7200
"6252939",5,"0",0,NA
"6252939",28,"1",4,20000
"6253536",26,"1",4,27930
"6253536",28,"1",4,28000
"6253893",67,"2",2,26500
"6253893",69,"2",4,6000
"6254772",42,"1",4,26150
"6254772",42,"1",4,2720
"6255579",29,"1",4,55000
"6255579",27,"1",4,14500
"6255579",9,"0",0,NA
"6255579",4,"0",0,NA
"6256615",27,"1",4,35000
"6256615",39,"1",4,20000
"6256718",64,"1",2,17120
"6256718",65,"1",4,55000
"6257710",54,"1",4,24900
"6257710",15,"0",0,0
"6259417",66,"1",4,26900
"6259417",68,"2",4,6700
"6259742",52,"1",4,7610
"6259742",51,"1",4,5100
"6259742",24,"1",4,17900
"6259742",16,"2",0,4
"6260072",53,"1",2,39800
"6260072",47,"2",4,0
"6261661",47,"1",4,39600
"6261661",23,"2",4,0
"6263523",93,"2",4,33400
"6263757",79,"2",4,42300
"6263757",52,"1",4,21100
"6263757",51,"1",2,28000
"6263757",50,"1",2,30000
"6263835",42,"1",4,22500
"6263835",15,"0",0,0
"6265393",24,"2",4,0
"6265393",27,"1",4,22100
"6265393",6,"0",0,NA
"6265393",5,"0",0,NA
"6265393",2,"0",0,NA
"6266109",38,"1",4,24000
"6266109",31,"1",4,25300
"6266632",28,"1",4,14100
"6268380",26,"1",4,17000
"6268380",6,"0",0,NA
"6268456",65,"1",4,14000
"6268456",46,"2",4,7800
"6269880",61,"2",4,44500
"6269880",57,"1",4,21000
"6270208",71,"2",4,26100
"6270208",68,"2",4,6200
"6270508",37,"2",4,0
"6271388",44,"1",4,26580
"6271388",46,"1",4,22000
"6271388",22,"1",4,22500
"6272392",82,"1",4,13260
"6272729",39,"1",4,41000
"6272729",10,"0",0,NA
"6272729",9,"0",0,NA
"6276476",61,"1",2,155700
"6276476",60,"1",4,140600
"6276806",59,"1",4,102200
"6276895",38,"1",2,28000
"6276895",1,"0",0,NA
"6276895",38,"1",4,6100
"6278085",44,"2",4,8500
"6278085",44,"2",4,13800
"6278085",21,"1",4,10600
"6278085",4,"0",0,NA
"6278208",42,"1",4,40000
"6278208",48,"2",4,0
"6278705",65,"1",2,12100
"6278705",67,"2",4,3000
"6278738",88,"2",3,21000
"6279942",45,"1",4,13000
"6279942",36,"2",4,0
"6279942",13,"0",0,NA
"6279942",11,"0",0,NA
"6279942",9,"0",0,NA
"6279942",7,"0",0,NA
"6279942",5,"0",0,NA
"6279942",0,"0",0,NA
"6282037",49,"1",4,68500
"6282037",49,"1",4,23900
"6282071",51,"1",2,40800
"6282071",50,"1",4,18600
"6282071",19,"1",4,4820
"6282453",77,"2",2,22400
"6282841",34,"1",4,19600
"6282841",6,"0",0,NA
"6282841",0,"0",0,NA
"6282841",26,"1",4,14200
"6283128",41,"1",4,43100
"6283128",34,"2",4,8700
"6283235",47,"1",2,31200
"6283427",40,"1",4,50050
"6283427",39,"1",4,2600
"6283427",16,"1",0,2200
"6283427",16,"1",0,8500
"6283427",14,"0",0,NA
"6283427",13,"0",0,NA
"6283568",82,"2",4,10094
"6284525",58,"1",2,19600
"6284525",50,"2",4,0
"6285026",29,"1",4,14200
"6285026",8,"0",0,NA
"6285026",4,"0",0,NA
"6285854",58,"1",3,33700
"6285854",56,"1",4,50000
"6286559",52,"1",2,32250
"6286559",29,"1",4,16000
"6286662",70,"2",4,14600
"6286847",49,"1",4,84000
"6286847",20,"1",4,6830
"6286847",48,"1",4,14600
"6287090",85,"2",4,19740
"6287362",20,"1",4,3000
"6287631",60,"2",2,115300
"6287631",54,"1",4,5400
"6288883",54,"1",4,8200
"6288883",14,"0",0,NA
"6289695",18,"1",4,14000
"6290346",34,"1",4,90000
"6293266",70,"2",4,9400
"6293266",76,"2",2,103100
"6293548",40,"1",4,20710
"6294891",38,"1",4,25020
"6294891",9,"0",0,NA
"6294965",73,"2",4,8100
"6295087",46,"1",4,48200
"6295087",43,"1",4,17000
"6295087",16,"1",0,7300
"6295087",15,"0",0,0
"6295087",5,"0",0,NA
"6296898",60,"2",4,47870
"6296898",65,"2",4,5100
"6297053",34,"1",4,15000
"6297053",28,"1",4,22000
"6297053",4,"0",0,NA
"6298274",56,"2",3,0
"6298274",56,"1",4,31900
"6298274",18,"2",4,0
"6298315",93,"2",4,12120
"6298557",31,"1",4,69000
"6298557",29,"2",4,0
"6298557",5,"0",0,NA
"6298557",3,"0",0,NA
"6298557",0,"0",0,NA
"6299661",35,"1",2,20000
"6299661",30,"1",4,18000
"6299661",5,"0",0,NA
"6299753",51,"1",4,10100
"6299753",57,"1",2,46000
"6299753",22,"2",4,0
"6299788",49,"1",2,19000
"6299788",25,"1",3,18000
"6299788",45,"1",4,31600
"6299788",16,"2",0,0
"6299788",14,"0",0,NA
"6302777",63,"2",4,6200
"6303852",49,"1",3,94200
"6303852",48,"1",4,11200
"6303944",34,"1",4,29220
"6305717",53,"1",4,35100
"6305717",44,"1",4,26500
"6305717",11,"0",0,NA
"6305717",9,"0",0,NA
"6306208",77,"1",4,22000
"6306208",58,"2",4,0
"6306512",59,"1",2,20000
"6306512",52,"2",4,9000
"6307752",60,"2",4,39700
"6307752",36,"1",4,160000
"6308652",44,"1",4,42000
"6308652",44,"1",4,42000
"6308652",16,"2",0,0
"6308652",12,"0",0,NA
"6308917",21,"1",4,24700
"6308917",20,"1",4,5000
"6309103",58,"1",4,13000
"6309476",19,"1",4,700
"6309592",50,"1",4,109000
"6309592",49,"1",4,51000
"6309592",12,"0",0,NA
"6309601",35,"1",2,50600
"6309703",43,"1",4,44300
"6310461",45,"1",2,5900
"6310461",53,"1",4,18700
"6311254",43,"1",4,16700
"6311671",78,"2",2,32000
"6311671",76,"2",4,6400
"6311671",49,"1",4,14600
"6311671",22,"1",4,13700
"6313992",48,"1",4,128400
"6313992",45,"1",4,128400
"6313992",21,"1",4,12000
"6313992",19,"1",4,15000
"6315842",53,"1",4,44900
"6315842",55,"1",2,50000
"6316242",34,"1",4,40000
"6316242",33,"1",4,19000
"6316242",12,"0",0,NA
"6316242",6,"0",0,NA
"6316898",28,"1",4,15000
"6316898",27,"1",4,15000
"6316916",68,"2",4,6820
"6317008",47,"1",4,11000
"6317008",15,"0",0,1800
"6318223",41,"1",2,31000
"6318223",36,"1",4,30000
"6318223",8,"0",0,NA
"6318223",7,"0",0,NA
"6318223",4,"0",0,NA
"6318912",21,"1",4,1000
"6319424",40,"1",4,34150
"6319548",48,"1",4,39150
"6319548",12,"0",0,NA
"6319548",10,"0",0,NA
"6319814",80,"2",4,12500
"6320301",20,"1",4,5000
"6320532",44,"1",4,33000
"6320532",45,"1",4,12700
"6320901",69,"2",4,35700
"6321153",83,"2",4,9600
"6321504",46,"2",4,1000
"6321504",16,"1",0,2060
"6321681",47,"1",4,42800
"6321681",52,"1",4,6900
"6321681",18,"1",4,6500
"6321681",14,"0",0,NA
"6321800",36,"1",4,27420
"6322111",52,"1",2,25000
"6322111",54,"1",4,3000
"6322111",50,"1",3,16400
"6322111",20,"1",3,17000
"6323667",62,"2",4,41000
"6323667",66,"1",4,31800
"6323667",30,"1",4,23000
"6323667",84,"2",4,9600
"6323667",25,"2",2,9000
"6324065",83,"2",4,8100
"6324065",83,"2",4,11600
"6324904",44,"1",4,50600
"6324904",19,"1",4,4970
"6324904",16,"1",0,16150
"6326899",57,"2",2,7000
"6332040",20,"1",4,7000
"6332304",32,"1",4,24500
"6332304",39,"1",4,18000
"6332435",21,"1",4,7200
"6332435",28,"1",2,6940
"6336069",40,"1",4,53200
"6336069",40,"1",4,16000
"6336069",3,"0",0,NA
"6336938",19,"1",4,9000
"6336938",0,"0",0,NA
"6336938",23,"1",4,9000
"6337909",51,"1",4,1000
"6338007",31,"1",4,26000
"6338007",27,"1",4,21000
"6338007",0,"0",0,NA
"6338619",48,"1",3,25200
"6338619",46,"1",4,3100
"6338619",13,"0",0,NA
"6338619",7,"0",0,NA
"6341011",20,"1",4,4000
"6342877",58,"1",2,22000
"6343190",52,"1",2,32000
"6343190",82,"2",4,4800
"6343808",24,"1",4,28000
"6343901",76,"1",4,131400
"6344072",73,"2",2,8900
"6344072",69,"2",4,37500
"6344861",39,"1",4,7000
"6344861",44,"1",4,15000
"6344861",66,"2",2,12000
"6344861",61,"2",2,10900
"6346130",16,"1",0,5000
"6347196",79,"2",4,6200
"6347767",39,"1",4,25000
"6347767",39,"1",4,9000
"6347767",14,"0",0,NA
"6347767",11,"0",0,NA
"6349352",19,"1",4,2500
"6349788",72,"2",4,39200
"6349788",17,"2",4,0
"6349788",47,"1",4,32200
"6350020",75,"2",2,33100
"6350039",26,"1",4,28300
"6350447",20,"1",4,1200
"6350509",60,"1",4,75200
"6350509",60,"1",4,40200
"6351322",86,"2",4,15600
"6351322",85,"2",4,4700
"6351517",82,"2",4,12000
"6352551",60,"1",2,44150
"6352551",53,"2",4,0
"6353243",20,"1",4,1500
"6353406",43,"1",4,66000
"6353406",17,"2",4,0
"6353406",17,"1",4,4300
"6353494",27,"1",4,20800
"6353494",4,"0",0,NA
"6353494",20,"2",4,0
"6353494",4,"0",0,NA
"6353494",2,"0",0,NA
"6353878",35,"1",4,239000
"6353878",36,"1",4,16200
"6353878",5,"0",0,NA
"6353878",2,"0",0,NA
"6354040",56,"1",2,30800
"6354541",77,"2",4,8700
"6355029",80,"2",4,17700
"6355256",51,"1",4,20900
"6355256",55,"1",4,15000
"6355256",17,"1",4,3200
"6355256",15,"0",0,700
"6355307",54,"1",4,66500
"6355307",23,"1",4,10500
"6355307",66,"1",2,52000
"6355558",44,"1",4,17660
"6356629",31,"1",4,16000
"6356629",38,"2",4,14400
"6356629",10,"0",0,NA
"6356629",5,"0",0,NA
"6357377",55,"1",2,47000
"6357796",43,"1",4,44000
"6359972",33,"1",1,24000
"6360756",20,"1",4,3000
"6361153",21,"1",4,10000
"6361159",61,"1",2,91300
"6361159",61,"2",4,0
"6361247",83,"2",2,25300
"6361247",47,"1",2,13000
"6361312",20,"1",4,8000
"6361312",23,"1",4,18000
"6361312",22,"1",4,24000
"6361664",47,"1",4,10880
"6361849",39,"1",4,52000
"6361849",32,"1",2,28000
"6362398",39,"1",4,34000
"6362398",37,"1",4,28000
"6362398",16,"1",0,5200
"6362576",56,"1",4,28500
"6362576",51,"1",4,38000
"6363193",39,"1",2,13000
"6363193",15,"0",0,0
"6363193",12,"0",0,NA
"6363193",8,"0",0,NA
"6363480",63,"1",4,52300
"6363480",62,"1",4,43000
"6363719",36,"1",4,20000
"6363719",36,"1",4,8000
"6363719",1,"0",0,NA
"6363719",9,"0",0,NA
"6363786",57,"2",4,5000
"6364107",55,"1",4,30400
"6364404",35,"1",4,52000
"6364404",36,"2",4,13000
"6364404",1,"0",0,NA
"6364404",11,"0",0,NA
"6364404",14,"0",0,NA
"6364404",9,"0",0,NA
"6364633",58,"1",4,5000
"6364633",57,"1",4,40000
"6364633",37,"1",4,6000
"6364633",11,"0",0,NA
"6365816",82,"2",4,27100
"6366118",52,"1",2,77000
"6366118",53,"1",4,12000
"6366118",24,"1",4,11300
"6366118",15,"0",0,0
"6366180",60,"1",4,42100
"6366180",59,"2",4,50
"6366180",89,"2",4,9600
"6369072",24,"1",4,21800
"6369167",20,"1",4,4000
"6369187",35,"1",4,40000
"6369187",34,"1",4,17000
"6369187",7,"0",0,NA
"6369530",25,"1",4,22500
"6369654",30,"1",4,31000
"6369654",33,"1",4,30000
"6369759",38,"1",4,43000
"6369759",11,"0",0,NA
"6369759",0,"0",0,NA
"6371999",44,"1",4,22000
"6371999",45,"1",4,70300
"6371999",16,"2",0,0
"6371999",15,"0",0,0
"6372527",71,"2",4,18400
"6372916",46,"2",4,12000
"6373184",62,"1",4,30000
"6373184",41,"2",4,1200
"6375368",68,"1",4,14280
"6375368",37,"1",4,14400
"6376925",69,"2",2,12000
"6376925",46,"1",3,200
"6377676",34,"1",4,33000
"6377676",4,"0",0,NA
"6377676",2,"0",0,NA
"6377676",23,"1",4,2000
"6378506",37,"1",4,36000
"6378506",36,"1",4,40000
"6378506",9,"0",0,NA
"6378506",7,"0",0,NA
"6380046",50,"1",4,28000
"6380046",48,"1",4,43000
"6380046",16,"1",0,600
"6380046",14,"0",0,NA
"6381709",93,"2",4,0
"6383772",26,"1",4,36000
"6383772",25,"1",4,10000
"6383772",5,"0",0,NA
"6383772",3,"0",0,NA
"6385036",45,"1",4,19000
"6385036",41,"1",4,32000
"6385036",17,"1",4,5000
"6385125",37,"2",4,0
"6385125",29,"1",4,21900
"6385125",20,"1",4,6500
"6385125",18,"1",4,13200
"6385125",16,"1",0,10700
"6385125",1,"0",0,NA
"6385791",31,"1",4,33600
"6385791",31,"1",4,32000
"6385791",10,"0",0,NA
"6385791",2,"0",0,NA
"6386927",41,"1",4,30500
"6386927",39,"2",4,0
"6386927",15,"0",0,1800
"6386927",12,"0",0,NA
"6386956",42,"1",4,98010
"6386956",42,"1",4,14600
"6386956",9,"0",0,NA
"6386956",7,"0",0,NA
"6386956",3,"0",0,NA
"6387012",51,"1",4,4000
"6387022",52,"1",4,84000
"6387022",50,"1",4,1500
"6389091",55,"1",2,15590
"6389091",54,"1",4,70350
"6389484",48,"1",4,30200
"6389484",47,"1",4,19450
"6389484",21,"1",4,7900
"6389484",20,"1",4,11900
"6389484",19,"1",4,5670
"6392517",60,"2",2,38800
"6392517",60,"1",4,1550
"6392703",51,"1",4,15000
"6393381",43,"2",2,8500
"6393381",36,"2",4,7100
"6393381",9,"0",0,NA
"6393716",45,"2",4,6600
"6393716",7,"0",0,NA
"6393716",9,"0",0,NA
"6393716",34,"1",4,8330
"6393897",55,"1",3,51500
"6394968",30,"1",4,21000
"6394968",27,"1",4,12800
"6394968",3,"0",0,NA
"6394968",0,"0",0,NA
"6396530",43,"1",4,28200
"6396786",53,"1",2,70000
"6396786",18,"1",4,2000
"6397123",82,"2",4,6000
"6397479",41,"1",4,33050
"6397479",35,"1",4,29500
"6397479",7,"0",0,NA
"6398302",41,"1",2,39000
"6398302",39,"1",4,26000
"6398302",10,"0",0,NA
"6398302",7,"0",0,NA
"6398784",48,"1",4,45000
"6399183",41,"1",4,50000
"6399183",33,"1",4,2000
"6399515",45,"1",4,35500
"6399515",45,"1",4,23000
"6399515",19,"1",4,9000
"6400421",48,"1",4,14300
"6400421",51,"1",2,16900
"6401582",76,"2",4,16400
"6401829",61,"2",2,6000
"6401829",59,"1",2,18000
"6401829",50,"2",2,23300
"6402280",45,"1",4,15000
"6402280",42,"1",4,21000
"6402280",13,"0",0,NA
"6402289",76,"2",4,10500
"6402328",20,"1",4,800
"6402483",39,"2",2,0
"6402483",36,"1",4,35200
"6402483",11,"0",0,NA
"6404540",58,"2",4,750
"6406536",55,"1",4,47300
"6406536",53,"1",4,73000
"6406536",26,"1",4,15450
"6406918",45,"1",4,4500
"6406918",18,"1",3,510
"6406918",17,"2",4,0
"6406918",15,"0",0,0
"6407796",18,"2",4,0
"6409533",35,"1",4,97000
"6409533",4,"0",0,NA
"6409759",21,"1",4,4300
"6410066",42,"2",4,0
"6410111",67,"2",2,27400
"6410111",68,"2",4,12000
"6412261",63,"1",4,31000
"6413055",69,"2",2,53000
"6413055",75,"2",4,6000
"6413483",29,"1",2,20000
"6413639",77,"2",4,3100
"6414814",72,"1",2,11300
"6414814",64,"1",4,20000
"6414814",30,"1",4,26400
"6415451",37,"1",4,34000
"6415451",38,"1",4,21600
"6415451",4,"0",0,NA
"6415451",2,"0",0,NA
"6415451",2,"0",0,NA
"6415451",14,"0",0,NA
"6415824",38,"1",4,31000
"6415824",34,"1",4,12000
"6416442",51,"1",4,47700
"6416442",41,"1",4,11700
"6416525",25,"1",4,13100
"6416610",18,"1",4,20000
"6416610",18,"1",4,8000
"6416673",59,"1",4,49000
"6416673",51,"1",4,32000
"6416673",19,"1",4,1900
"6416673",17,"1",4,11400
"6417534",76,"1",4,17700
"6417534",75,"2",4,5080
"6419668",34,"1",4,63000
"6419668",34,"1",4,45000
"6420197",35,"1",4,49200
"6420197",34,"1",4,13000
"6420197",4,"0",0,NA
"6420197",1,"0",0,NA
"6420227",38,"1",4,83190
"6420227",36,"1",4,50000
"6420227",6,"0",0,NA
"6420227",4,"0",0,NA
"6420395",29,"1",4,12500
"6420395",33,"1",3,30000
"6420395",5,"0",0,NA
"6420395",3,"0",0,NA
"6420473",70,"2",4,13800
"6420668",81,"2",2,18800
"6420668",55,"1",4,21800
"6423126",38,"1",4,50000
"6423126",34,"1",4,8800
"6423126",8,"0",0,NA
"6423126",5,"0",0,NA
"6424446",43,"1",4,147000
"6424446",33,"1",4,30020
"6425577",83,"2",4,8700
"6426696",28,"1",4,7350
"6426785",46,"1",4,56000
"6426785",42,"1",2,30000
"6426887",29,"1",4,17500
"6426887",22,"1",4,14500
"6426990",21,"1",3,6050
"6429101",25,"1",4,25000
"6430270",41,"1",4,64000
"6430270",38,"1",4,12700
"6430270",18,"2",4,0
"6430270",5,"0",0,NA
"6430288",41,"1",2,58300
"6430288",42,"1",4,25000
"6430288",15,"0",0,170
"6430288",13,"0",0,NA
"6430288",10,"0",0,NA
"6430288",7,"0",0,NA
"6430288",5,"0",0,NA
"6431399",32,"1",4,53400
"6431399",30,"1",4,18200
"6431399",3,"0",0,NA
"6431399",0,"0",0,NA
"6431399",64,"2",3,3600
"6431613",41,"1",4,78900
"6431613",39,"1",4,800
"6431613",8,"0",0,NA
"6431613",5,"0",0,NA
"6432002",46,"1",4,20190
"6432002",44,"1",4,36500
"6432002",9,"0",0,NA
"6432002",6,"0",0,NA
"6432187",41,"1",4,12600
"6432187",7,"0",0,NA
"6432187",3,"0",0,NA
"6433770",24,"1",4,8600
"6435000",52,"1",4,123900
"6435000",50,"1",4,171500
"6436103",44,"1",4,10300
"6436103",14,"0",0,NA
"6436103",38,"1",4,22000
"6436103",15,"0",0,2900
"6436171",33,"1",4,61000
"6437515",81,"1",4,13790
"6438256",42,"1",4,1100
"6438289",52,"1",4,15800
"6438659",37,"1",4,15000
"6438659",38,"1",4,8200
"6438659",11,"0",0,NA
"6438659",13,"0",0,NA
"6439478",73,"2",3,0
"6441033",29,"1",4,36000
"6441033",28,"1",4,42000
"6441312",33,"1",4,7000
"6441312",31,"1",4,17000
"6441312",4,"0",0,NA
"6441998",80,"2",4,29600
"6442115",67,"2",2,28000
"6444911",39,"1",4,44000
"6444911",40,"1",4,32000
"6444911",15,"0",0,0
"6444911",13,"0",0,NA
"6444911",11,"0",0,NA
"6445546",76,"1",2,29200
"6445546",75,"2",4,8500
"6448095",52,"1",4,23000
"6448095",47,"1",4,10400
"6448095",15,"0",0,700
"6448095",13,"0",0,NA
"6449530",57,"1",2,67180
"6449530",57,"1",4,44000
"6450094",88,"2",4,12600
"6451131",61,"1",4,44000
"6451131",61,"1",4,10200
"6451131",12,"0",0,NA
"6451131",9,"0",0,NA
"6451888",48,"1",4,12500
"6451888",50,"1",4,292500
"6451888",12,"0",0,NA
"6451888",10,"0",0,NA
"6452915",68,"1",2,24200
"6452915",65,"1",4,5400
"6453071",18,"1",4,5000
"6453324",25,"1",4,21300
"6453324",25,"1",4,24100
"6456830",89,"2",4,22700
"6457099",37,"1",3,50000
"6457444",78,"2",4,121900
"6457601",35,"1",4,10000
"6458195",57,"1",4,21900
"6458195",50,"1",4,7000
"6458931",40,"1",4,95700
"6458931",39,"1",4,43000
"6458931",4,"0",0,NA
"6458931",12,"0",0,NA
"6459333",53,"1",4,46810
"6459879",85,"2",4,1800
"6459996",62,"1",4,17000
"6459996",34,"1",2,7000
"6460055",56,"2",2,38690
"6460055",51,"1",4,16600
"6461338",62,"1",2,35300
"6461338",55,"1",4,16300
"6461361",39,"1",4,41000
"6461361",37,"1",4,16000
"6461361",14,"0",0,NA
"6461361",11,"0",0,NA
"6461361",9,"0",0,NA
"6461666",30,"1",4,115000
"6461666",32,"1",4,20000
"6461666",13,"0",0,NA
"6461666",11,"0",0,NA
"6462578",30,"1",4,4500
"6462578",25,"1",4,24200
"6462578",11,"0",0,NA
"6462578",5,"0",0,NA
"6463269",25,"1",4,38300
"6463269",28,"1",4,8100
"6463269",6,"0",0,NA
"6463935",74,"2",2,64400
"6463935",78,"2",4,33100
"6463988",47,"1",4,69000
"6463988",46,"2",4,0
"6463988",15,"0",0,0
"6464024",65,"2",4,10400
"6466087",63,"1",4,22800
"6469444",93,"2",4,20900
"6469527",64,"2",4,10300
"6469527",22,"1",4,17400
"6469527",18,"1",4,6000
"6469527",9,"0",0,NA
"6469527",34,"1",4,18000
"6470825",82,"2",4,19200
"6470825",72,"2",4,4900
"6470825",52,"1",4,2400
"6470825",42,"1",2,33100
"6470825",33,"1",4,16800
"6471033",34,"1",3,55000
"6471033",30,"1",4,12000
"6471128",40,"1",4,30000
"6471128",39,"1",4,33800
"6471128",11,"0",0,NA
"6471128",9,"0",0,NA
"6471741",37,"1",4,31000
"6471741",30,"1",4,17000
"6471741",9,"0",0,NA
"6471741",7,"0",0,NA
"6473351",75,"2",4,11300
"6473446",30,"1",4,23200
"6473446",11,"0",0,NA
"6473446",7,"0",0,NA
"6473501",37,"2",4,12000
"6473501",10,"0",0,NA
"6473501",42,"2",4,0
"6474559",49,"1",2,6000
"6475030",53,"1",4,47000
"6475030",56,"1",4,22000
"6475128",86,"2",4,6400
"6476254",49,"1",4,40000
"6477272",27,"1",2,28000
"6477272",27,"2",4,0
"6477272",4,"0",0,NA
"6477272",2,"0",0,NA
"6480307",62,"1",3,17000
"6480307",59,"1",4,40000
"6483249",81,"2",3,5600
"6484849",19,"1",4,44400
"6486019",20,"2",4,0
"6486084",48,"1",4,50060
"6486084",48,"1",4,50000
"6486428",50,"1",4,5400
"6486428",15,"0",0,0
"6486428",50,"1",4,22000
"6486607",75,"2",4,5300
"6486607",79,"2",2,20000
"6487082",71,"1",4,45200
"6487082",67,"1",4,7200
"6487082",46,"1",4,34000
"6487830",46,"2",2,11100
"6487830",43,"2",4,5200
"6487830",23,"2",4,6600
"6487830",20,"2",4,6600
"6489650",34,"1",2,46000
"6489650",29,"1",4,20000
"6489650",3,"0",0,NA
"6491235",84,"2",4,80800
"6491475",29,"1",4,6600
"6491475",28,"1",4,1000
"6491975",35,"1",4,7500
"6491975",15,"0",0,200
"6491975",9,"0",0,NA
"6491975",34,"1",3,32300
"6493364",48,"1",4,22900
"6493364",47,"2",4,37100
"6493364",12,"0",0,NA
"6494651",19,"1",4,900
"6497999",83,"2",4,18400
"6497999",50,"1",2,33000
"6498216",51,"1",2,59000
"6498216",43,"1",4,56000
"6498293",70,"1",2,27600
"6498293",64,"2",4,111000
"6498745",64,"1",2,41000
"6498745",62,"1",4,10500
"6499017",32,"1",4,60000
"6499017",32,"1",4,8000
"6499017",1,"0",0,NA
"6499616",48,"1",4,39280
"6499616",52,"1",4,26000
"6499616",4,"0",0,NA
"6500241",45,"1",4,40000
"6500346",78,"2",4,7500
"6501124",69,"1",4,32300
"6501124",61,"2",4,500
"6501325",42,"1",4,36000
"6501325",34,"1",4,34000
"6501325",19,"1",4,4500
"6501325",17,"1",4,2000
"6501325",14,"0",0,NA
"6501335",48,"1",4,32000
"6501335",47,"1",4,25000
"6501335",23,"1",4,20000
"6501625",40,"1",4,37100
"6502734",64,"1",4,9000
"6502734",38,"1",4,13800
"6502734",9,"0",0,NA
"6502734",7,"0",0,NA
"6502734",42,"1",4,21220
"6503302",53,"2",4,5600
"6503302",61,"2",4,15000
"6505454",43,"1",2,24050
"6505454",41,"1",4,55000
"6505454",15,"0",0,650
"6505454",12,"0",0,NA
"6505454",4,"0",0,NA
"6505845",78,"2",2,10500
"6505845",67,"2",4,7100
"6506617",57,"2",2,85000
"6506617",54,"1",4,12460
"6508221",26,"1",4,14000
"6508756",19,"1",4,20000
"6508756",23,"1",4,27000
"6510527",19,"1",4,3310
"6510740",65,"2",2,35310
"6510740",64,"2",4,8400
"6511324",75,"2",2,16100
"6511324",73,"2",4,4900
"6512922",36,"1",4,30000
"6512922",35,"1",4,4300
"6513237",24,"1",4,27000
"6513403",61,"2",2,29700
"6513403",62,"2",4,1000
"6514230",61,"1",4,68000
"6514230",58,"2",4,34800
"6514966",57,"2",4,10770
"6514985",55,"1",4,1290
"6514985",54,"1",4,2700
"6518123",71,"2",4,41100
"6518123",72,"2",4,6300
"6518937",44,"1",2,45000
"6518937",45,"1",4,26000
"6518937",17,"1",4,9500
"6519860",61,"2",3,35430
"6519860",58,"1",4,7004
"6519860",38,"1",4,15000
"6519860",40,"1",2,24000
"6520348",38,"1",4,25000
"6520348",33,"1",4,15600
"6520348",14,"0",0,NA
"6520348",12,"0",0,NA
"6520348",11,"0",0,NA
"6520468",19,"1",4,6000
"6522063",67,"1",4,22000
"6522063",69,"2",4,7200
"6522088",46,"1",4,15500
"6522088",38,"1",4,48000
"6522681",48,"1",4,112000
"6522681",45,"1",4,3000
"6522681",14,"0",0,NA
"6522681",7,"0",0,NA
"6523117",24,"1",4,5700
"6523117",24,"1",4,20000
"6523967",39,"1",4,25000
"6523967",39,"1",4,15000
"6523967",15,"0",0,1000
"6523967",14,"0",0,NA
"6523967",14,"0",0,NA
"6524084",93,"2",4,8400
"6524412",79,"2",2,18800
"6525169",40,"2",4,0
"6525169",37,"1",4,18500
"6525169",18,"1",4,6000
"6525169",16,"1",0,3600
"6525169",10,"0",0,NA
"6526952",88,"2",4,7700
"6527672",82,"2",4,9900
"6527908",89,"2",4,41000
"6527956",45,"1",4,29000
"6527956",39,"1",4,31000
"6527956",17,"1",4,2000
"6527956",14,"0",0,NA
"6527956",11,"0",0,NA
"6529222",24,"1",3,29000
"6529222",4,"0",0,NA
"6529222",22,"1",4,12000
"6529435",52,"1",4,72000
"6529435",55,"1",4,25800
"6530628",59,"1",3,60000
"6530628",56,"1",4,28900
"6530822",76,"2",2,31200
"6530822",77,"2",4,5700
"6530822",44,"2",4,21800
"6533313",19,"1",4,2500
"6533913",44,"1",4,27000
"6533913",44,"1",4,9000
"6534012",47,"1",2,27000
"6534012",44,"1",4,600
"6534012",25,"1",4,22000
"6534012",17,"2",4,0
"6534012",7,"0",0,NA
"6534124",23,"1",4,26000
"6534344",67,"2",2,30500
"6534344",61,"2",4,0
"6536953",24,"1",4,18570
"6537029",63,"1",4,13500
"6537457",29,"1",4,24000
"6537457",29,"1",4,22000
"6538275",40,"1",4,20700
"6538275",50,"1",4,27000
"6538275",14,"0",0,NA
"6538432",53,"1",2,56100
"6538432",15,"0",0,0
"6539648",45,"1",4,52950
"6539648",38,"2",4,0
"6539648",12,"0",0,NA
"6539648",9,"0",0,NA
"6539648",5,"0",0,NA
"6539648",2,"0",0,NA
"6540094",41,"1",4,8900
"6540094",38,"1",4,16500
"6540094",19,"1",4,2700
"6540094",15,"0",0,0
"6540094",6,"0",0,NA
"6540746",59,"1",4,19000
"6540746",37,"1",2,9800
"6542573",25,"1",4,17000
"6542573",29,"1",2,35000
"6542573",25,"1",4,22000
"6543890",50,"1",4,46000
"6544060",43,"1",4,40000
"6544060",36,"1",4,3000
"6544060",10,"0",0,NA
"6544060",6,"0",0,NA
"6544060",3,"0",0,NA
"6546173",60,"2",4,6920
"6546878",42,"2",4,6600
"6546878",54,"2",4,6600
"6547049",33,"1",4,50000
"6547049",33,"1",4,20000
"6547049",11,"0",0,NA
"6547049",1,"0",0,NA
"6547216",40,"1",4,30000
"6547216",44,"1",4,1600
"6547216",20,"1",4,6000
"6547216",13,"0",0,NA
"6547622",62,"2",4,113900
"6548893",36,"1",4,23000
"6548893",27,"1",4,27000
"6549217",28,"1",2,20600
"6549217",26,"1",4,16500
"6549217",7,"0",0,NA
"6549217",7,"0",0,NA
"6549217",59,"1",4,15600
"6549217",48,"2",4,5100
"6550483",51,"1",4,21000
"6550483",18,"1",4,800
"6551723",30,"1",4,15000
"6551723",29,"1",4,10300
"6551723",7,"0",0,NA
"6551723",2,"0",0,NA
"6553374",83,"2",2,23200
"6553374",86,"2",4,6500
"6554686",74,"2",2,123800
"6555301",48,"1",4,17000
"6557018",43,"1",4,78400
"6558011",63,"1",2,22150
"6558011",58,"2",4,3800
"6558636",49,"1",4,103200
"6558636",40,"1",4,3200
"6558636",15,"0",0,0
"6558636",12,"0",0,NA
"6560752",35,"1",3,23000
"6560752",33,"1",4,8000
"6560752",14,"0",0,NA
"6560752",13,"0",0,NA
"6560822",93,"2",4,9600
"6564043",86,"2",2,38000
"6565737",40,"1",4,60000
"6565737",42,"1",4,45000
"6565737",9,"0",0,NA
"6565737",5,"0",0,NA
"6565737",1,"0",0,NA
"6566802",39,"1",4,5960
"6566802",32,"1",4,8320
"6566802",9,"0",0,NA
"6566802",8,"0",0,NA
"6567117",23,"1",4,17000
"6567117",24,"1",4,12000
"6567490",75,"2",4,7500
"6567490",77,"2",4,10300
"6567992",64,"2",2,18300
"6568091",36,"1",4,45720
"6568091",53,"1",4,50700
"6568573",19,"1",4,7000
"6568816",47,"1",3,50000
"6568816",83,"2",4,7600
"6569228",31,"1",3,29000
"6569228",27,"1",4,16000
"6569228",5,"0",0,NA
"6569228",2,"0",0,NA
"6571431",52,"1",4,15000
"6571557",78,"1",4,23700
"6571557",52,"2",4,8300
"6571819",74,"2",4,8400
"6572091",40,"1",4,27600
"6573279",47,"1",4,20400
"6573279",46,"1",4,26000
"6573279",18,"1",4,450
"6573279",13,"0",0,NA
"6573279",8,"0",0,NA
"6574044",46,"1",4,50060
"6574044",43,"1",4,10700
"6574044",20,"1",4,14940
"6574044",14,"0",0,NA
"6576891",53,"1",3,33760
"6576891",49,"1",4,10300
"6576891",26,"1",4,14910
"6577244",52,"1",4,42000
"6577244",53,"1",4,21000
"6577244",83,"2",4,9100
"6578191",68,"1",4,7220
"6578755",72,"2",2,7800
"6578755",54,"2",4,2700
"6581117",60,"1",4,31860
"6581117",60,"1",4,10800
"6582986",61,"1",3,26110
"6582986",60,"1",4,29700
"6584051",27,"1",4,20160
"6584051",27,"1",4,36000
"6584838",83,"2",2,13900
"6585142",19,"1",4,3000
"6586148",19,"1",4,4000
"6586199",69,"2",4,5700
"6586641",49,"1",2,43000
"6586641",46,"1",4,700
"6586641",22,"1",4,5400
"6587318",21,"1",3,500
"6588983",66,"2",2,21000
"6588983",61,"2",4,43000
"6590343",45,"1",4,31100
"6590343",42,"1",4,23480
"6590439",48,"1",4,171700
"6590439",49,"1",4,10700
"6590938",33,"1",2,30000
"6591906",27,"1",4,27000
"6591906",22,"1",4,8000
"6593167",38,"1",4,37030
"6593167",47,"1",4,48030
"6593167",9,"0",0,NA
"6593167",6,"0",0,NA
"6593486",38,"1",4,22200
"6593486",16,"2",0,0
"6593486",13,"0",0,NA
"6593836",40,"1",4,3600
"6593836",37,"1",4,28500
"6594146",30,"1",4,292800
"6594146",31,"1",4,6800
"6594146",6,"0",0,NA
"6594188",54,"2",4,6600
"6594188",13,"0",0,NA
"6595039",75,"2",4,162200
"6595039",73,"2",4,49600
"6597025",76,"2",4,8500
"6597379",54,"1",2,53000
"6597379",51,"1",4,69200
"6598353",38,"1",4,36000
"6598353",36,"1",4,25700
"6598353",17,"1",4,1700
"6598353",14,"0",0,NA
"6598456",65,"1",4,3500
"6598971",85,"2",3,19200
"6599978",70,"2",2,15000
"6599978",47,"1",4,24000
"6600725",71,"2",4,19000
"6601348",44,"1",4,41000
"6601348",38,"1",4,20500
"6601348",9,"0",0,NA
"6601348",7,"0",0,NA
"6601428",40,"1",2,55000
"6601428",36,"1",4,45000
"6601428",16,"2",0,0
"6601428",5,"0",0,NA
"6601428",15,"0",0,0
"6601722",85,"2",2,16100
"6601722",70,"2",4,8500
"6602565",38,"1",4,53000
"6602565",38,"2",4,0
"6602565",5,"0",0,NA
"6602565",1,"0",0,NA
"6608933",55,"1",3,74000
"6608933",54,"1",4,21000
"6610534",52,"1",4,48000
"6610534",53,"1",4,26000
"6611265",40,"1",4,8030
"6612032",59,"1",2,28200
"6612032",55,"1",4,40
"6613444",55,"1",4,33900
"6613943",50,"1",4,8000
"6613996",74,"1",2,155800
"6613996",63,"2",4,19300
"6614077",25,"1",4,29000
"6614132",51,"1",2,45000
"6614132",52,"2",4,0
"6614447",29,"2",4,0
"6614447",32,"1",4,30400
"6614447",10,"0",0,NA
"6614447",8,"0",0,NA
"6614447",4,"0",0,NA
"6614886",73,"2",4,21000
"6615001",21,"1",4,450
"6615166",72,"1",2,18130
"6615166",72,"1",4,6200
"6615815",56,"1",4,12800
"6615815",32,"1",4,20000
"6616304",53,"1",2,9700
"6616304",52,"1",4,8300
"6616304",17,"1",4,900
"6616616",34,"1",4,20000
"6616616",31,"1",4,20000
"6616981",40,"1",4,37000
"6616981",37,"1",4,7500
"6616981",6,"0",0,NA
"6616981",3,"0",0,NA
"6617397",33,"1",4,25000
"6617397",37,"1",4,28000
"6617397",16,"2",0,0
"6617397",30,"1",4,10400
"6617755",31,"1",4,30000
"6617755",24,"1",4,8400
"6617755",3,"0",0,NA
"6617755",0,"0",0,NA
"6617991",44,"1",4,16300
"6617991",23,"1",4,16000
"6617991",18,"1",4,1200
"6617991",16,"2",0,0
"6617991",11,"0",0,NA
"6617991",20,"2",4,0
"6618775",79,"2",4,9800
"6619047",70,"2",4,16000
"6619047",81,"2",2,12200
"6620865",72,"2",4,6800
"6620865",46,"1",4,18700
"6621672",64,"2",4,14100
"6621672",67,"2",2,9000
"6621703",42,"1",4,30000
"6621703",47,"1",4,19700
"6622721",67,"2",4,9120
"6624584",51,"1",4,21000
"6624584",42,"1",4,75000
"6625383",72,"2",2,13100
"6625383",59,"2",4,0
"6625757",37,"1",4,32000
"6626247",69,"2",4,20300
"6626408",80,"2",4,17070
"6626408",68,"2",4,6290
"6626981",85,"2",4,9200
"6627137",29,"1",4,21000
"6627137",6,"0",0,NA
"6628152",59,"1",4,25000
"6628152",51,"1",4,16180
"6628267",33,"1",2,20000
"6628267",28,"1",4,27500
"6628267",0,"0",0,NA
"6628453",71,"1",4,26800
"6628453",74,"2",4,7200
"6629212",74,"2",2,16100
"6629212",80,"2",4,9000
"6629708",19,"1",4,22500
"6630208",69,"2",2,14000
"6630208",65,"2",4,49000
"6630208",38,"1",4,26700
"6630621",33,"1",4,35000
"6630621",27,"1",4,6000
"6630621",5,"0",0,NA
"6630621",2,"0",0,NA
"6630621",0,"0",0,NA
"6631525",30,"1",4,62000
"6632005",57,"2",2,72000
"6634050",71,"1",2,17600
"6634050",74,"2",4,5000
"6634240",19,"2",4,0
"6634664",47,"1",2,20000
"6634664",46,"1",4,8200
"6634664",9,"0",0,NA
"6635389",64,"2",4,28020
"6635496",87,"2",4,14400
"6635496",80,"2",4,6000
"6637302",21,"1",4,18000
"6638073",42,"1",4,50800
"6640216",53,"1",4,51000
"6640216",60,"1",4,84000
"6640216",18,"1",4,5000
"6640216",13,"0",0,NA
"6641577",58,"1",2,67000
"6641577",54,"1",4,2300
"6641577",17,"1",4,7000
"6642374",33,"1",4,65200
"6642374",37,"2",4,0
"6642374",7,"0",0,NA
"6642374",4,"0",0,NA
"6642374",1,"0",0,NA
"6643306",40,"1",4,8000
"6643306",49,"1",2,24010
"6643306",17,"1",4,5000
"6643766",79,"2",4,6900
"6645824",80,"2",4,20804
"6645968",52,"1",4,22000
"6645968",55,"1",4,48700
"6646121",56,"1",4,55900
"6646872",69,"2",4,7200
"6646872",11,"0",0,NA
"6647337",36,"1",4,12000
"6647337",37,"2",4,0
"6647337",9,"0",0,NA
"6647337",7,"0",0,NA
"6647337",0,"0",0,NA
"6647866",39,"1",2,33600
"6647866",33,"1",2,6700
"6647866",10,"0",0,NA
"6647866",8,"0",0,NA
"6647866",6,"0",0,NA
"6648374",50,"1",4,7420
"6648374",46,"1",4,40000
"6650096",38,"1",4,3940
"6650096",12,"0",0,NA
"6650096",8,"0",0,NA
"6650096",6,"0",0,NA
"6650096",0,"0",0,NA
"6650096",32,"1",4,11080
"6650795",44,"1",4,21400
"6650795",40,"1",4,7200
"6650795",3,"0",0,NA
"6650891",42,"1",4,83200
"6650891",15,"0",0,0
"6650891",12,"0",0,NA
"6651840",55,"1",4,59450
"6652452",55,"1",4,32000
"6652810",19,"1",4,200
"6654464",31,"1",2,21000
"6654464",29,"1",4,21320
"6655981",42,"1",4,290000
"6655981",14,"0",0,NA
"6655981",10,"0",0,NA
"6657601",79,"2",2,0
"6657862",43,"1",4,40000
"6657862",36,"1",4,8000
"6657862",12,"0",0,NA
"6657862",11,"0",0,NA
"6657862",6,"0",0,NA
"6657949",58,"1",4,25000
"6658648",66,"1",4,26100
"6659341",84,"2",4,13700
"6659379",74,"1",2,22500
"6659379",76,"2",2,3600
"6659627",35,"1",4,25000
"6659627",34,"1",4,6000
"6659627",12,"0",0,NA
"6659627",9,"0",0,NA
"6659627",6,"0",0,NA
"6660354",35,"1",4,39000
"6660354",37,"1",4,35000
"6660354",6,"0",0,NA
"6662135",42,"1",2,32700
"6662135",14,"0",0,NA
"6662135",13,"0",0,NA
"6662456",22,"1",4,20000
"6663118",72,"2",2,10500
"6663118",64,"2",4,6800
"6664068",48,"1",4,43000
"6664068",50,"1",4,31000
"6664068",14,"0",0,NA
"6664068",8,"0",0,NA
"6664862",40,"1",4,29000
"6664862",36,"1",4,13000
"6664862",18,"1",4,11000
"6664862",15,"0",0,200
"6664862",13,"0",0,NA
"6665501",21,"1",4,26000
"6666454",89,"2",4,26500
"6666454",83,"2",4,2000
"6666454",64,"2",4,4300
"6666593",80,"2",4,10200
"6668825",89,"2",4,7000
"6669086",21,"2",4,0
"6669468",21,"1",4,1600
"6670344",49,"1",4,39000
"6670344",19,"1",4,2400
"6670510",58,"1",2,103500
"6670510",52,"1",4,5000
"6670510",22,"1",4,21600
"6670763",25,"1",4,13500
"6670959",32,"1",4,21100
"6670959",27,"1",4,20000
"6671474",38,"1",4,55000
"6671474",33,"1",4,47100
"6671474",8,"0",0,NA
"6671474",5,"0",0,NA
"6671618",39,"1",4,46000
"6671618",32,"1",4,30000
"6671897",67,"2",4,4600
"6671897",63,"2",4,2200
"6673067",40,"1",4,20000
"6673067",41,"1",4,18000
"6673067",20,"1",4,15000
"6673067",15,"0",0,0
"6673067",12,"0",0,NA
"6673122",18,"1",4,4500
"6673550",83,"2",4,13000
"6674704",21,"1",4,9200
"6674704",0,"0",0,NA
"6674704",18,"1",4,9400
"6677076",63,"1",4,38400
"6677076",31,"1",4,24000
"6677076",62,"2",4,990
"6677690",86,"2",4,80800
"6680395",22,"1",4,14300
"6680395",24,"1",4,11200
"6681998",33,"1",4,44110
"6681998",32,"2",4,0
"6681998",13,"0",0,NA
"6681998",10,"0",0,NA
"6682138",53,"1",4,339000
"6683128",27,"1",4,16000
"6684230",70,"2",4,7800
"6684549",52,"1",3,410300
"6684549",51,"1",4,50000
"6684549",11,"0",0,NA
"6684549",8,"0",0,NA
"6686269",23,"1",4,16000
"6686269",22,"2",4,0
"6686269",2,"0",0,NA
"6686269",0,"0",0,NA
"6687814",54,"1",4,17000
"6687814",57,"1",4,30000
"6687814",30,"1",2,35000
"6687814",27,"1",4,12000
"6688041",66,"1",3,12110
"6688041",64,"1",4,49900
"6688896",50,"1",4,309000
"6690048",52,"1",4,24400
"6690048",59,"1",4,12020
"6690173",48,"1",4,47200
"6690173",42,"1",4,4000
"6690173",14,"0",0,NA
"6690173",13,"0",0,NA
"6690663",20,"1",4,7000
"6692306",39,"1",2,45000
"6692306",39,"1",4,32500
"6692306",16,"1",0,2000
"6692306",11,"0",0,NA
"6693080",56,"1",2,74000
"6693080",54,"1",4,16080
"6695448",45,"1",4,33000
"6695448",48,"1",3,4800
"6695491",34,"1",4,10300
"6695491",33,"1",4,9000
"6695491",13,"0",0,NA
"6695491",11,"0",0,NA
"6695491",9,"0",0,NA
"6695548",49,"1",4,49200
"6695548",48,"1",4,22300
"6695548",17,"1",4,800
"6695548",15,"0",0,300
"6695637",51,"2",2,0
"6695637",49,"2",4,9000
"6697039",52,"1",4,22000
"6697039",44,"1",4,30000
"6697039",9,"0",0,NA
"6697061",18,"1",4,3500
"6697070",61,"1",2,30000
"6697070",52,"1",4,22000
"6697251",50,"1",4,35000
"6697251",49,"1",4,20000
"6697251",15,"0",0,150
"6698700",76,"1",2,44300
"6699009",70,"2",4,31700
"6699518",83,"2",2,32000
"6699518",72,"2",4,4500
"6700086",38,"1",4,19000
"6700086",40,"1",4,30000
"6700086",16,"2",0,5000
"6700086",12,"0",0,NA
"6700086",11,"0",0,NA
"6701225",79,"2",4,9350
"6701225",49,"1",4,11200
"6701791",81,"2",2,33700
"6701791",82,"2",4,5400
"6703231",46,"1",4,32000
"6703231",46,"1",4,34700
"6703792",52,"1",4,30000
"6703874",50,"1",4,51570
"6703874",48,"1",4,36100
"6704670",45,"1",4,16000
"6704670",37,"2",4,0
"6704670",13,"0",0,NA
"6705329",45,"1",4,58400
"6705329",23,"1",4,1800
"6705329",1,"0",0,NA
"6705403",36,"1",4,10600
"6705403",15,"0",0,2700
"6705403",1,"0",0,NA
"6705403",28,"1",2,29000
"6705434",53,"1",2,24500
"6705434",58,"2",4,0
"6709666",37,"1",2,28000
"6709666",38,"1",4,28000
"6709666",17,"1",4,3000
"6709666",14,"0",0,NA
"6709666",4,"0",0,NA
"6711540",53,"1",2,19200
"6711540",12,"0",0,NA
"6711540",12,"0",0,NA
"6711540",54,"1",4,23600
"6711540",17,"2",4,0
"6711540",13,"0",0,NA
"6711540",11,"0",0,NA
"6711802",32,"1",4,23000
"6711809",69,"2",4,10400
"6712439",44,"1",4,19000
"6712439",41,"1",4,19000
"6712557",50,"1",4,15000
"6712557",20,"2",4,0
"6712557",19,"1",4,5000
"6712557",1,"0",0,NA
"6712557",45,"2",4,0
"6714453",19,"1",4,3000
"6715159",36,"1",4,29000
"6717159",62,"2",4,18000
"6717159",45,"1",4,55000
"6717159",7,"0",0,NA
"6717159",4,"0",0,NA
"6717298",60,"1",4,10000
"6717298",54,"1",3,28000
"6717860",67,"2",4,9750
"6718282",38,"1",4,10500
"6718282",38,"1",4,120
"6718282",19,"1",2,3000
"6718282",16,"1",0,1400
"6718282",17,"1",4,2000
"6721152",30,"1",2,81000
"6721152",25,"2",4,0
"6721152",0,"0",0,NA
"6722173",38,"1",4,9000
"6722173",35,"1",4,34000
"6722173",7,"0",0,NA
"6722173",5,"0",0,NA
"6722982",66,"1",2,28900
"6722982",61,"2",4,0
"6722982",18,"2",4,0
"6723736",80,"2",4,12800
"6724132",46,"1",4,22900
"6725406",28,"1",4,21400
"6725406",26,"1",4,26100
"6725406",1,"0",0,NA
"6725406",0,"0",0,NA
"6725550",69,"1",4,19200
"6725550",66,"2",4,6100
"6725969",55,"1",2,50000
"6725969",47,"1",4,18000
"6725969",18,"2",4,0
"6726297",61,"1",2,27000
"6727340",46,"1",4,8050
"6728095",32,"1",4,13000
"6730178",47,"1",4,49250
"6730178",44,"1",3,1600
"6730178",18,"1",3,3600
"6730178",12,"0",0,NA
"6730606",31,"2",4,0
"6730606",34,"1",4,6500
"6730606",3,"0",0,NA
"6732691",33,"1",4,38000
"6732691",33,"1",4,38000
"6732691",8,"0",0,NA
"6732691",4,"0",0,NA
"6733269",46,"1",4,12000
"6733269",20,"1",4,11100
"6733664",46,"1",2,140350
"6733664",57,"1",4,33700
"6734662",49,"1",4,28300
"6734662",51,"1",2,39500
"6734814",39,"1",4,10400
"6734814",11,"0",0,NA
"6735435",87,"2",4,117000
"6736504",84,"2",2,12600
"6736504",74,"2",4,5400
"6737788",50,"1",4,25400
"6737788",43,"1",4,16400
"6737788",11,"0",0,NA
"6737788",10,"0",0,NA
"6738408",40,"1",4,50000
"6738408",42,"2",4,0
"6738408",7,"0",0,NA
"6738583",72,"2",4,10500
"6738583",89,"2",4,8800
"6738717",21,"1",4,10390
"6738717",20,"1",4,5700
"6738717",24,"1",4,12000
"6739012",36,"2",4,860
"6739012",8,"0",0,NA
"6739012",5,"0",0,NA
"6739958",30,"1",4,18300
"6740527",88,"2",4,14000
"6746306",42,"1",4,38000
"6746306",43,"1",4,25000
"6746306",20,"1",4,15680
"6746306",19,"1",4,5600
"6746636",87,"2",4,8700
"6749062",71,"2",4,5300
"6749542",79,"2",4,27900
"6750174",18,"1",4,1800
"6750510",67,"1",4,3000
"6750510",66,"1",4,18600
"6750970",41,"1",4,48100
"6750970",43,"1",4,25000
"6750970",14,"0",0,NA
"6750970",11,"0",0,NA
"6751099",29,"1",4,23000
"6751099",9,"0",0,NA
"6751099",7,"0",0,NA
"6753547",58,"2",2,11800
"6753547",24,"1",4,12500
"6753547",31,"2",4,3600
"6753547",9,"0",0,NA
"6753547",6,"0",0,NA
"6753547",3,"0",0,NA
"6753595",21,"1",4,6000
"6753935",77,"2",4,15610
"6754810",42,"1",4,5040
"6754810",44,"1",4,8300
"6754810",15,"0",0,0
"6754810",12,"0",0,NA
"6754810",20,"1",4,5000
"6756592",42,"1",4,13000
"6756592",45,"1",4,16000
"6756621",86,"2",4,9200
"6757794",87,"1",4,18200
"6757794",84,"2",4,17300
"6757794",39,"1",4,18100
"6758434",38,"1",2,42200
"6758434",33,"1",4,8600
"6758434",13,"0",0,NA
"6758434",14,"0",0,NA
"6758434",11,"0",0,NA
"6758680",43,"1",2,50000
"6758680",44,"1",4,28000
"6758680",17,"1",4,2700
"6760225",48,"1",4,42000
"6760225",16,"1",0,1000
"6760225",14,"0",0,NA
"6760317",84,"2",4,8370
"6760326",40,"1",4,38050
"6761152",41,"1",4,49000
"6761152",41,"1",4,11000
"6761152",17,"1",4,2000
"6761152",14,"0",0,NA
"6761446",62,"1",2,20000
"6761446",57,"1",4,20000
"6761600",43,"1",4,90000
"6761600",36,"1",4,31500
"6761600",14,"0",0,NA
"6761600",12,"0",0,NA
"6761916",35,"1",2,30000
"6761916",13,"0",0,NA
"6761916",16,"2",0,0
"6761916",37,"1",2,16400
"6765289",38,"1",4,50000
"6765289",13,"0",0,NA
"6765289",11,"0",0,NA
"6765613",35,"1",4,13300
"6765741",51,"1",2,57800
"6765741",51,"1",4,13250
"6765741",22,"2",4,4500
"6766175",25,"1",4,7900
"6766249",28,"1",2,41500
"6766249",28,"2",4,0
"6766249",5,"0",0,NA
"6766249",4,"0",0,NA
"6766507",49,"1",4,26040
"6766507",22,"1",4,9700
"6769396",42,"1",4,19400
"6769396",39,"1",4,36000
"6769396",11,"0",0,NA
"6769396",7,"0",0,NA
"6769401",31,"1",4,1400
"6769401",31,"1",4,25000
"6769401",7,"0",0,NA
"6769401",1,"0",0,NA
"6771885",41,"1",3,42610
"6771885",40,"2",4,910
"6771885",1,"0",0,NA
"6774003",67,"1",2,25700
"6774003",58,"1",4,26800
"6774137",63,"2",4,88400
"6774513",52,"2",4,26000
"6774513",31,"2",4,0
"6774513",0,"0",0,NA
"6774513",75,"2",4,42000
"6774652",45,"1",4,15000
"6774652",18,"1",4,2400
"6774652",15,"0",0,0
"6774652",10,"0",0,NA
"6775261",21,"1",4,10530
"6775261",21,"1",4,2000
"6775261",0,"0",0,NA
"6775598",33,"1",4,41700
"6775598",28,"1",4,23900
"6775598",6,"0",0,NA
"6775598",2,"0",0,NA
"6776208",43,"1",4,40000
"6776208",39,"1",4,20000
"6776208",19,"1",4,6100
"6776208",18,"1",4,4200
"6776231",36,"1",4,20200
"6776231",33,"1",4,21300
"6776231",13,"0",0,NA
"6776231",9,"0",0,NA
"6776598",76,"2",2,8010
"6776731",66,"2",2,32400
"6776731",62,"1",4,30000
"6776731",9,"0",0,NA
"6776903",45,"1",4,4500
"6776903",46,"1",4,10000
"6776903",16,"1",0,27000
"6777354",63,"2",2,14400
"6777354",59,"2",4,0
"6778868",29,"1",4,36000
"6778868",28,"1",4,25000
"6778868",6,"0",0,NA
"6779300",37,"1",4,17200
"6779300",42,"1",4,6900
"6779300",8,"0",0,NA
"6779300",3,"0",0,NA
"6780651",93,"2",4,4710
"6780829",46,"1",4,71000
"6780829",45,"1",4,2000
"6780829",19,"1",4,4200
"6780829",16,"1",0,1920
"6780829",13,"0",0,NA
"6782101",53,"1",2,25000
"6782101",53,"1",4,4000
"6783137",60,"1",4,20050
"6783137",73,"1",4,27060
"6783190",20,"1",4,4500
"6783320",75,"2",2,26200
"6783320",67,"2",4,0
"6784319",40,"1",2,86100
"6784319",41,"1",4,3300
"6784319",14,"0",0,NA
"6784319",11,"0",0,NA
"6784649",36,"1",3,15000
"6784663",45,"1",4,85000
"6784663",55,"1",4,5000
"6784866",43,"1",4,53500
"6784866",44,"1",4,15000
"6784866",16,"1",0,500
"6784866",13,"0",0,NA
"6785090",23,"1",4,15000
"6785090",21,"1",4,6000
"6785309",41,"1",4,14430
"6785309",42,"1",4,26830
"6785309",19,"1",4,4000
"6785575",41,"1",4,28000
"6785575",39,"1",4,27000
"6785575",1,"0",0,NA
"6785837",47,"1",4,23000
"6785837",43,"1",4,20000
"6786862",68,"1",4,25500
"6786862",20,"1",4,4030
"6788112",44,"1",4,151000
"6788112",40,"1",4,19700
"6788112",11,"0",0,NA
"6788112",15,"0",0,30
"6788112",13,"0",0,NA
"6788112",7,"0",0,NA
"6788897",47,"1",4,26800
"6789122",23,"1",4,38000
"6789122",19,"1",4,800
"6789341",47,"1",4,39100
"6789341",43,"1",4,38000
"6789541",63,"2",4,6000
"6789541",59,"2",4,0
"6790526",41,"1",4,36600
"6790526",38,"1",4,55000
"6790526",7,"0",0,NA
"6790526",6,"0",0,NA
"6790526",4,"0",0,NA
"6791335",76,"2",4,6800
"6792678",40,"1",4,17000
"6792678",43,"1",4,15000
"6793486",40,"1",4,629000
"6793486",42,"1",4,3500
"6793486",9,"0",0,NA
"6793766",66,"1",2,20800
"6793766",54,"1",4,50000
"6794460",26,"1",4,27200
"6794743",34,"1",4,290000
"6796150",62,"1",2,70000
"6796150",52,"2",4,0
"6796299",40,"1",4,18000
"6796299",38,"2",4,0
"6796299",17,"1",4,3000
"6796299",14,"0",0,NA
"6797117",34,"1",4,25000
"6797117",30,"1",4,20000
"6797117",10,"0",0,NA
"6797117",7,"0",0,NA
"6798628",21,"1",2,5000
"6798819",18,"1",4,2500
"6798970",18,"1",4,12500
"6799056",53,"1",2,66300
"6799056",54,"1",4,14000
"6802784",75,"2",4,5800
"6802790",25,"1",4,20000
"6802790",25,"1",4,26000
"6803371",80,"2",4,10500
"6803552",66,"1",4,21300
"6803914",55,"1",4,26450
"6803914",54,"1",4,12420
"6804868",50,"1",4,14100
"6804868",49,"1",4,29000
"6805596",52,"1",4,14000
"6805596",55,"1",4,3700
"6806078",71,"2",4,7600
"6806078",66,"1",2,9100
"6807283",51,"1",4,43060
"6807283",49,"1",4,9750
"6807423",60,"1",2,43000
"6807423",51,"1",4,16000
"6808548",72,"2",4,45900
"6808548",69,"2",4,15300
"6811381",51,"1",2,51150
"6811381",49,"2",4,0
"6811381",12,"0",0,NA
"6811580",44,"1",4,41000
"6811580",45,"1",4,30000
"6811580",16,"1",0,4000
"6811732",35,"1",4,47900
"6811732",35,"1",4,21000
"6811732",11,"0",0,NA
"6811732",9,"0",0,NA
"6813006",38,"1",4,35100
"6813006",17,"1",4,1120
"6813006",8,"0",0,NA
"6813006",0,"0",0,NA
"6813006",38,"1",4,31200
"6813298",43,"2",4,11300
"6815334",22,"1",4,3200
"6815486",80,"2",4,6000
"6816080",53,"1",4,36000
"6816544",74,"2",2,10300
"6816544",76,"2",4,3600
"6816666",82,"2",4,17000
"6819102",85,"2",4,37200
"6819496",32,"2",4,0
"6819595",19,"1",4,7400
"6819595",1,"0",0,NA
"6819595",21,"1",4,7700
"6819794",26,"1",4,26000
"6819794",27,"1",4,18004
"6820475",41,"1",4,42000
"6820475",39,"1",4,20020
"6820475",15,"0",0,0
"6820475",14,"0",0,NA
"6820475",11,"0",0,NA
"6820847",20,"1",4,3100
"6820909",49,"1",4,42920
"6820909",16,"2",0,0
"6821268",69,"1",4,35700
"6821941",63,"2",4,24700
"6821941",63,"2",4,3200
"6822557",36,"1",2,27900
"6822557",35,"1",4,37300
"6822557",12,"0",0,NA
"6822692",54,"1",4,17300
"6822692",53,"1",4,3410
"6823140",18,"1",4,1600
"6824175",51,"1",4,108800
"6824175",47,"2",4,0
"6824175",12,"0",0,NA
"6824563",42,"1",3,22000
"6824563",46,"1",4,25000
"6824563",10,"0",0,NA
"6824563",7,"0",0,NA
"6825196",52,"1",4,15000
"6825196",52,"1",4,64000
"6825815",41,"1",4,35730
"6825815",10,"0",0,NA
"6825815",8,"0",0,NA
"6826111",40,"1",2,15000
"6826111",38,"1",4,7000
"6826111",13,"0",0,NA
"6826111",11,"0",0,NA
"6826809",43,"1",4,29150
"6826809",42,"1",4,18800
"6826809",17,"1",4,730
"6826809",15,"0",0,0
"6827470",31,"1",4,12000
"6827470",25,"2",4,0
"6827470",6,"0",0,NA
"6827470",3,"0",0,NA
"6827470",15,"0",0,920
"6827565",73,"2",2,13200
"6827565",71,"2",4,14000
"6827609",31,"1",4,20000
"6827609",28,"2",4,0
"6827609",10,"0",0,NA
"6827609",7,"0",0,NA
"6828039",56,"1",4,30000
"6828039",43,"2",4,0
"6828610",54,"1",4,11000
"6832826",93,"2",4,6300
"6833152",57,"1",3,70400
"6834461",55,"1",2,30000
"6834461",21,"2",4,5000
"6834921",76,"2",4,19580
"6835122",36,"1",4,35000
"6835122",37,"1",4,13100
"6835122",13,"0",0,NA
"6837415",45,"1",4,141000
"6837415",45,"1",4,59000
"6837795",66,"2",4,1100
"6838011",26,"1",4,1150
"6838011",31,"1",4,18000
"6838011",7,"0",0,NA
"6838011",2,"0",0,NA
"6838011",9,"0",0,NA
"6838011",8,"0",0,NA
"6838011",2,"0",0,NA
"6838011",1,"0",0,NA
"6840961",36,"1",4,36600
"6840961",16,"2",0,100
"6841070",79,"2",4,25000
"6841299",82,"2",2,14000
"6841569",36,"1",4,14000
"6841569",36,"1",4,48020
"6841569",14,"0",0,NA
"6841569",9,"0",0,NA
"6843965",76,"2",2,85600
"6843965",65,"1",4,16000
"6844234",47,"1",4,37500
"6844234",41,"1",4,21400
"6844477",38,"1",2,13000
"6844477",34,"1",4,17500
"6844477",13,"0",0,NA
"6844843",42,"1",4,17430
"6844918",20,"1",4,5000
"6848095",38,"2",4,9100
"6848095",48,"2",4,1100
"6848155",56,"1",2,40100
"6848155",54,"1",4,31000
"6848929",74,"2",4,12300
"6848975",43,"1",4,27000
"6848975",41,"1",4,19000
"6848975",19,"1",4,4900
"6848975",17,"1",4,5200
"6851485",46,"1",4,32000
"6851485",49,"1",3,38500
"6853665",25,"1",4,12600
"6854733",82,"2",4,38500
"6855026",42,"2",4,9800
"6855920",69,"2",4,11870
"6856092",46,"1",4,77750
"6856092",40,"2",4,0
"6856092",11,"0",0,NA
"6856092",11,"0",0,NA
"6856092",7,"0",0,NA
"6856172",37,"1",4,11800
"6856172",40,"1",4,38900
"6856172",2,"0",0,NA
"6856172",0,"0",0,NA
"6856474",61,"1",4,17700
"6856734",66,"2",4,10400
"6857564",33,"1",4,40100
"6857564",41,"1",4,20000
"6857564",6,"0",0,NA
"6857838",64,"1",2,69700
"6857838",63,"1",4,5500
"6858296",44,"1",4,53230
"6858296",48,"1",4,34000
"6859751",40,"1",4,30000
"6859751",42,"1",4,13000
"6859751",15,"0",0,6800
"6860626",31,"1",4,11200
"6860626",5,"0",0,NA
"6860626",31,"1",4,21700
"6861879",24,"1",4,12800
"6861879",6,"0",0,NA
"6861879",4,"0",0,NA
"6861879",1,"0",0,NA
"6861879",0,"0",0,NA
"6861879",4,"0",0,NA
"6862241",56,"2",2,9500
"6862241",53,"1",4,30000
"6863728",47,"1",2,30000
"6863728",46,"1",4,24100
"6863728",25,"1",4,16000
"6863728",10,"0",0,NA
"6863728",7,"0",0,NA
"6863728",6,"0",0,NA
"6864306",67,"1",2,34600
"6864306",63,"2",4,5500
"6864575",51,"1",4,70000
"6864575",55,"2",4,0
"6864575",25,"1",4,19000
"6865193",78,"1",2,13500
"6865473",71,"2",2,26600
"6865473",69,"2",4,0
"6867798",68,"1",3,24500
"6867798",64,"1",4,2010
"6867880",47,"1",4,36850
"6867880",45,"1",4,21000
"6867880",16,"1",0,4300
"6867880",15,"0",0,0
"6868379",68,"2",2,35200
"6868379",67,"2",4,8100
"6868379",31,"1",2,17120
"6871185",51,"1",3,29050
"6871185",48,"1",4,64000
"6871185",18,"1",4,6000
"6871185",16,"2",0,0
"6871185",10,"0",0,NA
"6871194",46,"1",4,33800
"6871194",42,"1",4,9800
"6871194",20,"1",4,8400
"6871701",21,"1",4,3400
"6872215",69,"1",4,20000
"6872822",83,"2",4,7200
"6873431",31,"1",4,30000
"6873431",23,"1",4,6000
"6873910",41,"1",4,43400
"6873910",39,"1",4,16000
"6873910",19,"1",4,17800
"6873910",11,"0",0,NA
"6873910",7,"0",0,NA
"6875600",52,"1",4,40110
"6875600",44,"1",4,5000
"6875600",10,"0",0,NA
"6875600",10,"0",0,NA
"6877027",30,"1",4,16800
"6877027",7,"0",0,NA
"6877027",6,"0",0,NA
"6877320",49,"1",4,16000
"6877320",42,"1",4,2600
"6877320",10,"0",0,NA
"6877320",7,"0",0,NA
"6877424",56,"1",2,62400
"6877424",55,"1",4,18900
"6877638",31,"1",4,14000
"6878574",26,"1",2,30050
"6878574",7,"0",0,NA
"6878574",3,"0",0,NA
"6878574",2,"0",0,NA
"6878574",25,"2",4,5000
"6878574",25,"1",4,8000
"6879439",54,"1",4,16000
"6879439",52,"1",4,15000
"6880340",33,"1",4,20000
"6880340",30,"1",4,21000
"6880646",67,"2",4,26100
"6880646",75,"2",2,12570
"6885609",86,"2",4,8900
"6885609",52,"1",4,12700
"6885609",27,"1",4,8800
"6885609",25,"1",4,17300
"6885609",16,"1",0,3000
"6885609",6,"0",0,NA
"6885917",44,"1",4,38100
"6885917",44,"1",4,40200
"6885917",12,"0",0,NA
"6885917",7,"0",0,NA
"6887071",34,"1",4,10120
"6887071",13,"0",0,NA
"6888276",47,"1",4,30000
"6888415",76,"2",2,130900
"6888415",75,"2",4,4800
"6888836",56,"1",4,85500
"6888836",47,"1",4,60000
"6889008",43,"1",4,24100
"6889008",43,"1",4,15700
"6889301",30,"1",4,18000
"6889301",27,"2",4,0
"6889828",30,"1",3,16500
"6891245",36,"1",3,13500
"6891245",31,"1",4,21000
"6891245",6,"0",0,NA
"6891245",13,"0",0,NA
"6892908",64,"1",4,69100
"6893127",51,"2",4,50
"6893844",33,"1",4,15090
"6893844",32,"1",4,25700
"6893844",0,"0",0,NA
"6894716",33,"1",4,25000
"6894716",32,"2",4,0
"6894716",1,"0",0,NA
"6894716",1,"0",0,NA
"6895556",77,"2",2,4300
"6895556",75,"2",4,4000
"6895556",29,"1",4,15000
"6895799",48,"1",2,23220
"6895899",42,"1",4,65000
"6895899",38,"1",4,17500
"6895899",15,"0",0,0
"6895899",12,"0",0,NA
"6895899",7,"0",0,NA
"6895981",54,"1",2,32000
"6895981",54,"1",4,17060
"6895981",22,"1",4,12000
"6895983",37,"1",4,64000
"6895983",43,"1",4,12000
"6898011",35,"1",4,13770
"6898011",48,"1",2,38400
"6898011",17,"1",4,390
"6898011",12,"0",0,NA
"6898011",6,"0",0,NA
"6903987",79,"2",2,15800
"6903987",74,"1",4,9180
"6903987",42,"1",4,25000
"6904626",38,"1",4,12000
"6904626",36,"1",4,35000
"6904626",14,"0",0,NA
"6904626",12,"0",0,NA
"6904700",45,"1",4,6000
"6904700",38,"1",2,32000
"6905588",75,"1",4,21200
"6905588",58,"1",4,11900
"6908339",19,"1",4,1600
"6908424",57,"2",2,5010
"6908424",66,"1",4,11100
"6910551",47,"1",4,26810
"6910551",44,"1",4,23300
"6910551",19,"1",4,1000
"6910551",17,"1",4,3500
"6911102",27,"1",4,43060
"6911102",29,"1",4,26500
"6911140",40,"1",4,37000
"6913225",69,"2",4,9800
"6913245",46,"1",4,19900
"6913245",48,"1",4,12400
"6913245",23,"1",4,9000
"6913618",61,"1",4,37100
"6914255",69,"1",2,20700
"6914255",61,"1",4,24640
"6914730",47,"1",4,24100
"6914730",46,"1",4,5100
"6914730",4,"0",0,NA
"6916332",48,"1",4,37170
"6916332",43,"1",4,25000
"6917220",45,"1",4,56000
"6917873",47,"1",4,40000
"6917873",44,"1",4,54000
"6917873",15,"0",0,0
"6917873",14,"0",0,NA
"6918044",31,"1",4,26700
"6918044",30,"2",4,3000
"6918044",6,"0",0,NA
"6918044",3,"0",0,NA
"6918044",11,"0",0,NA
"6918209",81,"2",2,11700
"6918209",86,"1",4,27100
"6920667",40,"1",4,11300
"6920667",37,"1",4,26700
"6920667",15,"0",0,0
"6920667",11,"0",0,NA
"6920667",8,"0",0,NA
"6921029",26,"1",4,18400
"6921029",29,"1",4,32000
"6921029",1,"0",0,NA
"6921162",51,"1",4,20300
"6921162",10,"0",0,NA
"6921162",7,"0",0,NA
"6922385",75,"1",4,11500
"6922385",71,"2",4,2800
"6923396",32,"1",4,25350
"6923396",26,"1",4,39350
"6924815",50,"1",3,52000
"6924815",76,"1",2,14200
"6926323",69,"2",2,19000
"6926403",41,"1",4,26400
"6926403",41,"1",4,14000
"6926403",13,"0",0,NA
"6926403",11,"0",0,NA
"6927273",68,"2",2,8100
"6927273",76,"2",4,17300
"6927273",36,"2",4,0
"6928501",19,"1",4,2000
"6928719",37,"1",4,44650
"6928719",9,"0",0,NA
"6928835",59,"1",4,142800
"6928835",52,"1",4,60000
"6928835",27,"2",4,8500
"6929111",63,"1",4,13000
"6929111",59,"1",4,360
"6929111",89,"2",4,7220
"6929737",47,"1",4,37000
"6929737",44,"1",4,27800
"6929737",19,"1",4,12700
"6930968",31,"1",3,32000
"6930968",32,"1",4,24100
"6930968",0,"0",0,NA
"6931235",49,"1",4,22000
"6931370",46,"1",4,32600
"6931370",13,"0",0,NA
"6931370",11,"0",0,NA
"6931761",18,"1",4,9000
"6932013",46,"1",4,29600
"6932013",49,"2",4,220
"6932013",17,"1",4,2100
"6933390",29,"1",4,30000
"6934394",75,"2",2,18800
"6934394",68,"2",4,24500
"6935013",37,"1",4,18700
"6935013",37,"1",4,28100
"6935086",58,"1",4,109100
"6935682",39,"1",4,35000
"6935789",23,"1",4,13600
"6935789",26,"1",4,45000
"6936019",47,"1",4,16900
"6936019",47,"1",4,32000
"6936019",13,"0",0,NA
"6936019",11,"0",0,NA
"6936378",47,"1",4,6200
"6936378",23,"1",4,8000
"6937170",38,"1",4,48000
"6937586",76,"2",4,18100
"6937677",36,"1",4,37000
"6937677",11,"0",0,NA
"6937877",69,"1",4,14000
"6938513",65,"2",2,53200
"6938513",55,"2",4,0
"6938663",79,"2",4,11700
"6939528",39,"1",4,18250
"6939528",37,"1",4,8
"6939528",14,"0",0,NA
"6939528",12,"0",0,NA
"6941647",57,"1",2,17000
"6941647",46,"1",4,10000
"6941647",20,"1",4,18000
"6944572",52,"1",4,50000
"6944572",52,"2",4,5000
"6944572",23,"1",4,23000
"6944856",33,"1",4,28000
"6948311",19,"2",4,0
"6949686",43,"1",4,42000
"6950164",43,"1",4,27000
"6950164",43,"1",4,8000
"6950164",13,"0",0,NA
"6950164",11,"0",0,NA
"6950164",9,"0",0,NA
"6950568",39,"1",4,16000
"6951651",39,"1",2,40000
"6951651",41,"1",4,20000
"6951651",14,"0",0,NA
"6953333",19,"1",4,9300
"6953792",51,"1",2,20700
"6954072",36,"1",4,12000
"6954072",36,"1",2,30000
"6954072",10,"0",0,NA
"6954130",46,"1",4,329000
"6954130",33,"2",4,4200
"6954130",5,"0",0,NA
"6954813",18,"1",4,16100
"6956400",62,"1",2,21000
"6956400",59,"1",4,0
"6956513",31,"1",4,85000
"6956513",31,"1",4,1200
"6956513",5,"0",0,NA
"6956513",2,"0",0,NA
"6956513",0,"0",0,NA
"6959067",27,"1",4,21000
"6959067",25,"1",4,19000
"6959408",69,"1",4,16710
"6959408",67,"1",4,8510
"6959988",34,"1",4,33790
"6960241",45,"1",4,31000
"6960241",42,"1",4,21000
"6960241",20,"1",4,5000
"6960241",14,"0",0,NA
"6960880",46,"1",4,47000
"6960880",41,"1",4,12000
"6960880",11,"0",0,NA
"6960880",8,"0",0,NA
"6960880",4,"0",0,NA
"6960911",58,"1",4,27000
"6960911",54,"1",4,43550
"6961112",77,"2",4,121100
"6961669",47,"1",4,3500
"6961669",48,"1",4,16500
"6961669",10,"0",0,NA
"6961669",10,"0",0,NA
"6961669",7,"0",0,NA
"6962783",58,"2",4,6200
"6963954",76,"2",4,9500
"6964081",61,"1",4,18700
"6964081",48,"1",4,19230
"6964697",84,"1",4,11000
"6964765",80,"2",4,10800
"6965577",39,"2",4,15200
"6965577",35,"1",4,30000
"6965869",46,"2",2,0
"6966011",55,"2",4,12200
"6967049",40,"1",4,25000
"6967049",39,"1",4,21000
"6967049",15,"0",0,1000
"6967049",5,"0",0,NA
"6967057",69,"1",3,26000
"6967057",64,"2",4,0
"6967296",60,"1",4,35950
"6967296",53,"1",4,22440
"6967296",30,"1",4,22000
"6967322",80,"2",2,12900
"6968737",66,"1",2,37500
"6968737",65,"2",4,31500
"6968737",35,"2",4,29300
"6969165",22,"1",4,4800
"6969216",66,"2",4,8600
"6969216",72,"2",4,4900
"6969855",55,"1",4,4300
"6969855",48,"1",4,8800
"6969855",16,"1",0,8600
"6969855",10,"0",0,NA
"6971295",58,"2",4,5000
"6971780",26,"1",4,26000
"6971780",27,"1",4,27000
"6971780",21,"1",4,21000
"6972750",79,"1",4,34600
"6974234",31,"1",4,8000
"6974234",38,"1",4,8000
"6974234",2,"0",0,NA
"6974768",44,"1",4,12000
"6974768",38,"1",2,21000
"6974768",14,"0",0,NA
"6974876",39,"1",4,47000
"6974876",37,"1",4,36000
"6974876",11,"0",0,NA
"6974876",5,"0",0,NA
"6975674",71,"2",4,2600
"6975937",60,"1",4,114700
"6975937",59,"1",4,41000
"6976018",26,"1",4,18000
"6976018",6,"0",0,NA
"6976018",27,"1",4,20000
"6976899",49,"1",4,23000
"6976899",48,"1",4,15500
"6976899",17,"1",4,100
"6977423",76,"2",2,10590
"6977423",50,"2",4,350
"6977604",68,"2",2,25900
"6977604",66,"2",4,6000
"6978284",87,"2",4,11800
"6980294",57,"1",4,89000
"6980294",52,"1",4,14000
"6980520",27,"1",4,32000
"6980520",24,"1",4,3500
"6980520",3,"0",0,NA
"6980545",42,"1",4,25260
"6981076",40,"1",4,10000
"6981076",15,"0",0,0
"6981076",14,"0",0,NA
"6981246",40,"1",4,40000
"6981246",39,"1",2,34000
"6981246",8,"0",0,NA
"6981246",5,"0",0,NA
"6981740",60,"1",4,9900
"6981761",64,"2",4,5100
"6981761",68,"2",4,8200
"6982558",46,"1",4,23000
"6982558",43,"1",4,32000
"6982911",57,"1",4,290000
"6982911",50,"2",4,0
"6983280",76,"2",4,17500
"6983906",38,"1",4,55000
"6983906",11,"0",0,NA
"6983906",9,"0",0,NA
"6983922",64,"1",4,132200
"6983922",66,"1",2,35200
"6983938",52,"1",4,35200
"6983938",57,"1",2,98000
"6983938",19,"1",4,6600
"6983938",64,"2",2,56840
"6984874",21,"1",4,6100
"6985436",79,"2",4,14600
"6985436",56,"1",4,6600
"6985709",31,"1",4,12900
"6985709",33,"1",2,20000
"6986028",93,"2",4,47000
"6986227",49,"1",4,80000
"6986227",44,"1",4,21200
"6986227",22,"1",4,20000
"6986227",20,"1",4,13000
"6986227",20,"1",4,10000
"6987763",49,"2",4,9000
"6987763",34,"2",3,0
"6987967",35,"1",4,37760
"6988172",34,"1",4,55640
"6988172",27,"1",4,3900
"6988172",1,"0",0,NA
"6988172",5,"0",0,NA
"6988752",58,"2",4,40500
"6988752",60,"2",4,29000
"6989737",21,"1",4,2000
"6990376",38,"1",2,41000
"6990376",35,"1",4,28000
"6990376",3,"0",0,NA
"6990376",0,"0",0,NA
"6991967",89,"2",4,50500
"6993138",37,"1",4,135000
"6993138",42,"1",2,50000
"6994469",75,"2",4,0
"6994469",72,"1",4,309000
"6994469",45,"1",4,0
"6994469",39,"1",4,3000
"6994469",38,"1",2,26000
"6994469",25,"1",4,30000
"6994469",22,"1",2,10000
"6994666",44,"2",4,14090
"6994666",45,"2",4,6700
"6994894",49,"1",4,6000
"6994894",37,"1",4,7000
"6994894",10,"0",0,NA
"6994894",10,"0",0,NA
"6995133",44,"1",4,22900
"6996073",26,"1",4,17670
"6996073",28,"1",4,17620
"6996888",42,"2",4,5700
"6996888",43,"2",4,6800
"6996888",17,"2",4,0
"6996888",8,"0",0,NA
"6997373",80,"2",4,55000
"6998191",87,"2",4,10600
"6999283",45,"1",4,29500
"6999283",44,"1",4,35800
"7000647",31,"1",4,21000
"7000647",31,"1",2,20000
"7000879",50,"1",4,40000
"7000879",43,"1",4,10900
"7000879",10,"0",0,NA
"7000879",6,"0",0,NA
"7001442",41,"1",4,11000
"7001512",39,"1",4,33300
"7001512",39,"1",4,36100
"7001512",11,"0",0,NA
"7001512",9,"0",0,NA
"7001512",7,"0",0,NA
"7001833",89,"2",4,14600
"7001869",77,"2",4,4300
"7001958",86,"2",4,8600
"7002008",21,"1",4,23900
"7002008",22,"1",4,17100
"7005724",48,"1",4,42200
"7005724",21,"1",4,8000
"7005724",16,"1",0,500
"7005913",41,"1",4,36000
"7005913",13,"0",0,NA
"7007847",44,"1",4,31000
"7007847",39,"1",4,23800
"7007847",7,"0",0,NA
"7007847",3,"0",0,NA
"7008492",65,"2",2,0
"7008789",53,"1",4,11770
"7008862",36,"1",2,36400
"7008862",30,"2",2,800
"7009226",43,"1",4,22000
"7009226",63,"1",2,39000
"7010026",43,"2",4,0
"7010026",42,"1",4,309000
"7010026",11,"0",0,NA
"7010026",10,"0",0,NA
"7010026",7,"0",0,NA
"7011095",68,"1",4,16180
"7011095",43,"1",4,15000
"7011095",36,"1",4,6400
"7011690",57,"1",4,19300
"7011690",37,"1",4,20000
"7012052",42,"1",4,20000
"7012052",39,"1",4,34000
"7012052",9,"0",0,NA
"7012052",6,"0",0,NA
"7012684",35,"1",2,27000
"7012684",30,"2",4,0
"7012684",9,"0",0,NA
"7012684",8,"0",0,NA
"7012684",6,"0",0,NA
"7012684",4,"0",0,NA
"7014059",28,"1",4,33000
"7014059",10,"0",0,NA
"7014808",50,"1",4,29200
"7014808",15,"0",0,0
"7014808",56,"2",4,450
"7014922",57,"2",2,11300
"7014922",53,"1",4,28100
"7015766",47,"1",4,27120
"7015766",44,"1",4,21000
"7019398",40,"1",4,110300
"7019398",39,"1",4,3200
"7019398",11,"0",0,NA
"7019398",9,"0",0,NA
"7019407",27,"1",4,1630
"7019407",3,"0",0,NA
"7019407",1,"0",0,NA
"7019407",25,"2",4,610
"7020322",29,"1",2,12690
"7020322",65,"2",4,3600
"7020748",51,"1",4,25000
"7020748",54,"1",2,35000
"7022144",50,"1",2,27000
"7022144",48,"1",4,6000
"7022144",20,"1",4,5000
"7022144",0,"0",0,NA
"7022337",64,"2",2,12000
"7022337",62,"2",4,6600
"7022503",51,"2",4,6920
"7023273",38,"1",4,17500
"7023273",35,"1",4,40300
"7023273",4,"0",0,NA
"7023273",2,"0",0,NA
"7024123",32,"1",4,19800
"7024123",10,"0",0,NA
"7024123",35,"1",2,19200
"7024123",9,"0",0,NA
"7024123",8,"0",0,NA
"7024355",75,"1",4,14150
"7024355",76,"1",4,5320
"7025418",48,"1",4,32000
"7025418",34,"2",4,0
"7025418",1,"0",0,NA
"7025838",70,"2",4,9600
"7025838",59,"1",4,58500
"7026819",51,"1",4,29300
"7026819",18,"1",4,1700
"7026819",10,"0",0,NA
"7027618",40,"1",2,36000
"7027618",42,"1",4,22000
"7027618",17,"1",4,7000
"7029696",43,"1",4,370700
"7029696",43,"1",4,4310
"7029696",5,"0",0,NA
"7030127",49,"1",2,27030
"7030277",54,"1",4,42200
"7031697",53,"1",4,57000
"7031697",55,"1",4,33370
"7031697",17,"2",4,0
"7031697",15,"0",0,0
"7031697",17,"2",4,0
"7031930",44,"1",4,127700
"7031930",44,"1",4,20800
"7031930",13,"0",0,NA
"7032002",79,"2",4,16000
"7032002",74,"2",4,11600
"7033049",30,"1",4,43100
"7033219",40,"1",4,38000
"7033219",39,"2",4,0
"7033219",14,"0",0,NA
"7033219",13,"0",0,NA
"7033340",83,"2",4,15700
"7033402",25,"1",4,22500
"7033738",46,"1",3,73000
"7033738",33,"1",4,7000
"7034940",39,"1",4,90000
"7034940",35,"2",4,4000
"7034940",9,"0",0,NA
"7034940",2,"0",0,NA
"7038383",67,"1",4,26610
"7038383",59,"2",4,0
"7038554",20,"1",4,5000
"7039171",51,"1",4,33500
"7039171",50,"1",4,54100
"7039171",20,"1",4,6220
"7039171",18,"1",4,2310
"7039171",16,"1",0,220
"7040925",36,"1",2,25000
"7040925",42,"1",4,22000
"7040925",6,"0",0,NA
"7040925",18,"1",4,1900
"7040925",16,"2",0,0
"7041015",29,"1",4,21800
"7041015",40,"1",4,49700
"7041194",46,"1",4,33900
"7041194",50,"1",4,37320
"7041497",56,"1",2,43000
"7041497",51,"1",4,4700
"7041497",24,"1",4,13500
"7041497",23,"1",4,13600
"7041961",55,"1",4,54780
"7041961",66,"2",2,8580
"7042104",86,"2",4,105100
"7042144",68,"2",4,19210
"7042144",63,"2",4,3400
"7044118",50,"1",4,28200
"7044118",49,"1",4,23800
"7044118",22,"1",4,18000
"7045069",42,"1",2,37000
"7045069",40,"1",4,8000
"7045069",20,"1",4,8000
"7045069",20,"1",4,9000
"7045069",19,"1",4,6800
"7045069",39,"1",4,16000
"7047364",31,"1",3,25000
"7047364",29,"1",3,20000
"7047364",11,"0",0,NA
"7047364",8,"0",0,NA
"7047364",4,"0",0,NA
"7047364",2,"0",0,NA
"7048525",48,"2",4,12210
"7049099",42,"1",4,13500
"7049099",23,"1",4,18000
"7049099",17,"1",4,6600
"7049099",21,"1",4,5600
"7049099",43,"1",4,14500
"7049099",19,"1",4,3000
"7049256",43,"2",4,134000
"7049256",41,"2",4,8600
"7049256",6,"0",0,NA
"7049553",62,"1",4,30000
"7049553",60,"1",4,8500
"7049852",63,"2",3,11100
"7050541",29,"1",4,4200
"7050541",5,"0",0,NA
"7050541",3,"0",0,NA
"7050541",26,"1",4,13500
"7052700",52,"1",4,158000
"7052700",49,"1",3,10000
"7052700",18,"1",4,1200
"7052700",13,"0",0,NA
"7054871",83,"2",4,9400
"7054871",46,"1",4,30000
"7054871",52,"1",2,26750
"7055286",47,"1",4,70000
"7055286",47,"1",4,12500
"7055286",12,"0",0,NA
"7055286",9,"0",0,NA
"7055549",74,"1",4,14170
"7055549",72,"2",4,4500
"7056331",32,"1",4,21020
"7056331",4,"0",0,NA
"7056331",4,"0",0,NA
"7056331",4,"0",0,NA
"7056357",69,"1",2,35200
"7056357",60,"1",4,20000
"7057818",65,"2",2,32000
"7057818",61,"2",4,0
"7059489",45,"1",4,75400
"7059489",41,"1",4,3900
"7059489",17,"1",4,2400
"7059489",12,"0",0,NA
"7059489",10,"0",0,NA
"7061430",25,"1",4,24000
"7061430",26,"1",4,28900
"7061430",9,"0",0,NA
"7061430",6,"0",0,NA
"7061828",60,"1",4,44010
"7061828",54,"1",4,3600
"7061914",63,"1",4,86700
"7065230",20,"1",4,5000
"7065308",48,"1",4,75000
"7065308",37,"1",4,45000
"7065308",16,"1",0,2500
"7065308",14,"0",0,NA
"7067019",93,"2",4,8300
"7068274",35,"1",2,11400
"7068274",35,"1",4,47000
"7068274",6,"0",0,NA
"7068274",1,"0",0,NA
"7068303",46,"1",4,78000
"7068303",44,"1",4,30000
"7068303",15,"0",0,0
"7068303",13,"0",0,NA
"7068303",13,"0",0,NA
"7068720",34,"1",2,12100
"7068720",35,"1",4,780
"7068720",8,"0",0,NA
"7068720",3,"0",0,NA
"7068980",32,"1",4,21100
"7068980",43,"1",4,18500
"7068980",17,"1",4,1900
"7070295",82,"2",2,45000
"7070295",73,"2",4,5400
"7072033",40,"1",4,32000
"7073473",54,"1",2,61300
"7075739",32,"1",4,21000
"7075739",25,"1",4,13000
"7076422",73,"1",4,19880
"7076597",46,"1",4,58000
"7076597",49,"1",4,13000
"7076597",18,"1",4,5000
"7077795",37,"1",4,22000
"7077795",44,"1",4,23000
"7078670",39,"1",4,28100
"7079033",47,"1",4,83260
"7079033",15,"0",0,5200
"7079033",13,"0",0,NA
"7079073",41,"1",4,30000
"7079073",15,"0",0,700
"7079073",10,"0",0,NA
"7079073",8,"0",0,NA
"7079073",5,"0",0,NA
"7079281",83,"2",4,15000
"7079646",19,"1",4,2400
"7079678",85,"2",4,7200
"7081799",33,"1",2,24400
"7081799",35,"1",2,39000
"7081799",12,"0",0,NA
"7081799",8,"0",0,NA
"7081911",80,"2",4,10530
"7082064",67,"2",4,19080
"7082064",49,"2",4,8004
"7082064",15,"0",0,0
"7082088",39,"1",4,35000
"7082088",32,"1",4,25800
"7082088",16,"1",0,1000
"7082088",14,"0",0,NA
"7082088",11,"0",0,NA
"7082573",43,"1",4,39800
"7082573",35,"1",4,26000
"7082898",53,"1",4,-1070
"7083111",76,"2",4,7320
"7083111",36,"1",4,9500
"7083111",27,"1",4,13400
"7083155",70,"2",4,25000
"7083155",75,"1",2,44400
"7084197",21,"1",4,9000
"7084197",23,"1",4,11000
"7084526",57,"1",4,18500
"7084921",59,"1",4,75000
"7084921",71,"1",3,37000
"7085424",35,"1",2,32700
"7085424",27,"1",4,25080
"7085424",62,"1",3,47000
"7085424",60,"1",4,1900
"7086081",51,"1",4,20
"7086592",61,"2",2,10600
"7086592",25,"1",4,15000
"7089166",48,"1",4,20000
"7089276",29,"1",4,35400
"7089276",30,"1",4,15000
"7089276",7,"0",0,NA
"7089276",0,"0",0,NA
"7089341",74,"2",4,34500
"7090326",53,"1",4,12200
"7090448",77,"2",2,39000
"7090448",72,"2",4,6100
"7090708",26,"1",4,25000
"7090708",6,"0",0,NA
"7090708",2,"0",0,NA
"7090708",1,"0",0,NA
"7092611",51,"1",2,26000
"7092611",43,"1",4,11000
"7093565",32,"1",4,48000
"7093565",8,"0",0,NA
"7093565",5,"0",0,NA
"7093565",5,"0",0,NA
"7095666",29,"1",3,48000
"7095666",27,"1",4,13000
"7096225",67,"2",4,15000
"7096225",60,"2",4,6400
"7096274",31,"1",4,16000
"7096926",68,"2",4,9100
"7096926",63,"2",4,4500
"7097195",29,"1",4,22000
"7097195",38,"1",4,35000
"7098546",75,"2",4,19700
"7098628",39,"1",4,27300
"7098628",40,"1",4,13300
"7098628",26,"2",4,14900
"7098867",55,"1",4,20000
"7098867",29,"2",4,0
"7098867",7,"0",0,NA
"7098867",5,"0",0,NA
"7098867",3,"0",0,NA
"7098867",33,"1",4,20000
"7099656",46,"1",4,13000
"7099656",59,"1",4,21600
"7099859",61,"1",4,37400
"7099859",32,"1",4,13000
"7099859",39,"1",4,18000
"7099877",19,"1",4,22000
"7099877",18,"2",4,0
"7100043",50,"1",4,15200
"7100043",51,"1",4,69104
"7100650",63,"2",2,9100
"7100650",60,"1",4,15000
"7100723",73,"2",4,6700
"7102002",32,"1",4,15000
"7102002",28,"2",4,9000
"7102002",9,"0",0,NA
"7102002",1,"0",0,NA
"7102002",10,"0",0,NA
"7102728",21,"1",4,18000
"7102728",20,"1",4,13000
"7102902",37,"1",4,33000
"7102902",32,"1",4,12000
"7102902",1,"0",0,NA
"7104971",17,"1",4,8000
"7108030",20,"2",4,0
"7108222",37,"1",2,41000
"7108222",37,"1",2,24000
"7108222",14,"0",0,NA
"7108222",8,"0",0,NA
"7110391",46,"1",2,57000
"7110391",38,"1",4,56000
"7111489",51,"1",4,94130
"7111489",44,"2",4,0
"7111489",16,"1",0,2600
"7111783",51,"1",4,21300
"7111783",42,"1",4,43100
"7111783",17,"1",4,4100
"7111783",15,"0",0,0
"7112200",39,"1",4,45000
"7112200",37,"2",4,0
"7112200",13,"0",0,NA
"7112200",13,"0",0,NA
"7112200",11,"0",0,NA
"7112200",9,"0",0,NA
"7112200",6,"0",0,NA
"7112548",32,"2",4,6600
"7112548",9,"0",0,NA
"7112548",7,"0",0,NA
"7113556",38,"1",4,55400
"7113556",16,"1",0,2000
"7113556",12,"0",0,NA
"7113556",43,"1",4,2100
"7114942",42,"1",4,32500
"7114942",12,"0",0,NA
"7114942",11,"0",0,NA
"7115475",83,"2",4,12200
"7115790",26,"1",4,25000
"7115790",31,"1",4,13000
"7115790",1,"0",0,NA
"7115790",10,"0",0,NA
"7115790",9,"0",0,NA
"7115904",50,"1",3,54000
"7115904",48,"1",4,13200
"7115904",22,"1",4,33000
"7116859",46,"1",4,39650
"7116859",15,"0",0,0
"7116859",40,"1",4,40000
"7116859",17,"2",4,0
"7116859",15,"0",0,1000
"7117203",38,"1",4,26150
"7117203",9,"0",0,NA
"7117203",7,"0",0,NA
"7117203",5,"0",0,NA
"7117262",54,"1",2,-10000
"7117262",51,"1",4,1500
"7118438",29,"1",4,28000
"7118438",26,"1",4,16000
"7118438",2,"0",0,NA
"7118438",0,"0",0,NA
"7118438",7,"0",0,NA
"7118812",48,"1",4,85000
"7118812",47,"1",4,16500
"7119323",54,"1",2,31200
"7119323",51,"1",4,10500
"7119323",29,"1",4,18500
"7120182",55,"1",4,15000
"7120182",52,"1",4,26000
"7120807",74,"2",4,6800
"7120807",73,"2",4,0
"7121890",43,"1",4,48100
"7121890",17,"1",4,1000
"7121890",15,"0",0,0
"7121890",9,"0",0,NA
"7121917",44,"1",4,45000
"7122507",42,"1",4,10860
"7122507",18,"1",4,1300
"7122507",48,"1",3,34300
"7122630",70,"2",2,31400
"7123113",42,"1",4,25900
"7123905",68,"2",4,26400
"7125154",32,"1",1,38000
"7125154",21,"1",4,5000
"7126090",55,"1",4,35600
"7126798",32,"1",4,30000
"7126798",32,"1",4,39000
"7126798",6,"0",0,NA
"7129221",40,"2",4,0
"7129221",26,"1",4,25000
"7129221",3,"0",0,NA
"7131382",52,"1",4,33210
"7131382",50,"1",4,48440
"7131601",56,"1",4,1e+05
"7131601",50,"1",4,33400
"7131601",32,"1",4,18400
"7131601",10,"0",0,NA
"7131894",18,"1",4,1220
"7133526",82,"2",2,29300
"7133526",78,"2",4,8610
"7133926",77,"2",4,12450
"7133926",18,"2",4,0
"7134887",81,"2",2,13240
"7134887",83,"2",4,5000
"7135579",60,"1",3,43900
"7135579",58,"1",4,14300
"7135579",21,"1",2,19000
"7135595",67,"2",2,13500
"7135758",43,"1",4,19500
"7136868",63,"2",2,5200
"7136868",50,"2",4,5400
"7138099",47,"1",4,72400
"7138099",45,"1",4,700
"7138099",16,"2",0,0
"7138099",12,"0",0,NA
"7138951",71,"1",4,42100
"7138975",34,"1",4,30050
"7138975",37,"1",4,14350
"7139507",28,"1",4,20000
"7139507",35,"2",4,670
"7139507",22,"1",4,15000
"7139768",50,"2",4,9310
"7139768",50,"1",4,17600
"7140286",29,"1",2,18900
"7140677",30,"1",3,25000
"7140677",26,"1",4,21000
"7140677",5,"0",0,NA
"7140677",3,"0",0,NA
"7141816",51,"1",2,23300
"7141816",50,"2",4,0
"7142456",33,"1",4,32000
"7142456",27,"1",4,7000
"7142456",6,"0",0,NA
"7142456",4,"0",0,NA
"7142689",28,"1",4,21800
"7142689",31,"1",2,16000
"7142689",8,"0",0,NA
"7144079",70,"2",3,18700
"7144079",73,"2",4,14100
"7144709",46,"1",4,26800
"7144709",50,"1",4,22200
"7145317",60,"1",2,205000
"7145317",61,"2",4,0
"7146473",32,"1",4,12000
"7146473",36,"1",4,2300
"7146473",0,"0",0,NA
"7146473",10,"0",0,NA
"7146473",10,"0",0,NA
"7146628",66,"2",2,14800
"7146628",65,"1",4,11700
"7147903",64,"1",2,41500
"7147903",60,"2",4,0
"7149960",75,"2",4,12000
"7151072",41,"1",4,32000
"7151072",42,"1",4,6000
"7151072",11,"0",0,NA
"7151072",9,"0",0,NA
"7151119",53,"1",2,26500
"7151119",47,"1",4,23000
"7151119",23,"1",4,4000
"7151119",21,"1",4,8000
"7151285",93,"2",4,52300
"7151414",50,"1",4,11200
"7151414",47,"2",4,8000
"7152336",48,"1",4,46200
"7152336",53,"1",4,50000
"7152554",47,"1",4,27000
"7152554",43,"1",4,14000
"7152554",5,"0",0,NA
"7153173",50,"1",4,68000
"7153173",48,"1",4,10000
"7153680",53,"1",2,56000
"7153680",51,"1",4,23000
"7155043",77,"2",2,15600
"7155166",84,"2",4,0
"7155166",56,"1",4,10000
"7155166",53,"1",4,2000
"7155166",52,"2",4,0
"7155952",78,"2",4,14100
"7156794",22,"2",3,0
"7158086",20,"1",4,13000
"7158086",17,"1",4,6000
"7158086",16,"2",0,0
"7158086",42,"1",4,55000
"7158086",41,"1",4,14000
"7158863",34,"2",4,18200
"7159057",37,"1",2,10000
"7159057",35,"1",4,10100
"7159057",9,"0",0,NA
"7159057",9,"0",0,NA
"7159057",1,"0",0,NA
"7160098",48,"1",2,70000
"7161002",31,"1",4,28000
"7161002",36,"1",2,30000
"7162559",51,"1",4,32050
"7162559",50,"1",4,14200
"7163953",45,"1",4,309000
"7163953",44,"2",4,0
"7164366",51,"1",4,23400
"7164366",45,"1",4,20200
"7164366",3,"0",0,NA
"7164687",22,"1",4,600
"7164687",23,"1",4,24000
"7165176",93,"1",4,35400
"7165244",47,"1",4,80600
"7166444",49,"1",2,18400
"7166444",58,"2",4,0
"7166590",33,"1",4,50000
"7166590",32,"1",4,18000
"7166590",11,"0",0,NA
"7166590",10,"0",0,NA
"7166991",24,"1",4,9000
"7166991",24,"1",4,8000
"7167658",53,"1",4,405000
"7167658",47,"1",4,150000
"7167658",18,"1",4,1500
"7167658",16,"2",0,1500
"7167658",13,"0",0,NA
"7169298",65,"1",2,34300
"7169298",60,"2",4,0
"7170302",43,"1",4,90000
"7170302",28,"1",4,15000
"7171232",80,"2",2,41000
"7171232",66,"2",4,4800
"7171288",50,"1",2,26300
"7171288",49,"1",4,37060
"7171663",70,"2",2,8600
"7171663",63,"2",4,4200
"7171663",36,"1",4,640
"7172240",87,"2",4,10000
"7173377",49,"1",4,67000
"7174037",39,"1",4,33000
"7174037",34,"1",4,10000
"7174037",15,"0",0,1000
"7174037",13,"0",0,NA
"7174037",5,"0",0,NA
"7174037",3,"0",0,NA
"7176260",74,"2",2,10800
"7176341",22,"1",4,10000
"7176582",34,"1",2,83000
"7176582",39,"2",4,0
"7176582",3,"0",0,NA
"7176666",60,"2",4,0
"7176666",57,"1",4,15700
"7177214",49,"1",4,14500
"7177911",58,"2",4,1200
"7178337",65,"1",2,14300
"7178337",65,"1",4,6100
"7179033",18,"1",4,6970
"7179033",23,"1",4,14300
"7179811",38,"1",4,114000
"7179811",41,"1",3,73300
"7179811",11,"0",0,NA
"7179811",8,"0",0,NA
"7180262",35,"1",4,95000
"7180262",37,"1",4,520
"7180262",7,"0",0,NA
"7180262",3,"0",0,NA
"7180800",57,"1",2,35800
"7180800",52,"2",4,11200
"7181821",60,"1",4,39000
"7184249",30,"1",4,2300
"7184249",29,"1",4,21600
"7184249",6,"0",0,NA
"7184249",5,"0",0,NA
"7184451",39,"1",4,78000
"7184451",37,"2",4,0
"7184451",7,"0",0,NA
"7184451",1,"0",0,NA
"7184451",1,"0",0,NA
"7185797",57,"1",2,120000
"7185797",53,"1",4,13000
"7185797",16,"1",0,8300
"7185797",33,"1",4,10100
"7185797",0,"0",0,NA
"7187676",76,"2",4,18600
"7187676",84,"2",4,2400
"7188599",93,"2",2,122700
"7190002",43,"1",2,33000
"7190002",39,"1",4,11000
"7190002",18,"2",4,0
"7190002",15,"0",0,0
"7190002",14,"0",0,NA
"7190055",30,"1",4,7000
"7193620",63,"1",4,105000
"7194692",41,"1",4,139000
"7194692",43,"1",4,6600
"7194962",59,"2",4,10800
"7194962",67,"2",2,14600
"7195003",26,"1",4,24000
"7197008",37,"1",4,11900
"7198270",40,"1",4,2900
"7198270",12,"0",0,NA
"7198270",10,"0",0,NA
"7198270",7,"0",0,NA
"7199451",42,"1",4,18000
"7199451",45,"1",3,18000
"7199451",15,"0",0,0
"7199592",57,"1",4,4000
"7199592",49,"1",4,12500
"7199841",24,"1",4,119000
"7199841",24,"2",4,0
"7199841",4,"0",0,NA
"7202689",64,"1",4,5200
"7202689",32,"1",4,19000
"7202689",13,"0",0,NA
"7202689",9,"0",0,NA
"7202835",51,"1",4,37000
"7202835",19,"1",4,12400
"7202835",29,"1",4,45000
"7203723",44,"2",4,13500
"7204476",64,"1",2,30400
"7204476",65,"2",4,6300
"7205475",93,"2",4,47000
"7206301",66,"1",4,25000
"7206301",71,"1",4,16500
"7206511",57,"1",4,124800
"7206511",45,"1",4,28500
"7207222",40,"1",4,27320
"7207222",10,"0",0,NA
"7207222",0,"0",0,NA
"7207222",25,"1",4,18600
"7207319",25,"1",4,26000
"7207319",6,"0",0,NA
"7207319",3,"0",0,NA
"7208025",36,"1",4,27100
"7208025",40,"1",4,-1490
"7208025",7,"0",0,NA
"7208025",0,"0",0,NA
"7208042",43,"2",4,160
"7208042",43,"1",4,20000
"7208042",16,"1",0,8000
"7210074",42,"1",2,68000
"7210074",43,"2",4,0
"7210074",16,"2",0,2900
"7210674",41,"1",4,24260
"7210674",41,"1",4,29860
"7210674",20,"1",4,7810
"7210674",16,"2",0,0
"7210847",62,"1",2,43380
"7210847",32,"1",3,38010
"7213719",22,"1",4,2300
"7213791",48,"1",4,30000
"7213791",54,"1",4,37000
"7214067",38,"1",4,48000
"7214067",39,"1",4,37000
"7214067",8,"0",0,NA
"7215510",57,"2",4,0
"7215698",73,"2",2,30000
"7215698",70,"1",4,15200
"7216135",41,"1",4,60000
"7216135",37,"1",4,12000
"7216135",14,"0",0,NA
"7216135",11,"0",0,NA
"7216518",38,"1",4,18000
"7216518",33,"1",4,21600
"7218139",44,"1",4,34000
"7218139",41,"1",4,26000
"7218139",16,"2",0,0
"7218139",12,"0",0,NA
"7218198",45,"1",4,27900
"7218198",44,"1",4,17300
"7218198",11,"0",0,NA
"7218200",33,"1",4,18300
"7218200",30,"1",4,3000
"7218200",12,"0",0,NA
"7218200",7,"0",0,NA
"7218200",3,"0",0,NA
"7220794",52,"1",4,85000
"7220794",52,"1",4,16000
"7220882",34,"1",4,7200
"7220882",37,"1",4,24100
"7220882",7,"0",0,NA
"7220882",4,"0",0,NA
"7222126",75,"2",4,105000
"7222126",79,"2",2,0
"7222210",82,"2",4,43200
"7222305",29,"1",4,40000
"7222305",30,"1",4,9000
"7225675",49,"1",4,22000
"7225675",50,"1",2,41400
"7225675",10,"0",0,NA
"7225675",13,"0",0,NA
"7226031",21,"1",4,500
"7227167",50,"1",4,31000
"7227167",49,"1",4,14500
"7227167",16,"2",0,0
"7227167",14,"0",0,NA
"7227882",50,"1",4,15500
"7227882",45,"1",4,8500
"7227882",17,"1",4,190
"7227882",12,"0",0,NA
"7227993",30,"1",4,32000
"7227993",8,"0",0,NA
"7227993",36,"1",4,10000
"7228421",49,"2",4,0
"7228421",15,"0",0,0
"7229957",29,"1",4,4900
"7230405",45,"1",4,43250
"7230405",32,"1",4,8000
"7231024",24,"1",4,1800
"7231383",63,"1",4,6550
"7231451",49,"1",4,35000
"7234554",30,"1",4,17400
"7234554",11,"0",0,NA
"7234554",7,"0",0,NA
"7235415",41,"1",4,20720
"7235415",11,"0",0,NA
"7235415",10,"0",0,NA
"7236261",93,"2",4,12000
"7236979",35,"1",4,27000
"7238627",22,"2",4,0
"7238627",30,"1",4,32000
"7238627",3,"0",0,NA
"7238627",0,"0",0,NA
"7238808",51,"1",4,36400
"7238808",10,"0",0,NA
"7238808",36,"1",4,17100
"7239004",22,"1",4,7000
"7239916",18,"1",4,5800
"7241571",19,"1",4,1500
"7241893",67,"1",4,19000
"7242703",26,"1",4,22800
"7242703",23,"1",4,10840
"7242703",23,"1",4,7460
"7244657",82,"2",2,4
"7244657",66,"2",4,4
"7244657",32,"1",4,14000
"7244657",93,"2",4,15500
"7245081",70,"1",4,26540
"7245555",72,"1",3,67000
"7245555",73,"2",4,6800
"7246530",18,"1",4,2000
"7247409",47,"1",4,157000
"7247409",54,"1",2,54200
"7247523",52,"1",4,42000
"7247523",41,"1",4,17900
"7247523",15,"0",0,0
"7247523",9,"0",0,NA
"7247523",6,"0",0,NA
"7247545",83,"2",4,8900
"7248836",35,"1",4,51000
"7248836",15,"0",0,0
"7248836",36,"1",4,20000
"7249901",46,"1",4,25500
"7251054",18,"1",4,4000
"7251065",71,"2",4,0
"7251479",78,"2",2,22300
"7251479",74,"1",4,17500
"7254283",54,"1",3,103100
"7254283",53,"2",4,0
"7254283",29,"1",4,7300
"7255663",75,"2",4,26300
"7255663",79,"2",4,1500
"7255663",38,"1",4,19900
"7256987",58,"1",2,44000
"7256987",51,"1",4,48000
"7256987",15,"0",0,0
"7257180",46,"1",4,26300
"7257180",47,"1",4,1000
"7257180",20,"1",4,960
"7257180",17,"1",4,500
"7257180",15,"0",0,0
"7257180",13,"0",0,NA
"7257368",49,"2",4,105000
"7257368",17,"2",4,0
"7257368",12,"0",0,NA
"7257368",11,"0",0,NA
"7258793",37,"1",2,40000
"7258793",37,"1",2,15000
"7258793",14,"0",0,NA
"7258793",11,"0",0,NA
"7258793",9,"0",0,NA
"7259378",53,"1",4,39000
"7259378",57,"1",4,34000
"7260273",50,"1",4,38000
"7260273",43,"1",4,28000
"7260273",11,"0",0,NA
"7260273",9,"0",0,NA
"7260462",33,"1",4,26800
"7260462",33,"1",4,18300
"7260462",10,"0",0,NA
"7260462",45,"1",4,20000
"7261827",41,"1",4,59700
"7261827",41,"1",4,32400
"7261827",17,"1",4,1700
"7262221",42,"1",4,29250
"7262221",49,"1",2,19800
"7262517",57,"1",4,9200
"7262522",19,"1",4,7000
"7262522",21,"1",4,18000
"7263305",42,"2",4,7900
"7263305",34,"1",4,14520
"7264790",31,"2",4,5900
"7264790",9,"0",0,NA
"7265699",44,"1",4,32980
"7267021",42,"1",4,5900
"7267021",42,"1",4,4200
"7267764",29,"1",4,26000
"7267764",30,"1",4,22000
"7268461",81,"2",4,9800
"7269775",81,"2",4,3800
"7270013",59,"1",4,20000
"7270013",34,"1",4,20000
"7270013",14,"0",0,NA
"7270013",5,"0",0,NA
"7270013",3,"0",0,NA
"7270013",34,"1",4,54000
"7270224",39,"1",4,126000
"7270224",40,"1",4,3500
"7270224",19,"1",4,2500
"7270550",53,"1",2,53100
"7270550",46,"1",4,60000
"7271447",28,"1",4,20100
"7271874",43,"1",4,25000
"7272136",47,"1",4,33000
"7272136",45,"1",4,46900
"7272136",17,"1",4,4700
"7272136",14,"0",0,NA
"7272136",12,"0",0,NA
"7272159",23,"2",4,0
"7272159",21,"1",4,3000
"7272868",78,"2",4,23100
"7274052",49,"1",4,54800
"7274052",13,"0",0,NA
"7274052",11,"0",0,NA
"7275234",68,"2",2,18900
"7275234",63,"2",4,1100
"7276121",75,"2",2,31000
"7276121",75,"2",4,9200
"7276833",41,"1",4,1e+05
"7276833",45,"1",4,16000
"7276833",14,"0",0,NA
"7276833",9,"0",0,NA
"7276833",11,"0",0,NA
"7277282",56,"1",2,27150
"7277282",37,"1",4,26000
"7277619",51,"1",4,35000
"7277922",51,"1",2,309000
"7277922",56,"2",4,0
"7282402",28,"1",4,175000
"7282402",27,"1",4,7500
"7282402",0,"0",0,NA
"7282541",49,"1",4,27000
"7282541",47,"1",4,19200
"7282541",21,"1",4,6000
"7283481",39,"1",4,62200
"7283481",44,"2",4,0
"7283481",10,"0",0,NA
"7283481",7,"0",0,NA
"7286097",81,"2",4,6970
"7287206",42,"1",4,36420
"7287206",49,"1",4,28180
"7287206",12,"0",0,NA
"7287791",52,"1",2,72100
"7287791",54,"1",4,2200
"7289666",40,"1",4,21000
"7289666",9,"0",0,NA
"7291292",22,"1",4,26500
"7291545",73,"2",2,126000
"7293121",20,"1",4,4500
"7293707",76,"2",4,27600
"7294152",48,"1",2,21000
"7294152",35,"1",4,15000
"7294152",19,"1",4,14000
"7294152",13,"0",0,NA
"7294152",10,"0",0,NA
"7294471",37,"1",4,23020
"7294471",36,"1",4,13900
"7294471",6,"0",0,NA
"7294471",1,"0",0,NA
"7295622",30,"1",4,40000
"7296443",88,"2",4,16500
"7296443",83,"2",4,9100
"7296895",43,"1",2,150000
"7296895",42,"1",4,6700
"7296895",15,"0",0,0
"7296895",13,"0",0,NA
"7296895",10,"0",0,NA
"7297742",68,"2",4,7000
"7298154",24,"1",4,12000
"7298154",5,"0",0,NA
"7298154",0,"0",0,NA
"7298262",29,"1",4,20050
"7298262",7,"0",0,NA
"7298636",54,"1",2,33300
"7298636",49,"1",4,28000
"7298636",28,"1",4,1300
"7300098",79,"2",4,16000
"7300183",80,"1",4,27970
"7301141",41,"1",4,16004
"7303180",49,"1",4,48800
"7303180",14,"0",0,NA
"7303180",13,"0",0,NA
"7303180",1,"0",0,NA
"7303789",73,"2",2,41000
"7303789",64,"2",4,40000
"7303826",72,"2",2,20000
"7303826",63,"2",4,450
"7303826",63,"2",4,6500
"7303843",59,"1",4,102000
"7303843",60,"1",4,6000
"7304203",31,"1",4,19200
"7304203",11,"0",0,NA
"7304203",9,"0",0,NA
"7304203",37,"1",4,3400
"7304203",13,"0",0,NA
"7304227",71,"2",2,16100
"7304943",50,"1",4,51000
"7304943",49,"1",4,30900
"7304943",18,"1",4,3200
"7305075",41,"1",4,40000
"7305101",20,"1",4,15800
"7305148",45,"1",4,23600
"7305148",41,"1",4,10600
"7305148",15,"0",0,0
"7305148",12,"0",0,NA
"7305148",10,"0",0,NA
"7305283",58,"1",4,36600
"7305344",39,"1",4,9510
"7305344",45,"1",4,44110
"7305344",13,"0",0,NA
"7305344",10,"0",0,NA
"7307331",48,"1",4,20240
"7307340",84,"2",4,12100
"7308820",35,"1",4,23900
"7308820",13,"0",0,NA
"7308820",7,"0",0,NA
"7308820",5,"0",0,NA
"7308946",53,"2",2,17100
"7308946",53,"2",4,0
"7309037",26,"1",4,26000
"7309037",37,"1",4,12310
"7309037",16,"1",0,2400
"7309592",42,"1",4,70000
"7309592",40,"1",4,72000
"7309592",17,"1",4,5300
"7309971",46,"1",4,8210
"7310176",69,"2",4,7100
"7311800",81,"2",4,7300
"7312539",89,"2",4,11570
"7312989",52,"1",2,29700
"7312989",18,"1",4,7000
"7313281",80,"2",2,43000
"7313281",70,"1",4,5900
"7314182",84,"2",4,10170
"7314412",66,"1",4,19510
"7314615",86,"2",4,7700
"7314664",40,"1",4,20000
"7314664",49,"1",4,32000
"7314664",11,"0",0,NA
"7315089",19,"1",4,5000
"7315421",58,"2",2,6420
"7317214",51,"1",2,25000
"7317214",52,"1",4,26000
"7317214",28,"1",4,20000
"7317827",19,"1",4,2500
"7318032",28,"2",4,7400
"7318151",22,"1",4,18000
"7318151",1,"0",0,NA
"7318170",84,"2",4,19800
"7318909",57,"1",4,38100
"7318909",57,"1",4,6600
"7319212",45,"1",4,51040
"7319212",11,"0",0,NA
"7320665",30,"1",4,29000
"7320665",27,"1",4,15000
"7320665",3,"0",0,NA
"7320665",1,"0",0,NA
"7320836",31,"1",2,20000
"7320836",31,"2",4,0
"7320836",12,"0",0,NA
"7320836",8,"0",0,NA
"7320836",4,"0",0,NA
"7320836",2,"0",0,NA
"7321282",43,"1",3,25300
"7321282",41,"2",4,17300
"7321282",21,"2",4,0
"7321282",17,"2",4,3204
"7321282",75,"2",4,11300
"7324525",42,"2",4,6100
"7324525",18,"2",4,0
"7325960",40,"1",4,57400
"7325960",39,"1",4,27000
"7325960",13,"0",0,NA
"7325960",9,"0",0,NA
"7325994",50,"1",4,12300
"7326923",86,"2",2,20600
"7326923",85,"2",4,5000
"7327768",58,"1",2,61000
"7327768",56,"2",4,0
"7329022",33,"1",4,27600
"7329022",34,"1",4,27800
"7329022",9,"0",0,NA
"7329022",5,"0",0,NA
"7329022",3,"0",0,NA
"7329022",66,"2",4,1200
"7330632",18,"1",4,3000
"7333402",72,"2",2,6100
"7333402",57,"2",4,15400
"7333446",74,"1",4,59000
"7334019",21,"1",4,13000
"7334231",40,"1",2,27000
"7334231",38,"1",4,3100
"7334231",14,"0",0,NA
"7334231",11,"0",0,NA
"7334231",0,"0",0,NA
"7334352",47,"1",4,7600
"7334352",12,"0",0,NA
"7334352",39,"1",4,1600
"7336171",56,"1",4,31180
"7336338",27,"1",4,32000
"7336338",30,"1",4,52000
"7336767",25,"1",4,8000
"7336782",47,"1",4,75000
"7336782",50,"1",4,12000
"7337701",31,"1",4,26000
"7337701",38,"1",4,32400
"7337701",0,"0",0,NA
"7337939",29,"1",4,17600
"7339354",34,"1",4,21000
"7339354",47,"1",4,32000
"7339542",66,"2",2,9700
"7339542",51,"2",4,0
"7340240",88,"2",4,17200
"7340846",73,"2",4,18400
"7341351",56,"1",3,12700
"7341351",60,"1",2,8200
"7341571",68,"2",2,15130
"7342081",28,"1",4,28000
"7342081",36,"1",4,23000
"7342081",7,"0",0,NA
"7342170",78,"2",4,5500
"7342465",36,"1",4,40000
"7342465",42,"1",4,22000
"7342465",8,"0",0,NA
"7342465",5,"0",0,NA
"7342465",14,"0",0,NA
"7342465",25,"1",4,6400
"7342737",67,"2",3,6620
"7342737",68,"2",4,33200
"7342910",38,"1",4,16900
"7342910",15,"0",0,500
"7343849",41,"1",4,48500
"7343849",50,"1",4,72000
"7343849",12,"0",0,NA
"7343849",9,"0",0,NA
"7344179",34,"1",4,32080
"7344179",31,"1",4,2000
"7344179",10,"0",0,NA
"7344179",8,"0",0,NA
"7346160",93,"2",4,10520
"7346160",57,"2",4,0
"7346427",46,"1",4,8000
"7348702",43,"1",4,15000
"7348702",54,"1",4,29000
"7348833",33,"1",4,50000
"7348833",1,"0",0,NA
"7348833",11,"0",0,NA
"7348833",30,"1",4,15000
"7349124",81,"2",4,33400
"7349407",23,"2",4,0
"7349658",37,"1",4,17500
"7349658",24,"1",4,20000
"7349658",22,"1",4,28730
"7350025",52,"1",2,38000
"7350025",51,"1",4,18000
"7350087",32,"1",4,58500
"7350087",31,"1",4,309000
"7350087",10,"0",0,NA
"7350087",8,"0",0,NA
"7350087",0,"0",0,NA
"7350327",29,"1",2,42000
"7350327",6,"0",0,NA
"7350327",4,"0",0,NA
"7350327",47,"1",4,38400
"7350655",21,"1",4,17700
"7350655",2,"0",0,NA
"7350664",32,"1",4,65000
"7350664",32,"1",4,25000
"7350664",7,"0",0,NA
"7350664",2,"0",0,NA
"7352903",42,"1",4,25060
"7352903",61,"1",4,33950
"7353934",52,"1",4,25000
"7353934",53,"1",4,40000
"7354857",82,"2",2,38300
"7354857",82,"2",4,4300
"7355292",93,"2",4,16500
"7356816",37,"2",4,19300
"7356816",7,"0",0,NA
"7356816",4,"0",0,NA
"7358960",22,"2",4,0
"7359375",32,"1",4,23000
"7359375",35,"1",4,23000
"7359375",6,"0",0,NA
"7359375",3,"0",0,NA
"7359860",55,"1",4,18400
"7359860",61,"1",4,10000
"7359860",23,"1",4,4000
"7359860",22,"1",4,13100
"7359860",20,"1",4,24800
"7359911",22,"1",4,15200
"7360354",49,"1",4,135000
"7360354",47,"1",4,20000
"7360354",20,"1",4,9000
"7360354",17,"2",4,0
"7360354",12,"0",0,NA
"7360715",43,"1",4,105000
"7360715",42,"1",4,1900
"7360715",6,"0",0,NA
"7361402",31,"1",4,25000
"7361402",34,"1",4,37000
"7361402",13,"0",0,NA
"7361402",5,"0",0,NA
"7362237",75,"2",3,27070
"7362237",66,"2",4,11600
"7362717",45,"1",4,63200
"7362717",47,"1",4,5400
"7362717",16,"1",0,2520
"7362717",15,"0",0,30
"7362910",54,"1",2,143500
"7362910",41,"2",4,0
"7362910",14,"0",0,NA
"7362910",12,"0",0,NA
"7362910",10,"0",0,NA
"7363659",93,"2",2,114000
"7363712",20,"1",4,3700
"7365313",19,"1",4,3000
"7366559",80,"2",4,14600
"7366559",56,"1",4,23910
"7366559",53,"1",4,1900
"7367519",20,"1",4,2000
"7368333",80,"2",4,7300
"7368616",69,"2",4,8700
"7369222",21,"1",4,3000
"7369338",75,"2",4,12000
"7369338",47,"1",4,30100
"7369359",60,"1",4,64500
"7369359",56,"1",4,41500
"7371478",59,"2",3,10000
"7372051",32,"1",4,24600
"7372051",28,"1",4,220
"7372051",6,"0",0,NA
"7372051",4,"0",0,NA
"7373079",64,"1",4,14600
"7373789",27,"1",3,30000
"7373789",26,"2",4,25000
"7373789",1,"0",0,NA
"7373970",35,"1",4,8300
"7373970",8,"0",0,NA
"7373970",6,"0",0,NA
"7373970",25,"1",4,23500
"7376039",59,"2",4,9500
"7377234",18,"1",4,1000
"7377250",34,"1",4,25000
"7377250",37,"1",4,70400
"7379257",42,"1",4,16000
"7379257",43,"1",2,16000
"7379666",30,"1",4,5000
"7379666",29,"1",4,29000
"7379666",8,"0",0,NA
"7379666",0,"0",0,NA
"7380190",81,"1",4,15500
"7380300",39,"1",4,15130
"7380300",39,"1",4,48100
"7380561",65,"2",4,9600
"7382022",44,"1",2,33000
"7382022",46,"1",4,25000
"7382170",24,"1",4,27250
"7382170",23,"1",4,12500
"7382176",32,"1",4,35000
"7382176",35,"1",4,35000
"7382176",2,"0",0,NA
"7382261",72,"2",4,7000
"7382300",51,"1",3,9000
"7382300",50,"1",4,22000
"7382779",39,"1",4,4000
"7382779",37,"1",4,30000
"7382779",13,"0",0,NA
"7383576",29,"1",4,8900
"7383576",32,"1",4,21000
"7383576",8,"0",0,NA
"7383576",4,"0",0,NA
"7383770",89,"2",2,12600
"7383770",88,"2",4,3200
"7383770",69,"2",2,11000
"7384859",41,"1",4,53000
"7384859",14,"0",0,NA
"7384859",12,"0",0,NA
"7385135",64,"1",2,125000
"7385135",61,"1",4,20000
"7385452",36,"1",4,27000
"7385452",47,"1",4,35000
"7385452",6,"0",0,NA
"7385452",0,"0",0,NA
"7385615",37,"1",4,29960
"7385615",50,"1",2,39700
"7385615",13,"0",0,NA
"7385619",43,"1",2,12800
"7385619",41,"1",4,72400
"7385619",16,"2",0,0
"7385619",14,"0",0,NA
"7385619",12,"0",0,NA
"7385869",48,"1",4,17300
"7385869",14,"0",0,NA
"7386056",50,"1",2,17260
"7386438",30,"1",4,1000
"7386810",57,"1",4,45000
"7386810",55,"1",4,57000
"7386810",25,"1",4,19900
"7386848",39,"1",4,15000
"7386848",21,"1",4,15600
"7386848",19,"1",4,26500
"7386848",16,"1",0,13900
"7386908",21,"1",4,4230
"7387434",59,"1",4,15900
"7387498",56,"1",2,45600
"7387498",56,"1",4,16000
"7387536",57,"2",4,2680
"7390301",68,"2",2,62160
"7390301",75,"2",4,14160
"7390524",39,"1",4,8000
"7390524",36,"1",4,20220
"7390524",7,"0",0,NA
"7390580",22,"1",4,2500
"7390588",25,"2",4,0
"7390594",74,"2",2,10000
"7393576",93,"2",4,7000
"7394064",53,"1",4,49700
"7394349",51,"1",2,30420
"7394349",51,"1",4,25000
"7394349",81,"2",4,12200
"7397296",79,"1",2,42900
"7397296",73,"2",4,9800
"7400599",44,"1",2,27000
"7400599",49,"1",4,25000
"7401324",41,"1",4,38100
"7401324",46,"1",4,29230
"7401324",11,"0",0,NA
"7401324",9,"0",0,NA
"7401363",53,"1",4,63300
"7401363",65,"1",2,25600
"7401427",24,"1",4,7500
"7401427",7,"0",0,NA
"7401427",5,"0",0,NA
"7402664",41,"1",4,35000
"7402664",43,"1",4,16000
"7403583",43,"1",4,17000
"7403583",38,"1",4,3000
"7403583",15,"0",0,0
"7403895",56,"1",2,28000
"7403895",55,"1",4,20000
"7403895",21,"1",4,14650
"7404588",85,"2",4,15500
"7406560",37,"1",4,25700
"7406560",35,"2",4,15000
"7406560",9,"0",0,NA
"7406560",7,"0",0,NA
"7406560",4,"0",0,NA
"7408127",38,"1",4,42800
"7408127",35,"1",4,21300
"7408127",10,"0",0,NA
"7408127",7,"0",0,NA
"7408937",40,"1",4,40000
"7410393",64,"1",2,53500
"7410393",47,"2",4,0
"7410447",59,"1",4,88200
"7410447",54,"2",4,0
"7410687",67,"2",2,21100
"7410687",62,"1",4,14100
"7411943",47,"1",4,29000
"7411943",49,"1",4,16000
"7411943",73,"2",4,4400
"7414940",22,"1",4,21000
"7414940",20,"1",4,19000
"7416268",65,"1",2,57000
"7416268",57,"1",4,7000
"7416586",23,"1",4,26010
"7416586",2,"0",0,NA
"7417482",23,"1",4,16400
"7417482",23,"1",4,1300
"7417482",5,"0",0,NA
"7417482",2,"0",0,NA
"7418058",69,"2",4,7120
"7418722",51,"1",4,6270
"7418722",23,"1",4,8000
"7418722",21,"2",4,300
"7420011",55,"1",2,15430
"7420011",46,"1",4,33204
"7420011",11,"0",0,NA
"7420011",6,"0",0,NA
"7420011",2,"0",0,NA
"7420058",46,"1",4,34000
"7420058",15,"0",0,0
"7420058",11,"0",0,NA
"7420178",30,"1",3,25400
"7422166",57,"2",4,8610
"7422368",55,"1",2,27000
"7422368",46,"1",4,24200
"7422368",16,"2",0,0
"7422368",14,"0",0,NA
"7422412",80,"2",4,7800
"7422672",63,"1",4,22040
"7422672",70,"2",2,10200
"7423300",60,"1",4,41200
"7423300",60,"1",4,30800
"7423306",32,"1",4,69200
"7423306",32,"1",4,34000
"7423898",74,"2",2,76500
"7423898",75,"2",4,12300
"7424725",21,"1",4,1300
"7424914",25,"2",4,0
"7425030",66,"1",4,80800
"7425030",68,"2",4,17200
"7425168",33,"1",4,35000
"7425168",41,"2",4,28000
"7426278",83,"1",4,26870
"7426278",66,"2",4,0
"7426719",81,"2",2,18400
"7426719",81,"2",4,8800
"7426741",76,"2",2,6500
"7428329",30,"1",4,36300
"7428329",27,"1",4,15000
"7428329",8,"0",0,NA
"7428724",57,"1",4,37000
"7431174",30,"1",4,31820
"7431174",30,"1",4,28000
"7431176",73,"2",2,23000
"7431176",66,"2",4,93800
"7431954",64,"1",2,42700
"7431954",61,"1",4,18000
"7434163",76,"2",2,12100
"7434163",56,"2",4,0
"7434235",25,"1",4,30000
"7434235",20,"1",4,10000
"7434235",20,"1",4,8000
"7434350",51,"1",3,23500
"7434350",50,"1",4,14300
"7434423",43,"1",4,48000
"7434423",40,"1",4,17100
"7434423",3,"0",0,NA
"7434638",58,"1",3,23300
"7434638",57,"1",4,28500
"7434673",54,"1",2,125000
"7434673",53,"1",4,39000
"7434673",30,"1",4,1500
"7434673",2,"0",0,NA
"7435704",37,"1",4,10900
"7435704",16,"1",0,1560
"7435704",9,"0",0,NA
"7436271",79,"2",4,42700
"7436271",33,"1",4,500
"7436519",41,"1",4,45000
"7437105",74,"2",4,15300
"7437105",93,"2",4,25200
"7437262",48,"1",3,38000
"7437954",53,"1",4,29700
"7438383",55,"1",4,17000
"7438533",62,"1",4,38800
"7439590",46,"1",4,9000
"7440574",43,"1",4,37840
"7440574",18,"1",4,8410
"7441182",76,"2",2,20310
"7441182",56,"1",2,23100
"7441794",59,"2",4,0
"7441794",57,"1",4,3900
"7442662",47,"1",4,152000
"7445847",31,"1",4,8000
"7445847",48,"1",4,42900
"7446256",42,"1",4,60200
"7446256",43,"1",4,9700
"7446256",12,"0",0,NA
"7446256",9,"0",0,NA
"7446389",22,"1",4,1500
"7448828",73,"2",4,7800
"7449949",48,"1",4,18000
"7450145",36,"1",4,14100
"7450170",36,"1",4,25220
"7450170",38,"1",4,18370
"7450910",55,"1",4,1700
"7450910",52,"1",4,105500
"7450910",17,"1",4,1300
"7451580",64,"1",4,24400
"7451580",60,"1",4,18000
"7452432",46,"1",4,30500
"7452432",38,"1",4,27000
"7453285",50,"1",4,75000
"7453285",49,"2",4,0
"7454450",78,"2",4,7000
"7457365",19,"1",4,800
"7458320",39,"1",4,45000
"7458320",36,"1",4,25000
"7458320",1,"0",0,NA
"7458865",42,"1",4,25000
"7459158",43,"1",4,19800
"7459214",32,"1",4,33000
"7459214",8,"0",0,NA
"7459214",7,"0",0,NA
"7459214",5,"0",0,NA
"7459818",65,"1",3,59000
"7459818",60,"1",4,40000
"7460015",39,"1",4,38000
"7460295",34,"1",4,12500
"7460295",29,"1",4,23000
"7461531",37,"1",4,40000
"7461531",39,"1",4,7000
"7461531",12,"0",0,NA
"7461531",10,"0",0,NA
"7461531",8,"0",0,NA
"7461531",75,"2",2,3500
"7461688",23,"1",4,11000
"7461688",32,"1",4,12000
"7462317",53,"2",2,7500
"7462317",52,"1",4,6000
"7462317",24,"1",4,3000
"7462551",59,"2",2,0
"7462551",56,"2",4,0
"7462551",16,"2",0,0
"7462774",18,"1",4,1600
"7463690",21,"1",4,19000
"7466142",43,"1",4,32000
"7466142",27,"1",4,8000
"7466142",3,"0",0,NA
"7466142",0,"0",0,NA
"7466870",55,"1",2,25000
"7466870",57,"1",4,4480
"7467033",48,"1",2,30000
"7467033",49,"1",4,30000
"7467033",14,"0",0,NA
"7467033",12,"0",0,NA
"7467705",62,"1",2,90000
"7467705",49,"1",4,38080
"7467705",22,"1",4,5100
"7467934",54,"1",2,35000
"7468810",45,"1",4,125000
"7468810",43,"1",4,20400
"7469695",36,"1",4,41590
"7469695",36,"1",4,17090
"7469695",6,"0",0,NA
"7469695",4,"0",0,NA
"7470741",23,"1",4,13000
"7470741",29,"1",4,41000
"7470758",88,"2",2,13900
"7471520",18,"1",4,1810
"7471707",54,"1",4,26020
"7471707",21,"1",4,16000
"7471746",80,"2",4,8580
"7472832",70,"2",4,17490
"7473368",55,"1",4,29400
"7473368",51,"1",4,22000
"7473442",89,"2",4,12900
"7473519",42,"1",4,11400
"7473976",72,"2",4,13200
"7473976",59,"2",4,0
"7473976",36,"1",4,4580
"7474413",75,"1",2,28000
"7475401",21,"1",4,2500
"7475576",65,"2",4,27000
"7475938",64,"1",4,79300
"7475938",61,"2",4,-10000
"7476427",44,"1",4,30000
"7476427",42,"1",4,18000
"7476427",14,"0",0,NA
"7476619",47,"1",4,29000
"7476619",46,"2",4,0
"7477918",80,"2",4,18000
"7477918",67,"2",4,12000
"7477918",51,"1",3,62300
"7478816",60,"1",4,35600
"7479080",70,"2",2,13900
"7479080",68,"2",4,12230
"7479080",31,"2",4,10310
"7479080",63,"2",4,6800
"7480627",39,"1",4,35000
"7480627",42,"2",4,0
"7480627",11,"0",0,NA
"7480627",6,"0",0,NA
"7480627",4,"0",0,NA
"7480629",74,"1",2,16300
"7480629",75,"1",4,12200
"7481710",63,"1",4,11900
"7481710",57,"1",4,12200
"7482038",43,"1",4,23600
"7482038",25,"1",4,20000
"7482038",17,"2",4,0
"7482038",35,"1",4,26700
"7482196",73,"2",2,24200
"7482196",76,"2",4,0
"7483377",69,"2",2,163800
"7483654",76,"2",2,0
"7483654",69,"2",4,9920
"7484040",46,"1",4,26800
"7484040",43,"2",4,0
"7484040",14,"0",0,NA
"7484040",12,"0",0,NA
"7484040",10,"0",0,NA
"7484040",8,"0",0,NA
"7484333",54,"1",4,34000
"7484333",15,"0",0,0
"7484333",14,"0",0,NA
"7484704",45,"1",4,33700
"7484704",44,"1",4,30000
"7485447",79,"1",4,28390
"7485447",75,"2",4,12700
"7486506",67,"2",4,10800
"7486770",54,"1",4,30000
"7486770",56,"2",4,14000
"7487870",52,"1",4,34700
"7487870",15,"0",0,0
"7487870",49,"1",4,29600
"7490907",49,"1",4,17500
"7492810",48,"1",4,27000
"7492810",51,"1",2,43380
"7492810",22,"1",4,4000
"7492841",48,"1",4,4800
"7493183",24,"1",4,24400
"7493183",24,"1",4,8200
"7497086",40,"1",4,35000
"7497086",38,"1",4,7000
"7497086",14,"0",0,NA
"7497086",11,"0",0,NA
"7497541",35,"2",4,0
"7497541",16,"1",0,2200
"7497541",9,"0",0,NA
"7497541",4,"0",0,NA
"7497606",51,"1",4,37000
"7497606",46,"1",4,30000
"7497606",13,"0",0,NA
"7497606",9,"0",0,NA
"7499427",62,"2",3,14500
"7499427",54,"1",4,9100
"7500136",48,"1",4,45050
"7500136",38,"1",4,36300
"7500136",9,"0",0,NA
"7500136",8,"0",0,NA
"7500248",83,"2",4,13100
"7500248",64,"1",4,4100
"7500259",78,"2",4,9500
"7500259",76,"2",2,10000
"7501298",34,"1",4,290000
"7501298",34,"1",4,35000
"7501298",10,"0",0,NA
"7501298",7,"0",0,NA
"7501545",28,"1",4,50000
"7501545",33,"1",4,1400
"7501545",12,"0",0,NA
"7501789",42,"1",4,32000
"7501789",38,"1",4,16500
"7501789",16,"1",0,150
"7501789",15,"0",0,0
"7501848",25,"2",4,3700
"7501848",8,"0",0,NA
"7501848",4,"0",0,NA
"7501848",2,"0",0,NA
"7501848",32,"1",4,14000
"7502238",51,"1",2,4100
"7502238",47,"1",4,52000
"7503010",38,"1",4,18300
"7503010",36,"1",4,28400
"7503010",7,"0",0,NA
"7503010",4,"0",0,NA
"7503292",66,"2",4,112400
"7503292",67,"2",2,47400
"7503503",67,"1",2,35200
"7503926",21,"1",4,15000
"7504062",42,"1",4,30000
"7504062",38,"1",4,30000
"7504062",20,"1",4,11000
"7504062",14,"0",0,NA
"7504062",12,"0",0,NA
"7504062",10,"0",0,NA
"7504062",10,"0",0,NA
"7504062",6,"0",0,NA
"7504062",84,"2",4,10100
"7504921",76,"2",2,5800
"7504921",82,"2",4,4900
"7505646",56,"1",4,27000
"7505646",55,"1",4,23000
"7506743",59,"1",2,139200
"7506743",57,"1",4,30400
"7507013",35,"1",4,24500
"7507013",32,"1",4,160000
"7509109",81,"2",2,31900
"7509109",77,"1",2,19800
"7509545",82,"2",4,18400
"7511327",46,"1",4,40000
"7511327",40,"1",4,17860
"7512443",60,"1",4,66800
"7512443",62,"2",4,0
"7512470",29,"1",4,19000
"7512470",28,"1",4,16000
"7512470",7,"0",0,NA
"7512470",6,"0",0,NA
"7513404",47,"1",4,48700
"7513404",55,"1",2,39000
"7515741",44,"1",4,128000
"7515741",44,"1",4,4000
"7515741",11,"0",0,NA
"7516623",53,"1",4,15000
"7516623",48,"1",4,26000
"7518681",25,"1",4,25000
"7518681",20,"1",4,8000
"7518697",41,"1",4,82340
"7518697",45,"1",4,2100
"7518697",16,"1",0,3600
"7518697",10,"0",0,NA
"7520338",46,"1",4,73060
"7520338",44,"1",4,4600
"7520338",22,"1",4,23500
"7520338",14,"0",0,NA
"7520620",44,"1",4,22300
"7520620",41,"1",4,3000
"7520809",67,"2",2,16750
"7520809",73,"2",4,5100
"7521900",64,"1",2,57200
"7521900",65,"1",2,16300
"7522501",35,"1",3,28000
"7523213",68,"2",2,1300
"7523213",58,"1",2,48350
"7523635",35,"1",4,27000
"7523635",16,"1",0,3200
"7523635",7,"0",0,NA
"7523635",19,"1",4,2500
"7523635",36,"1",4,11000
"7524818",55,"2",4,9700
"7524818",55,"2",4,6200
"7524818",22,"1",4,26500
"7524818",20,"1",4,6700
"7525163",35,"1",4,20000
"7525163",31,"1",4,250
"7525163",11,"0",0,NA
"7525332",29,"1",3,23000
"7525332",30,"1",4,12500
"7525332",9,"0",0,NA
"7525569",44,"1",4,50000
"7525569",39,"1",4,9000
"7525569",12,"0",0,NA
"7525569",6,"0",0,NA
"7525944",32,"1",4,64070
"7525944",31,"1",4,20000
"7525944",3,"0",0,NA
"7525944",1,"0",0,NA
"7526024",59,"1",4,65150
"7526024",53,"1",4,14600
"7526024",15,"0",0,0
"7526205",41,"1",4,35600
"7526205",9,"0",0,NA
"7526205",30,"1",4,12400
"7527750",38,"1",2,20000
"7527750",36,"1",2,25000
"7527750",14,"0",0,NA
"7527750",12,"0",0,NA
"7528047",61,"1",3,32200
"7528047",57,"2",4,7900
"7528278",48,"1",4,23020
"7528278",47,"1",4,34000
"7528279",80,"2",4,19600
"7528279",79,"2",4,0
"7528637",39,"1",4,23630
"7528637",76,"2",2,4000
"7528637",73,"2",2,7200
"7528834",75,"2",2,13300
"7528834",66,"2",4,4400
"7529724",65,"1",3,12700
"7529724",64,"2",4,4500
"7529799",51,"1",4,23600
"7531861",44,"1",4,64000
"7531861",17,"1",4,20000
"7532458",49,"1",4,25000
"7532458",45,"1",4,12100
"7532458",23,"1",4,6000
"7532458",4,"0",0,NA
"7532798",37,"1",4,15600
"7533179",52,"1",4,42040
"7533179",50,"1",4,5000
"7534790",65,"1",4,44430
"7534790",62,"1",4,14800
"7535149",60,"1",4,22320
"7535585",48,"2",4,34200
"7536121",62,"1",3,61100
"7536121",62,"1",4,21510
"7536935",82,"2",2,14200
"7538852",39,"2",4,12500
"7538852",49,"1",4,6500
"7539773",40,"1",4,400
"7539773",41,"1",2,42100
"7539773",16,"2",0,0
"7539773",13,"0",0,NA
"7539773",11,"0",0,NA
"7539953",93,"2",4,12100
"7539953",86,"2",3,4400
"7540136",49,"1",4,17450
"7540136",42,"1",4,10400
"7540136",11,"0",0,NA
"7540136",8,"0",0,NA
"7540402",69,"1",2,120000
"7541599",21,"1",4,5100
"7541599",29,"1",4,4100
"7542112",88,"2",2,15400
"7542189",52,"1",4,64000
"7542189",50,"1",4,26000
"7542189",17,"1",4,2200
"7543537",20,"1",4,1900
"7543765",50,"1",2,386000
"7543765",16,"2",0,0
"7543765",11,"0",0,NA
"7543967",49,"1",4,80000
"7543967",42,"1",4,9500
"7543967",12,"0",0,NA
"7543967",9,"0",0,NA
"7545170",22,"1",4,3000
"7546047",44,"1",4,7000
"7546047",45,"1",4,51000
"7546493",83,"2",4,23200
"7546831",36,"1",2,35010
"7546831",43,"1",4,40280
"7546831",8,"0",0,NA
"7546831",17,"1",4,4590
"7548526",49,"1",4,23900
"7550411",60,"2",3,15000
"7550411",59,"2",4,47600
"7552186",45,"1",4,35000
"7552186",44,"1",4,57000
"7553693",33,"1",4,35500
"7553693",32,"1",4,18450
"7553693",9,"0",0,NA
"7554562",52,"2",4,68400
"7555488",60,"1",2,28150
"7555488",55,"1",4,21200
"7557665",57,"1",4,52000
"7558689",47,"2",3,8100
"7562198",38,"1",4,70000
"7562198",36,"2",4,0
"7562198",7,"0",0,NA
"7562230",85,"2",4,116000
"7562273",47,"1",4,27000
"7562273",18,"2",4,0
"7562273",17,"2",4,0
"7562273",50,"1",2,32000
"7563471",72,"2",2,58800
"7563471",80,"2",4,2000
"7564652",37,"1",4,32000
"7564652",36,"2",4,0
"7564652",11,"0",0,NA
"7564652",4,"0",0,NA
"7564849",50,"2",4,10000
"7564849",42,"1",4,200
"7566220",58,"1",4,46700
"7566635",33,"1",4,9500
"7566635",37,"1",4,42090
"7566635",10,"0",0,NA
"7567473",46,"1",4,25000
"7567473",10,"0",0,NA
"7567473",7,"0",0,NA
"7567649",50,"1",3,15000
"7567737",50,"1",3,26090
"7567737",48,"1",4,10500
"7567737",17,"1",4,3404
"7567737",15,"0",0,1010
"7567737",12,"0",0,NA
"7567747",41,"1",4,25000
"7568100",82,"2",4,10400
"7568100",81,"2",4,6800
"7568166",63,"2",4,23230
"7568166",61,"2",4,1300
"7568200",42,"1",4,24300
"7568200",33,"1",4,3300
"7568200",10,"0",0,NA
"7568200",7,"0",0,NA
"7568200",4,"0",0,NA
"7568200",0,"0",0,NA
"7568731",48,"1",4,15720
"7568731",12,"0",0,NA
"7568731",11,"0",0,NA
"7568904",50,"1",4,60000
"7568904",50,"1",4,11100
"7569364",31,"1",4,15400
"7569364",6,"0",0,NA
"7569364",2,"0",0,NA
"7569364",17,"2",4,0
"7569364",9,"0",0,NA
"7569364",7,"0",0,NA
"7569364",6,"0",0,NA
"7569364",3,"0",0,NA
"7569364",1,"0",0,NA
"7569364",30,"1",4,7800
"7570308",87,"2",2,9400
"7570359",73,"2",4,7000
"7571600",61,"1",2,9000
"7571600",44,"1",4,13200
"7572101",28,"1",4,45000
"7573081",63,"2",4,3400
"7574761",93,"2",4,9120
"7574955",53,"1",4,26000
"7574955",45,"1",4,15000
"7574955",20,"1",4,10000
"7575265",39,"1",4,45000
"7575265",35,"1",4,10000
"7575265",4,"0",0,NA
"7575265",0,"0",0,NA
"7575338",66,"2",2,54700
"7575338",73,"2",4,5000
"7576134",29,"1",4,36000
"7576134",28,"1",4,26000
"7576909",93,"2",4,18000
"7577451",29,"2",4,6000
"7577451",38,"1",2,8100
"7577451",11,"0",0,NA
"7577451",3,"0",0,NA
"7577451",0,"0",0,NA
"7577451",47,"2",4,0
"7577824",41,"1",4,50000
"7577824",20,"1",4,23000
"7577824",16,"1",0,4500
"7578517",83,"1",2,36700
"7578517",80,"2",4,32600
"7581023",55,"2",2,9000
"7581023",15,"0",0,0
"7581787",93,"2",4,7200
"7581787",93,"2",4,3800
"7582603",42,"1",4,23600
"7582603",39,"1",4,8000
"7582603",17,"1",4,4500
"7582603",11,"0",0,NA
"7583053",73,"2",4,14000
"7585157",39,"1",3,20000
"7585157",37,"1",4,20000
"7585157",16,"2",0,1000
"7585157",14,"0",0,NA
"7587679",44,"1",4,55000
"7587679",40,"1",4,45000
"7587679",18,"1",4,5000
"7589138",88,"2",4,14000
"7589138",89,"2",4,5500
"7591613",49,"2",4,16940
"7591613",62,"2",4,24600
"7592042",42,"1",3,24500
"7592042",6,"0",0,NA
"7592074",83,"2",4,9400
"7595259",35,"1",4,24000
"7595259",34,"1",4,34700
"7595259",17,"1",4,1200
"7595259",10,"0",0,NA
"7595259",7,"0",0,NA
"7595365",42,"2",4,10000
"7595365",14,"0",0,NA
"7595365",40,"1",4,26700
"7595365",3,"0",0,NA
"7595404",86,"2",4,12900
"7595404",67,"1",4,22200
"7595404",60,"1",2,29700
"7595468",54,"1",2,18300
"7595468",54,"1",4,18530
"7595511",56,"1",4,13010
"7595511",54,"1",4,15000
"7596261",45,"1",4,48000
"7596261",38,"1",4,17000
"7596261",18,"2",4,0
"7596261",15,"0",0,0
"7596261",12,"0",0,NA
"7597310",50,"1",4,60100
"7597751",37,"1",4,103800
"7597751",14,"0",0,NA
"7597751",8,"0",0,NA
"7598213",56,"1",4,100400
"7598213",65,"1",4,57600
"7598936",50,"1",4,9380
"7598936",15,"0",0,0
"7599180",69,"2",4,0
"7599180",44,"1",4,25000
"7599492",88,"2",4,8100
"7599703",79,"2",4,6800
"7600292",71,"2",4,21800
"7600983",38,"1",4,120000
"7600983",35,"2",4,0
"7600983",8,"0",0,NA
"7600983",6,"0",0,NA
"7601225",25,"1",4,9000
"7601225",28,"1",4,18000
"7601225",7,"0",0,NA
"7601225",2,"0",0,NA
"7603683",64,"1",2,75000
"7605053",76,"2",4,22100
"7605067",48,"1",4,9500
"7605152",31,"1",4,3000
"7606392",53,"1",4,9000
"7606392",51,"1",4,14000
"7606824",33,"1",4,2500
"7606824",34,"1",4,46100
"7606824",1,"0",0,NA
"7607311",42,"1",2,40000
"7607572",41,"1",4,1900
"7607572",41,"1",4,21600
"7607819",34,"1",4,115000
"7607819",42,"1",4,3200
"7607819",3,"0",0,NA
"7608587",38,"1",4,25800
"7608587",35,"1",4,43500
"7608791",49,"1",4,92000
"7608791",48,"1",4,53000
"7609834",62,"2",4,15000
"7612860",57,"1",4,147000
"7612860",56,"2",4,1000
"7615246",28,"1",4,34500
"7615246",27,"2",4,0
"7615246",5,"0",0,NA
"7615246",3,"0",0,NA
"7615519",86,"2",2,7300
"7615525",31,"1",4,19000
"7615525",30,"2",4,0
"7616430",41,"1",4,52230
"7616430",41,"1",4,21820
"7616430",17,"1",4,9200
"7616566",60,"2",4,45000
"7619636",40,"1",4,28000
"7619636",15,"0",0,0
"7619929",34,"1",4,45100
"7619929",30,"1",4,16600
"7619929",4,"0",0,NA
"7619929",0,"0",0,NA
"7620323",68,"2",4,5700
"7620323",67,"2",4,9000
"7620379",37,"1",4,25400
"7620379",18,"1",4,3200
"7620379",15,"0",0,0
"7620379",12,"0",0,NA
"7621980",38,"1",4,54000
"7621980",39,"1",4,32000
"7621980",5,"0",0,NA
"7621980",2,"0",0,NA
"7623242",62,"1",2,21000
"7623242",49,"1",4,8000
"7623605",47,"1",4,36000
"7623605",45,"2",4,0
"7623605",15,"0",0,0
"7623605",13,"0",0,NA
"7623862",78,"1",4,9300
"7623862",49,"1",4,15000
"7624296",32,"1",4,24000
"7624296",25,"1",4,5700
"7624668",79,"2",2,13850
"7624698",54,"1",4,15000
"7624955",32,"1",4,27000
"7624955",41,"1",4,12000
"7626341",39,"1",4,10000
"7627268",44,"1",4,15000
"7627268",37,"1",4,10000
"7627268",6,"0",0,NA
"7627268",4,"0",0,NA
"7627358",58,"1",2,29400
"7627358",50,"1",4,35400
"7628190",32,"1",4,11970
"7628190",16,"2",0,0
"7628190",14,"0",0,NA
"7628190",13,"0",0,NA
"7628190",8,"0",0,NA
"7628190",34,"1",4,10000
"7628190",9,"0",0,NA
"7630475",60,"1",4,15730
"7630780",44,"1",2,59000
"7631232",50,"1",4,-9240
"7631232",50,"1",4,39280
"7632525",47,"2",3,6710
"7632525",36,"1",4,26000
"7632602",67,"2",2,73600
"7632944",25,"1",4,34050
"7632944",25,"1",4,27750
"7633139",28,"1",4,38000
"7633139",27,"1",4,32000
"7633139",4,"0",0,NA
"7633139",0,"0",0,NA
"7633157",22,"1",4,13000
"7633157",21,"1",4,8500
"7635125",27,"1",4,21800
"7635125",30,"1",4,15700
"7635125",6,"0",0,NA
"7635226",37,"1",4,85000
"7635226",34,"1",4,14600
"7635226",6,"0",0,NA
"7635226",2,"0",0,NA
"7635572",85,"2",4,3400
"7640121",28,"1",4,18000
"7640121",26,"1",4,36000
"7640740",65,"2",2,16300
"7640740",75,"2",4,15300
"7640942",40,"1",4,18200
"7640942",14,"0",0,NA
"7641930",88,"2",2,11200
"7641930",76,"2",4,3400
"7641993",23,"1",4,37000
"7641993",24,"1",4,12000
"7642382",42,"1",4,17200
"7642382",39,"1",4,38150
"7643464",63,"1",2,22400
"7643464",55,"1",4,47000
"7643464",20,"1",4,1300
"7643464",1,"0",0,NA
"7643861",56,"1",2,51500
"7643861",50,"1",4,22100
"7643861",18,"1",4,590
"7644127",44,"2",4,9000
"7644399",49,"2",4,0
"7644399",56,"1",4,26860
"7644894",64,"2",2,6200
"7644894",64,"1",4,43500
"7647096",71,"2",4,29400
"7647744",49,"1",2,22500
"7647744",39,"1",4,38000
"7648862",47,"1",4,26700
"7648862",44,"1",4,49000
"7649016",40,"1",4,25000
"7649016",37,"1",4,16000
"7649082",42,"1",4,46100
"7649082",40,"1",4,40000
"7649082",8,"0",0,NA
"7649082",1,"0",0,NA
"7651769",30,"1",4,28020
"7651812",50,"1",3,40210
"7652726",47,"1",4,22900
"7652726",30,"1",4,15980
"7653066",40,"1",4,10600
"7654271",63,"1",2,28580
"7654271",58,"1",4,11880
"7655353",50,"2",4,0
"7655353",40,"1",4,42200
"7655353",17,"1",4,1200
"7655353",15,"0",0,400
"7656171",36,"1",4,30400
"7656968",40,"1",4,30000
"7657793",61,"1",4,49100
"7658392",44,"1",4,51120
"7658392",42,"1",4,8900
"7658392",16,"2",0,90
"7659845",57,"1",4,36600
"7662389",83,"2",4,25400
"7662389",77,"2",4,17900
"7662469",63,"1",4,16000
"7662469",57,"1",4,1300
"7663307",59,"1",2,74700
"7663307",57,"1",4,13800
"7663661",25,"1",2,33000
"7663661",26,"1",4,400
"7663661",5,"0",0,NA
"7663661",2,"0",0,NA
"7663661",0,"0",0,NA
"7664706",49,"1",2,39000
"7664706",50,"1",4,22000
"7664706",5,"0",0,NA
"7664813",82,"2",2,5400
"7664957",61,"2",2,8000
"7665221",45,"1",4,25850
"7665221",47,"1",4,14150
"7665221",11,"0",0,NA
"7665579",28,"1",4,3100
"7665579",28,"1",4,30000
"7666233",36,"1",4,6000
"7666233",36,"1",3,42000
"7666426",82,"2",2,35800
"7666834",55,"1",4,31400
"7666834",21,"1",4,16000
"7667225",25,"1",4,34000
"7667225",25,"1",4,27000
"7667247",29,"2",4,6000
"7667247",9,"0",0,NA
"7667247",6,"0",0,NA
"7667247",29,"1",4,86000
"7667247",3,"0",0,NA
"7667351",39,"1",2,37000
"7667351",33,"2",4,0
"7667351",15,"0",0,0
"7667351",13,"0",0,NA
"7667351",3,"0",0,NA
"7667351",13,"0",0,NA
"7668476",48,"1",4,36700
"7668536",38,"1",2,77150
"7668536",36,"1",4,29300
"7668536",15,"0",0,0
"7668536",11,"0",0,NA
"7669283",63,"1",3,107000
"7669283",60,"1",4,28700
"7669339",53,"1",4,20000
"7670182",21,"1",4,8000
"7670182",23,"1",4,7000
"7671405",20,"1",4,2840
"7671870",42,"2",4,6850
"7672429",55,"1",4,2620
"7672429",50,"1",4,45200
"7672429",16,"2",0,2100
"7672661",57,"1",4,55770
"7672661",55,"1",4,6000
"7673212",72,"2",4,31000
"7673212",17,"1",4,12300
"7673704",20,"1",4,24000
"7674410",57,"2",4,7200
"7676072",41,"1",4,55060
"7676072",41,"1",4,55100
"7676072",5,"0",0,NA
"7676072",4,"0",0,NA
"7676072",0,"0",0,NA
"7676072",62,"2",4,0
"7676117",76,"1",2,24800
"7676117",73,"2",4,6000
"7676530",39,"1",4,33000
"7676530",13,"0",0,NA
"7676530",10,"0",0,NA
"7676530",7,"0",0,NA
"7676530",36,"1",4,11000
"7677233",37,"1",4,35000
"7677233",33,"1",4,7000
"7677233",8,"0",0,NA
"7677233",5,"0",0,NA
"7677649",72,"2",4,16500
"7677946",55,"2",4,0
"7677946",16,"2",0,0
"7678022",33,"2",4,0
"7678904",41,"1",4,31020
"7678904",50,"1",2,26000
"7679312",76,"1",4,11700
"7679312",71,"2",4,3600
"7679312",50,"1",4,5000
"7680052",86,"2",2,20400
"7680052",63,"1",4,84000
"7681285",93,"2",4,5320
"7682107",76,"2",4,11200
"7682149",73,"1",2,3640
"7682149",73,"2",4,0
"7683051",81,"2",4,8000
"7683622",38,"1",4,63000
"7683622",33,"1",4,300
"7683622",3,"0",0,NA
"7683622",1,"0",0,NA
"7684214",79,"1",2,18900
"7684214",71,"2",4,10800
"7684323",35,"1",4,25810
"7684323",33,"1",4,2000
"7684323",12,"0",0,NA
"7684323",11,"0",0,NA
"7684323",10,"0",0,NA
"7684323",9,"0",0,NA
"7684323",8,"0",0,NA
"7684323",7,"0",0,NA
"7684323",7,"0",0,NA
"7684323",4,"0",0,NA
"7685509",36,"1",4,1700
"7685509",31,"1",4,35390
"7685509",4,"0",0,NA
"7685509",2,"0",0,NA
"7685509",38,"2",4,0
"7686451",49,"1",4,125000
"7686451",48,"1",4,29000
"7686451",16,"2",0,0
"7686557",34,"1",4,32100
"7687295",30,"1",4,31300
"7687295",32,"1",4,14050
"7690167",76,"2",4,9000
"7691392",24,"1",4,3000
"7691392",26,"1",4,750
"7691989",56,"1",2,27000
"7691989",54,"1",4,32500
"7691989",45,"1",4,33800
"7692120",64,"1",3,45000
"7692120",60,"2",4,8500
"7693280",38,"2",4,10000
"7693280",9,"0",0,NA
"7693280",7,"0",0,NA
"7695544",21,"1",4,4000
"7699012",61,"2",4,5000
"7699012",27,"2",4,6600
"7699012",26,"1",4,10000
"7699012",26,"2",4,0
"7699012",8,"0",0,NA
"7699012",4,"0",0,NA
"7699012",3,"0",0,NA
"7699012",3,"0",0,NA
"7699012",1,"0",0,NA
"7699012",27,"1",4,27000
"7699330",84,"2",4,8400
"7699387",25,"1",4,70600
"7699387",7,"0",0,NA
"7699387",6,"0",0,NA
"7699387",23,"1",4,22000
"7700127",51,"1",4,21000
"7700438",68,"1",4,25600
"7700926",45,"1",4,0
"7703047",52,"1",2,30000
"7703399",84,"2",4,2100
"7703399",78,"1",4,10170
"7703860",48,"1",4,157000
"7703860",38,"1",4,12900
"7703860",16,"1",0,10000
"7705457",67,"2",4,11200
"7705471",33,"1",3,36100
"7705471",30,"1",4,2400
"7705471",9,"0",0,NA
"7705471",9,"0",0,NA
"7705541",57,"1",4,42200
"7706062",20,"1",4,34200
"7706062",16,"2",0,0
"7706062",45,"1",4,5200
"7706062",45,"1",4,14000
"7707040",38,"1",4,23000
"7707040",37,"1",4,15500
"7708388",35,"1",2,32400
"7708388",34,"1",4,17500
"7710486",56,"1",4,45200
"7710486",54,"1",4,28000
"7710486",24,"1",4,14000
"7711156",65,"1",4,27160
"7711339",42,"1",4,41800
"7711339",39,"1",4,37000
"7711473",40,"1",4,41000
"7711473",32,"1",4,27000
"7711473",8,"0",0,NA
"7712898",42,"1",4,42000
"7712898",46,"1",4,46000
"7712898",9,"0",0,NA
"7712898",7,"0",0,NA
"7713964",49,"1",4,17700
"7714466",38,"1",4,51000
"7714466",42,"1",4,46300
"7714466",4,"0",0,NA
"7714466",1,"0",0,NA
"7716229",68,"1",4,38500
"7716229",60,"1",4,6880
"7716231",69,"2",4,0
"7716277",22,"2",4,0
"7716518",50,"1",4,31800
"7716518",50,"1",4,5100
"7716518",25,"1",4,16000
"7716621",93,"2",4,8400
"7716621",49,"1",4,11000
"7716636",29,"1",4,24000
"7716636",31,"1",4,7000
"7716819",93,"2",4,17500
"7717006",44,"1",4,28000
"7717006",37,"1",4,24000
"7717006",20,"1",4,5400
"7717006",17,"1",4,540
"7717129",39,"1",4,23200
"7717129",43,"1",4,2000
"7717129",14,"0",0,NA
"7717129",12,"0",0,NA
"7717129",10,"0",0,NA
"7717542",64,"2",4,2700
"7717542",67,"2",4,11400
"7721342",31,"1",4,30000
"7721342",25,"1",4,20000
"7721380",71,"2",4,21000
"7722890",25,"1",4,1000
"7724152",18,"1",4,1500
"7724899",74,"2",2,13700
"7724899",50,"1",4,18060
"7725232",73,"2",2,43000
"7725232",76,"1",4,47000
"7725725",59,"1",4,39000
"7725725",71,"1",4,58100
"7725725",15,"0",0,0
"7725725",41,"1",4,37800
"7725725",71,"2",2,7000
"7726129",19,"1",4,7000
"7726534",76,"2",4,14000
"7726534",41,"1",4,33180
"7726802",36,"1",4,7600
"7726802",41,"1",4,44600
"7726802",11,"0",0,NA
"7726802",9,"0",0,NA
"7727086",41,"1",4,22400
"7727277",71,"2",4,2440
"7727277",85,"2",4,9500
"7727953",48,"1",4,33900
"7727953",51,"1",4,26100
"7728672",29,"1",4,95300
"7728672",8,"0",0,NA
"7729947",68,"2",2,13000
"7729947",60,"1",4,54400
"7730448",34,"1",4,39500
"7730448",6,"0",0,NA
"7730640",49,"1",2,43000
"7730640",50,"1",4,32530
"7730788",34,"1",4,-2800
"7730788",33,"1",4,20100
"7730788",10,"0",0,NA
"7732749",37,"1",4,13400
"7732749",13,"0",0,NA
"7732749",5,"0",0,NA
"7732749",0,"0",0,NA
"7734186",51,"1",4,210
"7734186",49,"1",4,24770
"7734186",21,"1",4,9800
"7734186",18,"2",4,0
"7734186",15,"0",0,0
"7734934",72,"2",4,11200
"7735414",21,"1",4,4100
"7735414",25,"1",4,10000
"7735589",76,"2",4,7000
"7736259",20,"1",4,4500
"7736509",93,"2",4,21300
"7736840",38,"1",4,37150
"7736840",42,"2",4,500
"7736840",10,"0",0,NA
"7736840",5,"0",0,NA
"7736840",3,"0",0,NA
"7736840",6,"0",0,NA
"7737045",41,"1",4,25000
"7737045",40,"2",4,120
"7737045",2,"0",0,NA
"7737045",15,"0",0,0
"7737045",12,"0",0,NA
"7737882",48,"2",4,10800
"7738670",48,"1",4,11000
"7738670",48,"2",4,0
"7739843",69,"1",4,13800
"7739843",43,"1",3,19300
"7739843",68,"1",4,17700
"7739843",14,"0",0,NA
"7739843",12,"0",0,NA
"7739843",10,"0",0,NA
"7739888",62,"2",4,7800
"7739888",18,"2",4,0
"7739969",37,"1",4,24000
"7739969",36,"1",4,24000
"7739969",8,"0",0,NA
"7740576",55,"1",4,44500
"7740576",36,"1",4,6000
"7740576",9,"0",0,NA
"7740576",6,"0",0,NA
"7740576",3,"0",0,NA
"7740598",45,"1",4,1500
"7740598",44,"1",4,107000
"7740598",10,"0",0,NA
"7740598",7,"0",0,NA
"7740598",5,"0",0,NA
"7740991",22,"1",4,4900
"7741507",29,"1",4,24700
"7742866",41,"1",4,50150
"7742866",19,"1",4,11000
"7743879",57,"1",2,38000
"7743879",57,"1",4,30000
"7751019",29,"1",4,46410
"7751026",54,"1",2,195000
"7751026",52,"2",3,64000
"7751030",45,"2",4,20
"7751030",38,"1",4,27000
"7752991",75,"2",4,12300
"7753142",50,"1",4,25500
"7753142",46,"1",4,20000
"7753142",17,"1",4,1030
"7754235",88,"2",4,7600
"7754263",60,"1",4,45700
"7754263",59,"1",4,10100
"7754263",23,"1",4,18400
"7754263",21,"1",4,15400
"7754340",65,"2",4,11200
"7754834",34,"1",4,20000
"7754834",29,"1",4,51000
"7754834",2,"0",0,NA
"7754834",1,"0",0,NA
"7754939",28,"1",4,16900
"7754939",28,"1",2,11620
"7757180",49,"1",2,34000
"7758243",65,"2",2,21000
"7758243",77,"2",4,3200
"7759116",67,"2",2,0
"7760384",57,"1",4,344600
"7760384",57,"1",4,45000
"7760748",23,"1",4,10000
"7761011",43,"1",4,30500
"7761011",44,"1",4,36500
"7761011",10,"0",0,NA
"7761011",7,"0",0,NA
"7761185",71,"1",4,13100
"7761206",34,"1",4,25000
"7761206",32,"1",4,30000
"7761206",0,"0",0,NA
"7761415",75,"1",2,17870
"7761415",78,"2",4,12600
"7762005",63,"2",2,26000
"7762005",60,"1",4,13000
"7764390",58,"1",2,61000
"7764390",46,"1",4,1400
"7764540",52,"1",2,80000
"7764540",51,"1",4,13500
"7764540",14,"0",0,NA
"7764540",9,"0",0,NA
"7764983",19,"1",4,6900
"7764985",53,"1",2,49000
"7764985",51,"1",4,30000
"7765062",80,"2",2,8700
"7765841",77,"2",4,12400
"7767462",55,"1",4,64060
"7767462",48,"1",4,39000
"7767462",13,"0",0,NA
"7767462",10,"0",0,NA
"7767502",64,"2",2,31000
"7767502",60,"2",4,1700
"7767521",58,"1",4,15000
"7770104",31,"1",2,40000
"7770104",28,"1",4,40000
"7771050",34,"1",4,39900
"7771050",33,"1",4,27000
"7771050",7,"0",0,NA
"7771050",3,"0",0,NA
"7771833",20,"2",4,0
"7772480",49,"1",4,29800
"7772480",10,"0",0,NA
"7772693",77,"2",2,9000
"7772693",58,"1",4,17000
"7773078",33,"1",4,29850
"7773078",38,"1",4,27000
"7773571",49,"1",4,3000
"7773571",50,"1",4,10000
"7773831",72,"2",4,7120
"7775101",40,"1",4,29100
"7775101",51,"2",4,4800
"7775292",64,"1",2,16800
"7775292",67,"2",4,5300
"7775530",46,"1",4,50000
"7775530",48,"1",4,7700
"7775530",20,"1",4,490
"7775530",13,"0",0,NA
"7777155",27,"1",4,27680
"7777155",7,"0",0,NA
"7777155",2,"0",0,NA
"7777155",27,"1",2,33600
"7777347",32,"1",4,30000
"7777347",3,"0",0,NA
"7777476",70,"2",2,11000
"7777476",63,"2",4,6000
"7777576",75,"2",2,22100
"7777576",77,"2",4,8800
"7779271",44,"1",4,29400
"7779271",51,"1",4,39000
"7780101",53,"1",4,36000
"7780101",59,"2",3,24250
"7780135",62,"2",4,6700
"7780135",17,"1",4,3980
"7780209",39,"1",4,27000
"7780209",40,"1",2,68000
"7780209",13,"0",0,NA
"7780209",12,"0",0,NA
"7780209",6,"0",0,NA
"7781124",71,"2",2,11000
"7781124",63,"2",4,5500
"7781384",29,"1",4,20000
"7781384",35,"1",4,25600
"7781387",24,"2",4,0
"7781521",66,"1",2,40400
"7781521",69,"2",4,3800
"7782517",46,"1",4,38000
"7782517",15,"0",0,1100
"7782517",14,"0",0,NA
"7782556",70,"1",2,315900
"7782556",69,"1",4,20000
"7782597",30,"1",4,10200
"7782609",57,"1",2,107000
"7782609",53,"2",4,0
"7782858",32,"1",4,38000
"7782858",30,"2",4,0
"7782858",14,"0",0,NA
"7782858",9,"0",0,NA
"7783464",79,"2",2,9720
"7783464",75,"1",4,8970
"7785543",72,"2",4,8900
"7786364",65,"1",4,171000
"7786364",69,"1",4,30000
"7786800",51,"2",2,0
"7786800",48,"1",4,3000
"7786800",17,"1",4,5000
"7786800",16,"1",0,5000
"7788560",66,"2",4,16000
"7788560",33,"1",2,24350
"7790558",28,"1",4,25300
"7790558",26,"1",4,27000
"7790638",75,"1",2,18760
"7792073",31,"1",4,15500
"7792073",27,"1",4,20000
"7792073",4,"0",0,NA
"7792473",48,"2",4,7800
"7792908",53,"1",2,57000
"7792908",46,"1",4,13040
"7792908",18,"1",4,3200
"7793730",44,"1",4,45000
"7793730",39,"1",4,3000
"7793730",12,"0",0,NA
"7793730",9,"0",0,NA
"7794313",53,"1",4,87000
"7794313",54,"1",4,35000
"7794414",24,"1",4,27000
"7794414",26,"1",4,2800
"7794414",0,"0",0,NA
"7794448",75,"2",4,10300
"7795069",51,"1",4,4100
"7795069",47,"2",4,11000
"7795333",21,"1",4,14900
"7795333",0,"0",0,NA
"7795333",22,"1",4,16000
"7795367",22,"1",4,1500
"7795369",48,"1",2,33890
"7795369",54,"1",4,16200
"7795369",22,"1",4,10270
"7795529",45,"1",4,4804
"7795529",39,"1",4,104000
"7795529",16,"1",0,140
"7795529",14,"0",0,NA
"7795529",14,"0",0,NA
"7795529",11,"0",0,NA
"7795529",10,"0",0,NA
"7795529",8,"0",0,NA
"7796267",26,"1",2,45900
"7796267",29,"2",4,3500
"7796267",7,"0",0,NA
"7796267",6,"0",0,NA
"7796307",58,"1",4,66000
"7796307",55,"1",4,28800
"7796361",39,"1",4,69400
"7796361",39,"1",4,16000
"7796361",16,"2",0,0
"7796361",13,"0",0,NA
"7796361",10,"0",0,NA
"7797247",43,"1",4,4100
"7797247",55,"1",2,290000
"7798504",59,"1",4,37000
"7798504",56,"1",4,33000
"7798695",33,"1",4,20020
"7798695",9,"0",0,NA
"7798695",6,"0",0,NA
"7798714",58,"1",2,34980
"7798714",54,"1",4,17500
"7799069",36,"1",4,50000
"7799069",33,"1",4,20000
"7799069",7,"0",0,NA
"7799069",3,"0",0,NA
"7799274",54,"1",2,31700
"7799274",52,"2",4,0
"7799274",19,"1",4,18000
"7801128",32,"1",4,14100
"7802132",50,"1",4,21000
"7802132",20,"1",4,1900
"7802644",74,"1",2,7430
"7802644",68,"2",4,2704
"7804675",81,"2",4,18400
"7805570",40,"1",4,48000
"7805570",16,"1",0,1950
"7805762",25,"1",4,12600
"7805762",8,"0",0,NA
"7805762",2,"0",0,NA
"7805762",26,"1",4,16400
"7806872",49,"1",4,35930
"7806872",14,"0",0,NA
"7806872",12,"0",0,NA
"7807735",54,"1",4,7900
"7807735",17,"2",4,5700
"7807735",19,"1",4,7200
"7808318",57,"1",2,25000
"7809658",40,"1",4,40000
"7809658",43,"1",4,30000
"7809658",2,"0",0,NA
"7809886",65,"2",2,6000
"7809886",72,"2",4,11400
"7810616",36,"1",4,16900
"7810616",18,"1",4,1200
"7810616",10,"0",0,NA
"7811535",28,"1",4,45000
"7811535",21,"1",4,18230
"7811954",37,"1",4,48400
"7813004",48,"2",4,8900
"7813004",17,"1",4,2030
"7813004",14,"0",0,NA
"7813096",63,"1",4,14600
"7814853",40,"1",4,34780
"7814853",40,"1",4,12000
"7814853",15,"0",0,0
"7814853",10,"0",0,NA
"7815105",75,"2",4,25800
"7815105",74,"2",4,4600
"7815579",60,"1",2,34020
"7816134",43,"1",4,9100
"7816149",35,"1",2,45000
"7816149",0,"0",0,NA
"7816549",43,"1",4,23000
"7816549",42,"1",4,15000
"7816549",20,"1",4,13000
"7816549",17,"1",4,4000
"7816549",12,"0",0,NA
"7818778",44,"1",4,40000
"7818778",44,"1",3,40000
"7818778",18,"2",4,0
"7818778",17,"2",4,0
"7822170",51,"1",4,30600
"7822170",50,"1",4,26500
"7822170",17,"1",4,750
"7822170",14,"0",0,NA
"7822630",35,"1",4,31000
"7822630",32,"2",4,0
"7822630",2,"0",0,NA
"7823060",35,"1",4,26000
"7823060",29,"1",4,6000
"7823095",31,"1",4,22000
"7823095",0,"0",0,NA
"7823095",31,"1",4,11000
"7823912",64,"1",4,17500
"7824003",57,"2",4,6500
"7824003",36,"2",4,1200
"7826055",46,"2",4,0
"7826055",80,"2",4,7300
"7826754",57,"1",4,16500
"7826754",64,"1",2,32000
"7826754",82,"2",4,7200
"7827047",73,"1",4,15600
"7827047",79,"2",4,4800
"7827314",63,"2",4,2070
"7830999",54,"1",4,50200
"7830999",44,"1",4,1300
"7831051",52,"1",2,6400
"7831223",66,"2",2,27090
"7831223",67,"1",4,10990
"7831464",75,"2",4,12400
"7831464",18,"1",4,2000
"7831500",36,"1",2,37000
"7831661",55,"1",4,12700
"7831661",52,"1",4,26000
"7834041",55,"2",4,0
"7834041",54,"1",2,11400
"7835046",53,"1",4,45180
"7835046",54,"1",4,26200
"7835092",67,"2",4,20600
"7835394",48,"2",4,6000
"7835809",81,"2",4,6700
"7836082",59,"1",4,50100
"7836082",50,"1",4,23000
"7836082",26,"1",4,29000
"7836082",5,"0",0,NA
"7837123",51,"2",4,0
"7837175",45,"1",4,1e+05
"7837175",44,"1",4,35000
"7837175",11,"0",0,NA
"7837175",9,"0",0,NA
"7837972",50,"2",4,0
"7838711",61,"1",2,29500
"7838711",57,"1",4,73720
"7838711",25,"1",4,38500
"7840164",40,"1",4,38000
"7840164",42,"1",4,34500
"7840164",72,"2",4,7400
"7840519",45,"2",4,0
"7840519",43,"2",4,64000
"7840519",18,"1",4,1200
"7840519",13,"0",0,NA
"7840846",44,"2",4,8400
"7842158",73,"2",4,6700
"7843846",42,"1",4,22000
"7843846",16,"1",0,3000
"7844520",30,"1",4,19800
"7844872",43,"1",4,55000
"7844872",43,"1",4,13500
"7844872",16,"1",0,2400
"7844872",15,"0",0,0
"7845664",61,"1",4,48100
"7845664",59,"1",4,15000
"7845664",40,"1",2,33000
"7845664",14,"0",0,NA
"7847072",59,"2",4,18500
"7847072",56,"1",4,21000
"7847471",44,"1",4,24500
"7847471",48,"1",4,16000
"7847471",17,"1",4,2000
"7847471",16,"1",0,1400
"7847471",9,"0",0,NA
"7848250",80,"2",4,123400
"7848250",76,"2",3,11300
"7848376",80,"2",4,15600
"7851725",49,"1",4,12600
"7851725",55,"1",4,26100
"7852929",30,"1",4,7000
"7853188",93,"2",4,7200
"7853799",58,"1",4,80100
"7853799",57,"2",4,0
"7853799",17,"2",4,0
"7853799",88,"2",4,16260
"7853799",84,"2",4,19000
"7855469",46,"1",4,44500
"7855469",38,"1",4,2560
"7855469",7,"0",0,NA
"7855469",5,"0",0,NA
"7855796",56,"1",4,25000
"7855796",54,"2",4,0
"7856085",61,"1",2,23000
"7856085",52,"1",4,52000
"7856085",31,"1",4,25000
"7856085",20,"1",4,3300
"7858187",37,"1",4,32000
"7858187",35,"1",4,195000
"7858187",6,"0",0,NA
"7858187",21,"1",4,8000
"7860022",42,"2",3,8500
"7860022",44,"2",4,0
"7860022",23,"2",4,0
"7860022",20,"1",4,26000
"7860630",23,"1",4,60000
"7860630",26,"1",4,22000
"7860943",47,"1",4,18000
"7860943",46,"1",4,18900
"7860943",12,"0",0,NA
"7862130",34,"1",4,22000
"7862130",40,"1",4,22000
"7862420",52,"1",4,34320
"7862420",47,"1",4,6900
"7862674",59,"2",4,17600
"7864224",25,"1",4,22500
"7864267",38,"1",2,13500
"7865124",46,"1",4,13500
"7865124",46,"2",4,0
"7865124",17,"2",4,0
"7866115",78,"2",2,18200
"7866115",77,"2",4,4200
"7866868",19,"1",4,8000
"7867807",24,"1",4,21000
"7867807",20,"2",4,0
"7867807",2,"0",0,NA
"7867807",0,"0",0,NA
"7871516",55,"1",4,39000
"7871516",50,"1",4,60000
"7873841",61,"1",2,36600
"7873841",60,"2",4,0
"7874298",57,"1",4,65000
"7874298",54,"1",4,39000
"7874511",65,"1",2,65480
"7875089",34,"1",4,11500
"7875089",32,"1",4,36000
"7875089",1,"0",0,NA
"7877332",52,"1",4,45180
"7877332",56,"1",4,40000
"7878869",52,"1",4,22300
"7878869",53,"1",2,45000
"7879389",51,"1",4,88000
"7880011",93,"2",4,8320
"7881128",21,"2",4,5000
"7881128",5,"0",0,NA
"7881128",22,"1",4,6000
"7883234",45,"1",4,46500
"7883234",44,"1",4,22100
"7883234",15,"0",0,0
"7883266",28,"1",4,15700
"7883266",30,"1",4,1300
"7883266",7,"0",0,NA
"7883266",6,"0",0,NA
"7883839",53,"1",2,40000
"7883839",47,"1",4,6100
"7883839",17,"1",4,1000
"7884004",48,"1",2,35300
"7884004",43,"1",4,1e+05
"7885350",55,"1",3,28000
"7885350",53,"1",4,30000
"7885588",54,"1",4,20600
"7885920",32,"1",2,26000
"7885920",30,"2",4,7500
"7886979",80,"2",4,5000
"7888922",46,"1",4,15800
"7888922",12,"0",0,NA
"7888922",28,"1",4,12000
"7889511",38,"1",4,-10000
"7889511",33,"1",4,50000
"7889511",7,"0",0,NA
"7889511",0,"0",0,NA
"7889879",43,"1",4,30000
"7889879",47,"2",4,0
"7889879",14,"0",0,NA
"7891702",42,"2",4,6500
"7891702",52,"1",4,17800
"7892679",45,"1",4,35000
"7892679",38,"1",4,2200
"7893275",50,"1",2,12000
"7893275",44,"1",4,17000
"7893275",17,"2",4,0
"7894343",67,"2",2,18000
"7894343",60,"1",4,2100
"7894650",73,"2",4,9200
"7894835",75,"2",4,17300
"7897613",72,"2",2,23700
"7899568",43,"1",4,20200
"7899568",17,"1",4,18500
"7899568",14,"0",0,NA
"7900076",84,"2",4,10100
"7900875",37,"1",3,46000
"7900875",39,"1",4,40000
"7901023",45,"1",4,59000
"7901023",16,"1",0,3000
"7901938",74,"2",4,17800
"7901938",76,"2",4,10500
"7902285",55,"2",4,10770
"7902936",36,"1",4,30200
"7902936",15,"0",0,0
"7902936",12,"0",0,NA
"7902936",36,"1",2,35000
"7902941",54,"1",2,45300
"7902941",55,"1",4,45000
"7903419",37,"1",4,18000
"7903767",48,"1",4,27000
"7903767",13,"0",0,NA
"7906209",41,"1",4,40000
"7906209",40,"1",4,15000
"7906438",40,"1",4,4800
"7906897",56,"1",2,66000
"7906897",52,"2",4,450
"7906897",17,"2",4,0
"7906897",12,"0",0,NA
"7906897",10,"0",0,NA
"7907109",78,"2",2,10700
"7907109",79,"2",4,6700
"7907918",43,"1",4,30000
"7907918",41,"1",4,26000
"7907918",23,"1",4,18000
"7907918",20,"1",4,5000
"7907996",57,"1",3,46000
"7907996",53,"1",4,6300
"7908262",49,"1",2,26600
"7908262",39,"1",4,18500
"7908262",15,"0",0,0
"7909258",66,"2",2,8400
"7909258",67,"1",4,5700
"7909334",46,"2",4,8100
"7909334",35,"1",4,8200
"7909928",64,"2",4,30000
"7911092",21,"1",4,21000
"7911092",21,"1",4,15500
"7911189",26,"1",4,41000
"7911189",34,"1",4,6500
"7911976",51,"1",4,29300
"7911976",53,"1",4,34400
"7912301",27,"1",4,33000
"7912398",48,"1",4,20000
"7913444",44,"1",4,42230
"7913444",16,"1",0,2000
"7913464",75,"2",4,10800
"7913749",59,"2",4,6950
"7913749",89,"2",3,8400
"7913807",26,"1",4,27100
"7913807",26,"1",4,15500
"7913897",65,"1",4,16900
"7914215",53,"1",4,20750
"7914215",51,"1",4,33100
"7914972",62,"1",4,25800
"7914972",57,"2",3,0
"7916867",65,"1",4,18960
"7917168",44,"1",4,37400
"7917168",43,"1",4,21300
"7917168",19,"1",4,6310
"7917168",15,"0",0,0
"7917375",22,"1",4,3000
"7917375",21,"1",4,3100
"7917375",21,"1",4,8300
"7917375",21,"1",4,4200
"7917375",20,"1",4,2000
"7917836",40,"1",4,24700
"7917836",35,"1",4,20000
"7917836",4,"0",0,NA
"7917836",1,"0",0,NA
"7919265",69,"1",2,55750
"7919265",65,"2",4,14300
"7920196",30,"1",4,29260
"7920196",29,"2",4,8850
"7920196",6,"0",0,NA
"7921729",39,"1",4,44400
"7922614",49,"1",2,21040
"7922614",48,"1",4,26000
"7923662",46,"1",4,8500
"7925642",51,"1",4,11700
"7925642",52,"1",4,42500
"7925815",79,"2",4,2260
"7929710",20,"1",4,15100
"7930406",46,"1",4,35300
"7930406",47,"1",4,4300
"7930406",20,"1",4,11500
"7930447",47,"1",4,60000
"7930447",43,"1",4,40000
"7931522",40,"1",2,58000
"7931522",37,"1",4,1500
"7931522",12,"0",0,NA
"7931522",10,"0",0,NA
"7931522",8,"0",0,NA
"7931708",93,"2",4,14600
"7931813",51,"1",4,15430
"7931813",22,"1",4,13500
"7931813",17,"1",4,12900
"7931813",15,"0",0,10190
"7933074",45,"1",4,30000
"7933074",44,"1",4,29940
"7936782",34,"1",2,31000
"7936782",22,"2",4,0
"7936782",8,"0",0,NA
"7936782",1,"0",0,NA
"7936921",24,"1",4,9000
"7936921",3,"0",0,NA
"7936921",34,"1",4,17000
"7937005",46,"1",2,45900
"7937005",45,"1",4,17360
"7937175",40,"1",4,67600
"7937175",39,"2",4,0
"7937175",14,"0",0,NA
"7937175",2,"0",0,NA
"7937175",1,"0",0,NA
"7937240",56,"1",4,27300
"7937240",52,"1",4,30500
"7937277",52,"1",4,25000
"7938368",66,"2",2,25900
"7938368",75,"2",4,8500
"7938910",73,"1",4,18210
"7939725",49,"1",4,42700
"7942780",59,"1",4,12000
"7943083",49,"1",4,20000
"7943083",2,"0",0,NA
"7943083",79,"2",4,3500
"7943083",38,"1",4,23500
"7943252",84,"2",4,18800
"7945380",50,"1",4,65000
"7945380",18,"1",4,2000
"7945837",18,"1",4,11000
"7945837",22,"1",4,30000
"7946400",76,"2",2,10010
"7946482",53,"1",2,22500
"7946482",51,"1",4,290000
"7946482",26,"1",4,8400
"7947450",70,"2",2,42800
"7947450",71,"2",4,3400
"7947521",43,"1",4,3100
"7947521",14,"0",0,NA
"7947521",11,"0",0,NA
"7947521",9,"0",0,NA
"7951453",59,"1",4,22720
"7951453",70,"1",4,32850
"7951565",69,"2",2,54800
"7951697",24,"1",4,8000
"7951697",50,"1",4,15700
"7951757",58,"1",4,19300
"7951757",39,"1",4,165000
"7951900",42,"1",4,30400
"7951900",42,"1",4,23000
"7951900",19,"1",4,12000
"7951900",18,"1",4,2600
"7951900",2,"0",0,NA
"7951984",55,"2",2,11400
"7952165",85,"2",4,12300
"7953851",30,"1",4,52600
"7953851",30,"1",4,3300
"7953851",2,"0",0,NA
"7953851",1,"0",0,NA
"7954732",23,"1",4,12000
"7954732",35,"1",4,20800
"7956233",86,"2",4,20200
"7956233",82,"2",4,6130
"7956369",27,"1",4,26000
"7959251",44,"1",4,35870
"7959251",14,"0",0,NA
"7959251",11,"0",0,NA
"7959251",10,"0",0,NA
"7959703",29,"1",4,19000
"7959703",38,"1",4,24000
"7959703",3,"0",0,NA
"7960220",42,"1",4,72000
"7960220",41,"1",4,35000
"7960220",13,"0",0,NA
"7960220",11,"0",0,NA
"7960536",29,"1",4,29500
"7960536",32,"1",4,15200
"7961635",47,"1",4,132000
"7961635",45,"1",4,13800
"7961635",9,"0",0,NA
"7962385",82,"2",4,19700
"7963691",41,"2",2,20300
"7963691",28,"2",4,13200
"7963691",9,"0",0,NA
"7963691",7,"0",0,NA
"7964246",31,"1",4,53000
"7964246",31,"1",4,40000
"7965189",45,"1",4,40300
"7965189",45,"1",4,1500
"7965189",9,"0",0,NA
"7965189",7,"0",0,NA
"7965409",72,"2",2,27100
"7965409",69,"2",4,3510
"7965527",56,"1",4,63300
"7969794",41,"1",4,7500
"7969794",18,"1",4,300
"7969794",14,"0",0,NA
"7971134",49,"1",4,7200
"7971134",41,"1",4,14400
"7971480",58,"1",2,260000
"7971480",57,"2",4,0
"7972021",43,"1",4,42000
"7972021",40,"1",4,13120
"7972021",14,"0",0,NA
"7972021",11,"0",0,NA
"7974347",24,"1",4,23530
"7974347",1,"0",0,NA
"7974347",19,"1",4,7604
"7974495",51,"1",4,40000
"7974495",48,"2",4,0
"7974495",11,"0",0,NA
"7975353",55,"1",2,129920
"7975353",44,"1",4,52490
"7975353",10,"0",0,NA
"7975353",10,"0",0,NA
"7978552",20,"1",4,7000
"7978643",66,"1",4,19630
"7979754",50,"1",4,1150
"7979757",66,"2",2,7900
"7979757",63,"2",4,310
"7980275",73,"1",3,15200
"7980275",70,"1",3,11600
"7980275",17,"2",3,0
"7980915",69,"1",4,31000
"7980915",63,"1",4,20000
"7982472",57,"1",4,41000
"7983118",64,"1",2,15700
"7983118",60,"1",4,38000
"7983900",23,"1",4,37000
"7983900",20,"1",4,13000
"7984125",61,"1",4,14070
"7984631",81,"2",4,13300
"7986490",68,"2",4,35400
"7986490",74,"2",4,6000
"7987355",67,"2",2,7820
"7987928",52,"1",4,24000
"7987928",60,"1",2,309000
"7988656",28,"1",4,40000
"7988656",33,"1",4,36000
"7988656",30,"1",4,38000
"7989153",86,"2",2,40700
"7989153",79,"2",4,6730
"7989416",31,"1",4,21030
"7989416",8,"0",0,NA
"7989416",20,"1",4,14000
"7989416",1,"0",0,NA
"7993004",80,"1",4,24800
"7993555",78,"1",4,20800
"7994402",50,"2",4,0
"7994402",48,"1",4,58280
"7994402",16,"2",0,0
"7994402",70,"1",4,14700
"7995190",45,"1",4,45000
"7995190",30,"1",4,15700
"7995190",2,"0",0,NA
"7995190",7,"0",0,NA
"7995190",5,"0",0,NA
"7995871",76,"2",2,78800
"7997005",51,"1",2,33100
"7997005",48,"1",4,24200
"7997005",16,"1",0,670
"7997005",14,"0",0,NA
"7997521",56,"2",4,0
"7997521",56,"1",4,50000
"7997664",56,"1",4,40000
"7997664",53,"2",4,0
"7997849",86,"2",2,40200
"7997849",79,"2",4,7600
"8000083",85,"2",4,12300
"8000347",30,"1",4,54020
"8000347",31,"1",4,2000
"8000347",0,"0",0,NA
"8001325",59,"1",3,2300
"8001453",77,"2",4,10700
"8002797",50,"1",4,6500
"8002797",46,"1",4,31000
"8002797",26,"2",4,6800
"8002889",93,"2",4,17800
"8002889",72,"2",2,11600
"8003035",22,"1",4,16000
"8004504",50,"1",3,70400
"8005127",46,"1",4,18200
"8005675",41,"1",4,56000
"8005675",38,"1",4,19000
"8005675",19,"1",4,12000
"8005675",17,"1",4,2500
"8005675",14,"0",0,NA
"8005868",35,"1",3,40000
"8005868",6,"0",0,NA
"8006259",65,"1",2,22200
"8006259",65,"1",4,19400
"8006259",34,"1",4,10000
"8006259",28,"1",4,23000
"8006416",53,"1",4,21330
"8006416",46,"2",4,0
"8007835",58,"1",4,45000
"8007835",48,"1",4,45000
"8008782",75,"2",4,11280
"8009680",53,"1",2,56110
"8009680",46,"2",4,0
"8009680",24,"1",4,12600
"8009680",21,"1",4,6000
"8010332",61,"1",2,17500
"8010332",40,"1",4,2300
"8010332",66,"2",4,13800
"8011692",36,"1",4,30000
"8011692",11,"0",0,NA
"8011692",29,"1",4,20000
"8011733",70,"2",4,18400
"8011809",43,"1",4,21000
"8011809",19,"1",4,12000
"8011809",16,"1",0,2000
"8011809",10,"0",0,NA
"8012528",67,"2",4,0
"8013361",80,"1",2,11310
"8013601",56,"1",2,37800
"8013601",48,"1",4,11200
"8014028",57,"1",4,30000
"8014028",53,"1",4,19000
"8014028",21,"1",4,800
"8015778",26,"1",4,19000
"8015778",23,"1",4,5000
"8015778",3,"0",0,NA
"8015778",1,"0",0,NA
"8015793",25,"2",4,6600
"8016038",42,"1",4,38100
"8016038",38,"1",4,33860
"8016038",15,"0",0,50
"8016038",12,"0",0,NA
"8016315",39,"1",4,28000
"8016315",38,"1",4,4000
"8016315",15,"0",0,0
"8016315",12,"0",0,NA
"8017307",44,"2",4,5600
"8017307",34,"2",4,5000
"8017307",13,"0",0,NA
"8017548",30,"2",4,15500
"8017548",29,"1",4,48000
"8017844",36,"1",4,33200
"8017844",40,"1",4,5000
"8018413",57,"1",4,43700
"8018413",48,"1",4,16000
"8018425",66,"2",4,10100
"8018425",37,"1",4,28500
"8018425",13,"0",0,NA
"8019725",48,"1",4,26400
"8019725",36,"1",4,5000
"8019725",14,"0",0,NA
"8019725",9,"0",0,NA
"8020292",19,"1",4,8000
"8020373",41,"1",4,31700
"8020373",15,"0",0,0
"8020373",11,"0",0,NA
"8023840",64,"1",4,23910
"8023840",65,"2",4,6100
"8024916",79,"1",4,6300
"8024916",83,"1",2,6900
"8025284",35,"1",4,79040
"8025284",37,"1",4,5230
"8025284",10,"0",0,NA
"8025284",9,"0",0,NA
"8025284",6,"0",0,NA
"8025284",4,"0",0,NA
"8025913",63,"2",4,51900
"8025913",14,"0",0,NA
"8025913",10,"0",0,NA
"8026322",47,"2",4,8000
"8026322",44,"1",4,8700
"8026322",18,"1",4,15500
"8027567",32,"1",4,42060
"8027567",5,"0",0,NA
"8027567",32,"1",4,61600
"8027625",76,"2",4,16000
"8027625",45,"1",4,26660
"8028172",55,"1",2,32000
"8028172",56,"1",4,30000
"8029539",93,"2",4,7100
"8030188",49,"1",4,27000
"8030188",40,"1",4,24000
"8030880",46,"1",4,15300
"8033729",41,"1",4,19550
"8033729",14,"0",0,NA
"8033729",11,"0",0,NA
"8034529",85,"2",4,31300
"8036831",60,"1",4,48420
"8036831",57,"1",4,18000
"8036831",89,"2",4,13000
"8037518",41,"1",4,21520
"8037518",42,"1",4,0
"8037518",14,"0",0,NA
"8037518",8,"0",0,NA
"8037518",6,"0",0,NA
"8038279",46,"1",4,50000
"8038279",36,"2",4,0
"8038279",1,"0",0,NA
"8039459",35,"1",4,22000
"8039459",39,"1",4,6500
"8041042",51,"1",4,131000
"8041042",39,"1",4,8500
"8041042",15,"0",0,2000
"8041042",11,"0",0,NA
"8041042",14,"0",0,NA
"8041414",60,"1",2,54610
"8041414",61,"1",4,10900
"8042061",76,"2",3,29630
"8042061",73,"2",4,7200
"8042337",72,"2",2,16600
"8042337",79,"1",4,12900
"8042492",69,"2",2,26100
"8042492",75,"2",4,13760
"8043692",38,"1",2,47700
"8044055",55,"1",2,38000
"8045045",46,"1",4,50000
"8045045",45,"1",4,42000
"8045045",17,"1",4,1300
"8045045",15,"0",0,0
"8045150",29,"1",4,27200
"8047826",76,"2",4,17530
"8050953",44,"1",4,63000
"8050953",42,"1",4,10200
"8050953",13,"0",0,NA
"8050953",11,"0",0,NA
"8050953",9,"0",0,NA
"8051313",84,"2",4,14500
"8051313",82,"2",4,11400
"8051805",51,"1",2,54030
"8051805",49,"2",4,20
"8051805",20,"1",4,1600
"8051805",16,"1",0,500
"8051805",93,"2",4,6900
"8054720",60,"1",4,36800
"8054720",59,"1",4,13900
"8057203",44,"1",4,24000
"8057203",53,"1",4,1900
"8057203",12,"0",0,NA
"8057203",11,"0",0,NA
"8058238",39,"2",4,7000
"8058238",40,"1",4,15100
"8058238",17,"1",4,1030
"8060412",71,"2",4,6400
"8060412",51,"2",3,0
"8060412",47,"2",4,11000
"8060833",48,"1",4,35000
"8060833",52,"1",2,25000
"8061504",29,"1",4,26000
"8061504",29,"1",4,19800
"8061504",8,"0",0,NA
"8061504",6,"0",0,NA
"8061504",6,"0",0,NA
"8063564",49,"1",4,18550
"8063564",50,"1",4,22900
"8064690",19,"1",4,2520
"8065789",18,"2",4,0
"8070382",55,"1",4,68320
"8072372",37,"1",4,38050
"8072503",83,"2",2,22100
"8072503",77,"2",2,7400
"8073599",46,"2",4,0
"8073599",48,"1",4,23000
"8073946",46,"1",4,12900
"8074429",27,"2",4,0
"8076188",54,"1",3,51500
"8076188",53,"1",4,20200
"8076188",14,"0",0,NA
"8077052",66,"2",2,27300
"8077052",60,"2",4,33400
"8077052",93,"2",4,29400
"8077978",57,"2",4,4000
"8078036",42,"1",2,24400
"8078036",42,"1",4,46200
"8078036",15,"0",0,0
"8078036",14,"0",0,NA
"8079140",46,"1",4,25600
"8079140",42,"1",4,26800
"8079207",36,"1",4,11800
"8079207",34,"2",4,0
"8079207",11,"0",0,NA
"8079207",10,"0",0,NA
"8079207",5,"0",0,NA
"8079236",53,"1",4,75000
"8079236",49,"1",4,10000
"8080213",19,"1",4,3000
"8080405",72,"2",2,11400
"8080405",66,"2",4,8200
"8080567",49,"1",3,64000
"8080567",45,"1",4,55000
"8080567",13,"0",0,NA
"8081986",71,"1",4,6030
"8082042",36,"1",4,50000
"8082042",34,"1",4,50000
"8082042",3,"0",0,NA
"8082042",0,"0",0,NA
"8082042",0,"0",0,NA
"8082111",30,"1",4,16000
"8082111",7,"0",0,NA
"8082111",4,"0",0,NA
"8082111",30,"1",4,7500
"8084059",53,"1",4,47000
"8084059",37,"1",4,24850
"8085125",74,"2",2,8700
"8085125",72,"2",4,13600
"8086653",62,"2",4,11100
"8088464",21,"1",4,4000
"8088559",45,"2",2,25000
"8089926",37,"1",4,1100
"8090860",36,"1",4,31000
"8090860",27,"2",4,0
"8090860",1,"0",0,NA
"8091681",36,"1",4,40150
"8091681",33,"1",4,10000
"8091681",0,"0",0,NA
"8093729",43,"1",2,14700
"8093729",41,"1",4,55200
"8093729",4,"0",0,NA
"8093729",4,"0",0,NA
"8093729",15,"0",0,18800
"8093729",12,"0",0,NA
"8093926",32,"1",4,31000
"8093926",33,"1",4,30000
"8094905",45,"1",3,24020
"8094905",43,"1",4,11900
"8094905",15,"0",0,0
"8095783",48,"1",4,23000
"8095783",45,"2",4,24400
"8095783",20,"1",4,24000
"8096504",30,"1",3,40000
"8096504",25,"1",4,17000
"8096824",33,"1",4,32000
"8099207",37,"1",4,40000
"8099207",2,"0",0,NA
"8099207",8,"0",0,NA
"8099207",7,"0",0,NA
"8099207",16,"1",0,780
"8099207",26,"1",4,1700
"8100857",20,"1",4,8000
"8101948",42,"1",4,36000
"8101948",36,"1",4,13000
"8101948",15,"0",0,0
"8101948",13,"0",0,NA
"8102744",32,"1",2,6300
"8102744",0,"0",0,NA
"8102744",39,"1",2,20000
"8102744",21,"1",4,24000
"8102901",65,"1",2,10410
"8102901",93,"2",4,8100
"8103858",59,"2",4,25650
"8103858",57,"1",4,42500
"8105534",38,"2",4,6500
"8105534",12,"0",0,NA
"8105534",10,"0",0,NA
"8105778",43,"1",4,40000
"8105778",43,"1",4,30000
"8105778",22,"1",4,15000
"8105778",17,"1",4,20000
"8106135",43,"1",4,38000
"8106135",41,"1",4,40000
"8106135",19,"1",4,2600
"8106135",16,"1",0,1500
"8106135",12,"0",0,NA
"8109021",54,"1",3,63000
"8109021",52,"1",4,13000
"8109021",23,"1",4,2300
"8109424",24,"1",4,2700
"8110017",62,"2",2,105000
"8110017",59,"1",4,8000
"8110685",34,"1",4,24000
"8110685",32,"1",4,6000
"8110685",8,"0",0,NA
"8110685",6,"0",0,NA
"8111048",57,"1",2,40290
"8111048",53,"1",4,25500
"8111122",32,"1",4,36000
"8111122",36,"2",4,0
"8111122",8,"0",0,NA
"8111122",0,"0",0,NA
"8112164",29,"1",2,10200
"8112164",30,"1",4,22900
"8112164",27,"1",4,18900
"8112164",26,"2",4,0
"8112471",45,"1",4,21300
"8112471",42,"1",4,25700
"8112471",16,"2",0,0
"8112471",13,"0",0,NA
"8112471",11,"0",0,NA
"8113423",72,"2",4,18200
"8113839",83,"2",4,10800
"8115613",70,"2",2,12200
"8115613",67,"2",4,9400
"8115613",46,"1",4,39000
"8115613",19,"1",4,4500
"8115613",18,"1",4,9400
"8116248",40,"1",4,30000
"8116248",35,"1",4,18800
"8118159",19,"1",4,800
"8118393",93,"2",4,12600
"8118979",56,"1",4,40000
"8118979",75,"1",4,16590
"8119717",48,"1",4,22000
"8119717",46,"1",4,106000
"8119717",11,"0",0,NA
"8119717",9,"0",0,NA
"8120131",79,"2",4,9200
"8120579",55,"1",4,68000
"8120579",52,"2",4,0
"8120579",15,"0",0,0
"8121159",36,"1",4,16000
"8121159",12,"0",0,NA
"8121159",10,"0",0,NA
"8121159",6,"0",0,NA
"8121607",69,"1",2,26300
"8121607",76,"2",4,18400
"8123861",58,"2",4,0
"8123861",66,"2",2,11000
"8123861",24,"1",4,6100
"8123906",60,"1",4,50000
"8123906",69,"1",4,20100
"8124868",59,"1",2,17000
"8124868",36,"1",4,12200
"8126280",30,"1",4,20100
"8126280",32,"1",4,22020
"8126426",22,"1",4,9440
"8126426",22,"1",4,15800
"8126518",36,"1",4,23000
"8126526",65,"1",4,57400
"8126526",63,"2",4,0
"8126876",29,"1",4,41000
"8126876",30,"1",4,27590
"8127282",26,"1",4,26200
"8128054",37,"1",4,10000
"8128054",14,"0",0,NA
"8128054",12,"0",0,NA
"8128054",41,"2",4,7000
"8128191",44,"1",4,29700
"8128191",44,"1",4,10000
"8128191",21,"1",4,9400
"8129933",47,"1",2,43870
"8129933",51,"1",4,14640
"8130083",51,"1",4,26000
"8130083",43,"1",4,27000
"8130083",18,"1",4,3000
"8130211",70,"2",4,12610
"8130332",48,"2",4,11000
"8130332",52,"1",4,17000
"8130870",61,"1",4,8600
"8131727",28,"1",2,18000
"8131727",23,"1",4,12530
"8131727",4,"0",0,NA
"8131727",3,"0",0,NA
"8131727",0,"0",0,NA
"8131949",79,"2",4,6000
"8132792",89,"2",4,26100
"8133620",71,"2",4,9600
"8134112",65,"2",2,13360
"8134112",59,"1",4,26040
"8134587",27,"1",4,11920
"8134587",31,"1",4,32400
"8134587",5,"0",0,NA
"8134587",2,"0",0,NA
"8134697",37,"1",4,25000
"8134697",35,"1",4,17000
"8134697",11,"0",0,NA
"8134697",10,"0",0,NA
"8134697",8,"0",0,NA
"8134697",6,"0",0,NA
"8135225",86,"2",4,4300
"8135438",54,"1",4,60000
"8135438",45,"1",4,7000
"8136323",49,"1",3,30000
"8136323",48,"1",4,3200
"8136945",70,"2",4,5300
"8136945",74,"2",2,8200
"8136945",34,"1",4,23100
"8137201",74,"1",2,68500
"8137201",65,"1",4,9200
"8137283",57,"1",4,38100
"8137283",57,"1",4,17500
"8137283",31,"1",4,13000
"8139829",58,"1",4,27000
"8140723",67,"1",4,65100
"8140723",84,"2",2,66500
"8141014",71,"2",4,5400
"8141014",63,"2",4,4300
"8141212",93,"2",4,10000
"8141212",34,"1",4,24000
"8143889",54,"1",4,13500
"8144044",41,"1",4,34500
"8144044",21,"1",4,26500
"8144044",14,"0",0,NA
"8144044",51,"1",2,27000
"8144218",42,"1",2,65000
"8144667",43,"1",4,21000
"8144667",48,"1",4,30000
"8144667",16,"1",0,500
"8144667",13,"0",0,NA
"8146663",43,"1",4,22000
"8146663",43,"1",4,45500
"8148967",64,"2",4,6000
"8149833",52,"1",4,30000
"8149833",51,"1",4,14000
"8151505",57,"1",4,53400
"8151505",57,"1",4,29400
"8152259",93,"2",4,8400
"8152923",19,"2",4,0
"8154171",70,"2",3,48700
"8155338",22,"1",4,5580
"8155338",22,"1",4,14000
"8155338",21,"1",4,1600
"8155338",21,"2",4,0
"8155338",20,"1",4,8000
"8155338",20,"2",3,0
"8155338",20,"2",4,0
"8156026",68,"2",4,8700
"8156381",40,"1",4,45500
"8156381",40,"2",4,0
"8156381",7,"0",0,NA
"8156381",5,"0",0,NA
"8156383",77,"2",4,10900
"8156433",37,"1",4,1200
"8156433",5,"0",0,NA
"8156433",47,"1",3,5700
"8156697",24,"1",4,9600
"8156697",25,"1",4,12000
"8156697",5,"0",0,NA
"8156697",2,"0",0,NA
"8157246",55,"1",3,37100
"8157246",45,"1",4,22500
"8159006",57,"1",4,21000
"8159006",57,"1",4,19000
"8160624",31,"1",3,60000
"8160624",32,"1",4,31400
"8160624",6,"0",0,NA
"8160624",3,"0",0,NA
"8162108",77,"2",4,10700
"8162108",72,"2",4,6100
"8162241",36,"1",4,36000
"8164402",62,"2",2,9600
"8164402",53,"2",4,0
"8164402",22,"1",4,10500
"8164402",7,"0",0,NA
"8164554",72,"2",2,13100
"8164554",59,"1",4,135000
"8165742",43,"1",4,8000
"8165742",44,"2",4,9000
"8165742",15,"0",0,3000
"8165742",8,"0",0,NA
"8166711",35,"1",4,40660
"8167515",46,"1",4,16500
"8167515",45,"1",4,6500
"8167515",14,"0",0,NA
"8167789",53,"1",4,30000
"8168062",43,"1",4,29100
"8168062",39,"1",4,17400
"8168062",19,"2",4,0
"8170765",43,"1",4,12000
"8170765",50,"1",4,18100
"8170765",10,"0",0,NA
"8170765",8,"0",0,NA
"8172359",32,"1",4,28000
"8172359",30,"1",4,28000
"8172359",8,"0",0,NA
"8172359",4,"0",0,NA
"8173379",48,"1",2,34000
"8173379",40,"1",4,50000
"8173379",14,"0",0,NA
"8173379",13,"0",0,NA
"8173379",12,"0",0,NA
"8174101",43,"1",4,770
"8174101",37,"1",4,27900
"8174101",13,"0",0,NA
"8174101",9,"0",0,NA
"8174422",33,"1",4,8000
"8174422",11,"0",0,NA
"8174422",2,"0",0,NA
"8174422",0,"0",0,NA
"8174422",29,"1",4,12000
"8174597",39,"1",4,5000
"8174817",29,"1",4,17200
"8174817",29,"1",4,12200
"8174817",5,"0",0,NA
"8174817",2,"0",0,NA
"8175245",51,"1",3,36000
"8175245",52,"2",3,0
"8175245",9,"0",0,NA
"8175245",10,"0",0,NA
"8175544",28,"1",4,33300
"8176334",43,"1",4,21000
"8176334",42,"1",4,9500
"8176334",3,"0",0,NA
"8176334",1,"0",0,NA
"8177444",41,"1",4,16600
"8177444",42,"1",4,30600
"8178107",52,"1",4,99020
"8178107",47,"1",4,39000
"8178107",15,"0",0,7600
"8178568",44,"1",3,34030
"8178568",45,"1",4,24820
"8178568",20,"1",3,14260
"8178568",17,"1",4,800
"8178568",15,"0",0,450
"8179081",86,"2",2,12000
"8179081",77,"2",4,34800
"8179758",22,"1",4,10000
"8179758",18,"1",4,10000
"8179978",60,"2",4,8400
"8180218",20,"1",4,3000
"8180459",37,"2",4,7100
"8180459",49,"2",4,0
"8180459",13,"0",0,NA
"8180849",68,"1",2,42300
"8180849",64,"1",4,1100
"8180849",40,"1",4,3950
"8182576",78,"2",2,19700
"8182576",73,"2",4,5200
"8182922",69,"2",4,13400
"8182922",26,"1",4,2900
"8182922",22,"1",4,4700
"8182922",1,"0",0,NA
"8183413",34,"1",4,24610
"8183413",34,"1",4,10000
"8183413",3,"0",0,NA
"8183413",0,"0",0,NA
"8183413",0,"0",0,NA
"8183422",26,"1",4,18100
"8183422",24,"1",4,5400
"8184826",45,"1",4,51970
"8184826",46,"1",4,42200
"8186065",81,"2",2,38700
"8186065",35,"1",4,16300
"8186065",7,"0",0,NA
"8186065",5,"0",0,NA
"8186551",29,"1",4,26000
"8186551",5,"0",0,NA
"8186551",4,"0",0,NA
"8186551",27,"1",4,15900
"8186671",18,"1",4,2500
"8186769",45,"1",4,17300
"8186769",14,"0",0,NA
"8186769",32,"1",4,14200
"8186841",36,"1",4,60100
"8186841",32,"1",4,20000
"8186841",6,"0",0,NA
"8186841",4,"0",0,NA
"8187853",49,"1",4,27060
"8187853",45,"1",4,56040
"8187853",16,"1",0,200
"8187853",13,"0",0,NA
"8188377",88,"2",4,8280
"8188377",93,"2",4,21000
"8189525",47,"1",4,45000
"8189525",48,"1",4,26930
"8189525",12,"0",0,NA
"8189525",9,"0",0,NA
"8189774",45,"1",4,87500
"8189774",50,"1",4,72060
"8189774",16,"2",0,550
"8189947",39,"1",4,130000
"8190552",48,"1",4,60000
"8190552",48,"1",4,6000
"8190552",17,"1",4,1500
"8191627",35,"1",4,19500
"8191627",40,"2",2,6500
"8191627",12,"0",0,NA
"8191627",11,"0",0,NA
"8191627",11,"0",0,NA
"8192343",32,"1",4,26000
"8192343",34,"1",4,30000
"8192343",4,"0",0,NA
"8192490",45,"1",4,30150
"8192490",31,"1",4,9000
"8192490",10,"0",0,NA
"8192490",9,"0",0,NA
"8192490",5,"0",0,NA
"8192947",77,"1",2,21300
"8193657",51,"1",4,56000
"8193657",53,"1",2,43500
"8194646",56,"1",4,42200
"8194646",28,"2",4,0
"8194693",49,"1",4,18500
"8194693",47,"1",4,14800
"8196105",19,"1",4,3700
"8197430",43,"1",4,18500
"8197430",44,"1",4,70000
"8197430",24,"1",4,8300
"8197430",14,"0",0,NA
"8198007",33,"1",2,27000
"8198007",29,"1",4,18500
"8198007",1,"0",0,NA
"8198441",61,"1",4,50000
"8198441",59,"2",4,0
"8199024",45,"1",2,40050
"8199024",40,"2",4,0
"8199024",4,"0",0,NA
"8199024",3,"0",0,NA
"8199455",32,"1",4,55000
"8199455",32,"1",4,47500
"8199455",3,"0",0,NA
"8200107",39,"1",4,11520
"8200107",7,"0",0,NA
"8200660",38,"1",4,24000
"8200660",38,"1",4,14400
"8200660",16,"1",0,1600
"8200660",12,"0",0,NA
"8200660",9,"0",0,NA
"8201010",35,"1",4,21000
"8201010",10,"0",0,NA
"8201182",80,"2",2,15500
"8201182",68,"2",4,1800
"8202037",40,"1",2,38000
"8202037",25,"1",4,2060
"8202037",0,"0",0,NA
"8202046",69,"2",2,33600
"8202046",70,"2",4,6000
"8202266",26,"1",4,23000
"8204361",46,"1",4,70000
"8204361",31,"2",4,0
"8204361",13,"0",0,NA
"8204361",10,"0",0,NA
"8204361",9,"0",0,NA
"8204361",0,"0",0,NA
"8205246",51,"1",4,16000
"8205636",64,"1",4,42000
"8205636",67,"2",4,4400
"8205772",68,"1",4,29800
"8205772",59,"2",4,0
"8206844",73,"2",4,7900
"8206925",59,"1",2,159000
"8206925",54,"2",4,0
"8208372",47,"1",4,42000
"8210369",58,"1",3,160000
"8210369",50,"1",4,175000
"8210465",47,"1",2,45110
"8210465",44,"1",4,32000
"8210728",54,"2",4,6900
"8210782",51,"1",2,65680
"8210782",21,"1",4,15510
"8210782",48,"1",4,80900
"8211361",63,"1",4,22900
"8211445",22,"1",4,4000
"8211451",35,"1",4,20000
"8211451",31,"1",4,9000
"8212161",28,"1",4,25000
"8212161",31,"1",4,25000
"8215492",57,"1",4,28720
"8216177",64,"1",2,41400
"8216177",59,"1",2,2300
"8216177",32,"1",4,24530
"8216675",44,"1",4,27000
"8218059",24,"1",4,18500
"8218059",26,"1",4,20000
"8220164",30,"1",4,5000
"8220164",12,"0",0,NA
"8220164",8,"0",0,NA
"8220164",7,"0",0,NA
"8220164",33,"1",4,15000
"8223124",25,"1",4,11350
"8223769",51,"1",2,37000
"8223769",14,"0",0,NA
"8224561",93,"2",4,11000
"8224837",82,"2",4,31300
"8225099",84,"1",4,30210
"8225099",56,"2",2,8800
"8226083",86,"2",4,12600
"8227502",37,"1",4,65000
"8227502",37,"1",4,30000
"8227502",9,"0",0,NA
"8227502",6,"0",0,NA
"8227627",27,"1",4,12400
"8227627",9,"0",0,NA
"8227627",5,"0",0,NA
"8227627",3,"0",0,NA
"8227627",2,"0",0,NA
"8228106",27,"2",4,20000
"8228803",40,"1",4,65000
"8228803",39,"2",4,0
"8228803",17,"2",4,0
"8228803",11,"0",0,NA
"8229748",50,"1",2,23000
"8229748",47,"1",4,16000
"8230780",41,"1",4,41050
"8230780",37,"1",4,11030
"8230780",16,"2",0,0
"8230780",12,"0",0,NA
"8230780",7,"0",0,NA
"8230780",5,"0",0,NA
"8232229",55,"1",2,31700
"8232229",58,"1",4,8300
"8232229",25,"1",4,24500
"8232779",63,"2",4,7200
"8232779",38,"1",2,31000
"8232919",57,"1",4,25480
"8233048",18,"1",4,4000
"8234518",83,"2",4,13100
"8235721",60,"2",4,0
"8235721",63,"2",2,19100
"8236964",18,"1",4,11000
"8237919",68,"2",4,6800
"8238470",21,"1",4,16100
"8238470",2,"0",0,NA
"8238674",62,"2",4,10300
"8238674",31,"1",4,16300
"8241079",39,"1",4,18000
"8242337",18,"1",4,900
"8242582",22,"2",4,0
"8243791",19,"1",4,2500
"8246338",41,"1",4,21000
"8246338",39,"1",4,20000
"8247820",62,"2",4,38400
"8247820",57,"2",4,26500
"8248943",51,"1",4,28020
"8248943",51,"1",4,119000
"8250747",45,"1",4,87580
"8250747",42,"1",4,18000
"8250747",14,"0",0,NA
"8250747",18,"1",4,1500
"8251220",18,"1",4,500
"8251346",46,"1",4,66500
"8251346",44,"2",4,1000
"8254096",39,"1",4,43000
"8254096",35,"1",4,10000
"8254096",7,"0",0,NA
"8254096",5,"0",0,NA
"8254480",64,"2",2,8400
"8254480",65,"2",4,7060
"8254742",31,"1",4,28500
"8254742",8,"0",0,NA
"8254742",4,"0",0,NA
"8254877",55,"1",3,24000
"8254877",52,"1",4,41350
"8255463",54,"1",2,23000
"8255463",51,"2",4,0
"8255463",32,"1",4,7800
"8255589",45,"1",4,14900
"8255589",54,"1",4,14180
"8255696",39,"1",4,24500
"8255696",33,"2",4,7200
"8255696",16,"1",0,2900
"8255696",11,"0",0,NA
"8255696",7,"0",0,NA
"8255959",42,"1",4,19600
"8255959",81,"2",4,10990
"8256458",35,"1",4,42010
"8256458",36,"1",4,10500
"8256458",7,"0",0,NA
"8256458",4,"0",0,NA
"8256462",36,"1",4,17000
"8256462",34,"1",4,35000
"8256462",8,"0",0,NA
"8256462",4,"0",0,NA
"8256707",25,"1",4,34310
"8257273",78,"2",2,12600
"8257273",71,"2",4,7950
"8257449",76,"2",4,8120
"8258020",45,"1",4,16000
"8258184",34,"1",4,31000
"8258184",32,"1",4,340
"8258184",7,"0",0,NA
"8258184",3,"0",0,NA
"8258184",0,"0",0,NA
"8258276",19,"1",4,6000
"8259033",82,"2",2,18300
"8259033",76,"2",2,12000
"8259626",18,"1",4,4100
"8262113",69,"2",2,4400
"8262113",68,"2",4,7300
"8262568",49,"1",4,59000
"8262568",16,"1",0,100
"8262568",13,"0",0,NA
"8262568",46,"1",4,30000
"8262739",19,"1",4,3000
"8263242",59,"1",4,40000
"8263242",72,"2",4,9400
"8264161",28,"1",2,14600
"8264161",26,"1",4,17100
"8264161",4,"0",0,NA
"8264161",2,"0",0,NA
"8264525",30,"1",4,22000
"8264525",28,"1",4,30000
"8264595",24,"1",4,26000
"8264595",27,"1",4,24000
"8266399",93,"2",4,6200
"8267539",53,"1",4,26600
"8268136",54,"1",4,35400
"8269318",77,"2",2,32500
"8269318",86,"2",4,6000
"8270885",83,"2",4,14000
"8270885",68,"2",4,5300
"8272071",56,"1",2,46154
"8272071",40,"1",4,24500
"8272071",14,"0",0,NA
"8272071",11,"0",0,NA
"8272071",11,"0",0,NA
"8272089",44,"2",4,9590
"8273180",60,"2",4,19800
"8273648",51,"1",4,38800
"8274843",25,"1",4,16000
"8274843",25,"1",4,16000
"8275268",27,"1",4,16100
"8276539",19,"1",4,6000
"8277102",54,"1",2,25000
"8277102",47,"1",4,25000
"8277758",76,"2",4,6700
"8278405",42,"1",4,52000
"8278405",36,"2",4,0
"8278405",5,"0",0,NA
"8278428",34,"1",4,30000
"8278428",37,"1",4,13950
"8278428",0,"0",0,NA
"8278428",12,"0",0,NA
"8279306",70,"1",4,19700
"8279306",67,"2",4,5700
"8279306",93,"2",4,12400
"8280445",52,"1",2,48000
"8280445",44,"1",4,23000
"8280565",66,"2",4,13800
"8280788",48,"1",4,30900
"8280788",40,"1",4,0
"8280788",8,"0",0,NA
"8280788",5,"0",0,NA
"8280788",1,"0",0,NA
"8281123",49,"1",4,8130
"8281123",34,"2",3,330
"8281480",37,"2",4,0
"8281480",8,"0",0,NA
"8282940",50,"1",4,6100
"8282940",35,"1",4,9100
"8282940",9,"0",0,NA
"8282940",8,"0",0,NA
"8282940",6,"0",0,NA
"8284611",73,"2",4,7514
"8285629",41,"1",4,23700
"8285629",28,"1",4,30000
"8285629",0,"0",0,NA
"8285734",20,"1",4,4000
"8286339",28,"1",4,35300
"8286339",31,"1",4,38000
"8287356",23,"1",4,18000
"8287356",40,"2",2,6840
"8287356",39,"1",4,13130
"8287356",26,"1",4,10000
"8287356",23,"1",4,6100
"8287887",28,"1",4,50000
"8287887",29,"1",4,34000
"8288550",41,"1",2,36000
"8288550",33,"1",4,24000
"8288550",13,"0",0,NA
"8288550",12,"0",0,NA
"8288550",11,"0",0,NA
"8289480",46,"1",4,32600
"8289480",50,"1",4,16400
"8289846",49,"1",2,58000
"8289846",54,"1",4,7500
"8289889",75,"2",2,10380
"8289894",41,"1",4,30000
"8290913",59,"2",4,136300
"8291182",82,"2",4,19100
"8291182",84,"2",4,1700
"8291361",30,"1",4,30000
"8291361",32,"1",4,21200
"8291646",75,"2",2,13130
"8291646",56,"1",4,21730
"8293088",21,"2",4,0
"8293088",0,"0",0,NA
"8293088",17,"1",4,8300
"8293092",59,"1",4,9100
"8293092",19,"1",4,1300
"8293097",36,"1",2,34300
"8293097",32,"1",4,77000
"8293097",0,"0",0,NA
"8293097",58,"1",4,6700
"8293296",22,"1",4,7650
"8293705",78,"2",2,18200
"8293705",75,"2",4,12500
"8293839",78,"2",2,8000
"8293839",63,"1",4,4500
"8293986",72,"1",2,24700
"8293986",66,"2",4,4800
"8293986",16,"2",0,0
"8293986",14,"0",0,NA
"8294001",42,"1",2,30000
"8294001",39,"1",4,9000
"8296321",74,"2",2,12800
"8296321",71,"2",4,4850
"8297175",52,"2",4,6000
"8297634",40,"1",4,33550
"8297634",35,"1",4,35300
"8297634",5,"0",0,NA
"8297634",2,"0",0,NA
"8298811",42,"1",4,84000
"8298811",44,"1",4,26000
"8298811",13,"0",0,NA
"8298811",11,"0",0,NA
"8299156",93,"2",4,6200
"8299156",53,"1",2,4950
"8299396",47,"1",4,2000
"8299396",21,"2",4,6800
"8299396",18,"1",4,9100
"8299396",18,"1",4,3150
"8299396",11,"0",0,NA
"8299396",0,"0",0,NA
"8299396",43,"2",4,0
"8299645",43,"1",4,59000
"8299888",82,"2",4,6200
"8300787",39,"1",4,55000
"8300787",29,"1",4,26000
"8300787",0,"0",0,NA
"8300787",8,"0",0,NA
"8301261",84,"2",2,5460
"8302072",29,"1",4,10000
"8302578",20,"1",4,1500
"8304967",50,"1",4,47600
"8304967",54,"1",4,17800
"8305957",49,"1",3,97300
"8305957",49,"1",4,16200
"8307055",29,"1",4,26000
"8307055",21,"1",4,17000
"8307306",31,"2",3,840
"8307306",55,"1",4,8400
"8307306",11,"0",0,NA
"8307306",10,"0",0,NA
"8307724",71,"1",4,59000
"8307724",67,"1",4,113000
"8307917",40,"1",4,82700
"8308799",81,"2",4,6800
"8309763",60,"1",4,78600
"8309763",60,"1",4,8150
"8309876",86,"2",4,9300
"8310101",23,"1",4,18700
"8310101",29,"1",4,19004
"8310101",23,"1",4,18000
"8310101",21,"1",4,26000
"8310298",65,"1",2,30800
"8310298",55,"1",4,10000
"8312352",26,"1",4,12500
"8312352",32,"1",4,37000
"8312729",18,"1",4,4000
"8313280",73,"2",2,39700
"8313280",69,"2",4,6800
"8313354",42,"1",4,18000
"8314545",19,"1",4,18200
"8314545",1,"0",0,NA
"8314545",21,"1",4,3000
"8316127",39,"1",4,132000
"8316127",38,"1",4,34900
"8316127",8,"0",0,NA
"8316127",6,"0",0,NA
"8317440",79,"2",2,5660
"8317440",78,"2",4,5000
"8318559",54,"2",2,23610
"8318759",37,"1",4,9800
"8318759",49,"1",4,1200
"8318759",14,"0",0,NA
"8318759",12,"0",0,NA
"8320098",72,"2",2,16900
"8320098",68,"2",4,6000
"8320184",51,"1",3,83160
"8320184",50,"1",4,25000
"8320184",71,"2",2,22900
"8321635",42,"1",2,26000
"8322223",42,"1",2,20000
"8322223",40,"1",3,2000
"8322663",22,"1",4,1000
"8323507",59,"2",4,10400
"8323507",4,"0",0,NA
"8323697",75,"2",4,6400
"8323697",74,"2",4,5400
"8324249",86,"2",4,17300
"8325511",64,"2",4,5400
"8325511",29,"2",4,7600
"8326995",65,"1",4,22200
"8327810",41,"1",4,47500
"8327810",34,"1",4,6000
"8327810",5,"0",0,NA
"8327810",1,"0",0,NA
"8330969",34,"1",4,12000
"8330969",37,"1",2,13600
"8333005",59,"1",4,52000
"8333005",59,"1",2,61000
"8333392",38,"1",4,45100
"8333392",39,"1",4,1600
"8333392",8,"0",0,NA
"8333392",5,"0",0,NA
"8333553",32,"1",4,28600
"8333553",29,"1",4,16000
"8333553",7,"0",0,NA
"8333553",5,"0",0,NA
"8333553",1,"0",0,NA
"8334605",70,"2",4,126000
"8334605",64,"2",4,35000
"8334899",62,"1",4,-6300
"8334899",62,"1",4,9300
"8334899",22,"1",4,3000
"8335790",41,"1",4,25000
"8335877",21,"1",4,10600
"8335877",24,"1",4,15000
"8336002",56,"1",4,150000
"8336002",55,"1",4,42000
"8336002",27,"1",4,10500
"8336002",20,"2",4,0
"8336002",52,"1",4,25000
"8336251",85,"2",4,20500
"8336825",37,"1",4,30000
"8336825",35,"1",4,27000
"8336825",17,"2",4,0
"8336825",16,"2",0,0
"8336825",14,"0",0,NA
"8337177",30,"1",4,24000
"8337659",39,"1",4,30200
"8337924",38,"2",4,0
"8337924",5,"0",0,NA
"8337924",4,"0",0,NA
"8337924",1,"0",0,NA
"8338134",52,"1",4,290000
"8338224",62,"1",2,42000
"8338224",56,"1",4,37000
"8338937",35,"1",4,30000
"8338937",36,"1",4,30000
"8338937",11,"0",0,NA
"8338937",7,"0",0,NA
"8339135",76,"2",4,6000
"8340401",24,"2",4,105000
"8340582",71,"2",4,38500
"8341633",23,"1",4,23000
"8341633",30,"1",4,15000
"8341633",4,"0",0,NA
"8342429",44,"1",4,32000
"8342429",60,"2",2,0
"8343875",44,"1",4,18800
"8343875",45,"1",2,37200
"8344080",20,"1",4,6000
"8344345",54,"1",4,38730
"8344345",53,"1",4,30500
"8344408",77,"2",4,6000
"8344408",46,"2",4,420
"8345674",32,"1",4,43100
"8345696",49,"2",2,6800
"8348657",47,"1",4,35320
"8348657",48,"1",4,23000
"8348657",16,"1",0,3380
"8348657",13,"0",0,NA
"8349002",45,"1",4,39020
"8349677",93,"2",4,10300
"8349677",74,"2",4,9600
"8351319",63,"2",3,15200
"8351319",57,"1",4,9000
"8351319",14,"0",0,NA
"8351503",74,"2",4,11600
"8352597",69,"2",4,6700
"8352657",54,"1",2,19020
"8352657",48,"1",4,44200
"8353195",50,"1",2,42000
"8353195",55,"1",4,1900
"8353195",16,"2",0,0
"8353288",58,"1",2,20000
"8353288",54,"2",4,0
"8353974",38,"1",4,9140
"8353974",93,"2",4,6010
"8354181",66,"2",4,13200
"8355308",37,"1",4,5870
"8355308",50,"1",2,17300
"8356416",39,"1",4,35000
"8356416",42,"2",4,0
"8356416",14,"0",0,NA
"8356416",11,"0",0,NA
"8356416",9,"0",0,NA
"8356880",32,"1",4,27000
"8356913",93,"2",4,7500
"8356913",74,"2",3,6500
"8357294",31,"1",4,6500
"8357294",31,"1",4,5600
"8357294",1,"0",0,NA
"8357402",84,"2",4,16100
"8357565",32,"2",4,18200
"8358295",24,"1",4,11700
"8358678",48,"1",4,33330
"8358678",42,"1",4,33330
"8358678",16,"1",0,2220
"8359406",28,"1",2,27000
"8359406",28,"1",4,19000
"8360378",38,"1",4,40000
"8360378",45,"1",4,20000
"8361249",29,"1",4,39000
"8361249",7,"0",0,NA
"8361249",31,"1",4,27000
"8365097",57,"1",4,25000
"8365097",85,"2",4,10000
"8366587",64,"1",2,31100
"8366587",18,"1",4,15000
"8366587",42,"1",4,14700
"8366686",77,"2",2,14300
"8367332",48,"1",4,5000
"8367332",26,"1",4,10400
"8367332",46,"2",4,8900
"8367332",28,"1",4,4500
"8367332",30,"1",4,12800
"8367582",19,"1",4,6600
"8367632",43,"1",4,30000
"8367632",41,"1",4,50000
"8368172",53,"1",4,30000
"8368172",52,"1",4,18000
"8368172",13,"0",0,NA
"8370325",66,"2",4,5500
"8370325",66,"2",2,18600
"8370471",34,"1",4,40000
"8370471",33,"1",4,7000
"8370471",6,"0",0,NA
"8370471",2,"0",0,NA
"8372056",47,"1",2,45000
"8372056",41,"1",4,5010
"8372056",4,"0",0,NA
"8373805",83,"2",4,8800
"8374331",48,"2",4,13000
"8374897",64,"1",4,24000
"8375630",22,"1",4,260
"8375630",1,"0",0,NA
"8377184",45,"1",4,1540
"8377184",45,"1",4,33000
"8377184",11,"0",0,NA
"8377184",8,"0",0,NA
"8377519",83,"2",2,35600
"8377519",93,"1",4,12100
"8379841",49,"1",2,290000
"8379841",37,"1",4,20000
"8379841",15,"0",0,0
"8379841",13,"0",0,NA
"8379841",10,"0",0,NA
"8379841",9,"0",0,NA
"8380486",28,"1",4,16500
"8380486",28,"1",4,14000
"8382984",46,"1",4,43100
"8382984",44,"2",4,0
"8382984",17,"2",4,0
"8383253",35,"1",4,9800
"8383340",42,"1",4,17000
"8384177",42,"1",4,12000
"8384177",19,"1",4,3000
"8384627",44,"1",2,32000
"8386262",47,"2",4,19700
"8386262",26,"1",4,11000
"8388673",39,"1",4,40800
"8388673",39,"1",4,14600
"8388673",4,"0",0,NA
"8388673",1,"0",0,NA
"8388831",24,"1",4,117000
"8388831",19,"1",4,135000
"8389401",53,"1",2,14400
"8389401",55,"1",4,4700
"8389708",18,"1",4,8000
"8389944",54,"1",4,39000
"8389944",13,"0",0,NA
"8389944",66,"1",4,36000
"8390779",47,"1",4,12000
"8390779",13,"0",0,NA
"8391809",48,"1",4,9800
"8391809",51,"1",4,16900
"8391809",16,"1",0,1500
"8391818",35,"1",4,23000
"8391818",37,"1",4,23400
"8391818",2,"0",0,NA
"8392078",64,"2",3,32600
"8392078",64,"2",4,6000
"8392923",37,"1",4,110004
"8392923",29,"1",4,11000
"8393260",22,"1",4,10000
"8393260",22,"1",4,3200
"8393260",21,"1",4,4000
"8393523",63,"1",2,22210
"8393523",61,"1",4,9200
"8394406",43,"1",4,18000
"8394406",40,"1",4,17500
"8394406",4,"0",0,NA
"8394763",43,"1",4,23700
"8394763",41,"2",4,0
"8394763",16,"1",0,3500
"8394763",15,"0",0,3500
"8394763",12,"0",0,NA
"8394763",9,"0",0,NA
"8394763",6,"0",0,NA
"8395888",30,"1",4,24090
"8396063",76,"2",4,86700
"8396477",18,"1",4,500
"8397642",67,"2",4,6000
"8397643",72,"2",4,14600
"8398034",25,"1",4,24000
"8399200",69,"2",2,6800
"8399249",21,"1",4,7900
"8399249",20,"1",4,10050
"8400418",40,"1",4,34700
"8400418",39,"1",4,6800
"8400418",4,"0",0,NA
"8400634",57,"2",4,120
"8400634",58,"1",4,11000
"8401106",20,"1",4,16400
"8401106",21,"1",4,25100
"8401106",2,"0",0,NA
"8401410",42,"1",4,15000
"8403029",22,"2",4,3600
"8403029",0,"0",0,NA
"8403643",50,"1",4,21900
"8403643",45,"1",4,24000
"8404559",66,"1",2,18600
"8404559",53,"1",4,16300
"8404780",75,"2",2,29200
"8404780",70,"2",4,8400
"8405108",54,"1",4,32400
"8405108",62,"2",4,10000
"8406340",60,"1",2,70000
"8406340",58,"2",4,0
"8407632",37,"2",3,13500
"8409002",76,"2",4,14000
"8409002",81,"2",4,4600
"8410946",46,"2",4,18700
"8410946",47,"1",4,33800
"8411906",73,"2",2,31000
"8412782",23,"1",4,27100
"8412782",23,"1",4,3500
"8413917",29,"1",4,52000
"8413917",30,"1",4,24900
"8414042",43,"1",4,32200
"8414101",25,"1",4,20000
"8414101",25,"1",4,25000
"8414761",65,"1",2,361600
"8414761",56,"1",4,15800
"8417167",43,"1",4,32990
"8417167",15,"0",0,1500
"8417167",12,"0",0,NA
"8417281",33,"1",4,309000
"8417281",30,"1",4,32000
"8417335",38,"1",4,56050
"8417335",34,"1",4,36000
"8419652",53,"1",4,17800
"8419652",51,"2",4,0
"8420752",42,"1",4,22000
"8421362",41,"1",2,62700
"8421362",40,"1",4,30100
"8421362",9,"0",0,NA
"8421362",6,"0",0,NA
"8422259",61,"2",4,28400
"8423331",19,"2",4,50
"8423490",74,"1",4,44430
"8423490",60,"1",4,86230
"8423530",43,"1",4,24700
"8423530",38,"2",4,110
"8423530",22,"2",4,6400
"8423530",8,"0",0,NA
"8423530",22,"1",4,16000
"8423530",19,"1",3,3700
"8426255",33,"1",4,10200
"8426255",47,"1",4,120600
"8426513",43,"1",4,27000
"8426513",44,"1",4,25000
"8426513",8,"0",0,NA
"8426513",6,"0",0,NA
"8426869",41,"1",3,42000
"8426869",45,"1",4,3000
"8426869",17,"1",4,1300
"8426869",14,"0",0,NA
"8426869",11,"0",0,NA
"8426869",10,"0",0,NA
"8426882",43,"1",4,35470
"8426882",17,"1",3,4700
"8426882",15,"0",0,5000
"8426895",49,"1",3,112000
"8426895",49,"1",4,1500
"8426895",10,"0",0,NA
"8426895",8,"0",0,NA
"8427421",54,"1",2,27900
"8427421",52,"1",4,7600
"8427474",44,"1",4,8700
"8427474",50,"1",2,40600
"8427942",48,"1",4,35000
"8427942",50,"1",4,12000
"8427942",19,"1",4,9600
"8427942",14,"0",0,NA
"8428530",81,"2",4,38700
"8428901",50,"1",2,75000
"8428901",47,"1",4,62000
"8432054",24,"1",4,1000
"8432833",86,"2",4,24700
"8433285",19,"1",4,1500
"8434245",93,"2",4,13500
"8434852",46,"1",4,50400
"8435067",74,"1",4,36100
"8435067",60,"2",4,1200
"8435315",36,"1",4,21780
"8437654",32,"1",4,25900
"8437654",36,"1",4,3700
"8437654",5,"0",0,NA
"8437654",5,"0",0,NA
"8438726",57,"1",2,15000
"8438726",58,"1",3,21000
"8439122",18,"1",4,2500
"8439349",20,"1",4,11000
"8440906",48,"1",3,20300
"8440906",43,"1",4,28050
"8440992",53,"1",4,5600
"8441577",48,"1",4,21000
"8441577",52,"1",4,5000
"8441577",67,"1",4,46200
"8442511",41,"1",4,12000
"8442511",48,"2",4,0
"8443484",81,"2",2,28000
"8443484",62,"2",4,4400
"8444265",25,"1",4,5820
"8444265",8,"0",0,NA
"8444265",0,"0",0,NA
"8444265",47,"1",4,50000
"8445583",65,"1",4,46300
"8446114",47,"1",4,65000
"8446114",48,"1",4,43000
"8446218",39,"1",4,26800
"8446218",47,"1",4,8600
"8446352",67,"1",4,26080
"8446375",69,"2",4,8060
"8446688",44,"1",4,36040
"8446688",34,"1",4,13860
"8446688",0,"0",0,NA
"8448045",50,"1",4,66900
"8448045",48,"1",4,60100
"8448045",16,"2",0,0
"8449498",63,"1",2,24600
"8449498",60,"1",4,18500
"8449498",33,"1",4,17000
"8451575",46,"1",4,37000
"8451575",40,"1",4,25000
"8451575",18,"1",4,5000
"8451575",17,"1",4,2000
"8453296",53,"1",4,38000
"8453296",49,"1",4,18000
"8453296",22,"1",4,13800
"8453296",19,"1",4,7000
"8453749",51,"1",4,26000
"8453749",47,"1",4,26200
"8455815",28,"2",4,0
"8456505",81,"2",4,26500
"8456505",47,"2",4,6300
"8456505",30,"1",4,17300
"8456524",59,"1",4,32540
"8456870",45,"1",4,41600
"8456870",48,"1",4,4000
"8457027",42,"1",2,35000
"8457027",34,"1",4,11000
"8457027",14,"0",0,NA
"8457027",9,"0",0,NA
"8457027",8,"0",0,NA
"8457027",8,"0",0,NA
"8457482",86,"2",4,5300
"8457778",40,"1",4,9300
"8457778",10,"0",0,NA
"8457778",3,"0",0,NA
"8458072",48,"1",4,290000
"8458072",47,"1",4,48900
"8458072",17,"1",4,6900
"8458687",51,"1",4,43700
"8458687",51,"1",4,45100
"8458687",77,"2",4,8100
"8458737",76,"2",4,14900
"8458765",25,"2",4,1200
"8458765",1,"0",0,NA
"8458765",20,"1",4,14400
"8459544",68,"2",2,40000
"8459544",68,"2",4,24000
"8459994",30,"1",4,22000
"8459994",14,"0",0,NA
"8459994",10,"0",0,NA
"8459994",9,"0",0,NA
"8459994",14,"0",0,NA
"8459994",12,"0",0,NA
"8459994",28,"1",4,16000
"8460098",85,"2",4,14300
"8460098",87,"2",4,7480
"8460958",45,"1",4,-4200
"8460958",45,"1",4,21000
"8460958",15,"0",0,0
"8461019",64,"2",2,11100
"8461019",60,"1",4,25600
"8461035",44,"1",4,78600
"8461035",60,"2",2,10000
"8461035",12,"0",0,NA
"8462009",32,"1",4,16000
"8462009",41,"1",4,9000
"8462525",64,"1",2,50900
"8462525",61,"2",4,0
"8462933",53,"1",4,30000
"8462933",55,"1",4,91000
"8463719",36,"1",4,75700
"8464391",56,"1",4,54000
"8464391",56,"1",4,36000
"8465113",54,"1",4,24000
"8465113",49,"1",4,24000
"8466772",44,"1",4,38500
"8468382",31,"1",4,45500
"8468382",38,"1",4,17000
"8468382",6,"0",0,NA
"8468382",1,"0",0,NA
"8468711",45,"1",4,326590
"8468711",48,"1",4,89200
"8468711",15,"0",0,0
"8468711",13,"0",0,NA
"8468845",30,"2",4,600
"8468845",29,"1",4,22500
"8468845",2,"0",0,NA
"8471047",61,"2",2,0
"8471047",93,"2",4,9000
"8471290",18,"1",4,500
"8471290",39,"1",4,18800
"8471290",20,"1",4,16000
"8471296",37,"1",4,46400
"8471296",44,"1",4,60700
"8471296",9,"0",0,NA
"8471296",4,"0",0,NA
"8471767",48,"1",4,52000
"8472250",39,"1",2,81000
"8472250",34,"1",4,4000
"8472250",8,"0",0,NA
"8472250",0,"0",0,NA
"8472796",58,"1",4,32000
"8472796",63,"1",4,45120
"8473369",55,"1",4,165900
"8473369",52,"1",4,39000
"8474059",22,"1",4,21000
"8474059",25,"1",4,23000
"8474251",41,"1",3,37300
"8474251",28,"1",4,31100
"8474251",17,"1",4,2000
"8474251",15,"0",0,750
"8474582",65,"1",4,19600
"8474582",70,"2",4,16900
"8474582",33,"1",4,39120
"8474663",58,"2",2,40000
"8474663",57,"2",4,0
"8474932",37,"1",4,42000
"8474932",10,"0",0,NA
"8474932",8,"0",0,NA
"8475024",52,"1",4,10000
"8475024",31,"1",4,4700
"8475024",30,"2",4,0
"8475024",20,"1",4,12500
"8475024",3,"0",0,NA
"8475024",11,"0",0,NA
"8475024",9,"0",0,NA
"8475024",29,"1",4,16900
"8475024",25,"1",4,20000
"8475992",71,"2",4,18800
"8475992",71,"2",4,6100
"8475992",75,"1",4,33030
"8478503",32,"1",4,24200
"8478503",32,"1",4,30000
"8479094",57,"1",4,19800
"8479094",55,"1",4,24100
"8479480",42,"1",4,19000
"8479480",37,"1",4,9200
"8479480",13,"0",0,NA
"8479480",9,"0",0,NA
"8479480",62,"1",4,22900
"8479953",36,"1",4,26000
"8479953",32,"1",4,15400
"8480621",33,"1",4,23700
"8480621",32,"1",4,6000
"8480621",2,"0",0,NA
"8480621",0,"0",0,NA
"8481900",41,"1",4,26000
"8482222",35,"1",4,28000
"8482222",35,"1",4,29000
"8482222",4,"0",0,NA
"8482222",9,"0",0,NA
"8482854",79,"2",4,3700
"8483021",45,"1",4,50000
"8483021",53,"1",4,32000
"8484098",44,"1",4,54000
"8484098",38,"1",4,40000
"8484098",3,"0",0,NA
"8484098",0,"0",0,NA
"8484204",55,"1",2,33940
"8484204",53,"1",4,11960
"8485525",41,"1",4,306000
"8486036",68,"2",2,52400
"8486036",47,"1",2,24500
"8486529",48,"1",4,88200
"8486529",47,"1",4,8200
"8486529",13,"0",0,NA
"8486529",10,"0",0,NA
"8487704",48,"1",2,40500
"8487704",53,"2",4,5600
"8487704",16,"1",0,2000
"8487916",29,"1",4,24000
"8487916",31,"1",4,55000
"8487916",0,"0",0,NA
"8488641",33,"1",4,29200
"8488773",57,"1",2,88000
"8488773",53,"1",4,50000
"8488773",24,"1",4,30000
"8488773",16,"1",0,2600
"8492049",21,"1",4,21000
"8492049",25,"1",4,24000
"8492877",37,"1",4,28700
"8492877",43,"1",4,50000
"8493545",29,"1",4,30000
"8493911",48,"1",4,26000
"8494633",31,"1",4,32000
"8494633",27,"1",4,12000
"8497253",44,"1",4,26000
"8497253",18,"1",4,3200
"8497253",17,"1",4,1500
"8497932",79,"1",4,8500
"8497932",52,"1",4,6150
"8497932",19,"1",4,9900
"8497932",17,"1",4,3150
"8497932",16,"1",0,880
"8497932",15,"0",0,200
"8499113",53,"1",2,64000
"8499113",49,"1",4,12700
"8499113",15,"0",0,0
"8499113",13,"0",0,NA
"8504733",65,"1",2,16300
"8504733",65,"1",4,29600
"8505907",87,"2",4,0
"8505972",36,"1",4,22000
"8505972",20,"1",4,14000
"8506669",28,"1",4,30120
"8506669",1,"0",0,NA
"8506669",34,"1",4,14800
"8506669",17,"1",4,2910
"8506669",10,"0",0,NA
"8507304",41,"1",4,29000
"8507304",43,"1",4,54000
"8507723",44,"1",2,5370
"8508820",38,"2",4,6100
"8508820",2,"0",0,NA
"8508820",31,"1",4,870
"8509043",52,"1",4,12000
"8511381",63,"2",2,27000
"8511381",57,"1",4,18000
"8514288",50,"1",2,29700
"8514288",50,"1",4,50030
"8514806",44,"1",2,20900
"8514806",36,"1",4,8400
"8514806",13,"0",0,NA
"8515675",37,"1",4,26000
"8516386",30,"1",4,31000
"8516386",30,"1",4,20000
"8516386",4,"0",0,NA
"8516576",36,"1",4,3000
"8516576",36,"1",4,22000
"8516576",3,"0",0,NA
"8516576",9,"0",0,NA
"8517675",61,"1",4,33000
"8517675",61,"1",4,24000
"8519324",49,"1",4,14000
"8519324",48,"2",4,0
"8519324",19,"1",4,7640
"8519324",1,"0",0,NA
"8519324",20,"1",4,4000
"8519425",30,"1",4,40000
"8519425",36,"1",4,38000
"8519425",13,"0",0,NA
"8519425",11,"0",0,NA
"8519425",9,"0",0,NA
"8519762",43,"1",4,309500
"8519762",45,"2",4,0
"8519762",15,"0",0,0
"8519762",12,"0",0,NA
"8520499",41,"1",4,39000
"8520499",44,"1",4,25200
"8520499",7,"0",0,NA
"8520499",4,"0",0,NA
"8520499",2,"0",0,NA
"8520515",30,"1",3,65000
"8520515",25,"1",4,30000
"8520918",46,"1",4,92000
"8520918",43,"1",4,26800
"8521445",45,"1",4,71500
"8521445",38,"1",4,45800
"8521445",10,"0",0,NA
"8521445",8,"0",0,NA
"8522076",65,"1",2,45620
"8522076",60,"1",4,40
"8522882",64,"2",4,10000
"8522882",39,"1",4,20000
"8522882",17,"2",4,2100
"8522955",31,"1",4,43500
"8522955",38,"1",4,38000
"8523864",46,"1",4,43000
"8523864",39,"2",4,6700
"8523864",12,"0",0,NA
"8523864",9,"0",0,NA
"8523864",8,"0",0,NA
"8523864",6,"0",0,NA
"8524642",39,"1",1,40000
"8524642",16,"2",0,0
"8524642",54,"2",4,0
"8524669",75,"2",4,14780
"8525412",60,"1",3,50000
"8525412",50,"1",4,20000
"8525690",21,"1",4,3000
"8526188",50,"2",2,34800
"8526188",50,"1",4,23400
"8530837",70,"2",2,8400
"8531504",39,"1",2,86400
"8531504",40,"1",4,13700
"8531504",13,"0",0,NA
"8531504",12,"0",0,NA
"8531504",9,"0",0,NA
"8531504",9,"0",0,NA
"8531770",74,"2",4,7000
"8532879",57,"1",4,10900
"8532879",55,"1",4,40000
"8533255",49,"1",2,25000
"8533255",41,"1",4,22900
"8533256",30,"2",4,0
"8533607",57,"2",4,7800
"8533607",18,"2",4,0
"8533783",45,"1",4,50000
"8533783",44,"2",4,0
"8533823",48,"1",2,34500
"8533823",50,"1",4,20000
"8533823",18,"1",4,2590
"8533912",87,"2",4,5500
"8533964",43,"1",4,16770
"8533964",37,"2",4,0
"8533964",11,"0",0,NA
"8534775",83,"2",4,30800
"8534775",78,"2",4,7100
"8536245",27,"2",4,0
"8537574",45,"1",4,17000
"8537574",73,"2",4,5500
"8537574",71,"2",4,3600
"8537972",46,"1",4,27000
"8537972",49,"1",4,31000
"8538253",21,"2",4,0
"8538660",47,"1",4,75000
"8538660",45,"1",4,120500
"8539524",69,"2",4,57800
"8539524",70,"2",4,14000
"8539848",28,"1",4,36300
"8539848",29,"1",4,26000
"8539979",18,"1",4,10000
"8539979",18,"1",4,15000
"8540275",44,"1",4,47050
"8540275",48,"1",4,21000
"8540275",22,"1",4,12000
"8542559",36,"1",4,18040
"8542934",64,"1",2,33000
"8542934",59,"1",4,26500
"8543150",43,"1",4,25000
"8543150",16,"2",0,0
"8543514",47,"2",4,40000
"8543514",15,"0",0,5000
"8543514",14,"0",0,NA
"8545383",39,"1",4,26500
"8545383",14,"0",0,NA
"8545383",13,"0",0,NA
"8545810",40,"1",4,33000
"8545810",16,"1",0,290
"8545810",13,"0",0,NA
"8545810",40,"2",4,0
"8545901",41,"1",3,77230
"8545901",31,"1",4,95000
"8548451",19,"1",4,78000
"8548451",23,"1",4,12800
"8550468",75,"1",4,16800
"8550940",38,"1",4,22000
"8550940",38,"1",4,11000
"8550940",0,"0",0,NA
"8551423",19,"1",4,1000
"8551900",56,"2",4,21400
"8551900",85,"2",4,26300
"8553178",27,"1",4,20900
"8553178",33,"1",4,32000
"8553952",59,"1",4,27000
"8554638",77,"2",4,25900
"8554638",74,"2",4,0
"8554638",56,"1",4,4300
"8554672",29,"1",4,20000
"8554672",41,"1",2,15800
"8555460",75,"2",4,11800
"8555460",33,"1",4,10000
"8556348",52,"2",4,8500
"8556348",51,"1",4,16000
"8556348",25,"1",4,18600
"8556732",36,"1",4,35000
"8556732",31,"1",4,18100
"8556732",7,"0",0,NA
"8556732",0,"0",0,NA
"8560878",46,"1",4,30550
"8561373",72,"2",4,18400
"8561892",59,"1",3,57170
"8563033",50,"1",4,60000
"8563033",45,"1",4,8000
"8563033",15,"0",0,0
"8563033",12,"0",0,NA
"8563353",69,"2",4,34300
"8565304",34,"1",4,70000
"8565304",27,"1",4,5660
"8565304",8,"0",0,NA
"8565659",75,"2",2,49900
"8568206",60,"1",4,145610
"8568206",59,"1",4,1000
"8568715",57,"2",4,0
"8568715",52,"1",4,12500
"8569491",66,"2",3,36000
"8569491",64,"2",4,5500
"8569561",50,"1",4,55790
"8569561",16,"2",0,0
"8569928",43,"1",4,36400
"8569928",40,"1",4,37000
"8569928",22,"1",4,16000
"8569928",17,"1",4,10000
"8569928",14,"0",0,NA
"8569928",14,"0",0,NA
"8569928",16,"2",0,0
"8570111",32,"1",4,13000
"8570111",12,"0",0,NA
"8570111",38,"1",4,12000
"8572719",21,"1",4,9300
"8573217",45,"1",4,69000
"8573217",48,"1",4,30000
"8575775",35,"1",4,25000
"8575775",30,"1",4,10000
"8575775",12,"0",0,NA
"8575775",8,"0",0,NA
"8575799",74,"1",3,69500
"8575799",73,"2",4,7800
"8576769",42,"1",4,58000
"8576769",17,"2",4,0
"8576769",7,"0",0,NA
"8576963",34,"1",4,10000
"8576963",43,"1",4,1e+05
"8576963",7,"0",0,NA
"8576963",3,"0",0,NA
"8579969",59,"1",4,80000
"8579969",58,"1",4,5200
"8580319",34,"1",2,36200
"8580319",29,"1",4,29800
"8580319",0,"0",0,NA
"8580366",23,"1",4,22380
"8580366",26,"1",2,20800
"8580366",3,"0",0,NA
"8580366",2,"0",0,NA
"8580442",39,"1",4,38300
"8580442",40,"1",4,4700
"8580442",2,"0",0,NA
"8581560",70,"2",4,12200
"8581989",36,"1",4,14800
"8581989",33,"1",4,63200
"8581989",11,"0",0,NA
"8581989",8,"0",0,NA
"8582579",89,"2",4,17200
"8582667",52,"1",3,108200
"8582667",49,"1",4,71800
"8582867",19,"1",4,3000
"8582939",48,"1",4,27000
"8582939",51,"1",2,30000
"8582939",22,"1",4,3800
"8583392",19,"1",4,6840
"8583392",1,"0",0,NA
"8583392",28,"1",4,11500
"8583607",36,"1",4,52300
"8583607",32,"1",4,28000
"8583607",5,"0",0,NA
"8584479",39,"1",3,20900
"8584479",28,"2",4,380
"8585132",29,"1",4,26000
"8585132",29,"1",4,27500
"8585132",4,"0",0,NA
"8585132",2,"0",0,NA
"8585250",42,"1",4,44000
"8585250",36,"1",4,15000
"8585250",15,"0",0,0
"8585250",12,"0",0,NA
"8585250",10,"0",0,NA
"8585250",10,"0",0,NA
"8588373",65,"1",4,41000
"8588797",38,"1",4,29000
"8588797",35,"1",4,21000
"8588797",8,"0",0,NA
"8589517",29,"1",4,24000
"8589517",26,"1",4,-50
"8589517",5,"0",0,NA
"8589517",2,"0",0,NA
"8589517",0,"0",0,NA
"8589715",43,"2",4,0
"8589715",54,"1",2,45080
"8589715",11,"0",0,NA
"8589715",9,"0",0,NA
"8590777",48,"1",4,45000
"8590777",58,"1",2,42000
"8590777",10,"0",0,NA
"8591753",51,"2",4,9700
"8591753",51,"1",4,13100
"8591754",37,"1",4,20000
"8591754",35,"1",4,12000
"8591754",11,"0",0,NA
"8591940",66,"2",2,11320
"8591940",64,"2",3,6600
"8592645",75,"2",4,23700
"8592944",19,"1",4,10000
"8594254",84,"2",4,72500
"8595096",33,"1",4,34000
"8595096",31,"1",4,33000
"8596828",70,"1",2,38000
"8596828",58,"1",4,0
"8596828",17,"1",4,510
"8596828",15,"0",0,0
"8596828",15,"0",0,350
"8597280",35,"1",4,18500
"8597280",34,"2",4,1200
"8597280",14,"0",0,NA
"8597280",6,"0",0,NA
"8597678",23,"1",4,16000
"8597678",23,"1",4,18000
"8597933",20,"1",4,2500
"8598385",84,"2",4,16300
"8599264",29,"1",4,34000
"8599264",22,"2",4,0
"8600935",80,"2",4,5400
"8600935",93,"2",4,5000
"8601222",33,"1",4,28000
"8601222",26,"1",4,15000
"8601738",79,"2",4,25500
"8602062",45,"1",4,15000
"8602633",44,"1",2,21200
"8602633",50,"1",4,22200
"8602797",21,"1",4,2100
"8603151",22,"1",4,600
"8603151",1,"0",0,NA
"8603151",27,"1",4,30000
"8603798",38,"1",4,27060
"8603798",35,"1",4,9200
"8603957",72,"1",3,9600
"8604051",71,"2",4,8000
"8604256",21,"1",4,5300
"8604452",24,"1",4,16100
"8604452",26,"1",4,30000
"8604452",25,"1",4,20000
"8604521",89,"2",4,81500
"8605522",56,"1",4,33200
"8605529",70,"2",4,18800
"8606265",51,"1",4,19000
"8606729",22,"1",4,3700
"8606781",44,"1",4,21030
"8606781",45,"1",2,39540
"8606781",14,"0",0,NA
"8607983",49,"1",4,25640
"8607983",52,"1",4,30000
"8608529",50,"1",4,104200
"8608529",44,"1",4,5000
"8608529",16,"1",0,1000
"8608529",14,"0",0,NA
"8608687",46,"1",4,16660
"8608687",44,"1",4,21900
"8608687",19,"1",4,7210
"8608687",18,"1",4,8800
"8609704",34,"1",4,162000
"8609704",42,"1",4,17660
"8609704",3,"0",0,NA
"8609704",1,"0",0,NA
"8610894",42,"1",4,9000
"8610894",45,"1",2,6400
"8610894",16,"2",0,0
"8612577",41,"1",4,21000
"8612577",14,"0",0,NA
"8615765",83,"2",4,14500
"8615810",30,"1",4,56000
"8616583",35,"1",4,25000
"8616865",44,"1",4,30000
"8616865",42,"1",4,8000
"8616865",19,"1",4,5000
"8617428",54,"1",4,55480
"8617428",38,"1",4,48000
"8617879",63,"1",4,35600
"8617879",51,"2",4,0
"8617879",19,"1",4,2900
"8617879",16,"2",0,0
"8619235",79,"2",2,165000
"8619235",82,"2",4,6000
"8620098",39,"1",4,28700
"8620532",32,"1",4,14600
"8620532",71,"2",4,6100
"8620697",75,"2",4,9800
"8621040",51,"1",2,66500
"8621040",48,"1",4,45320
"8621040",13,"0",0,NA
"8623753",86,"2",4,6500
"8623753",49,"1",3,7000
"8624173",39,"1",4,50000
"8624173",38,"1",4,17900
"8624173",18,"1",4,2000
"8624173",14,"0",0,NA
"8624173",13,"0",0,NA
"8624395",52,"1",2,75100
"8624395",50,"1",4,29050
"8624395",14,"0",0,NA
"8624395",11,"0",0,NA
"8624471",41,"1",4,91000
"8624471",37,"1",4,28000
"8624471",0,"0",0,NA
"8624555",76,"2",4,25900
"8625706",66,"1",4,21300
"8626170",37,"1",2,30010
"8626170",38,"1",4,11400
"8626170",6,"0",0,NA
"8626170",5,"0",0,NA
"8627638",39,"1",4,17000
"8627638",30,"1",4,9000
"8628496",54,"1",4,16000
"8628585",56,"2",2,22100
"8628585",55,"1",4,17500
"8628788",38,"1",4,20000
"8628788",34,"2",4,0
"8628788",4,"0",0,NA
"8628788",0,"0",0,NA
"8628977",72,"2",4,10300
"8630073",60,"2",3,10900
"8630073",52,"2",4,10900
"8631144",42,"1",4,32400
"8631144",29,"1",4,12000
"8631144",1,"0",0,NA
"8631305",21,"1",4,3000
"8631696",59,"1",4,433610
"8631696",34,"1",4,43000
"8631696",83,"2",4,53800
"8632059",57,"1",4,39300
"8632059",58,"1",4,62700
"8633632",19,"2",4,0
"8634273",35,"1",3,50000
"8634273",33,"1",4,25000
"8634273",7,"0",0,NA
"8634273",3,"0",0,NA
"8634590",25,"1",4,9000
"8634590",24,"1",4,2000
"8634590",28,"1",4,8000
"8635930",49,"2",2,8600
"8636059",85,"2",4,8800
"8636132",74,"2",2,126800
"8636424",39,"1",4,27000
"8637020",37,"1",4,62000
"8638488",51,"1",4,21200
"8638488",49,"1",4,21200
"8638488",8,"0",0,NA
"8639065",54,"1",4,19300
"8639065",51,"1",4,163000
"8639065",19,"1",4,5100
"8639065",17,"1",4,1730
"8639333",70,"2",4,9900
"8642196",83,"2",4,6900
"8644571",15,"0",0,0
"8645701",37,"1",2,64000
"8645701",32,"1",4,1400
"8645701",3,"0",0,NA
"8645701",0,"0",0,NA
"8645736",41,"1",4,35700
"8647092",46,"1",4,47700
"8647092",49,"1",4,70870
"8647092",14,"0",0,NA
"8647092",13,"0",0,NA
"8648469",53,"1",4,56450
"8648469",52,"1",4,13050
"8649829",43,"1",4,33500
"8649829",43,"1",4,6500
"8649829",6,"0",0,NA
"8649829",55,"2",4,1200
"8651033",40,"1",4,24400
"8651033",36,"1",4,3300
"8651033",15,"0",0,0
"8651156",30,"1",4,23000
"8651156",25,"1",4,10000
"8655243",69,"2",4,13290
"8655243",39,"2",4,0
"8656338",18,"1",4,4200
"8656973",55,"1",4,24400
"8656973",57,"1",4,48500
"8657180",48,"1",4,1680
"8657180",50,"1",4,6300
"8657180",22,"1",4,25800
"8657476",59,"1",2,37100
"8657476",56,"1",4,20700
"8657546",49,"1",4,73000
"8657546",22,"1",4,6500
"8657546",18,"1",4,5500
"8657546",17,"2",4,9000
"8657546",17,"1",4,3000
"8657552",39,"1",4,20500
"8657552",7,"0",0,NA
"8658698",80,"2",4,14510
"8658698",76,"2",4,19000
"8660771",41,"1",4,25000
"8660771",18,"1",4,10000
"8661207",57,"1",3,87500
"8661207",53,"1",4,0
"8661795",78,"2",4,10550
"8661795",88,"2",4,13800
"8662460",52,"1",2,54000
"8662460",53,"1",4,18300
"8663424",85,"2",4,10400
"8664484",70,"1",2,30400
"8664484",64,"2",4,5600
"8665999",19,"1",4,3600
"8666098",61,"1",4,18210
"8666696",32,"1",4,18000
"8666696",38,"1",4,13000
"8666696",15,"0",0,260
"8666696",12,"0",0,NA
"8666696",38,"1",2,10000
"8666841",43,"1",4,75000
"8666841",41,"1",4,20100
"8666841",13,"0",0,NA
"8667214",47,"2",4,5970
"8667785",67,"1",2,27494
"8667785",66,"1",4,4420
"8669545",66,"2",2,28400
"8669904",39,"1",2,28500
"8669904",53,"2",4,0
"8669904",17,"1",4,1300
"8669904",10,"0",0,NA
"8670311",41,"1",4,19100
"8670311",42,"2",4,0
"8670311",18,"1",4,4300
"8670311",14,"0",0,NA
"8670311",6,"0",0,NA
"8670311",5,"0",0,NA
"8671210",58,"1",4,30000
"8671210",60,"1",4,5530
"8671210",25,"2",4,0
"8671251",79,"1",2,59450
"8671251",67,"1",4,5740
"8671251",45,"1",4,3000
"8672785",48,"1",2,21020
"8672785",44,"2",4,0
"8672785",17,"1",4,884
"8672785",13,"0",0,NA
"8673491",86,"2",4,10000
"8674259",45,"1",4,31000
"8674490",47,"1",4,40000
"8674490",47,"1",4,35000
"8674490",18,"1",4,5000
"8674490",16,"1",0,400
"8674884",17,"2",4,0
"8675920",79,"2",4,11200
"8676018",39,"1",4,18600
"8676018",41,"1",4,2100
"8676018",13,"0",0,NA
"8676018",11,"0",0,NA
"8676018",4,"0",0,NA
"8676797",75,"2",4,19000
"8677059",40,"1",2,41300
"8677059",38,"1",4,35000
"8677059",15,"0",0,0
"8677059",11,"0",0,NA
"8677693",23,"1",4,7000
"8678310",22,"1",4,400
"8679644",51,"1",4,25000
"8681084",46,"1",4,20000
"8681084",36,"1",4,32200
"8681084",31,"1",2,20010
"8681193",73,"2",4,20200
"8681193",65,"1",2,77200
"8683615",49,"1",4,23650
"8683615",20,"1",4,6000
"8683615",43,"1",4,14500
"8685387",49,"1",2,43200
"8685387",37,"1",4,3400
"8685387",16,"2",0,0
"8685430",39,"2",4,6400
"8685430",46,"1",2,32900
"8685430",10,"0",0,NA
"8686300",51,"1",2,23000
"8686300",47,"1",4,15000
"8686300",17,"2",4,0
"8687089",38,"1",4,11900
"8687800",25,"2",4,0
"8687800",26,"1",4,28000
"8687800",1,"0",0,NA
"8688824",61,"1",4,24000
"8688824",58,"1",4,8000
"8690039",57,"1",4,21000
"8690039",33,"1",4,13300
"8690312",55,"1",4,19100
"8690312",19,"1",4,6400
"8690312",16,"1",0,600
"8692897",60,"1",2,13000
"8692897",58,"1",4,10000
"8694991",34,"1",4,32320
"8694991",13,"0",0,NA
"8694991",11,"0",0,NA
"8696366",42,"1",4,47000
"8696366",41,"1",4,15900
"8696366",15,"0",0,0
"8696366",12,"0",0,NA
"8698352",42,"1",4,22000
"8698352",45,"2",4,5800
"8698352",16,"2",0,0
"8698352",14,"0",0,NA
"8698352",79,"2",4,6800
"8699407",18,"1",4,10000
"8703691",44,"1",4,52300
"8703691",15,"0",0,0
"8705154",85,"2",4,6300
"8706021",52,"1",4,10000
"8706799",62,"1",4,65000
"8706799",60,"1",4,53500
"8707807",27,"1",4,18600
"8707807",28,"1",2,27500
"8708557",62,"1",4,38100
"8708557",65,"1",2,29500
"8708719",36,"1",4,17500
"8708719",17,"1",4,1500
"8708719",13,"0",0,NA
"8708719",10,"0",0,NA
"8708956",49,"1",4,16280
"8708956",42,"1",4,10160
"8708956",10,"0",0,NA
"8708956",7,"0",0,NA
"8708956",4,"0",0,NA
"8708956",1,"0",0,NA
"8709445",69,"1",3,223000
"8709445",56,"2",4,0
"8710322",76,"2",3,16000
"8710322",52,"1",2,12020
"8710891",52,"2",4,6840
"8710891",15,"0",0,220
"8712959",80,"2",2,28100
"8712959",69,"2",4,6520
"8714325",73,"1",2,18400
"8714325",73,"2",4,24000
"8717017",71,"2",2,9700
"8717695",47,"1",4,30000
"8717695",47,"1",3,30000
"8717695",20,"1",4,3000
"8717695",18,"1",3,6000
"8717695",21,"1",2,16000
"8717783",83,"2",2,30000
"8718220",61,"1",2,30000
"8718220",59,"1",4,4500
"8718220",26,"1",4,19200
"8718220",27,"1",4,12900
"8718453",61,"1",4,24600
"8718476",55,"1",4,28450
"8718476",50,"1",4,39620
"8718476",14,"0",0,NA
"8718476",11,"0",0,NA
"8718590",59,"1",2,57500
"8718590",59,"1",4,4000
"8720190",30,"1",4,27800
"8720190",39,"1",4,67000
"8720190",9,"0",0,NA
"8720190",7,"0",0,NA
"8720681",20,"1",4,2900
"8721418",71,"2",2,7000
"8721418",62,"2",4,0
"8722688",70,"1",2,35200
"8722688",66,"1",4,8600
"8723108",28,"1",4,50100
"8723108",22,"2",4,0
"8723603",26,"1",4,15400
"8723603",6,"0",0,NA
"8723807",18,"1",4,3000
"8725241",48,"1",4,50000
"8725241",44,"1",4,17000
"8725241",10,"0",0,NA
"8725241",8,"0",0,NA
"8725241",7,"0",0,NA
"8725241",7,"0",0,NA
"8726157",19,"1",4,2004
"8727701",55,"1",2,33000
"8727701",48,"1",4,50000
"8727701",20,"1",4,2500
"8727701",16,"1",0,4500
"8728004",21,"1",4,17300
"8728004",22,"1",4,18000
"8728330",39,"1",4,30600
"8728330",39,"1",4,30700
"8728330",14,"0",0,NA
"8728330",12,"0",0,NA
"8728863",50,"1",4,51000
"8728863",43,"1",4,10000
"8728863",16,"1",0,0
"8728863",15,"0",0,0
"8729685",34,"2",3,18200
"8732946",24,"1",4,20000
"8732946",24,"1",4,18000
"8733014",37,"1",4,43000
"8733014",44,"1",4,49000
"8733014",7,"0",0,NA
"8733014",5,"0",0,NA
"8733377",36,"1",4,1400
"8733377",34,"1",4,22200
"8733538",53,"1",2,50500
"8733538",55,"2",4,0
"8733970",62,"1",2,4020
"8734052",59,"1",4,9800
"8734233",45,"1",4,3120
"8734233",18,"1",4,1240
"8734649",65,"2",2,21100
"8734649",62,"1",4,13800
"8734649",27,"1",4,30100
"8735780",29,"1",4,26000
"8735780",21,"1",4,600
"8735780",4,"0",0,NA
"8736057",53,"1",4,25900
"8736057",56,"1",4,27800
"8736884",40,"1",4,5000
"8736884",42,"1",4,32000
"8736884",15,"0",0,700
"8736884",19,"1",4,360
"8736884",18,"2",4,0
"8737676",47,"1",4,31760
"8737676",60,"1",4,2800
"8737877",65,"1",4,39100
"8737877",63,"2",4,5700
"8740122",24,"1",4,25070
"8740122",23,"1",4,23480
"8740324",34,"1",4,19300
"8740324",31,"1",4,20100
"8740755",54,"1",4,10700
"8740835",41,"1",4,32750
"8740835",17,"2",4,0
"8740835",15,"0",0,0
"8740835",50,"1",2,49900
"8742292",20,"1",4,640
"8742292",20,"1",4,12900
"8742321",55,"1",4,34360
"8743090",59,"2",2,1700
"8743090",57,"1",4,10500
"8743618",55,"1",3,76400
"8743701",57,"2",2,12000
"8743701",56,"1",4,22800
"8743701",13,"0",0,NA
"8743701",12,"0",0,NA
"8743732",75,"2",2,15110
"8743732",70,"2",4,4800
"8743931",46,"2",4,6820
"8745092",64,"1",4,13000
"8745092",63,"1",4,50000
"8745092",30,"1",4,26700
"8745709",23,"1",4,2000
"8745966",57,"1",4,8240
"8745966",60,"1",2,28500
"8746018",40,"1",4,94000
"8746018",44,"1",4,35000
"8746018",8,"0",0,NA
"8746455",60,"2",4,7000
"8746662",55,"2",4,7920
"8747705",53,"1",4,37000
"8747705",23,"1",4,7000
"8747705",19,"1",4,3000
"8748896",38,"1",4,30000
"8748896",32,"1",4,20000
"8749426",31,"1",4,54000
"8749426",34,"2",4,0
"8749426",7,"0",0,NA
"8749426",3,"0",0,NA
"8749426",3,"0",0,NA
"8749426",3,"0",0,NA
"8749956",28,"1",4,29100
"8749956",28,"1",4,31100
"8750421",46,"1",4,30000
"8750577",87,"2",4,3100
"8750877",50,"1",2,23400
"8751522",15,"0",0,400
"8751546",19,"1",4,10000
"8754384",43,"1",2,27000
"8754384",37,"1",4,14000
"8754807",48,"1",2,25000
"8755806",42,"1",3,10900
"8755806",37,"1",4,7300
"8755806",2,"0",0,NA
"8755977",66,"2",2,47700
"8755977",67,"2",4,30500
"8756200",42,"1",4,30100
"8756200",33,"1",4,25300
"8756200",2,"0",0,NA
"8756200",0,"0",0,NA
"8756455",47,"1",4,-4200
"8756455",47,"1",4,64400
"8756455",17,"1",4,2100
"8757521",79,"2",4,7400
"8757521",80,"2",4,12900
"8758523",46,"1",4,30000
"8758523",62,"1",2,16000
"8759542",38,"1",4,25000
"8759933",59,"1",3,23000
"8759933",56,"1",4,8500
"8761689",41,"1",4,90060
"8761689",37,"1",4,27500
"8761689",14,"0",0,NA
"8762150",22,"1",4,12330
"8762150",2,"0",0,NA
"8762150",0,"0",0,NA
"8762150",24,"1",4,13000
"8763691",57,"1",2,37000
"8763691",55,"1",4,25000
"8764043",24,"1",4,18000
"8764043",23,"1",4,4600
"8764286",33,"1",4,70000
"8765114",45,"1",2,4500
"8765223",42,"1",4,32000
"8765223",47,"1",4,35000
"8765573",79,"2",4,82100
"8766024",31,"1",4,35000
"8767097",57,"1",2,46400
"8767411",33,"1",4,80000
"8767411",27,"1",4,20000
"8767411",1,"0",0,NA
"8768868",51,"2",4,500
"8768868",45,"1",4,22620
"8768872",69,"2",4,11300
"8768872",69,"2",2,19600
"8769778",22,"2",4,0
"8769778",24,"1",4,26000
"8769778",22,"1",4,6000
"8769778",21,"1",4,3000
"8770488",24,"1",4,25000
"8770488",28,"1",4,20000
"8771465",53,"1",3,81060
"8771465",52,"1",4,9150
"8771465",35,"2",4,4290
"8772339",73,"2",2,21900
"8772339",74,"2",4,5800
"8773144",44,"1",4,29400
"8773144",48,"1",4,33900
"8773144",12,"0",0,NA
"8773144",10,"0",0,NA
"8773906",60,"1",4,17500
"8774466",53,"1",2,39800
"8774466",49,"1",4,39100
"8775750",64,"1",4,28600
"8776084",47,"1",4,12200
"8776084",52,"1",4,21000
"8776276",31,"1",4,32000
"8776276",38,"1",4,28170
"8777907",67,"2",2,118900
"8777907",70,"2",3,0
"8778767",29,"1",4,18200
"8778810",43,"1",2,50000
"8778810",38,"1",4,24300
"8780080",82,"2",2,146400
"8780080",73,"2",4,9800
"8780922",53,"1",4,15000
"8781041",78,"2",4,13300
"8782251",61,"1",2,78000
"8782251",59,"1",4,320
"8782251",20,"1",4,3200
"8782608",70,"2",2,13000
"8782608",59,"2",4,0
"8782608",82,"2",4,5000
"8783075",21,"1",4,9000
"8783075",25,"2",4,0
"8783164",49,"1",2,38000
"8783578",79,"2",2,20000
"8783951",62,"1",3,43900
"8783951",62,"2",4,0
"8784149",19,"1",4,2000
"8784353",34,"1",4,23000
"8784353",9,"0",0,NA
"8784353",7,"0",0,NA
"8784906",37,"1",2,35000
"8784906",31,"1",4,14000
"8784906",6,"0",0,NA
"8785246",73,"2",2,15400
"8785246",62,"2",4,400
"8786507",35,"1",4,63000
"8786507",32,"1",4,25000
"8786507",4,"0",0,NA
"8786507",2,"0",0,NA
"8786507",0,"0",0,NA
"8787019",64,"1",4,34500
"8787019",65,"1",4,243400
"8787388",48,"1",2,20700
"8787388",46,"1",4,15300
"8787388",24,"1",4,14300
"8787388",16,"1",0,1200
"8787388",3,"0",0,NA
"8787401",79,"2",4,10700
"8787401",71,"2",4,4200
"8787401",52,"1",4,13660
"8787401",42,"1",4,28670
"8788350",67,"2",2,16200
"8788350",71,"2",4,5650
"8788474",82,"2",4,14900
"8788888",44,"1",4,30600
"8789432",30,"1",4,13860
"8790458",54,"1",2,10800
"8790458",16,"1",0,9700
"8790458",16,"1",0,10000
"8790939",42,"1",4,56000
"8790939",40,"1",4,21800
"8790953",49,"1",4,42500
"8790953",41,"1",4,12000
"8790953",19,"1",4,5000
"8790953",16,"2",0,0
"8790953",12,"0",0,NA
"8790967",62,"1",2,309000
"8790967",56,"2",4,169000
"8790967",18,"2",4,0
"8792740",72,"2",4,126400
"8792740",67,"2",3,9900
"8793291",35,"1",2,25000
"8793291",17,"1",4,1700
"8793556",66,"1",4,32500
"8794591",86,"2",4,13300
"8795183",37,"1",4,27000
"8795183",33,"1",4,40000
"8795590",93,"2",4,67900
"8796110",66,"2",2,7200
"8796110",65,"1",4,12800
"8799465",71,"2",2,16200
"8799465",64,"1",4,10800
"8799802",81,"2",4,7000
"8800055",32,"1",4,9000
"8800055",8,"0",0,NA
"8800055",6,"0",0,NA
"8800055",22,"1",4,20000
"8800895",29,"1",4,30000
"8802349",46,"1",4,70800
"8803600",31,"1",4,53000
"8803600",36,"1",4,32300
"8803600",11,"0",0,NA
"8803600",8,"0",0,NA
"8804434",78,"2",2,12520
"8804434",72,"2",4,5000
"8805918",75,"2",2,63800
"8805918",73,"2",4,7000
"8806299",35,"1",4,28100
"8806299",31,"1",3,14100
"8806299",6,"0",0,NA
"8806299",5,"0",0,NA
"8806299",2,"0",0,NA
"8807840",62,"2",3,123000
"8807840",58,"1",4,4000
"8808019",70,"2",2,16900
"8808019",73,"2",4,0
"8808199",36,"1",4,21500
"8808199",36,"1",4,14000
"8808199",3,"0",0,NA
"8808199",1,"0",0,NA
"8809205",83,"2",3,34600
"8809205",84,"2",4,0
"8809423",64,"1",2,44400
"8809423",63,"1",4,42900
"8809423",27,"1",4,21000
"8810143",35,"1",4,99300
"8810143",41,"1",4,28150
"8811478",46,"1",4,43200
"8811478",19,"1",4,3000
"8811478",15,"0",0,0
"8811808",18,"1",4,650
"8812144",31,"1",4,23100
"8812144",10,"0",0,NA
"8812192",43,"1",4,17000
"8812192",49,"1",4,18000
"8812192",5,"0",0,NA
"8816361",52,"1",4,41800
"8816361",52,"1",4,121000
"8816405",70,"2",2,26400
"8816405",67,"2",4,7800
"8817184",85,"2",4,9490
"8817512",55,"1",2,44440
"8817659",37,"1",4,22300
"8817659",38,"1",4,42520
"8817659",13,"0",0,NA
"8817659",9,"0",0,NA
"8817659",4,"0",0,NA
"8817733",21,"1",4,4100
"8817733",22,"1",4,5000
"8818323",43,"1",4,20200
"8818323",41,"1",4,21800
"8818323",21,"2",4,0
"8818848",18,"1",4,400
"8819567",51,"1",2,60000
"8819567",42,"1",4,27300
"8819567",43,"1",4,4000
"8820941",42,"1",4,4800
"8820941",41,"1",4,30000
"8820941",20,"1",4,19600
"8820941",14,"0",0,NA
"8821134",53,"1",4,35100
"8821134",56,"2",2,15100
"8821583",63,"1",2,20000
"8821583",58,"1",4,27000
"8821872",24,"1",4,1500
"8821872",32,"1",4,20000
"8821872",0,"0",0,NA
"8822372",49,"1",2,42000
"8822372",48,"1",4,8800
"8824348",41,"1",4,39000
"8824348",37,"1",4,19000
"8824348",0,"0",0,NA
"8824756",37,"1",4,75000
"8824756",32,"2",4,0
"8824756",10,"0",0,NA
"8824756",5,"0",0,NA
"8825105",72,"2",4,6400
"8825155",44,"1",4,66000
"8825155",44,"1",4,23000
"8825155",22,"1",4,26800
"8825155",74,"2",4,21600
"8825469",51,"1",4,26000
"8827813",45,"1",4,35000
"8827813",44,"1",4,25000
"8827813",17,"1",4,730
"8827813",14,"0",0,NA
"8827868",79,"2",4,38300
"8827868",82,"2",2,14700
"8827868",51,"2",4,7300
"8828320",83,"2",4,21900
"8831131",32,"1",4,20000
"8831320",41,"1",4,65600
"8831320",39,"1",4,35100
"8831320",8,"0",0,NA
"8831320",2,"0",0,NA
"8831585",33,"1",4,19000
"8831585",23,"1",4,9000
"8831913",32,"1",2,25100
"8831913",38,"1",4,27200
"8831913",6,"0",0,NA
"8831914",67,"1",2,18000
"8831914",50,"1",4,38000
"8831914",93,"2",4,11700
"8833124",38,"2",4,23000
"8834215",62,"2",4,760
"8834215",62,"1",2,29300
"8834266",19,"1",4,12000
"8834344",60,"1",3,57200
"8834374",48,"2",4,0
"8834374",42,"1",4,7800
"8834374",15,"0",0,6000
"8834374",9,"0",0,NA
"8834539",35,"1",4,25600
"8834539",29,"1",3,30000
"8834539",16,"2",0,0
"8834539",11,"0",0,NA
"8834839",73,"2",4,11300
"8834839",51,"1",4,20300
"8834839",59,"2",2,0
"8835130",26,"1",4,17000
"8835839",88,"2",2,8500
"8836043",32,"1",4,34000
"8836043",32,"1",4,7500
"8836043",4,"0",0,NA
"8836867",76,"2",4,42600
"8836867",73,"2",4,8000
"8837419",27,"1",4,17000
"8837419",32,"1",4,16000
"8837419",7,"0",0,NA
"8837419",5,"0",0,NA
"8837419",1,"0",0,NA
"8837760",30,"1",4,21000
"8837760",35,"1",4,26000
"8837760",9,"0",0,NA
"8837760",6,"0",0,NA
"8837760",0,"0",0,NA
"8839146",46,"1",4,30040
"8839146",51,"1",4,35000
"8839146",13,"0",0,NA
"8839146",11,"0",0,NA
"8839410",38,"1",4,30000
"8839410",36,"1",1,27800
"8839410",6,"0",0,NA
"8839410",4,"0",0,NA
"8839410",1,"0",0,NA
"8840299",85,"2",4,7100
"8841142",60,"2",4,18000
"8841240",24,"1",4,11680
"8841240",26,"1",4,19900
"8841240",0,"0",0,NA
"8842476",55,"1",2,39000
"8842476",60,"1",4,15000
"8842542",37,"1",4,71000
"8842542",36,"2",4,1200
"8842542",12,"0",0,NA
"8842542",10,"0",0,NA
"8842542",7,"0",0,NA
"8842542",4,"0",0,NA
"8843180",43,"1",4,24200
"8843180",41,"1",4,6000
"8843612",21,"1",4,2000
"8846389",58,"1",4,112000
"8847519",63,"2",4,14500
"8847519",59,"1",4,5000
"8849215",62,"1",2,39000
"8849215",52,"1",4,6800
"8849215",86,"2",4,23200
"8850158",83,"2",4,8300
"8850158",58,"1",4,26500
"8850493",72,"1",4,21700
"8850493",76,"1",2,15000
"8851435",77,"2",4,11300
"8852116",59,"1",4,53800
"8852116",61,"1",4,20000
"8852116",23,"2",4,0
"8853103",39,"1",4,51900
"8853103",34,"2",4,0
"8853103",7,"0",0,NA
"8853103",3,"0",0,NA
"8853742",54,"1",2,86000
"8853742",51,"1",4,18000
"8854151",56,"2",2,22500
"8854151",54,"2",4,-10000
"8854789",35,"1",4,29000
"8854789",26,"1",4,24900
"8854789",20,"1",4,4000
"8856163",68,"1",4,31000
"8857050",60,"1",4,32000
"8857050",81,"2",4,8700
"8857264",34,"1",2,33100
"8857264",34,"1",4,31400
"8857264",5,"0",0,NA
"8859975",29,"1",4,29500
"8859975",26,"1",4,14800
"8859975",10,"0",0,NA
"8860029",35,"1",4,27000
"8860029",15,"0",0,6500
"8860029",12,"0",0,NA
"8860029",11,"0",0,NA
"8861525",21,"1",4,7000
"8861525",21,"1",4,5000
"8863248",72,"2",4,5450
"8863248",68,"2",4,5370
"8865186",39,"2",4,4800
"8865186",43,"1",4,2700
"8865186",43,"2",4,6800
"8865186",19,"1",4,200
"8865186",19,"1",4,200
"8865763",51,"1",2,99700
"8865763",46,"1",4,10200
"8867199",36,"1",4,46500
"8867199",34,"1",4,20000
"8867199",0,"0",0,NA
"8868261",53,"1",4,27100
"8868261",44,"1",4,21200
"8868261",14,"0",0,NA
"8869016",53,"1",2,16000
"8869759",74,"2",2,9200
"8869759",69,"2",4,10600
"8869989",61,"1",4,43600
"8869989",10,"0",0,NA
"8869989",9,"0",0,NA
"8870964",61,"2",3,0
"8870964",60,"1",3,34000
"8871253",57,"2",4,12600
"8871253",51,"1",4,39700
"8871323",20,"1",4,1400
"8872130",64,"1",4,25870
"8872248",65,"2",4,1100
"8872248",62,"1",4,25000
"8872537",78,"2",4,180100
"8873281",36,"1",2,28000
"8873281",29,"1",4,18000
"8873281",9,"0",0,NA
"8873281",8,"0",0,NA
"8873281",4,"0",0,NA
"8874275",47,"1",4,43000
"8874275",17,"2",4,0
"8874275",82,"2",4,9000
"8874857",63,"1",4,18000
"8875713",64,"2",4,5100
"8875713",62,"1",4,12800
"8876370",36,"1",2,11700
"8876370",12,"0",0,NA
"8876370",11,"0",0,NA
"8876370",7,"0",0,NA
"8876370",3,"0",0,NA
"8876370",41,"1",4,17000
"8877522",34,"1",4,58000
"8877522",39,"1",4,11800
"8877522",10,"0",0,NA
"8877522",6,"0",0,NA
"8878226",93,"2",4,9200
"8878699",78,"2",4,15930
"8878699",75,"2",4,6100
"8878996",48,"1",4,33000
"8878996",45,"1",4,19000
"8879674",28,"1",4,26000
"8879674",28,"1",4,29000
"8879956",63,"1",2,40000
"8879956",64,"1",4,8000
"8879956",30,"2",4,6900
"8880336",32,"1",2,31360
"8880336",33,"2",4,7600
"8880336",14,"0",0,NA
"8880959",44,"1",4,78000
"8881218",40,"1",2,20200
"8881650",38,"1",4,3340
"8881650",40,"1",4,37040
"8881650",15,"0",0,200
"8881650",12,"0",0,NA
"8881650",10,"0",0,NA
"8881650",9,"0",0,NA
"8881650",7,"0",0,NA
"8883000",48,"1",4,40800
"8883000",42,"2",4,7400
"8883000",11,"0",0,NA
"8883770",49,"2",4,7000
"8883770",52,"2",2,36400
"8884720",19,"1",4,2600
"8887430",53,"1",4,45200
"8887430",52,"1",4,26000
"8887511",53,"1",3,33120
"8887511",53,"2",4,0
"8887739",35,"1",4,27050
"8887739",42,"1",4,22000
"8887993",50,"1",4,69750
"8887993",51,"1",4,37900
"8888188",43,"1",4,27000
"8888188",42,"1",4,39000
"8888188",16,"1",0,2500
"8888188",5,"0",0,NA
"8888344",18,"1",4,5000
"8889110",43,"2",4,240
"8889110",41,"1",4,16900
"8889110",11,"0",0,NA
"8889192",70,"2",2,23700
"8889192",67,"2",4,8900
"8889554",21,"1",4,5000
"8894428",64,"2",4,7400
"8894428",61,"1",4,8300
"8895465",52,"1",4,73100
"8895465",46,"1",4,29710
"8895465",13,"0",0,NA
"8895465",10,"0",0,NA
"8895918",45,"1",4,60000
"8895918",45,"1",4,38000
"8897150",18,"2",4,0
"8897167",42,"1",4,43300
"8897167",37,"1",4,25300
"8897167",3,"0",0,NA
"8897167",13,"0",0,NA
"8897167",10,"0",0,NA
"8897883",41,"1",4,64400
"8897883",39,"1",4,80000
"8897883",13,"0",0,NA
"8897883",11,"0",0,NA
"8898651",42,"1",2,33500
"8898651",44,"1",2,35700
"8898651",14,"0",0,NA
"8898651",11,"0",0,NA
"8898883",29,"1",4,33500
"8898883",27,"1",3,30000
"8898883",79,"2",4,17100
"8901091",40,"1",4,35000
"8901091",36,"1",4,5000
"8901091",16,"2",0,0
"8901091",11,"0",0,NA
"8901091",5,"0",0,NA
"8904196",69,"1",2,10000
"8904196",63,"2",4,23000
"8904527",67,"1",4,16750
"8905536",38,"1",4,5660
"8906278",68,"2",2,13260
"8907634",40,"1",4,37000
"8907634",37,"1",4,200
"8907634",8,"0",0,NA
"8907634",3,"0",0,NA
"8908235",44,"1",4,34000
"8908235",43,"1",4,8000
"8908235",17,"1",4,3000
"8908235",12,"0",0,NA
"8908235",9,"0",0,NA
"8909211",84,"2",2,39850
"8909394",48,"1",3,130200
"8909394",48,"1",4,56000
"8910551",72,"2",2,25600
"8910551",65,"2",4,5500
"8910905",79,"2",3,7800
"8911267",75,"2",4,32000
"8911835",71,"2",3,113300
"8914092",61,"1",4,66000
"8914092",59,"1",4,10000
"8914131",83,"2",4,7100
"8914149",33,"1",4,29000
"8914149",33,"1",4,26000
"8914149",0,"0",0,NA
"8914976",59,"1",3,28030
"8914976",59,"1",4,22300
"8915637",28,"2",4,0
"8915637",30,"1",4,28000
"8915637",7,"0",0,NA
"8915637",6,"0",0,NA
"8915834",36,"1",4,53600
"8915834",8,"0",0,NA
"8917031",69,"2",4,2900
"8917442",46,"1",4,50000
"8917442",47,"2",4,0
"8917442",5,"0",0,NA
"8917727",47,"1",4,58070
"8917727",47,"1",4,33030
"8917727",16,"2",0,0
"8917727",14,"0",0,NA
"8920341",18,"1",4,9800
"8920352",72,"1",4,46200
"8920552",40,"1",4,15000
"8920552",44,"1",4,20500
"8920552",16,"1",0,3200
"8921552",41,"1",4,21090
"8921552",40,"1",4,47090
"8921552",17,"2",4,10
"8921552",14,"0",0,NA
"8922348",46,"1",4,28000
"8922348",39,"1",4,27600
"8922831",49,"1",2,33130
"8922831",49,"1",4,7800
"8925874",53,"1",4,12500
"8925874",63,"1",4,35900
"8926706",48,"1",4,24000
"8926706",42,"1",4,3600
"8926706",6,"0",0,NA
"8927270",42,"1",4,30470
"8927270",38,"1",4,32300
"8927270",13,"0",0,NA
"8927270",3,"0",0,NA
"8928542",35,"1",4,9300
"8928542",10,"0",0,NA
"8928542",3,"0",0,NA
"8929410",35,"1",4,33490
"8929410",34,"1",4,48300
"8929795",46,"1",4,80000
"8929795",40,"1",4,160000
"8929795",9,"0",0,NA
"8930251",57,"1",4,60000
"8931884",44,"1",4,20030
"8936256",49,"1",4,14050
"8936256",47,"1",2,17700
"8938012",35,"1",4,50000
"8938012",30,"1",4,29000
"8938012",5,"0",0,NA
"8938012",2,"0",0,NA
"8938012",0,"0",0,NA
"8938079",50,"1",2,79100
"8938079",48,"1",4,42000
"8938079",14,"0",0,NA
"8940082",29,"1",4,51000
"8940346",50,"1",2,27000
"8940346",38,"1",4,16300
"8940346",13,"0",0,NA
"8940346",10,"0",0,NA
"8941632",45,"1",4,19700
"8941632",38,"1",4,10400
"8941632",15,"0",0,1930
"8941632",11,"0",0,NA
"8942725",40,"1",4,40200
"8942725",15,"0",0,0
"8942921",28,"1",4,20750
"8942921",11,"0",0,NA
"8942921",5,"0",0,NA
"8943411",18,"2",4,2000
"8943558",31,"1",4,28000
"8943558",28,"1",4,8000
"8943558",9,"0",0,NA
"8943558",2,"0",0,NA
"8943995",37,"1",4,38000
"8943995",34,"1",4,24000
"8943995",2,"0",0,NA
"8943995",0,"0",0,NA
"8944754",56,"1",2,27800
"8944754",51,"1",4,7500
"8944754",19,"1",4,700
"8945058",50,"1",4,23000
"8945058",51,"1",4,44000
"8945058",29,"1",4,13000
"8945058",24,"2",4,0
"8947497",43,"1",4,31100
"8947497",45,"1",4,17400
"8947497",9,"0",0,NA
"8947497",77,"2",2,14600
"8947497",73,"2",4,4800
"8947510",33,"1",4,145000
"8947510",37,"1",4,65000
"8947510",6,"0",0,NA
"8947510",4,"0",0,NA
"8947510",2,"0",0,NA
"8947648",85,"2",4,0
"8948574",31,"1",4,40000
"8949101",46,"1",2,19020
"8949638",85,"2",4,3700
"8950683",45,"1",4,35320
"8950683",45,"1",4,21400
"8950683",15,"0",0,0
"8950683",12,"0",0,NA
"8950902",53,"1",2,46500
"8950902",48,"1",4,30000
"8950902",14,"0",0,NA
"8950902",11,"0",0,NA
"8951730",50,"1",4,63320
"8951730",51,"1",4,48900
"8951970",52,"1",4,92000
"8951970",51,"1",4,10000
"8952412",38,"1",4,130000
"8952412",38,"2",4,0
"8952412",5,"0",0,NA
"8952412",4,"0",0,NA
"8952412",1,"0",0,NA
"8952422",37,"1",4,51160
"8952949",51,"1",2,2370
"8952949",50,"1",4,20900
"8953026",55,"1",4,31500
"8953198",89,"2",4,7300
"8953198",93,"2",4,7700
"8954221",71,"1",4,28800
"8956683",51,"1",2,57000
"8956683",52,"1",4,10000
"8956873",42,"1",4,52000
"8956873",49,"1",2,53000
"8956873",17,"1",4,1200
"8956873",15,"0",0,600
"8957095",48,"1",4,99890
"8957095",48,"1",4,16300
"8957325",51,"1",4,25000
"8957325",51,"1",4,25000
"8957325",28,"1",4,25000
"8957778",35,"1",4,24500
"8957778",8,"0",0,NA
"8957778",22,"1",4,5000
"8958490",30,"1",4,23000
"8958490",41,"1",4,48000
"8958816",93,"2",2,10000
"8959919",19,"1",4,4200
"8960700",45,"1",4,27000
"8960700",37,"1",4,45200
"8960700",18,"1",4,5490
"8960711",36,"2",4,3710
"8960904",30,"1",4,18710
"8960904",3,"0",0,NA
"8960904",2,"0",0,NA
"8960904",29,"2",4,1170
"8961523",47,"1",4,35000
"8961523",39,"1",4,31700
"8961523",17,"1",4,1000
"8961523",16,"1",0,800
"8961523",10,"0",0,NA
"8961523",5,"0",0,NA
"8963915",80,"2",4,17000
"8964477",37,"1",4,30000
"8964477",35,"1",4,27000
"8964477",15,"0",0,0
"8965591",63,"2",4,6920
"8965717",34,"1",4,50140
"8965717",33,"1",4,38000
"8965717",4,"0",0,NA
"8965717",2,"0",0,NA
"8966047",36,"1",4,32600
"8966047",35,"1",4,30000
"8966047",8,"0",0,NA
"8966320",61,"1",4,38300
"8967111",46,"1",4,6000
"8967111",12,"0",0,NA
"8967111",44,"1",4,31700
"8969224",50,"1",4,25540
"8969224",54,"1",4,104000
"8969611",49,"1",3,600
"8969611",47,"1",4,7700
"8970119",52,"1",4,160
"8970119",47,"1",4,9500
"8970119",57,"1",4,7700
"8970172",50,"1",4,30000
"8970172",46,"1",2,1e+05
"8970172",8,"0",0,NA
"8971553",18,"1",4,810
"8972124",78,"2",2,15900
"8972124",74,"2",4,6400
"8975408",31,"1",4,37100
"8975408",32,"2",4,100
"8975408",1,"0",0,NA
"8978678",67,"2",2,16200
"8978678",67,"2",2,4900
"8978678",41,"1",2,20200
"8978736",25,"2",4,0
"8978736",28,"1",4,20800
"8978736",2,"0",0,NA
"8979919",76,"2",2,11180
"8980006",40,"1",4,41550
"8980006",16,"1",0,1300
"8980006",13,"0",0,NA
"8980549",89,"2",4,8300
"8981375",72,"2",4,121200
"8982030",44,"1",2,60000
"8982030",41,"2",4,1600
"8982030",9,"0",0,NA
"8982030",7,"0",0,NA
"8982030",5,"0",0,NA
"8982030",14,"0",0,NA
"8982047",19,"1",4,1500
"8982849",83,"2",4,22000
"8982975",57,"1",2,1e+05
"8984877",50,"1",2,23000
"8984877",40,"1",4,15000
"8984877",17,"1",4,1800
"8986288",55,"1",2,50620
"8986288",51,"2",4,0
"8987142",30,"1",2,20000
"8987478",75,"1",2,13600
"8987478",69,"2",4,3200
"8987903",27,"1",4,17500
"8987903",26,"1",4,18300
"8988612",41,"1",4,6500
"8988612",41,"1",4,16000
"8988612",18,"1",4,600
"8988612",15,"0",0,1000
"8988612",12,"0",0,NA
"8992192",74,"2",4,6930
"8992755",34,"1",4,17000
"8992755",23,"1",4,3000
"8993475",65,"2",2,55600
"8993475",64,"2",4,22000
"8993610",75,"2",2,14200
"8993610",71,"2",4,5100
"8994332",46,"1",4,39500
"8994332",39,"1",4,28200
"8995518",47,"1",4,34100
"8995518",48,"2",4,0
"8995518",28,"1",4,24700
"8995518",7,"0",0,NA
"8996188",33,"1",4,57000
"8996188",31,"1",4,2300
"8996188",13,"0",0,NA
"8996188",11,"0",0,NA
"8996188",2,"0",0,NA
"8997140",53,"1",4,31100
"8998100",44,"1",4,33210
"8998100",46,"1",4,16700
"8998100",17,"1",4,1700
"8998100",15,"0",0,0
"8998305",21,"1",4,28000
"8998305",20,"1",4,1500
"9000621",89,"2",4,20400
"9000783",53,"1",2,75200
"9000783",50,"1",4,42200
"9002559",39,"1",4,31900
"9002559",36,"1",4,30150
"9002559",9,"0",0,NA
"9002559",2,"0",0,NA
"9007386",56,"1",4,29300
"9007386",59,"1",4,40000
"9007527",82,"2",4,10700
"9007527",79,"2",4,0
"9007666",46,"1",2,27000
"9007666",43,"1",4,7000
"9007666",13,"0",0,NA
"9007666",9,"0",0,NA
"9009015",43,"1",4,11140
"9009015",33,"1",2,2400
"9009261",30,"1",4,23340
"9009261",6,"0",0,NA
"9009261",3,"0",0,NA
"9009261",39,"1",4,16710
"9011020",50,"1",4,73300
"9011020",48,"1",4,20700
"9011324",42,"1",4,33050
"9011324",41,"1",4,36500
"9011465",31,"1",4,30000
"9011465",33,"1",4,25000
"9011465",0,"0",0,NA
"9012109",65,"2",4,8400
"9012109",72,"2",4,5300
"9016335",27,"1",4,30000
"9016335",24,"1",4,11000
"9016335",0,"0",0,NA
"9016660",33,"1",4,11400
"9016660",13,"0",0,NA
"9016660",11,"0",0,NA
"9016660",16,"2",0,0
"9016660",39,"2",4,7200
"9017383",45,"1",4,600
"9017383",43,"1",4,25000
"9017616",67,"2",2,11800
"9017616",73,"2",4,1600
"9018628",52,"1",3,53400
"9018628",48,"1",4,1000
"9019313",39,"1",4,81000
"9019313",37,"1",4,25250
"9019813",46,"1",4,57000
"9019813",43,"1",4,14100
"9019813",6,"0",0,NA
"9019813",2,"0",0,NA
"9019813",17,"1",4,510
"9022376",78,"2",4,18200
"9022786",39,"2",4,10800
"9022786",42,"1",2,27200
"9025523",58,"1",4,12000
"9026531",54,"1",2,28600
"9026531",52,"1",4,25000
"9026531",25,"1",4,10300
"9026843",61,"1",4,25000
"9027172",64,"1",2,294300
"9027490",77,"2",2,9900
"9027575",44,"1",4,34000
"9027575",32,"1",4,15000
"9027776",40,"1",2,27500
"9027776",13,"0",0,NA
"9027776",7,"0",0,NA
"9027776",4,"0",0,NA
"9028226",21,"1",4,7100
"9031829",71,"2",2,18000
"9031829",75,"2",4,4800
"9032133",66,"2",2,9300
"9032133",60,"1",4,1600
"9032369",31,"1",4,45000
"9032369",25,"1",4,35000
"9033902",45,"1",4,18200
"9035216",61,"2",4,7700
"9035542",69,"2",2,18300
"9035542",62,"1",4,29530
"9035772",71,"2",4,54300
"9036793",58,"1",4,47670
"9036793",57,"1",4,8070
"9036793",22,"1",4,15250
"9037160",52,"1",4,14420
"9037160",15,"0",0,1700
"9039791",65,"1",2,3300
"9039791",63,"2",4,0
"9040644",38,"1",4,35200
"9040644",12,"0",0,NA
"9040644",37,"1",4,59000
"9041714",45,"1",4,50004
"9041714",44,"1",4,21600
"9041714",17,"1",4,9200
"9042960",21,"1",4,12000
"9042996",40,"1",4,25000
"9042996",41,"1",4,30000
"9042996",16,"2",0,0
"9042996",14,"0",0,NA
"9043774",46,"1",2,33004
"9043774",38,"1",4,6000
"9043774",9,"0",0,NA
"9043774",8,"0",0,NA
"9043941",28,"1",4,14400
"9044321",55,"1",4,23000
"9045576",55,"1",3,103000
"9045576",40,"1",4,7000
"9045669",32,"1",4,17500
"9047396",64,"1",4,45000
"9047396",63,"2",4,0
"9047588",81,"2",2,0
"9047588",85,"2",4,71200
"9050300",32,"1",4,32000
"9050300",33,"1",4,28000
"9050300",3,"0",0,NA
"9050859",19,"1",4,2000
"9052469",55,"1",4,25000
"9052469",51,"1",4,20800
"9052586",28,"1",4,14000
"9053417",24,"1",4,15400
"9053417",7,"0",0,NA
"9053747",38,"1",4,22900
"9053747",30,"1",4,20990
"9054709",46,"1",4,23000
"9054709",14,"0",0,NA
"9056635",93,"2",4,113400
"9057034",49,"1",4,60000
"9057034",45,"1",4,16000
"9057034",17,"1",4,2500
"9057034",12,"0",0,NA
"9058343",25,"1",3,33000
"9058343",1,"0",0,NA
"9058343",23,"1",4,19300
"9058965",53,"1",4,15000
"9058965",15,"0",0,100
"9058965",13,"0",0,NA
"9059490",79,"2",4,15880
"9060428",77,"2",3,19300
"9060428",78,"2",4,8000
"9060496",23,"1",4,17000
"9060496",25,"1",4,15500
"9060496",22,"1",4,6100
"9060663",38,"1",4,20000
"9060663",30,"1",4,8000
"9060881",45,"1",4,27000
"9060881",45,"1",4,32000
"9060881",16,"2",0,0
"9060945",28,"1",4,28600
"9060945",24,"1",4,15300
"9061256",14,"0",0,NA
"9061731",32,"1",2,48000
"9061731",33,"1",4,48000
"9061731",7,"0",0,NA
"9061731",5,"0",0,NA
"9062872",46,"1",4,33700
"9062872",47,"1",4,13000
"9063879",26,"1",2,17300
"9063879",27,"1",4,18200
"9063879",3,"0",0,NA
"9063879",1,"0",0,NA
"9064278",41,"1",4,48000
"9064278",16,"2",0,0
"9064278",13,"0",0,NA
"9064582",18,"1",4,1500
"9065177",36,"1",4,37600
"9065177",2,"0",0,NA
"9065177",35,"1",4,32310
"9066011",36,"1",4,28000
"9066011",37,"1",4,28000
"9066967",70,"1",4,29000
"9067164",36,"1",4,50000
"9067164",35,"2",4,0
"9067164",6,"0",0,NA
"9067164",1,"0",0,NA
"9067275",44,"1",4,75200
"9067275",47,"1",4,90060
"9067275",12,"0",0,NA
"9067275",9,"0",0,NA
"9071639",79,"2",2,2300
"9071806",84,"2",4,24000
"9071806",53,"2",2,0
"9072600",49,"1",3,48200
"9072600",46,"1",4,38000
"9072600",15,"0",0,0
"9072896",62,"1",2,19000
"9072896",59,"1",4,17000
"9075805",61,"1",4,9540
"9077577",40,"1",4,27200
"9078903",35,"1",4,21000
"9078903",48,"1",4,26000
"9079390",38,"1",4,6310
"9079390",30,"1",4,72000
"9080384",34,"1",4,34000
"9080384",11,"0",0,NA
"9080384",9,"0",0,NA
"9080384",7,"0",0,NA
"9080750",18,"1",4,1000
"9080926",32,"1",4,25600
"9080926",14,"0",0,NA
"9080926",10,"0",0,NA
"9080926",29,"1",4,35960
"9080926",8,"0",0,NA
"9081092",77,"2",2,19000
"9081092",25,"1",4,24000
"9084429",32,"1",4,29000
"9084429",31,"1",4,21000
"9084429",6,"0",0,NA
"9084565",17,"1",4,1000
"9085663",59,"1",4,34000
"9085663",56,"1",4,25000
"9087929",49,"1",4,32580
"9088038",93,"2",4,20000
"9088322",64,"2",4,8920
"9088322",69,"1",4,21300
"9088468",19,"1",4,2400
"9090058",19,"1",3,3120
"9090295",28,"1",4,18800
"9090295",8,"0",0,NA
"9090295",33,"1",4,45000
"9090295",30,"1",4,25000
"9090295",30,"1",4,20000
"9093529",44,"1",2,25000
"9093529",43,"1",4,28000
"9094999",73,"1",4,28000
"9094999",72,"2",4,23480
"9094999",42,"1",4,33000
"9096579",69,"2",4,8800
"9096579",68,"2",4,13200
"9099086",41,"1",4,26000
"9099086",40,"1",4,23000
"9099086",13,"0",0,NA
"9099295",41,"1",4,30000
"9099295",38,"2",4,0
"9099295",4,"0",0,NA
"9099295",1,"0",0,NA
"9099347",20,"1",4,220
"9099496",46,"1",4,36300
"9099496",41,"1",4,38000
"9099496",8,"0",0,NA
"9099496",5,"0",0,NA
"9100933",50,"1",4,46000
"9101691",72,"1",2,20270
"9101691",66,"1",4,10910
"9102211",40,"1",2,102000
"9102211",32,"2",4,0
"9102211",52,"1",4,15000
"9103174",38,"1",4,16400
"9103174",35,"1",4,12000
"9103388",42,"1",4,36000
"9103388",39,"1",4,31500
"9103388",19,"1",4,3600
"9103388",9,"0",0,NA
"9103388",7,"0",0,NA
"9103502",33,"1",4,34490
"9103502",11,"0",0,NA
"9103502",7,"0",0,NA
"9104076",37,"1",4,35000
"9105350",51,"1",4,70200
"9105350",57,"1",4,6900
"9106754",39,"1",4,14400
"9106754",15,"0",0,0
"9106754",13,"0",0,NA
"9106754",41,"1",2,25480
"9106974",34,"1",4,70000
"9106974",31,"1",4,19440
"9107577",18,"1",4,1000
"9107948",53,"1",4,27000
"9109305",56,"2",4,6500
"9110235",19,"1",4,6500
"9111343",43,"1",4,36000
"9111343",37,"1",4,15000
"9111343",8,"0",0,NA
"9111343",4,"0",0,NA
"9111832",55,"1",2,11700
"9113947",74,"2",4,48000
"9115047",60,"1",3,36900
"9115047",65,"1",4,31270
"9115625",21,"1",4,12400
"9115625",23,"1",4,25900
"9116122",49,"1",4,19700
"9116637",45,"1",4,34000
"9117174",33,"1",4,24000
"9117174",33,"1",4,31100
"9117962",39,"1",4,9400
"9117962",40,"1",4,35000
"9117962",14,"0",0,NA
"9119236",57,"1",2,31100
"9119236",57,"1",4,12000
"9122389",41,"1",4,32090
"9122389",38,"1",4,8400
"9122389",16,"1",0,2100
"9122389",9,"0",0,NA
"9123428",64,"1",4,9330
"9123654",53,"1",2,45500
"9123654",43,"1",4,35000
"9123654",12,"0",0,NA
"9123654",8,"0",0,NA
"9124137",62,"1",4,185500
"9124137",61,"1",4,87000
"9125053",70,"2",2,23030
"9125053",60,"1",4,9320
"9125053",18,"2",4,7310
"9127972",78,"2",4,8600
"9128537",26,"1",4,17500
"9128537",8,"0",0,NA
"9128537",3,"0",0,NA
"9129806",74,"2",2,16820
"9129806",75,"2",4,2600
"9129831",37,"1",4,4000
"9129831",39,"1",4,48000
"9129831",9,"0",0,NA
"9129831",6,"0",0,NA
"9131478",53,"2",4,105000
"9131928",30,"1",4,31800
"9134918",35,"1",4,36600
"9134918",41,"1",4,36300
"9134918",11,"0",0,NA
"9134918",6,"0",0,NA
"9134918",5,"0",0,NA
"9136045",23,"1",4,15000
"9136045",22,"2",4,0
"9136045",22,"1",4,13100
"9136045",21,"1",4,2100
"9136250",25,"1",4,1800
"9136250",28,"1",4,20000
"9136250",20,"1",4,2000
"9136250",23,"1",4,20000
"9137784",48,"1",4,15000
"9137784",22,"1",4,35000
"9137946",57,"1",4,37300
"9137946",30,"1",2,30000
"9137946",20,"1",4,18800
"9138044",48,"1",4,84840
"9138044",48,"1",4,26000
"9138044",19,"1",4,16500
"9138044",15,"0",0,0
"9138295",68,"2",2,9930
"9138295",73,"2",4,8400
"9139478",23,"1",4,25000
"9139478",21,"2",4,0
"9139478",2,"0",0,NA
"9139478",1,"0",0,NA
"9139478",17,"1",4,8200
"9141015",78,"2",4,20000
"9141015",71,"2",4,4700
"9141307",42,"1",4,95100
"9141307",44,"2",4,0
"9142171",29,"1",2,42700
"9142171",3,"0",0,NA
"9142171",27,"1",4,18500
"9143874",45,"1",4,27000
"9145032",68,"2",4,25900
"9145040",49,"1",4,4900
"9145040",46,"1",4,4600
"9146150",30,"1",4,6200
"9146150",29,"1",4,12000
"9146150",6,"0",0,NA
"9146150",4,"0",0,NA
"9148089",77,"2",4,23200
"9148720",45,"1",2,50000
"9148720",42,"1",4,4300
"9148720",17,"2",4,0
"9148720",14,"0",0,NA
"9148720",13,"0",0,NA
"9148720",5,"0",0,NA
"9149086",45,"2",4,10200
"9150107",19,"1",4,19800
"9150107",20,"1",4,4000
"9150694",58,"2",4,8000
"9151299",18,"1",4,4810
"9151793",38,"1",4,26000
"9151842",31,"1",4,15500
"9151842",1,"0",0,NA
"9151842",1,"0",0,NA
"9151842",34,"1",4,309000
"9152726",93,"2",4,167000
"9154367",42,"1",4,6000
"9154367",19,"1",4,8000
"9154367",19,"1",4,4000
"9155235",38,"1",4,93500
"9155235",43,"2",4,0
"9155235",12,"0",0,NA
"9155235",9,"0",0,NA
"9155235",7,"0",0,NA
"9158293",40,"1",4,42920
"9160455",49,"1",4,53790
"9160455",47,"1",4,3340
"9160455",8,"0",0,NA
"9160455",6,"0",0,NA
"9161161",47,"1",4,58000
"9161161",46,"1",4,63000
"9161161",16,"1",0,1800
"9162795",56,"1",4,32000
"9162795",52,"1",4,29700
"9163798",93,"2",4,16800
"9163839",75,"2",2,9600
"9163839",61,"2",4,6600
"9164001",46,"1",4,17900
"9164001",46,"1",4,26550
"9164001",15,"0",0,1000
"9165058",51,"2",4,12000
"9165058",22,"1",4,9000
"9165628",50,"1",4,42000
"9165628",51,"1",4,3000
"9165628",13,"0",0,NA
"9165628",10,"0",0,NA
"9166235",74,"2",4,20410
"9166235",62,"2",4,0
"9167861",55,"2",4,0
"9167861",19,"2",4,10300
"9168123",49,"1",2,44010
"9168123",47,"1",4,15500
"9168123",80,"2",4,8900
"9169670",47,"1",4,30000
"9169670",50,"2",4,0
"9170109",41,"1",4,28000
"9170109",40,"1",4,23900
"9170109",21,"1",4,16900
"9170109",78,"2",4,4400
"9170348",49,"1",4,52700
"9170348",51,"1",4,58200
"9170348",17,"2",4,30
"9170348",14,"0",0,NA
"9171215",18,"1",4,6700
"9171747",70,"2",4,120000
"9172075",44,"1",4,24000
"9172772",58,"1",4,50000
"9172885",30,"1",4,6000
"9172885",12,"0",0,NA
"9172885",9,"0",0,NA
"9174013",38,"1",4,30000
"9174013",25,"1",4,11500
"9175315",65,"1",3,309000
"9175315",62,"2",4,20000
"9176739",23,"1",4,11600
"9177010",71,"2",2,4500
"9177718",21,"2",4,0
"9177718",21,"2",4,0
"9178011",62,"1",4,50920
"9178011",57,"1",4,22120
"9178336",64,"2",4,12000
"9180016",53,"1",4,116000
"9180016",44,"1",4,77000
"9180016",10,"0",0,NA
"9180016",7,"0",0,NA
"9181585",51,"1",2,45940
"9181585",50,"1",4,24000
"9181732",37,"1",4,47130
"9181732",17,"1",4,1100
"9181732",11,"0",0,NA
"9182017",38,"2",4,7800
"9182167",86,"2",2,35900
"9182167",65,"2",4,9600
"9183314",37,"1",4,1300
"9183314",40,"1",4,50000
"9183314",14,"0",0,NA
"9183314",12,"0",0,NA
"9183314",7,"0",0,NA
"9183314",5,"0",0,NA
"9183390",31,"1",2,28400
"9183390",24,"1",4,18300
"9186483",67,"1",4,14000
"9187449",53,"1",4,58000
"9187449",46,"1",4,21000
"9187755",47,"1",4,22700
"9187755",61,"2",3,21700
"9187755",16,"2",0,0
"9187755",16,"1",0,1300
"9188391",57,"1",4,42590
"9188391",55,"1",4,73000
"9190184",42,"2",4,4800
"9190184",37,"1",4,15600
"9190184",17,"1",4,9600
"9190184",13,"0",0,NA
"9190374",65,"1",4,10700
"9190374",36,"1",4,14000
"9190482",83,"2",3,22200
"9192506",39,"1",4,25000
"9192506",13,"0",0,NA
"9193520",47,"1",4,37200
"9193520",39,"1",4,32000
"9193520",10,"0",0,NA
"9193520",8,"0",0,NA
"9195134",56,"1",4,2800
"9195535",43,"1",4,3400
"9195535",46,"1",4,75000
"9195535",12,"0",0,NA
"9195535",9,"0",0,NA
"9195535",7,"0",0,NA
"9195949",16,"2",0,0
"9197092",34,"1",4,75000
"9197092",33,"1",4,26000
"9197092",0,"0",0,NA
"9197986",24,"1",4,6200
"9198910",65,"2",4,6800
"9198910",55,"2",4,5100
"9198910",29,"1",4,5900
"9198910",25,"1",4,1500
"9198910",8,"0",0,NA
"9198910",5,"0",0,NA
"9200509",26,"1",4,26020
"9200509",23,"1",4,1000
"9200641",42,"1",4,30000
"9200641",45,"1",4,30000
"9201399",49,"1",4,15000
"9201526",45,"1",4,20690
"9201526",46,"1",4,37590
"9201526",11,"0",0,NA
"9202557",70,"1",4,29700
"9202557",32,"2",4,8800
"9203745",32,"1",4,30000
"9203745",35,"1",4,5000
"9204829",33,"1",4,63600
"9206009",47,"1",4,11900
"9206009",46,"2",4,0
"9206009",17,"2",4,560
"9208055",31,"1",4,25400
"9208055",8,"0",0,NA
"9208055",6,"0",0,NA
"9208055",25,"1",4,21000
"9208120",58,"1",3,50530
"9208120",42,"1",4,17000
"9208150",43,"1",4,37200
"9208150",43,"1",4,20700
"9208150",16,"1",0,130
"9208150",11,"0",0,NA
"9208150",2,"0",0,NA
"9208885",57,"2",4,7300
"9209466",75,"2",2,8800
"9210447",73,"2",4,26900
"9210447",87,"2",4,28100
"9210447",39,"1",4,5360
"9211130",46,"1",4,38500
"9211130",44,"1",4,36000
"9211802",48,"1",4,83000
"9211802",48,"1",4,3000
"9211802",16,"1",0,860
"9212551",58,"1",4,8000
"9212551",48,"1",4,17000
"9212911",51,"1",2,32300
"9212911",51,"1",4,23900
"9212911",17,"1",4,1800
"9212911",11,"0",0,NA
"9212911",75,"2",4,9900
"9212911",77,"2",4,7100
"9214244",74,"1",4,11800
"9215453",32,"1",4,33000
"9215453",32,"1",4,22000
"9215453",4,"0",0,NA
"9215453",1,"0",0,NA
"9215939",54,"1",4,37790
"9216438",71,"2",4,5600
"9217042",51,"1",4,6500
"9217074",32,"1",4,31000
"9217074",31,"1",4,8200
"9217074",9,"0",0,NA
"9217074",6,"0",0,NA
"9217402",53,"1",2,32000
"9217402",44,"1",4,28000
"9217402",18,"1",4,4700
"9218195",42,"1",4,41500
"9218195",36,"1",4,20800
"9219080",51,"1",4,27000
"9219080",28,"1",4,25000
"9219443",49,"1",4,117800
"9219443",47,"2",4,0
"9219443",16,"1",0,2000
"9219443",12,"0",0,NA
"9219443",14,"0",0,NA
"9219443",22,"1",4,12000
"9219636",35,"1",4,29000
"9219636",33,"1",4,27000
"9219636",4,"0",0,NA
"9219743",30,"1",4,40000
"9219743",29,"1",4,18600
"9220932",35,"1",4,44200
"9220932",37,"1",4,17000
"9220932",8,"0",0,NA
"9220932",4,"0",0,NA
"9221822",68,"2",4,11800
"9222548",43,"1",4,39000
"9222548",44,"1",4,7900
"9222548",12,"0",0,NA
"9222548",10,"0",0,NA
"9223608",37,"1",4,18300
"9223608",43,"2",4,0
"9223608",16,"2",0,0
"9223608",12,"0",0,NA
"9224673",19,"1",4,6730
"9225673",43,"2",4,6700
"9225999",55,"2",2,34000
"9225999",53,"1",4,36500
"9225999",71,"2",4,44900
"9226771",56,"1",2,78230
"9226771",51,"1",4,13810
"9227269",35,"1",4,32200
"9227269",34,"2",4,0
"9227269",10,"0",0,NA
"9227269",0,"0",0,NA
"9227305",21,"1",4,1800
"9227624",49,"1",4,22600
"9227624",13,"0",0,NA
"9227925",26,"1",4,19000
"9229302",72,"1",2,30500
"9229302",71,"1",4,10990
"9230471",77,"2",4,17700
"9230471",75,"2",4,4000
"9232580",53,"1",2,14600
"9233974",93,"2",2,16000
"9236453",56,"1",3,21900
"9236453",52,"1",4,49500
"9237187",49,"1",4,43000
"9237187",47,"1",4,19000
"9238085",80,"2",2,14900
"9238085",75,"2",4,5200
"9238174",66,"2",2,11200
"9238174",54,"2",4,0
"9238174",36,"1",4,17030
"9240701",74,"2",4,0
"9240701",43,"1",4,18510
"9240993",53,"1",4,16000
"9240993",50,"1",4,22000
"9240993",15,"0",0,5600
"9240993",12,"0",0,NA
"9241342",36,"1",4,23000
"9241342",38,"1",4,15200
"9241342",15,"0",0,1500
"9241623",41,"1",4,27000
"9241623",43,"1",4,25400
"9241623",18,"1",4,5400
"9243819",68,"2",4,9000
"9244651",29,"1",4,44000
"9244651",38,"1",4,37500
"9244651",13,"0",0,NA
"9244859",56,"1",2,18500
"9244961",77,"2",4,9400
"9245636",52,"1",4,16000
"9245636",56,"1",4,23000
"9245636",19,"1",4,4200
"9246570",41,"1",4,38340
"9246570",45,"1",4,62000
"9246692",39,"1",4,24300
"9247223",36,"1",4,46800
"9247223",17,"1",4,3600
"9247223",16,"1",0,1200
"9247223",0,"0",0,NA
"9247467",57,"2",4,0
"9247467",61,"2",2,4000
"9247467",20,"1",4,2300
"9249161",38,"1",4,6900
"9249348",34,"1",4,26000
"9249348",8,"0",0,NA
"9249348",10,"0",0,NA
"9249348",27,"2",4,0
"9250374",60,"1",4,3e+05
"9250416",83,"2",4,6900
"9250855",55,"1",4,10000
"9250855",13,"0",0,NA
"9251421",30,"1",4,27000
"9251421",30,"1",4,45000
"9251421",0,"0",0,NA
"9252057",41,"1",4,-6800
"9252057",39,"1",4,9900
"9253905",36,"1",4,29600
"9253905",23,"1",2,20100
"9256097",36,"1",4,12700
"9256265",50,"1",2,60000
"9256265",53,"2",4,0
"9256879",49,"1",4,135800
"9256879",49,"1",4,16500
"9256879",22,"1",4,700
"9256879",20,"1",4,2900
"9257542",38,"1",4,5800
"9257542",39,"1",4,33350
"9257542",7,"0",0,NA
"9257542",6,"0",0,NA
"9257542",6,"0",0,NA
"9257542",4,"0",0,NA
"9257810",93,"2",4,11600
"9258244",33,"1",4,80000
"9258244",31,"1",4,29500
"9258244",3,"0",0,NA
"9258244",3,"0",0,NA
"9258244",9,"0",0,NA
"9259264",41,"1",4,20500
"9259264",36,"1",4,24000
"9259264",16,"1",0,3000
"9259264",15,"0",0,1100
"9261039",49,"1",4,90500
"9261039",51,"1",4,25100
"9261039",16,"1",0,250
"9261039",15,"0",0,100
"9261039",12,"0",0,NA
"9261818",88,"2",4,4800
"9261895",79,"2",4,14020
"9261895",74,"2",4,13920
"9262049",73,"2",4,10600
"9263594",29,"2",4,7400
"9263594",6,"0",0,NA
"9263594",2,"0",0,NA
"9263896",78,"2",4,9700
"9263932",68,"1",2,32900
"9263932",72,"1",4,11660
"9264787",51,"1",4,30220
"9264787",51,"1",4,24500
"9264787",16,"1",0,1400
"9265034",58,"1",4,45200
"9265806",53,"1",4,14000
"9265806",57,"1",4,13000
"9267325",64,"1",4,38700
"9267325",65,"2",4,0
"9267568",46,"1",4,36800
"9267568",53,"2",4,2500
"9267645",51,"1",3,32000
"9267645",49,"1",4,34000
"9269264",19,"1",4,12000
"9269264",21,"1",4,14000
"9269264",2,"0",0,NA
"9270116",44,"1",3,25000
"9270116",42,"1",4,40000
"9270889",59,"1",4,24760
"9271185",80,"2",4,11100
"9271269",25,"1",4,25000
"9271269",24,"1",2,8000
"9271457",51,"1",2,65200
"9271457",49,"1",4,22000
"9271457",24,"1",4,16000
"9271483",44,"1",4,25600
"9271483",42,"2",4,0
"9271483",15,"0",0,0
"9271483",12,"0",0,NA
"9271483",5,"0",0,NA
"9271528",19,"1",4,10600
"9271528",0,"0",0,NA
"9271528",17,"2",4,920
"9271567",47,"1",4,35050
"9271567",48,"1",4,12000
"9271567",16,"1",0,380
"9271567",11,"0",0,NA
"9271647",25,"1",4,15000
"9271647",25,"1",4,35000
"9272517",36,"1",4,46100
"9272517",36,"1",4,20000
"9272517",14,"0",0,NA
"9272517",11,"0",0,NA
"9272648",50,"1",4,44500
"9272648",48,"1",4,16000
"9272648",21,"2",4,0
"9272648",15,"0",0,0
"9272729",52,"1",4,13780
"9272729",41,"1",4,73480
"9273691",60,"1",4,86000
"9273794",47,"1",4,19000
"9273794",20,"1",4,8000
"9275665",58,"1",3,15000
"9275665",55,"1",4,640
"9275807",46,"1",4,55000
"9275807",51,"1",4,11900
"9276130",34,"1",4,25000
"9277978",41,"1",4,49500
"9277978",39,"1",4,12500
"9277978",18,"1",4,9000
"9277978",1,"0",0,NA
"9277978",0,"0",0,NA
"9278698",70,"1",4,13400
"9278698",65,"1",4,9800
"9279297",21,"1",4,4120
"9279498",58,"1",2,25200
"9279498",56,"1",4,11000
"9279548",50,"1",4,28400
"9279874",55,"2",4,10200
"9281857",50,"1",4,31400
"9281857",49,"1",4,16100
"9283430",50,"1",4,25000
"9283430",52,"1",4,42200
"9283430",20,"1",4,3000
"9283430",13,"0",0,NA
"9284460",72,"1",2,25600
"9284460",65,"1",4,27000
"9286419",74,"2",4,28100
"9286419",78,"1",4,11700
"9288218",39,"1",4,50150
"9288218",39,"1",4,50000
"9289093",36,"1",4,47500
"9289093",36,"1",4,135000
"9289143",63,"1",2,13000
"9289143",53,"2",4,6700
"9289877",21,"1",4,8000
"9290486",40,"1",2,26500
"9290486",41,"1",4,31400
"9290486",9,"0",0,NA
"9290486",7,"0",0,NA
"9291339",53,"1",4,70300
"9291339",50,"2",4,300
"9291339",31,"1",4,10000
"9292232",34,"1",4,29000
"9292232",29,"2",4,0
"9292232",7,"0",0,NA
"9292232",1,"0",0,NA
"9292956",80,"2",4,8400
"9293097",35,"1",4,55200
"9293097",33,"2",4,5400
"9293097",5,"0",0,NA
"9293097",4,"0",0,NA
"9293788",28,"1",4,26000
"9293788",22,"1",4,20000
"9294034",32,"1",4,19800
"9294034",34,"1",4,25000
"9294221",44,"1",2,1e+05
"9294221",36,"1",4,34000
"9294221",4,"0",0,NA
"9294221",0,"0",0,NA
"9294424",22,"1",4,24000
"9294544",56,"1",2,33000
"9295430",52,"2",4,5000
"9295430",49,"1",4,90000
"9295654",42,"1",4,81000
"9295654",7,"0",0,NA
"9296527",32,"1",4,40400
"9296527",32,"1",4,30800
"9296527",5,"0",0,NA
"9297502",45,"1",4,110000
"9297502",45,"1",4,40000
"9299005",60,"2",2,13000
"9299005",31,"1",4,170
"9299034",93,"2",4,7000
"9299512",26,"1",2,4000
"9299512",2,"0",0,NA
"9299512",23,"1",4,1000
"9299922",93,"2",4,5500
"9299922",81,"2",4,2500
"9300471",20,"1",4,22000
"9300471",27,"1",4,17500
"9300471",28,"1",2,28000
"9301202",50,"1",4,21600
"9302412",84,"2",4,9600
"9304024",62,"1",2,54800
"9304024",58,"2",4,0
"9304024",88,"2",4,54100
"9304127",44,"1",2,27000
"9304127",40,"1",4,25000
"9304127",20,"1",4,20000
"9304127",19,"1",4,13000
"9304127",17,"1",4,3000
"9305008",38,"1",4,16100
"9305008",47,"1",4,22720
"9305274",47,"1",4,44000
"9305274",51,"1",4,28000
"9305274",16,"1",0,600
"9305274",13,"0",0,NA
"9306353",45,"1",4,35000
"9309217",36,"1",4,157000
"9309217",41,"2",4,14000
"9309217",8,"0",0,NA
"9311695",41,"1",4,74000
"9311695",41,"1",4,14000
"9311695",11,"0",0,NA
"9311695",8,"0",0,NA
"9311883",59,"1",4,36800
"9311883",57,"1",4,48700
"9313163",34,"1",4,110000
"9313163",34,"1",4,2700
"9313163",8,"0",0,NA
"9313163",5,"0",0,NA
"9313597",49,"1",2,52000
"9313597",37,"1",4,40100
"9313597",4,"0",0,NA
"9313725",86,"2",4,11300
"9313725",58,"1",4,-2000
"9313725",44,"2",4,6600
"9315157",61,"2",2,25000
"9315973",51,"1",4,20300
"9315973",55,"2",4,0
"9315973",23,"1",4,4400
"9317203",67,"2",2,11400
"9317203",73,"2",4,11400
"9317616",79,"2",4,16700
"9317783",30,"1",4,17200
"9317783",23,"1",4,14800
"9318498",25,"1",4,20800
"9318498",24,"1",4,40030
"9318942",45,"1",4,43000
"9318942",43,"1",4,14050
"9318942",15,"0",0,4
"9318942",13,"0",0,NA
"9318942",7,"0",0,NA
"9319068",53,"2",4,23000
"9320385",42,"1",4,30000
"9320385",20,"1",4,4000
"9320385",17,"2",4,0
"9322281",63,"1",3,20300
"9322281",63,"1",4,18000
"9322350",49,"1",4,55000
"9322350",50,"1",4,45000
"9322350",17,"1",4,1600
"9322350",13,"0",0,NA
"9323778",61,"1",2,15270
"9324057",43,"1",4,13100
"9324057",40,"1",4,14300
"9324057",20,"1",4,17300
"9324057",18,"1",4,840
"9327638",35,"1",2,32000
"9327638",40,"1",4,680
"9327638",12,"0",0,NA
"9327638",9,"0",0,NA
"9327742",39,"1",4,19000
"9328631",48,"1",4,38000
"9328631",39,"1",4,33000
"9328936",52,"1",4,26000
"9329979",28,"1",4,16000
"9329979",23,"1",4,2000
"9329979",5,"0",0,NA
"9329979",3,"0",0,NA
"9330127",42,"2",4,6600
"9330127",14,"0",0,NA
"9330542",68,"2",2,20400
"9330542",61,"1",4,21600
"9330542",38,"1",4,48500
"9330542",37,"1",4,10000
"9332847",42,"1",4,35000
"9332847",42,"1",4,6000
"9332847",18,"1",4,500
"9332847",15,"0",0,0
"9334198",78,"2",4,6000
"9334198",87,"2",4,11200
"9334321",28,"2",4,0
"9334321",4,"0",0,NA
"9334321",2,"0",0,NA
"9334910",52,"1",2,54300
"9334910",49,"1",2,67100
"9334910",16,"1",0,4290
"9334910",14,"0",0,NA
"9334910",12,"0",0,NA
"9334910",8,"0",0,NA
"9335736",65,"2",4,21300
"9337357",73,"1",4,12200
"9339934",62,"2",4,41000
"9341547",34,"1",4,35000
"9341547",34,"1",4,12000
"9341547",7,"0",0,NA
"9341547",4,"0",0,NA
"9343521",93,"2",4,16200
"9343521",75,"2",4,11300
"9343685",77,"2",4,9580
"9344523",30,"1",4,38000
"9344523",30,"1",4,20800
"9345360",65,"2",2,14400
"9345360",64,"2",4,12000
"9345556",61,"1",2,48000
"9345556",53,"1",4,29500
"9347614",61,"2",3,16100
"9349709",60,"2",4,25700
"9349976",45,"1",3,43400
"9349976",15,"0",0,2000
"9349976",11,"0",0,NA
"9349976",8,"0",0,NA
"9349976",71,"2",4,14600
"9352424",55,"2",4,0
"9352424",54,"1",4,3800
"9353019",81,"2",4,6900
"9353726",56,"2",4,16610
"9353816",39,"1",4,50000
"9353816",38,"2",4,0
"9353816",12,"0",0,NA
"9353816",10,"0",0,NA
"9353816",8,"0",0,NA
"9354446",56,"1",4,40000
"9354446",42,"1",4,7400
"9354446",18,"1",4,3000
"9354446",15,"0",0,0
"9355173",29,"2",4,0
"9355173",31,"1",4,50000
"9355173",4,"0",0,NA
"9355173",2,"0",0,NA
"9355173",1,"0",0,NA
"9357119",28,"1",4,14100
"9357203",28,"1",4,37400
"9357203",2,"0",0,NA
"9357203",24,"1",2,15600
"9358179",63,"2",4,12800
"9358179",62,"2",4,14300
"9358427",51,"2",4,5300
"9358999",36,"1",4,42000
"9358999",29,"1",4,13000
"9360333",20,"1",4,1600
"9360877",93,"2",4,15000
"9361264",37,"1",4,20000
"9361264",27,"1",4,18000
"9361426",44,"1",4,-1100
"9363460",26,"1",4,30250
"9363460",26,"1",4,120
"9363460",4,"0",0,NA
"9363460",1,"0",0,NA
"9363610",46,"1",4,32000
"9363610",46,"2",4,0
"9363610",20,"1",4,18000
"9363863",70,"1",2,36080
"9363863",61,"2",4,0
"9364507",82,"2",2,106400
"9365074",19,"1",4,5000
"9365413",22,"1",4,12000
"9365413",21,"1",4,17500
"9365413",20,"1",4,17400
"9365743",24,"1",3,10400
"9365743",19,"1",4,10400
"9366090",37,"1",2,28700
"9367305",78,"2",4,12750
"9367305",36,"1",4,20000
"9367828",21,"1",4,2900
"9371255",31,"1",4,18600
"9371597",68,"2",4,11700
"9374153",33,"1",4,18000
"9374153",35,"1",4,50000
"9374153",0,"0",0,NA
"9375372",41,"1",4,36900
"9375372",41,"1",4,66000
"9375372",19,"1",4,14700
"9375372",16,"1",0,2000
"9375655",22,"1",4,2000
"9375655",21,"1",4,27100
"9375655",20,"1",4,3500
"9375839",22,"1",4,4800
"9375839",22,"1",4,4200
"9378078",30,"1",4,4000
"9378078",30,"2",4,4800
"9378078",11,"0",0,NA
"9378078",8,"0",0,NA
"9378078",5,"0",0,NA
"9378263",42,"2",4,0
"9378263",41,"1",4,19000
"9378263",15,"0",0,0
"9379081",35,"1",4,34200
"9379081",39,"1",4,13000
"9379081",8,"0",0,NA
"9379081",5,"0",0,NA
"9379610",56,"1",2,40500
"9381131",55,"1",4,23290
"9381514",67,"2",4,7970
"9381703",29,"1",4,31000
"9383106",36,"2",4,2500
"9384034",57,"1",2,33300
"9384034",55,"2",4,9204
"9384382",40,"1",2,31700
"9384382",37,"2",4,0
"9384382",14,"0",0,NA
"9384382",17,"1",4,4000
"9384893",37,"1",4,6400
"9384893",47,"1",4,9400
"9384893",7,"0",0,NA
"9385478",56,"2",4,0
"9385876",44,"1",2,30200
"9385876",39,"1",4,15100
"9385876",10,"0",0,NA
"9386577",48,"1",2,51380
"9386577",41,"1",4,10000
"9386577",12,"0",0,NA
"9386577",8,"0",0,NA
"9386849",54,"1",2,60000
"9386849",48,"1",4,7500
"9387695",51,"1",3,125500
"9387695",50,"1",4,25000
"9387695",18,"1",4,2900
"9387904",67,"2",4,8800
"9387904",68,"2",4,3600
"9387977",22,"1",4,6000
"9391088",46,"1",4,24700
"9391088",46,"1",4,30700
"9391088",21,"1",4,3300
"9391204",55,"1",2,12360
"9391204",53,"2",4,0
"9392693",41,"1",4,25500
"9392693",40,"2",4,17300
"9392693",7,"0",0,NA
"9392693",5,"0",0,NA
"9392693",5,"0",0,NA
"9393121",36,"1",4,25850
"9393121",36,"1",4,9750
"9393121",3,"0",0,NA
"9394142",72,"2",4,18900
"9395127",57,"1",2,60000
"9395127",57,"1",4,60000
"9396817",32,"1",4,19700
"9396910",46,"1",4,80000
"9396910",45,"1",4,19500
"9396910",17,"2",4,0
"9396910",14,"0",0,NA
"9397955",83,"2",4,62400
"9397955",51,"2",4,1700
"9398617",34,"1",2,35640
"9398617",32,"1",4,21490
"9398617",9,"0",0,NA
"9398617",7,"0",0,NA
"9401606",43,"1",4,40000
"9401606",40,"1",4,22350
"9402554",20,"1",4,3000
"9402565",51,"1",4,12000
"9402565",47,"1",4,55000
"9402565",19,"2",4,0
"9402565",14,"0",0,NA
"9403736",64,"2",4,0
"9404285",41,"1",4,30000
"9404285",40,"1",4,27200
"9404285",10,"0",0,NA
"9404285",12,"0",0,NA
"9404648",42,"1",2,29000
"9405057",62,"1",2,18200
"9405057",56,"1",4,27500
"9405156",39,"1",3,152000
"9405156",43,"1",4,5200
"9405156",13,"0",0,NA
"9405156",18,"1",4,660
"9406740",21,"1",4,3500
"9407990",20,"1",4,4000
"9408280",43,"1",4,40700
"9408280",36,"1",4,4030
"9408280",10,"0",0,NA
"9408280",8,"0",0,NA
"9408280",6,"0",0,NA
"9408502",68,"2",4,45000
"9415322",70,"2",4,27600
"9415322",19,"1",4,1700
"9415699",45,"1",2,23500
"9415699",44,"1",4,20740
"9415699",16,"1",0,2030
"9415726",30,"1",2,26000
"9415726",30,"1",2,15500
"9415726",4,"0",0,NA
"9415726",4,"0",0,NA
"9416027",54,"1",3,54000
"9416027",52,"1",3,40000
"9416121",49,"1",4,70700
"9417122",47,"1",4,30000
"9417122",54,"1",4,12700
"9417265",46,"1",4,40000
"9417265",43,"1",4,37100
"9417265",17,"1",4,4200
"9417265",13,"0",0,NA
"9417282",41,"1",4,10200
"9417473",82,"2",4,15800
"9417473",68,"2",4,12100
"9417494",70,"1",4,18300
"9418873",52,"1",4,1e+05
"9418873",18,"1",4,200
"9418873",15,"0",0,0
"9418873",11,"0",0,NA
"9418873",24,"1",4,15400
"9418873",37,"1",4,39000
"9418873",14,"0",0,NA
"9420181",87,"2",4,6800
"9421237",85,"2",4,25600
"9421237",85,"2",4,18400
"9421438",26,"1",4,20000
"9421438",36,"1",4,14600
"9421438",16,"1",0,1700
"9421438",13,"0",0,NA
"9422130",56,"1",4,28000
"9422130",50,"1",4,40000
"9423123",51,"1",4,112060
"9423123",50,"1",4,12000
"9423123",19,"1",4,500
"9423250",47,"1",4,47000
"9423250",46,"1",4,40000
"9423250",10,"0",0,NA
"9423250",6,"0",0,NA
"9423380",39,"1",4,29900
"9423380",35,"1",4,35000
"9423380",11,"0",0,NA
"9423380",9,"0",0,NA
"9423828",39,"1",4,18700
"9425416",49,"1",4,30600
"9425416",45,"1",4,-3800
"9426037",55,"2",4,0
"9426037",64,"1",4,20000
"9426626",34,"1",4,10600
"9426626",27,"1",4,14000
"9426837",63,"1",4,334000
"9426837",60,"2",4,0
"9427114",20,"1",4,15000
"9427641",50,"1",2,35100
"9427641",50,"1",4,24400
"9427641",21,"1",4,5600
"9427995",44,"1",4,26000
"9431212",64,"1",2,30700
"9431212",62,"1",4,12500
"9433634",43,"2",2,6850
"9434887",72,"1",2,15370
"9434887",66,"2",4,3620
"9435044",52,"2",4,0
"9435044",15,"0",0,0
"9436453",56,"1",4,24000
"9436453",55,"1",4,33000
"9436611",43,"1",4,250
"9436611",45,"1",4,57000
"9436611",14,"0",0,NA
"9436611",11,"0",0,NA
"9437043",64,"1",4,33900
"9437043",52,"1",4,6500
"9437854",21,"1",4,6000
"9440526",66,"2",2,39000
"9440526",59,"1",2,44000
"9442361",39,"1",4,20000
"9443345",55,"1",4,40500
"9443345",52,"2",4,5000
"9443454",32,"1",2,20000
"9443486",89,"2",4,11500
"9443684",48,"1",4,36400
"9443684",17,"2",4,480
"9443684",12,"0",0,NA
"9444452",23,"1",4,13100
"9444452",27,"1",4,13830
"9444823",36,"1",2,35000
"9444823",32,"1",4,23000
"9444962",45,"1",4,27800
"9444962",48,"1",4,37000
"9445287",60,"1",4,50000
"9445287",62,"2",2,12000
"9445708",75,"2",4,9500
"9445708",63,"2",2,13000
"9446302",24,"1",4,30000
"9446302",25,"1",4,17000
"9449014",32,"1",4,52180
"9449014",30,"1",4,19600
"9450076",80,"2",2,11560
"9450256",89,"2",4,8300
"9451536",67,"1",4,21300
"9451594",76,"2",4,25300
"9452306",52,"1",2,33000
"9452306",47,"1",4,40000
"9452439",86,"2",4,17600
"9452439",72,"2",4,4800
"9452493",84,"2",4,7300
"9452493",65,"2",2,0
"9452493",53,"2",4,7200
"9452845",73,"2",4,5150
"9452845",68,"2",4,2900
"9453209",42,"1",4,35000
"9453209",44,"1",4,28000
"9453209",17,"2",4,0
"9453209",16,"1",0,500
"9453954",40,"1",4,15200
"9453954",40,"1",4,24400
"9453954",8,"0",0,NA
"9453954",7,"0",0,NA
"9453954",4,"0",0,NA
"9453954",3,"0",0,NA
"9454155",34,"1",4,19200
"9454155",30,"1",4,4000
"9454243",40,"1",4,24000
"9454243",9,"0",0,NA
"9454246",39,"1",4,38000
"9454246",34,"1",4,29000
"9454246",5,"0",0,NA
"9454246",2,"0",0,NA
"9454443",34,"1",4,25000
"9454443",36,"1",4,40300
"9454443",6,"0",0,NA
"9454443",14,"0",0,NA
"9454443",10,"0",0,NA
"9454616",26,"1",4,10800
"9454616",26,"1",4,14100
"9454863",82,"2",4,17500
"9454863",42,"1",3,19600
"9454863",14,"0",0,NA
"9454863",12,"0",0,NA
"9455627",40,"1",4,313000
"9455627",42,"2",4,0
"9455627",8,"0",0,NA
"9455627",5,"0",0,NA
"9456172",38,"1",4,27500
"9456172",32,"1",4,25000
"9456319",42,"1",4,55000
"9456319",49,"1",4,19000
"9456319",13,"0",0,NA
"9456393",31,"1",4,19500
"9456393",12,"0",0,NA
"9456393",5,"0",0,NA
"9456530",46,"1",4,32000
"9456530",47,"1",4,17000
"9456530",14,"0",0,NA
"9456530",5,"0",0,NA
"9456659",30,"1",4,12600
"9456944",41,"1",4,13700
"9456944",38,"1",4,10000
"9456944",6,"0",0,NA
"9456944",4,"0",0,NA
"9456978",44,"1",2,64000
"9456978",44,"1",4,3740
"9456978",12,"0",0,NA
"9456978",10,"0",0,NA
"9456978",7,"0",0,NA
"9457017",48,"1",4,-2500
"9457017",49,"1",4,70000
"9459445",51,"1",4,29000
"9461133",60,"2",4,3000
"9461133",72,"2",2,8800
"9463434",36,"1",4,22100
"9463434",8,"0",0,NA
"9463434",4,"0",0,NA
"9465670",54,"1",3,46800
"9465670",51,"1",4,12100
"9465670",20,"1",4,6100
"9466492",76,"2",4,8600
"9468073",45,"1",2,1500
"9469511",37,"1",2,39020
"9469511",39,"1",4,45000
"9469511",5,"0",0,NA
"9469826",28,"1",4,25800
"9469826",28,"1",4,20000
"9471005",38,"1",4,4500
"9471226",74,"2",4,159700
"9471226",59,"1",4,1e+05
"9472288",43,"1",4,27000
"9472288",11,"0",0,NA
"9472288",9,"0",0,NA
"9472288",2,"0",0,NA
"9472395",32,"1",4,72000
"9472395",33,"1",4,6200
"9472395",9,"0",0,NA
"9472395",8,"0",0,NA
"9472451",52,"1",4,18600
"9472451",44,"1",4,25100
"9472451",16,"2",0,0
"9473161",34,"1",4,25000
"9473161",40,"1",2,30000
"9473161",7,"0",0,NA
"9473161",2,"0",0,NA
"9473335",57,"1",4,30000
"9473335",54,"1",4,54470
"9473866",55,"1",4,100500
"9475143",62,"2",2,7200
"9475143",34,"1",4,22000
"9475143",64,"1",4,22000
"9475273",29,"1",4,42500
"9475273",30,"1",4,32000
"9475273",2,"0",0,NA
"9475273",1,"0",0,NA
"9476164",50,"1",4,39000
"9476164",49,"1",4,10000
"9476164",14,"0",0,NA
"9476164",11,"0",0,NA
"9476912",70,"1",2,28600
"9476912",79,"2",4,13100
"9476940",47,"1",4,28830
"9477753",46,"1",4,65200
"9477753",44,"1",4,42900
"9478328",65,"2",2,60200
"9478328",56,"2",4,0
"9478564",39,"1",4,37000
"9478564",44,"2",4,0
"9478564",8,"0",0,NA
"9478564",6,"0",0,NA
"9478846",63,"1",2,15000
"9478846",61,"2",4,0
"9478913",21,"1",4,10000
"9479221",47,"2",3,6900
"9479221",38,"1",4,10000
"9480442",40,"2",4,14000
"9480442",44,"1",4,14000
"9480442",16,"2",0,0
"9480442",15,"0",0,0
"9480442",13,"0",0,NA
"9480442",12,"0",0,NA
"9481066",50,"1",4,22200
"9481066",52,"1",2,21600
"9481591",44,"1",4,54340
"9481591",47,"1",4,6900
"9481591",17,"1",4,1320
"9481591",13,"0",0,NA
"9481640",62,"1",4,11300
"9481640",61,"1",4,10200
"9482569",40,"1",4,58800
"9482569",50,"1",2,35030
"9483887",29,"1",2,55000
"9483889",82,"2",4,6000
"9484426",35,"1",4,56600
"9484426",35,"1",4,29000
"9484426",14,"0",0,NA
"9484426",11,"0",0,NA
"9484492",39,"1",4,23000
"9485280",20,"1",4,2000
"9485436",42,"1",2,31600
"9485436",40,"1",4,12000
"9485436",16,"2",0,0
"9485808",50,"1",2,90900
"9485808",47,"1",4,18300
"9485808",17,"1",4,3000
"9485808",15,"0",0,0
"9486274",29,"1",4,309000
"9486274",0,"0",0,NA
"9486274",34,"1",4,27800
"9487377",44,"1",2,14300
"9487377",35,"1",4,24100
"9488393",20,"1",4,3000
"9489298",36,"1",4,45000
"9489298",37,"1",4,7000
"9489743",66,"1",4,12900
"9489743",70,"2",4,25800
"9490613",31,"1",4,15300
"9490613",32,"2",4,0
"9490613",6,"0",0,NA
"9490613",3,"0",0,NA
"9490613",0,"0",0,NA
"9492315",19,"1",4,3000
"9492915",45,"1",4,680
"9496239",26,"1",4,20000
"9496239",25,"1",4,21000
"9496239",24,"1",4,15000
"9496244",56,"1",2,21000
"9496801",25,"1",4,15000
"9496801",22,"1",4,15000
"9496836",36,"1",4,28000
"9496836",38,"2",4,0
"9496836",17,"1",4,3600
"9496836",21,"1",4,18000
"9496836",18,"1",4,1500
"9497203",32,"1",4,55700
"9497203",32,"1",4,24000
"9497203",5,"0",0,NA
"9498317",65,"1",4,18250
"9498686",40,"1",2,43200
"9498686",16,"2",0,0
"9498686",14,"0",0,NA
"9499441",57,"1",2,24000
"9499441",49,"1",4,7500
"9499441",7,"0",0,NA
"9499479",51,"1",3,51200
"9499479",54,"1",4,8050
"9499479",14,"0",0,NA
"9499479",32,"1",4,10000
"9499545",57,"1",4,20300
"9499545",52,"1",4,11660
"9499567",38,"2",4,6000
"9499567",53,"1",4,26000
"9499567",17,"1",4,4000
"9499567",16,"2",0,900
"9502151",43,"1",4,28200
"9502151",33,"1",4,19200
"9502151",12,"0",0,NA
"9502151",23,"1",4,8800
"9502987",36,"1",4,17500
"9502987",35,"1",4,30000
"9503317",75,"2",4,0
"9503793",64,"2",4,7700
"9504946",27,"1",4,34000
"9504946",29,"1",4,14000
"9504946",2,"0",0,NA
"9504946",0,"0",0,NA
"9504999",47,"1",4,28000
"9504999",39,"1",4,32000
"9504999",16,"2",0,0
"9504999",13,"0",0,NA
"9504999",10,"0",0,NA
"9505837",55,"2",2,24800
"9506199",64,"1",4,75300
"9506861",50,"1",2,8020
"9506861",11,"0",0,NA
"9506861",43,"1",4,15030
"9509810",60,"1",4,14200
"9509810",61,"1",4,14400
"9509810",27,"1",4,15000
"9509810",21,"1",4,7000
"9509810",4,"0",0,NA
"9510519",39,"1",4,40000
"9510519",39,"1",4,28000
"9510519",10,"0",0,NA
"9510519",7,"0",0,NA
"9510679",39,"1",4,46760
"9510679",12,"0",0,NA
"9510679",9,"0",0,NA
"9510679",7,"0",0,NA
"9510742",38,"1",4,40000
"9510742",39,"1",3,22330
"9510742",9,"0",0,NA
"9510742",4,"0",0,NA
"9510867",52,"1",2,35000
"9510867",49,"2",4,2500
"9510867",24,"1",4,3000
"9510867",20,"1",2,14300
"9510867",21,"1",4,16100
"9512161",52,"1",4,56200
"9514041",83,"2",2,22200
"9514061",47,"1",2,18000
"9514061",38,"2",4,0
"9514061",17,"2",4,200
"9514061",16,"2",0,0
"9514650",36,"1",3,53000
"9514650",29,"1",4,53000
"9514750",36,"1",4,6200
"9514750",32,"2",4,0
"9514750",13,"0",0,NA
"9514750",5,"0",0,NA
"9514750",1,"0",0,NA
"9514835",44,"1",4,24500
"9514835",44,"1",4,21100
"9514835",20,"1",4,700
"9514835",17,"1",4,1700
"9514835",0,"0",0,NA
"9516005",20,"1",4,23400
"9516005",20,"1",4,15600
"9516087",22,"2",4,0
"9516087",22,"1",4,2000
"9516526",38,"1",3,32000
"9516526",39,"1",4,30000
"9516526",12,"0",0,NA
"9516526",16,"2",0,0
"9516526",15,"0",0,0
"9516526",13,"0",0,NA
"9516526",15,"0",0,4000
"9517053",46,"1",4,35000
"9517306",50,"1",4,25100
"9517306",28,"1",4,7800
"9517306",62,"1",2,40400
"9518501",18,"1",4,3100
"9518843",23,"1",4,12000
"9518844",19,"1",4,5300
"9518981",72,"2",2,30800
"9518981",81,"1",2,29100
"9519893",34,"1",4,52110
"9519893",34,"1",4,34600
"9519893",9,"0",0,NA
"9519893",6,"0",0,NA
"9519893",3,"0",0,NA
"9520103",42,"1",4,17500
"9520103",42,"1",4,16000
"9520103",16,"2",0,0
"9520103",14,"0",0,NA
"9520103",11,"0",0,NA
"9520352",34,"1",4,36000
"9520352",30,"1",4,31000
"9521256",71,"2",4,8300
"9521256",67,"2",4,6300
"9521269",30,"1",4,22000
"9521269",33,"1",2,28000
"9521269",7,"0",0,NA
"9521269",4,"0",0,NA
"9521477",74,"2",3,6900
"9521477",51,"1",2,20800
"9521969",45,"1",4,48600
"9521969",48,"1",4,38000
"9521969",17,"1",4,80
"9521969",14,"0",0,NA
"9522205",70,"2",4,490
"9522757",35,"1",4,119000
"9522757",34,"1",4,21800
"9523382",55,"1",4,54000
"9523382",54,"1",4,30300
"9523984",42,"1",4,23800
"9523984",37,"1",4,33800
"9523984",4,"0",0,NA
"9524353",40,"1",2,106400
"9524353",34,"1",4,950
"9524353",2,"0",0,NA
"9524353",1,"0",0,NA
"9524734",20,"2",4,0
"9524935",50,"1",4,69200
"9526515",55,"1",4,135000
"9526515",53,"1",4,27000
"9526515",30,"1",4,4120
"9526531",67,"2",2,17700
"9526531",62,"1",4,4200
"9526531",43,"2",4,8400
"9526781",77,"1",4,24400
"9526781",84,"2",4,6000
"9526931",37,"1",2,20000
"9526931",6,"0",0,NA
"9526931",6,"0",0,NA
"9526931",10,"0",0,NA
"9526931",29,"1",4,31400
"9527260",48,"1",4,15000
"9527307",37,"1",2,7500
"9527889",68,"1",4,16320
"9528239",34,"1",4,29000
"9528239",31,"1",4,4100
"9528239",13,"0",0,NA
"9528239",10,"0",0,NA
"9528239",9,"0",0,NA
"9528480",55,"1",4,48000
"9528480",52,"1",4,44000
"9528480",10,"0",0,NA
"9528480",41,"1",4,21950
"9528945",68,"2",2,15000
"9528945",58,"1",4,21200
"9529464",41,"1",4,16000
"9529548",40,"1",4,89000
"9529548",43,"1",4,39700
"9529548",14,"0",0,NA
"9529548",13,"0",0,NA
"9529548",11,"0",0,NA
"9529690",19,"1",4,3000
"9530059",93,"2",4,12000
"9530099",41,"1",4,7400
"9530099",17,"1",4,4900
"9530099",1,"0",0,NA
"9531671",47,"1",4,38404
"9531671",43,"1",4,30970
"9531671",16,"1",0,2030
"9531842",35,"1",4,29000
"9531842",8,"0",0,NA
"9531842",6,"0",0,NA
"9531842",23,"1",4,17000
"9533974",35,"1",4,14400
"9533974",28,"1",4,19500
"9533974",7,"0",0,NA
"9533974",0,"0",0,NA
"9534123",73,"2",2,8100
"9534222",45,"1",4,40000
"9534222",37,"1",4,26000
"9534222",17,"2",4,0
"9534222",14,"0",0,NA
"9535199",76,"2",4,8500
"9535251",57,"1",2,30700
"9535545",73,"2",2,23300
"9535545",77,"2",4,5000
"9535889",50,"1",3,55100
"9535889",49,"1",4,23000
"9536258",61,"2",4,105000
"9536258",64,"1",2,470000
"9537851",69,"1",4,25300
"9537851",69,"2",4,5500
"9537902",49,"1",4,18700
"9538971",84,"2",4,12300
"9539033",22,"1",4,16600
"9540076",82,"2",2,6300
"9540228",64,"1",4,55000
"9542313",49,"1",2,12000
"9542313",46,"1",4,32000
"9542313",10,"0",0,NA
"9542521",41,"2",4,3000
"9542867",20,"1",4,5000
"9543212",50,"1",2,55050
"9543212",43,"1",4,55000
"9543212",18,"1",4,2500
"9543450",60,"1",4,26000
"9543450",52,"1",4,11000
"9543450",20,"1",4,4000
"9544298",50,"1",4,9000
"9546740",43,"1",4,27000
"9547423",48,"1",4,22500
"9547423",49,"1",4,45000
"9547423",8,"0",0,NA
"9548491",22,"1",2,16500
"9548491",28,"1",4,16500
"9549776",57,"2",2,34600
"9549776",57,"1",4,43800
"9550339",51,"1",3,60300
"9550339",45,"1",4,32800
"9550863",21,"1",4,3000
"9550863",21,"1",4,12000
"9551015",51,"1",4,51000
"9551015",12,"0",0,NA
"9551015",6,"0",0,NA
"9551015",36,"1",4,10000
"9552921",44,"1",4,40000
"9552921",17,"1",4,11400
"9552921",16,"2",0,4400
"9552921",14,"0",0,NA
"9553026",72,"2",2,20000
"9553026",72,"1",4,5900
"9553085",34,"1",4,35000
"9553979",51,"1",3,53880
"9553979",23,"1",4,1000
"9554495",78,"2",4,32500
"9556377",61,"1",3,107900
"9556377",51,"2",4,0
"9557526",42,"1",4,42000
"9557526",14,"0",0,NA
"9557526",14,"0",0,NA
"9557590",25,"1",2,33000
"9557590",22,"1",4,19000
"9558599",59,"1",3,129800
"9558599",53,"1",4,10000
"9558763",32,"1",4,20000
"9558763",31,"1",2,24000
"9558771",69,"1",2,317000
"9558771",50,"1",4,5300
"9559384",73,"1",4,13260
"9559633",42,"1",4,20600
"9559633",51,"1",4,11100
"9559633",17,"2",4,0
"9559633",0,"0",0,NA
"9559788",41,"1",4,50000
"9559788",35,"1",4,33000
"9559788",0,"0",0,NA
"9560077",44,"1",2,29000
"9560077",43,"1",4,19500
"9560077",17,"1",4,2400
"9560677",39,"1",4,22040
"9560677",42,"1",4,23010
"9561634",45,"1",4,33000
"9561634",46,"1",4,25000
"9562255",57,"1",2,27140
"9562255",57,"1",4,7300
"9562702",47,"1",4,52200
"9562702",55,"2",4,32400
"9563671",38,"1",4,20000
"9563671",43,"1",2,35000
"9563671",9,"0",0,NA
"9563671",7,"0",0,NA
"9565447",56,"1",4,20000
"9565447",49,"1",4,29400
"9565447",12,"0",0,NA
"9566175",52,"1",2,49000
"9566175",50,"1",4,33000
"9566501",30,"1",4,7500
"9566501",11,"0",0,NA
"9566501",5,"0",0,NA
"9566501",0,"0",0,NA
"9566501",25,"1",4,19200
"9566968",33,"1",4,27000
"9566968",34,"1",4,29400
"9566968",5,"0",0,NA
"9566968",3,"0",0,NA
"9570744",36,"1",4,5700
"9570744",38,"1",4,24000
"9570744",12,"0",0,NA
"9570744",8,"0",0,NA
"9571096",73,"2",4,12700
"9571254",52,"2",4,7000
"9571254",45,"1",4,30010
"9571735",58,"1",2,32000
"9571735",53,"1",4,6200
"9572519",48,"1",4,45000
"9572519",43,"1",4,500
"9572519",18,"1",4,9600
"9572519",15,"0",0,0
"9572519",12,"0",0,NA
"9573045",44,"1",4,37000
"9573045",51,"1",2,26000
"9573045",6,"0",0,NA
"9573117",37,"1",4,21000
"9573117",30,"1",4,7200
"9573117",1,"0",0,NA
"9573523",62,"1",4,22400
"9573596",39,"1",4,24000
"9573629",48,"1",4,25000
"9573629",52,"1",4,25000
"9573992",64,"1",4,309000
"9574028",51,"1",2,140000
"9574028",44,"1",3,30000
"9574028",16,"1",0,1000
"9574028",15,"0",0,400
"9574598",35,"1",4,41900
"9574598",33,"1",4,27600
"9574598",4,"0",0,NA
"9574598",3,"0",0,NA
"9574598",0,"0",0,NA
"9575395",73,"2",4,10000
"9575395",65,"2",4,19000
"9576141",29,"1",4,22100
"9576201",76,"2",4,10500
"9576990",52,"1",4,12250
"9577143",46,"2",4,0
"9577350",54,"1",4,50650
"9577350",53,"1",4,34540
"9577381",45,"1",4,82000
"9577381",44,"1",4,19000
"9577381",20,"1",4,4000
"9577515",69,"2",4,6000
"9578777",67,"1",4,142800
"9579066",46,"1",4,11100
"9579066",45,"1",4,250
"9579066",12,"0",0,NA
"9579066",4,"0",0,NA
"9580180",20,"1",4,6800
"9580937",47,"1",3,34000
"9580937",49,"1",4,6500
"9581514",57,"1",2,5000
"9582007",22,"1",4,13000
"9582007",18,"1",4,12000
"9582007",29,"1",4,18500
"9582154",77,"1",4,18300
"9582154",70,"2",4,2600
"9582166",47,"1",4,41000
"9582166",50,"1",4,50000
"9582166",16,"1",0,400
"9582274",57,"2",4,8800
"9583020",55,"1",2,21500
"9583020",53,"1",4,19600
"9583487",33,"1",4,19000
"9583487",44,"1",4,19000
"9583487",18,"1",4,3900
"9583487",11,"0",0,NA
"9585480",35,"1",4,40250
"9585480",34,"1",4,28000
"9585480",4,"0",0,NA
"9585480",1,"0",0,NA
"9585490",41,"1",4,49050
"9585917",77,"2",2,40000
"9586048",47,"1",4,6100
"9586502",49,"1",2,10300
"9586716",50,"1",4,10000
"9586716",51,"1",2,32000
"9586742",58,"1",4,37710
"9586742",61,"1",2,21000
"9587205",59,"2",4,10100
"9587965",40,"1",2,65000
"9587965",40,"1",4,36000
"9587965",11,"0",0,NA
"9587965",6,"0",0,NA
"9588968",63,"2",2,16700
"9588968",60,"1",4,40000
"9588968",33,"1",2,18000
"9589858",37,"1",4,20540
"9589858",37,"1",4,19800
"9589890",81,"1",4,5120
"9589890",65,"2",4,11520
"9589890",43,"1",4,10500
"9590980",70,"2",4,6000
"9592196",54,"1",2,33000
"9592196",49,"1",4,26800
"9592196",17,"1",4,2820
"9592196",14,"0",0,NA
"9592268",64,"2",4,10900
"9593405",41,"1",4,23600
"9593405",10,"0",0,NA
"9593405",46,"1",4,35000
"9594653",29,"2",4,4000
"9594653",10,"0",0,NA
"9594653",9,"0",0,NA
"9594653",0,"0",0,NA
"9594985",57,"2",2,14500
"9594985",57,"2",4,7500
"9594985",17,"1",4,3800
"9595976",20,"1",4,250
"9596686",33,"1",4,47740
"9596686",38,"1",4,33000
"9597087",52,"1",4,36000
"9597782",87,"2",4,8600
"9597998",55,"1",4,18000
"9597998",48,"1",4,13000
"9598611",29,"1",4,7500
"9598611",30,"1",4,2000
"9598611",27,"2",4,50
"9598611",23,"1",4,2500
"9599796",74,"2",4,5700
"9599796",67,"2",2,21400
"9600038",48,"1",4,30000
"9600038",47,"1",4,15000
"9600092",42,"1",4,32800
"9600092",33,"1",4,27300
"9600092",14,"0",0,NA
"9600377",47,"1",3,27000
"9600377",49,"1",4,38000
"9600747",51,"1",4,80000
"9600747",50,"1",4,30000
"9601523",27,"1",4,25000
"9601523",23,"1",4,25000
"9601929",49,"2",4,0
"9603621",55,"1",4,89700
"9603621",55,"1",4,4000
"9603724",82,"2",4,26500
"9603724",49,"2",4,6600
"9603728",40,"1",4,60000
"9603728",41,"1",4,20000
"9603728",22,"1",4,15000
"9603728",19,"1",4,12000
"9605398",24,"1",4,29000
"9605398",25,"1",4,10000
"9606985",42,"2",2,9600
"9606985",18,"1",4,500
"9606985",17,"2",4,0
"9606985",15,"0",0,0
"9606985",14,"0",0,NA
"9607199",55,"1",4,27300
"9607199",63,"1",2,17300
"9608817",50,"1",4,22000
"9608817",14,"0",0,NA
"9609731",56,"1",4,47000
"9609731",57,"1",4,15000
"9610456",84,"2",2,31700
"9610456",74,"2",4,9200
"9611441",25,"1",4,24000
"9611441",31,"1",4,17000
"9611441",12,"0",0,NA
"9611441",10,"0",0,NA
"9611441",5,"0",0,NA
"9611625",38,"1",4,150000
"9611625",40,"1",4,20000
"9611625",5,"0",0,NA
"9611625",1,"0",0,NA
"9611625",1,"0",0,NA
"9612717",70,"2",2,66200
"9612717",60,"1",4,39800
"9612807",39,"1",4,47900
"9612807",40,"1",3,25500
"9612807",17,"2",4,0
"9612807",16,"2",0,0
"9612807",15,"0",0,8300
"9612949",46,"1",4,47000
"9613042",37,"1",4,68000
"9613042",35,"1",4,20000
"9613042",7,"0",0,NA
"9613042",4,"0",0,NA
"9615085",67,"2",4,6800
"9615085",69,"2",4,6900
"9615616",24,"1",4,22200
"9615616",19,"2",4,60
"9615616",0,"0",0,NA
"9615770",30,"1",4,21800
"9616209",51,"1",4,32200
"9616209",52,"1",4,22000
"9616357",52,"1",4,57000
"9616970",24,"1",4,20400
"9616970",47,"1",4,35000
"9616970",23,"1",4,20400
"9618320",30,"1",4,41000
"9618320",6,"0",0,NA
"9618320",3,"0",0,NA
"9618505",45,"1",4,32580
"9618505",45,"1",4,88600
"9619055",45,"1",4,19600
"9619165",63,"1",2,67000
"9619165",49,"1",4,12000
"9619165",10,"0",0,NA
"9619243",75,"2",4,13600
"9620425",39,"1",4,23550
"9620425",35,"1",4,36550
"9620425",15,"0",0,0
"9620425",12,"0",0,NA
"9622198",43,"1",4,24000
"9622198",39,"1",4,14000
"9622198",17,"1",4,610
"9622198",15,"0",0,0
"9622198",12,"0",0,NA
"9622198",4,"0",0,NA
"9623135",49,"1",4,13500
"9623135",45,"1",4,18700
"9623135",7,"0",0,NA
"9627270",52,"2",4,105000
"9627471",54,"1",4,43000
"9627471",59,"1",4,30000
"9627666",35,"1",4,75000
"9627666",29,"2",4,0
"9627666",4,"0",0,NA
"9627666",2,"0",0,NA
"9628240",46,"1",4,15000
"9628240",42,"1",4,15000
"9628240",15,"0",0,1800
"9628824",19,"1",4,2400
"9628892",36,"1",4,32000
"9628892",48,"1",4,23300
"9628892",9,"0",0,NA
"9628892",5,"0",0,NA
"9629592",93,"2",4,10140
"9630103",40,"1",4,24090
"9630103",41,"1",4,30000
"9630103",14,"0",0,NA
"9630103",10,"0",0,NA
"9630108",54,"1",4,75000
"9630108",78,"2",4,8900
"9630133",46,"1",4,23600
"9630559",50,"1",4,24400
"9630559",43,"1",4,9800
"9630559",15,"0",0,2200
"9630641",61,"1",4,4600
"9630974",35,"1",4,43010
"9630974",30,"1",4,30000
"9630974",1,"0",0,NA
"9631043",43,"1",4,69000
"9631043",41,"1",4,38000
"9631043",5,"0",0,NA
"9631043",3,"0",0,NA
"9634198",53,"2",4,0
"9634543",70,"2",4,22400
"9635144",41,"1",2,32000
"9635144",43,"1",4,22000
"9635144",16,"1",0,2000
"9635144",12,"0",0,NA
"9635144",11,"0",0,NA
"9635451",75,"2",2,6600
"9635792",29,"1",4,40300
"9636017",72,"2",4,13000
"9636017",68,"2",4,11050
"9637167",74,"2",2,31200
"9637167",66,"2",4,12000
"9638071",44,"1",4,102000
"9638071",42,"1",4,20000
"9638071",19,"1",4,13600
"9638071",17,"1",4,3500
"9638071",14,"0",0,NA
"9638304",18,"1",4,4000
"9639322",49,"1",4,12800
"9639322",19,"1",4,3500
"9640979",35,"1",4,30430
"9642257",48,"1",3,41900
"9642257",47,"2",4,0
"9642936",25,"1",4,18000
"9644369",66,"1",2,33500
"9644369",70,"2",4,0
"9646043",39,"1",4,31020
"9647253",35,"1",4,58100
"9648807",37,"1",4,15000
"9648807",35,"1",4,40000
"9648807",15,"0",0,300
"9648807",12,"0",0,NA
"9648807",7,"0",0,NA
"9648824",41,"1",4,40000
"9648824",28,"1",4,14000
"9648824",9,"0",0,NA
"9648824",8,"0",0,NA
"9648824",4,"0",0,NA
"9651247",50,"2",4,6060
"9651605",49,"1",4,46000
"9651605",48,"1",4,54000
"9652472",36,"1",4,27000
"9652472",39,"1",4,29000
"9654657",73,"2",2,20200
"9654657",71,"2",3,6030
"9654927",42,"2",4,14600
"9654927",11,"0",0,NA
"9654927",6,"0",0,NA
"9654927",6,"0",0,NA
"9655593",18,"1",4,4800
"9655661",21,"1",4,3000
"9655661",21,"2",4,0
"9655661",21,"1",4,2000
"9655661",21,"1",4,100
"9655661",20,"2",4,0
"9655802",40,"1",4,8600
"9655802",49,"1",4,55600
"9655802",5,"0",0,NA
"9655888",41,"1",2,25000
"9655888",37,"1",4,4000
"9655888",14,"0",0,NA
"9655888",12,"0",0,NA
"9656496",55,"1",2,60000
"9656496",40,"1",4,9000
"9656907",38,"1",4,309000
"9657272",63,"2",4,8900
"9657642",41,"1",4,44500
"9657642",39,"1",4,23890
"9657642",10,"0",0,NA
"9657642",8,"0",0,NA
"9658607",31,"1",4,5800
"9658607",31,"1",4,9000
"9658607",9,"0",0,NA
"9658607",7,"0",0,NA
"9659437",30,"1",4,22000
"9659437",26,"1",4,18000
"9659437",2,"0",0,NA
"9660110",39,"1",2,60720
"9660110",39,"2",4,0
"9660110",6,"0",0,NA
"9660110",4,"0",0,NA
"9662462",21,"1",4,6000
"9663810",30,"1",4,46430
"9663810",33,"1",4,20000
"9663810",4,"0",0,NA
"9663810",0,"0",0,NA
"9663810",0,"0",0,NA
"9664279",49,"1",4,13200
"9664279",23,"1",4,13600
"9664279",16,"1",0,10000
"9664279",21,"1",4,5000
"9664279",89,"2",4,10500
"9664279",60,"2",2,19300
"9665656",51,"1",2,19000
"9665656",45,"1",4,18000
"9665656",17,"2",4,0
"9665656",13,"0",0,NA
"9665953",37,"2",4,0
"9665953",40,"1",4,46700
"9665953",18,"1",4,1000
"9665953",11,"0",0,NA
"9665953",4,"0",0,NA
"9667366",37,"1",4,42000
"9667629",20,"1",4,1500
"9667914",47,"1",4,39600
"9667914",52,"1",4,1300
"9667914",29,"1",4,10000
"9667964",49,"1",2,9000
"9668039",31,"2",4,8850
"9668039",12,"0",0,NA
"9668039",9,"0",0,NA
"9668039",6,"0",0,NA
"9668712",25,"1",4,29000
"9668712",25,"1",4,40000
"9669426",34,"1",4,13800
"9669426",16,"2",0,0
"9669426",11,"0",0,NA
"9669503",28,"1",4,13100
"9669503",23,"1",4,2200
"9669503",4,"0",0,NA
"9669503",3,"0",0,NA
"9670662",51,"1",4,23300
"9670662",18,"1",4,12500
"9671146",41,"1",4,60300
"9671146",42,"1",4,22000
"9671146",12,"0",0,NA
"9671146",10,"0",0,NA
"9673041",37,"1",2,11500
"9673041",1,"0",0,NA
"9673041",43,"1",4,15600
"9673065",34,"1",4,49000
"9673065",9,"0",0,NA
"9673065",1,"0",0,NA
"9673186",42,"2",4,2300
"9673186",41,"1",4,95000
"9673186",9,"0",0,NA
"9673186",6,"0",0,NA
"9673535",40,"1",4,34330
"9673535",46,"1",4,126800
"9673535",14,"0",0,NA
"9673535",11,"0",0,NA
"9673535",11,"0",0,NA
"9675057",82,"2",4,10000
"9675762",47,"1",4,40100
"9675762",43,"1",4,38200
"9675762",13,"0",0,NA
"9675762",10,"0",0,NA
"9676459",44,"1",4,25320
"9676459",40,"1",4,20600
"9676640",73,"2",2,37800
"9676640",67,"2",4,18400
"9677271",31,"1",4,30280
"9677271",29,"2",4,260
"9677271",0,"0",0,NA
"9677271",0,"0",0,NA
"9677654",39,"1",4,13000
"9678384",43,"1",4,10800
"9678384",8,"0",0,NA
"9679324",50,"1",4,23000
"9679324",36,"1",4,6000
"9679433",50,"1",2,52000
"9679433",37,"1",4,20000
"9679433",18,"1",1,7000
"9679433",9,"0",0,NA
"9679960",49,"1",4,23600
"9680348",40,"1",4,107700
"9680667",93,"2",4,11100
"9680718",44,"1",4,2580
"9680718",40,"2",4,0
"9680718",18,"1",4,23000
"9681356",54,"1",4,19000
"9681356",53,"1",4,19000
"9683644",42,"1",4,309000
"9683644",43,"1",4,40000
"9683644",14,"0",0,NA
"9683644",9,"0",0,NA
"9684099",20,"1",4,22200
"9684322",59,"1",2,45900
"9684322",49,"1",4,5050
"9684725",30,"2",4,0
"9684859",70,"1",4,16900
"9684891",50,"1",4,60000
"9684891",17,"1",4,5500
"9685121",19,"1",4,2700
"9685884",49,"1",2,28400
"9685884",48,"1",4,44200
"9686684",39,"1",4,10000
"9686684",17,"2",4,0
"9687107",72,"2",4,9200
"9688415",34,"1",4,25800
"9688415",34,"1",4,20000
"9688415",0,"0",0,NA
"9688428",18,"1",4,6000
"9688428",22,"1",4,12000
"9689262",18,"1",4,3400
"9689297",44,"1",3,19000
"9689297",32,"1",4,30000
"9689297",3,"0",0,NA
"9689297",2,"0",0,NA
"9689323",39,"1",4,30000
"9689323",38,"1",4,43000
"9689323",17,"1",4,3000
"9689323",14,"0",0,NA
"9689323",5,"0",0,NA
"9689867",60,"2",3,13000
"9689867",58,"1",4,41150
"9690281",47,"1",4,29000
"9691166",40,"1",4,36000
"9691166",38,"1",4,22000
"9691166",16,"1",0,2500
"9691166",13,"0",0,NA
"9692527",30,"1",4,27170
"9692527",34,"1",4,25000
"9692527",10,"0",0,NA
"9692527",3,"0",0,NA
"9692709",36,"2",4,5700
"9692709",37,"1",4,128870
"9692709",8,"0",0,NA
"9692709",7,"0",0,NA
"9692709",5,"0",0,NA
"9692709",3,"0",0,NA
"9693418",43,"1",4,23490
"9693418",38,"1",4,4100
"9693418",6,"0",0,NA
"9693418",2,"0",0,NA
"9693698",53,"1",4,22600
"9693698",41,"2",4,0
"9693698",17,"1",4,2500
"9693698",14,"0",0,NA
"9693698",9,"0",0,NA
"9693740",74,"2",4,7200
"9694140",34,"1",4,39000
"9694140",29,"1",4,27000
"9694140",12,"0",0,NA
"9694337",82,"2",4,5300
"9694337",89,"2",4,12200
"9695356",36,"1",4,22000
"9695356",38,"2",4,20000
"9695356",4,"0",0,NA
"9695356",2,"0",0,NA
"9698192",32,"1",4,34000
"9698192",28,"1",4,60000
"9699242",30,"1",4,9000
"9699242",34,"1",4,8000
"9699242",25,"1",4,25000
"9699595",34,"1",4,12000
"9699595",33,"1",4,42000
"9699595",16,"1",0,1000
"9699595",15,"0",0,500
"9699893",54,"2",4,6800
"9699893",59,"2",4,14000
"9699893",65,"2",2,8520
"9700092",21,"1",4,11000
"9700166",43,"1",4,24000
"9700166",21,"1",4,17500
"9700166",18,"1",4,2100
"9700166",34,"1",4,7400
"9700166",10,"0",0,NA
"9700168",56,"1",4,41600
"9701061",37,"1",4,31300
"9701061",35,"1",4,4100
"9701061",15,"0",0,0
"9701061",8,"0",0,NA
"9701165",20,"1",4,8000
"9701165",21,"1",4,20000
"9701214",30,"1",4,24140
"9701214",30,"1",4,33000
"9701433",52,"1",4,23000
"9701433",56,"1",4,24000
"9702347",61,"1",4,11200
"9702535",18,"2",4,0
"9702756",46,"1",4,56000
"9702756",44,"1",4,3500
"9704310",87,"2",4,37100
"9704310",76,"2",4,0
"9705039",81,"2",4,15300
"9705039",71,"2",4,8700
"9705044",44,"1",4,24000
"9705044",11,"0",0,NA
"9705044",10,"0",0,NA
"9705044",35,"1",4,11000
"9705335",93,"2",4,14400
"9706121",50,"1",2,34300
"9706354",32,"2",4,0
"9706354",37,"1",4,37100
"9706354",8,"0",0,NA
"9706354",7,"0",0,NA
"9706354",4,"0",0,NA
"9706438",68,"2",4,82100
"9706438",46,"2",4,6730
"9707338",57,"1",4,25500
"9708314",25,"2",4,0
"9708314",44,"1",4,23000
"9708314",1,"0",0,NA
"9708606",52,"1",4,12000
"9708677",42,"1",4,12100
"9708677",40,"1",3,21600
"9708677",19,"1",4,12504
"9708677",16,"1",0,3520
"9708677",14,"0",0,NA
"9709155",33,"1",4,46000
"9709155",28,"2",4,0
"9709155",2,"0",0,NA
"9709155",0,"0",0,NA
"9711889",61,"1",2,50000
"9711889",57,"1",4,36000
"9712679",34,"1",4,37100
"9712679",33,"1",4,35300
"9714774",42,"1",4,34700
"9714774",12,"0",0,NA
"9714882",31,"1",2,42000
"9714882",30,"1",4,21000
"9714882",7,"0",0,NA
"9714882",3,"0",0,NA
"9715403",52,"1",4,55200
"9715403",51,"1",4,24600
"9715403",17,"1",4,6570
"9716572",41,"1",4,49500
"9717079",70,"1",2,52200
"9717079",69,"2",4,0
"9717733",81,"2",2,6300
"9718393",45,"1",4,38900
"9719853",81,"2",2,6500
"9719853",75,"2",4,3500
"9719853",45,"2",4,7100
"9721633",82,"2",4,29700
"9721633",76,"2",4,19300
"9722323",50,"1",4,41500
"9722323",47,"1",4,9000
"9722323",18,"1",4,1200
"9722646",22,"1",4,27600
"9722646",3,"0",0,NA
"9722646",26,"1",4,25000
"9722646",6,"0",0,NA
"9722967",60,"2",4,33000
"9725927",27,"1",4,25400
"9725927",6,"0",0,NA
"9725927",34,"1",4,26500
"9726933",40,"1",4,39800
"9726933",36,"2",4,0
"9726933",8,"0",0,NA
"9726933",6,"0",0,NA
"9726933",2,"0",0,NA
"9727115",62,"2",2,33000
"9727115",60,"2",4,0
"9727268",61,"1",4,16300
"9727268",58,"1",4,13000
"9729535",71,"2",4,12100
"9730154",24,"1",4,18000
"9730154",28,"1",4,25600
"9730252",73,"1",4,20100
"9730252",67,"2",4,4500
"9730814",64,"2",4,9600
"9730814",60,"1",4,28000
"9731240",43,"1",4,43520
"9731240",40,"1",4,12200
"9731240",14,"0",0,NA
"9731240",12,"0",0,NA
"9731738",60,"1",4,25000
"9731903",26,"1",4,4600
"9732041",46,"1",4,31000
"9732041",54,"1",2,10000
"9732041",21,"2",4,0
"9732322",56,"1",4,31210
"9732613",24,"1",4,6500
"9732613",24,"1",4,17000
"9732613",23,"1",4,27450
"9732613",23,"1",4,14700
"9732692",41,"1",3,24190
"9732692",12,"0",0,NA
"9733032",46,"1",2,35460
"9733032",46,"1",4,42000
"9733032",20,"1",4,15600
"9733787",53,"1",2,21200
"9733787",40,"1",4,25100
"9734293",87,"2",4,60800
"9735036",38,"1",4,37500
"9735036",35,"1",4,35000
"9735036",7,"0",0,NA
"9735036",5,"0",0,NA
"9735300",39,"1",4,10600
"9735300",35,"1",4,29000
"9735300",13,"0",0,NA
"9735300",19,"2",4,0
"9735300",18,"1",4,3900
"9735417",62,"1",4,55400
"9735417",52,"1",4,15500
"9736114",60,"1",4,17910
"9736114",35,"1",3,11700
"9736546",26,"1",3,13900
"9738171",32,"2",4,0
"9739205",57,"1",2,49800
"9739205",55,"1",4,26000
"9739270",45,"1",4,33010
"9741116",26,"1",4,7200
"9743405",75,"2",4,13200
"9744165",71,"2",4,7300
"9744342",85,"2",4,25100
"9744421",44,"1",4,15000
"9744421",46,"1",4,60000
"9745450",18,"1",4,2300
"9745621",55,"2",4,6800
"9745726",57,"1",4,22000
"9746463",42,"1",4,18540
"9746463",40,"1",4,12600
"9746463",17,"1",2,5100
"9746463",4,"0",0,NA
"9746463",1,"0",0,NA
"9747465",29,"1",4,27000
"9747465",30,"1",4,22000
"9747859",42,"1",4,21900
"9747859",40,"1",4,31500
"9748222",53,"2",4,40000
"9748222",17,"2",4,0
"9749509",52,"1",2,31500
"9749509",58,"1",4,19000
"9749509",53,"1",4,19000
"9749684",62,"1",2,55460
"9749684",54,"1",4,108000
"9751526",43,"1",4,17000
"9751526",46,"2",4,5100
"9751939",44,"1",4,50000
"9751939",59,"1",4,20000
"9752211",55,"1",2,44000
"9753210",37,"1",4,35000
"9753210",30,"1",4,9000
"9753210",9,"0",0,NA
"9753969",42,"1",2,18200
"9753969",42,"1",2,28200
"9753969",58,"1",4,3200
"9755278",71,"1",2,26100
"9755278",62,"2",4,1800
"9755278",38,"1",4,16800
"9755278",33,"2",4,0
"9755278",8,"0",0,NA
"9755278",5,"0",0,NA
"9755278",37,"1",4,28400
"9755557",27,"1",4,23000
"9755557",22,"1",4,37000
"9755981",23,"1",4,28000
"9755981",1,"0",0,NA
"9755981",19,"2",4,0
"9756356",93,"2",4,1100
"9757017",62,"2",4,6700
"9757673",70,"2",2,17000
"9758475",49,"1",2,38010
"9758475",9,"0",0,NA
"9759680",47,"1",4,18000
"9759680",53,"1",2,24000
"9760388",39,"1",4,30000
"9760388",41,"1",4,30000
"9760388",19,"1",4,5200
"9760388",15,"0",0,0
"9760467",36,"1",4,16000
"9760467",18,"2",4,0
"9760467",17,"1",4,2000
"9760467",10,"0",0,NA
"9760467",45,"1",4,17000
"9760738",63,"1",4,35000
"9761450",42,"1",4,17000
"9761450",44,"1",4,35000
"9761450",16,"1",0,3000
"9761450",14,"0",0,NA
"9761450",9,"0",0,NA
"9761450",4,"0",0,NA
"9761450",3,"0",0,NA
"9761681",93,"2",4,11800
"9763330",30,"1",4,3100
"9763330",11,"0",0,NA
"9763330",10,"0",0,NA
"9763330",7,"0",0,NA
"9763549",74,"1",2,40510
"9763549",70,"2",4,25800
"9763549",42,"1",4,9600
"9763790",53,"1",4,34000
"9763790",55,"1",4,20200
"9763790",14,"0",0,NA
"9764300",33,"1",4,16120
"9764300",42,"1",4,14000
"9764300",34,"1",2,7800
"9765872",39,"1",4,36000
"9765872",37,"1",4,21620
"9765872",15,"0",0,0
"9765872",13,"0",0,NA
"9765872",8,"0",0,NA
"9765872",13,"0",0,NA
"9766150",46,"1",4,18000
"9766765",60,"1",4,10000
"9766765",51,"1",4,31100
"9767362",32,"1",4,17030
"9767362",10,"0",0,NA
"9768027",27,"1",4,9000
"9768027",39,"1",3,20500
"9768027",7,"0",0,NA
"9768027",5,"0",0,NA
"9768027",3,"0",0,NA
"9768027",18,"1",4,560
"9768027",14,"0",0,NA
"9768027",16,"2",0,0
"9770113",57,"1",4,44550
"9770113",58,"2",4,40000
"9770137",34,"1",2,30500
"9770137",48,"1",4,8000
"9771083",49,"1",4,36250
"9771083",49,"1",2,3600
"9771083",23,"1",4,4600
"9771083",19,"1",4,3600
"9771083",18,"1",4,26000
"9771083",14,"0",0,NA
"9771427",69,"2",2,2000
"9771427",68,"2",4,9700
"9771844",61,"1",4,78000
"9771844",61,"1",4,48000
"9775030",30,"1",4,25000
"9775030",28,"1",4,40000
"9775030",0,"0",0,NA
"9775956",80,"1",2,42500
"9775956",76,"1",4,15900
"9776092",24,"1",4,12700
"9776092",27,"1",4,16500
"9776154",38,"1",4,9600
"9776499",44,"1",4,48580
"9776499",41,"1",4,7850
"9776499",15,"0",0,2000
"9776499",12,"0",0,NA
"9776675",71,"2",2,0
"9777238",53,"2",2,33600
"9778578",52,"1",4,8100
"9778578",44,"1",4,29800
"9778578",10,"0",0,NA
"9780725",60,"2",4,410
"9782083",38,"1",2,60000
"9782083",34,"2",2,0
"9782083",8,"0",0,NA
"9782083",4,"0",0,NA
"9783237",52,"1",3,58000
"9783237",51,"1",4,19000
"9784212",82,"2",2,8400
"9784212",78,"2",4,3600
"9784827",41,"1",4,30000
"9784827",38,"1",4,35000
"9784827",18,"1",4,8000
"9784827",18,"2",4,0
"9784834",69,"2",4,7200
"9786406",40,"1",4,6100
"9786406",41,"1",4,21120
"9786406",16,"1",0,900
"9786406",9,"0",0,NA
"9786892",39,"1",4,30000
"9786892",40,"1",4,25000
"9786892",15,"0",0,80
"9786892",12,"0",0,NA
"9786906",39,"1",4,79000
"9786906",38,"1",4,21000
"9786906",4,"0",0,NA
"9786906",0,"0",0,NA
"9787770",70,"1",4,319000
"9787770",63,"2",4,4800
"9788632",56,"2",2,500
"9788632",52,"1",4,25000
"9789177",49,"1",4,17000
"9789177",28,"1",4,24000
"9789520",39,"1",4,25000
"9789520",32,"1",4,28000
"9789520",9,"0",0,NA
"9790530",38,"1",2,27000
"9790530",37,"1",4,42000
"9790530",18,"1",4,16000
"9790530",17,"1",4,1000
"9794750",77,"2",4,8500
"9795352",66,"2",4,119700
"9795352",66,"2",4,8000
"9796087",39,"1",4,22000
"9796087",38,"1",4,52030
"9796087",7,"0",0,NA
"9796087",4,"0",0,NA
"9796198",47,"1",4,20900
"9796198",17,"2",4,0
"9798838",47,"1",4,31000
"9798838",45,"1",2,59000
"9798838",16,"1",0,650
"9799910",21,"1",4,7500
"9799910",51,"1",4,32000
"9799910",30,"1",4,25000
"9799910",20,"1",4,17000
"9800675",36,"1",4,5700
"9800816",40,"1",4,58000
"9800816",39,"1",4,35000
"9800816",18,"1",4,6000
"9800816",15,"0",0,0
"9802835",32,"2",4,80
"9802835",36,"1",4,76000
"9802835",13,"0",0,NA
"9802835",11,"0",0,NA
"9802835",9,"0",0,NA
"9802835",3,"0",0,NA
"9803029",41,"2",4,8000
"9803029",27,"2",4,0
"9803849",59,"1",4,125000
"9803849",57,"1",4,138000
"9803939",49,"1",4,13084
"9804399",52,"1",2,30110
"9804399",43,"1",2,8100
"9804399",1,"0",0,NA
"9807218",26,"1",4,23000
"9807683",65,"2",2,41200
"9807683",63,"2",4,6500
"9808109",20,"1",4,4000
"9808595",87,"2",4,6900
"9808650",51,"1",4,16250
"9808650",49,"2",4,4800
"9808657",71,"2",2,12900
"9809012",32,"1",4,44150
"9809012",31,"1",4,9800
"9809012",5,"0",0,NA
"9809012",3,"0",0,NA
"9809310",69,"2",4,0
"9809993",22,"1",4,2180
"9810824",25,"1",4,21000
"9810824",27,"1",4,45000
"9811413",37,"1",4,34000
"9811413",35,"2",4,0
"9811413",2,"0",0,NA
"9811413",1,"0",0,NA
"9814247",58,"1",4,18000
"9814711",52,"1",4,40000
"9816058",48,"1",4,38000
"9816058",47,"1",4,20500
"9816058",20,"1",4,5000
"9816058",16,"2",0,0
"9816539",21,"1",4,9000
"9816757",19,"1",4,2000
"9817373",40,"1",4,85000
"9817373",41,"1",4,18000
"9817373",18,"1",4,4700
"9817981",36,"1",4,35000
"9817981",33,"1",4,5000
"9817981",13,"0",0,NA
"9817981",12,"0",0,NA
"9817981",1,"0",0,NA
"9818542",82,"2",4,2000
"9818719",39,"1",2,40300
"9818719",14,"0",0,NA
"9819166",29,"1",4,15000
"9819166",28,"1",4,16000
"9819166",28,"1",4,37000
"9819356",35,"1",4,37130
"9819434",22,"1",4,3500
"9821463",41,"1",3,22000
"9821463",41,"1",4,5450
"9821463",17,"1",4,1100
"9821463",15,"0",0,0
"9823446",69,"1",2,56200
"9823446",69,"2",4,0
"9824372",33,"1",4,36000
"9824372",28,"1",4,19800
"9824372",2,"0",0,NA
"9824571",30,"1",4,23600
"9824571",10,"0",0,NA
"9824571",36,"1",4,24100
"9825001",60,"2",2,0
"9825001",64,"1",2,46000
"9825744",64,"1",4,135000
"9825858",29,"1",4,23700
"9825858",26,"2",4,0
"9825858",5,"0",0,NA
"9825858",4,"0",0,NA
"9825858",3,"0",0,NA
"9825865",38,"2",4,7400
"9825865",17,"2",4,6600
"9825865",14,"0",0,NA
"9825865",12,"0",0,NA
"9825865",7,"0",0,NA
"9827146",40,"1",4,31200
"9827146",12,"0",0,NA
"9827146",7,"0",0,NA
"9829154",57,"1",4,17000
"9831128",66,"2",4,19930
"9831128",70,"1",4,2800
"9831386",74,"2",4,15300
"9831641",73,"2",2,41800
"9831641",66,"2",4,5900
"9831868",65,"2",4,32600
"9831868",75,"2",4,6000
"9832161",71,"2",4,5200
"9832161",76,"2",2,123000
"9832238",47,"1",3,37300
"9832238",45,"1",4,24000
"9832589",57,"1",4,101700
"9832589",52,"1",4,29400
"9832945",58,"1",2,15500
"9832945",58,"1",4,17910
"9833099",49,"1",2,12000
"9833099",46,"1",4,12000
"9833099",21,"1",4,16500
"9834075",54,"1",4,24000
"9834118",76,"2",4,0
"9834291",41,"1",4,25500
"9834291",39,"1",4,15000
"9834291",19,"1",4,1060
"9834291",18,"2",4,0
"9834291",16,"2",0,0
"9834291",15,"0",0,0
"9834291",12,"0",0,NA
"9834291",7,"0",0,NA
"9834330",34,"1",4,75000
"9834330",36,"1",4,32000
"9834330",6,"0",0,NA
"9834330",1,"0",0,NA
"9835972",66,"1",2,29710
"9835972",63,"2",4,0
"9836677",27,"1",4,11400
"9836694",82,"2",4,10340
"9836694",79,"2",2,16740
"9838876",48,"1",2,26000
"9838876",35,"1",4,39200
"9838876",12,"0",0,NA
"9838876",10,"0",0,NA
"9839719",22,"1",4,1500
"9839888",72,"2",4,11800
"9839888",79,"2",4,0
"9840195",30,"1",4,30000
"9840195",28,"1",4,23080
"9840384",31,"1",4,45000
"9840384",36,"2",4,0
"9840384",14,"0",0,NA
"9842292",33,"1",4,8000
"9842292",13,"0",0,NA
"9842292",64,"2",4,18600
"9842292",56,"1",4,15600
"9842600",52,"1",2,35000
"9844005",29,"1",4,12800
"9844005",69,"1",2,13200
"9844005",28,"1",4,16600
"9844194",23,"1",4,4500
"9844228",50,"1",2,6700
"9844228",51,"1",4,41000
"9845572",43,"1",4,25000
"9845572",44,"1",4,49800
"9845572",17,"1",4,2000
"9845572",13,"0",0,NA
"9847031",23,"1",4,4800
"9847031",23,"1",4,4200
"9848204",30,"2",4,9000
"9850480",48,"1",2,210
"9850480",46,"2",4,890
"9850480",15,"0",0,0
"9850480",13,"0",0,NA
"9850480",9,"0",0,NA
"9850503",42,"1",4,1e+05
"9850503",43,"1",4,32010
"9850503",14,"0",0,NA
"9850503",10,"0",0,NA
"9851394",47,"1",4,15000
"9851394",29,"2",4,0
"9851394",9,"0",0,NA
"9851394",4,"0",0,NA
"9851394",2,"0",0,NA
"9851787",86,"2",4,7200
"9851986",46,"1",4,32700
"9851986",41,"1",4,15600
"9851986",15,"0",0,1200
"9851986",13,"0",0,NA
"9852609",50,"1",2,3000
"9852609",48,"1",4,20000
"9852609",18,"1",4,1000
"9852609",15,"0",0,0
"9853571",47,"1",4,26500
"9853571",47,"1",4,39000
"9853571",17,"1",4,3020
"9853987",59,"1",2,17700
"9853987",50,"1",4,51000
"9853987",16,"1",0,9500
"9854539",46,"1",2,145000
"9854539",35,"2",4,0
"9854539",4,"0",0,NA
"9854539",3,"0",0,NA
"9855294",36,"1",4,18000
"9855378",49,"1",4,30000
"9855378",49,"1",4,30000
"9856156",54,"1",2,7000
"9856156",52,"2",4,0
"9856156",14,"0",0,NA
"9857140",48,"1",2,60000
"9857140",41,"1",4,8390
"9857219",63,"2",4,17900
"9857351",38,"1",4,19000
"9857351",41,"1",4,50000
"9857989",61,"1",3,25000
"9857989",59,"1",4,23100
"9858051",54,"1",3,104120
"9858051",53,"1",3,38300
"9858234",74,"2",4,49300
"9858378",25,"1",2,21100
"9858378",25,"1",4,24500
"9858741",29,"1",4,20640
"9858741",24,"2",4,0
"9860440",50,"1",2,35000
"9860440",38,"2",4,0
"9860440",20,"1",4,5800
"9860440",17,"1",3,1200
"9860440",12,"0",0,NA
"9860440",1,"0",0,NA
"9861098",25,"2",4,0
"9861796",57,"1",4,16600
"9861819",57,"1",2,23404
"9861819",47,"1",4,17680
"9863237",39,"2",4,7000
"9863237",15,"0",0,260
"9863574",33,"1",2,30000
"9863574",56,"1",2,17800
"9863574",54,"1",4,19500
"9863810",76,"2",4,10800
"9863898",30,"1",4,21200
"9863898",25,"1",4,7700
"9863898",3,"0",0,NA
"9863898",0,"0",0,NA
"9863902",42,"1",4,105700
"9863902",42,"1",4,7600
"9863902",17,"1",4,6450
"9863902",15,"0",0,760
"9864066",51,"1",4,72000
"9864066",49,"1",4,21000
"9864772",78,"2",2,17500
"9864772",77,"2",4,6220
"9865492",54,"1",4,37500
"9866165",32,"1",4,47100
"9867552",17,"1",4,700
"9868599",36,"1",4,20000
"9868599",34,"2",4,0
"9868599",13,"0",0,NA
"9868599",2,"0",0,NA
"9869150",43,"1",2,19200
"9869150",12,"0",0,NA
"9869220",30,"1",4,17200
"9869220",31,"1",4,42900
"9869542",79,"2",2,14200
"9869913",48,"1",4,108000
"9869913",45,"1",4,7600
"9869913",16,"1",0,1000
"9869913",15,"0",0,1000
"9869913",11,"0",0,NA
"9871848",49,"1",4,14000
"9873077",39,"1",4,25000
"9873077",40,"1",4,28000
"9873077",19,"1",4,4000
"9873077",17,"2",4,0
"9874858",33,"1",4,17200
"9874858",31,"1",4,16300
"9874858",8,"0",0,NA
"9875318",93,"2",4,11800
"9875444",68,"1",2,37600
"9875444",73,"1",4,9200
"9875734",86,"2",4,81600
"9877123",39,"1",4,68200
"9877123",40,"1",4,1600
"9877123",11,"0",0,NA
"9877123",9,"0",0,NA
"9877123",4,"0",0,NA
"9877123",0,"0",0,NA
"9877571",31,"1",4,24000
"9877571",4,"0",0,NA
"9877571",27,"1",4,24000
"9877809",73,"1",2,19400
"9878561",43,"1",4,8860
"9878561",13,"0",0,NA
"9881043",19,"1",4,3000
"9881081",58,"1",2,38300
"9881081",52,"2",4,0
"9881366",33,"1",4,58000
"9881366",29,"1",4,17000
"9881855",81,"2",4,11500
"9881855",81,"2",4,20500
"9881941",54,"1",2,31400
"9881941",51,"1",4,18400
"9882924",27,"1",3,11500
"9883300",50,"1",4,27800
"9883300",41,"1",4,7800
"9885581",27,"1",3,17000
"9885581",6,"0",0,NA
"9885807",68,"2",4,0
"9885971",62,"1",2,28200
"9885971",58,"1",4,3070
"9887228",60,"2",4,12000
"9889557",59,"1",4,50030
"9889813",39,"1",4,42000
"9889813",39,"1",4,15000
"9889813",19,"1",4,1600
"9889813",17,"1",4,2800
"9889813",15,"0",0,0
"9890481",45,"1",4,20500
"9890481",43,"1",4,13200
"9890481",9,"0",0,NA
"9890481",7,"0",0,NA
"9890670",68,"2",4,8000
"9890670",71,"2",4,9600
"9891262",78,"2",4,8800
"9892506",51,"1",4,50030
"9892506",50,"1",4,13000
"9892506",20,"1",4,6940
"9892515",19,"1",4,550
"9892694",41,"1",4,45000
"9892694",44,"1",2,12000
"9893137",68,"2",2,5300
"9893137",68,"2",4,5000
"9893286",93,"2",2,12100
"9894551",26,"1",4,26000
"9894551",28,"1",4,34000
"9896743",54,"1",4,25000
"9896859",39,"1",4,39300
"9896859",42,"1",4,18300
"9897427",35,"1",4,6500
"9897427",35,"1",2,34000
"9897517",55,"1",2,47300
"9897517",54,"1",4,41000
"9898227",48,"1",4,9600
"9898227",47,"1",4,35050
"9898227",23,"1",4,16000
"9898227",18,"1",4,5130
"9898227",17,"1",4,10700
"9898769",50,"1",4,42000
"9899754",38,"1",4,52000
"9899754",35,"1",4,25000
"9899754",6,"0",0,NA
"9899754",3,"0",0,NA
"9899860",53,"1",4,74100
"9899860",52,"1",4,21000
"9899860",13,"0",0,NA
"9900865",49,"1",2,22000
"9900865",50,"2",4,4900
"9901422",77,"1",2,16500
"9901422",72,"1",4,20600
"9901633",35,"1",4,18550
"9901633",4,"0",0,NA
"9901676",18,"2",4,0
"9902150",80,"2",2,9000
"9902150",56,"2",4,0
"9903185",93,"2",4,4900
"9903220",65,"1",4,29860
"9903380",44,"1",4,10900
"9903380",40,"2",4,800
"9903380",17,"2",4,0
"9903380",11,"0",0,NA
"9903380",10,"0",0,NA
"9903425",20,"1",4,18000
"9904458",23,"2",2,2000
"9904458",21,"2",4,2400
"9904458",20,"1",4,12750
"9904772",75,"2",2,111700
"9904772",80,"2",2,131170
"9908136",67,"1",4,16200
"9908136",60,"1",4,16200
"9909170",62,"1",2,41000
"9909170",58,"1",4,3200
"9910155",25,"1",4,1800
"9910155",24,"1",4,17000
"9910155",2,"0",0,NA
"9910155",0,"0",0,NA
"9910386",75,"2",2,24000
"9910585",38,"2",4,6060
"9910585",46,"2",4,15300
"9910585",17,"2",4,90
"9910585",14,"0",0,NA
"9910585",5,"0",0,NA
"9911322",43,"1",4,40000
"9911956",55,"1",4,60100
"9911956",53,"1",4,65200
"9911956",18,"1",4,2450
"9914381",70,"2",4,26500
"9914381",56,"2",4,28920
"9914397",58,"1",4,120000
"9914397",58,"2",4,0
"9916400",58,"2",4,6920
"9916741",77,"1",4,48600
"9916741",85,"1",2,39700
"9917529",54,"1",4,61300
"9917529",54,"2",4,0
"9918246",36,"1",4,50000
"9918246",26,"1",4,50000
"9919004",52,"1",4,19400
"9919216",32,"1",4,13800
"9919216",28,"1",4,27400
"9919216",4,"0",0,NA
"9919216",2,"0",0,NA
"9919605",36,"1",4,38000
"9919605",31,"1",4,29000
"9919605",11,"0",0,NA
"9919605",8,"0",0,NA
"9919605",6,"0",0,NA
"9919971",84,"2",4,6400
"9919974",73,"2",4,24900
"9919974",78,"2",4,22000
"9921326",24,"1",4,32000
"9921326",24,"1",4,29000
"9921326",6,"0",0,NA
"9921326",2,"0",0,NA
"9921933",38,"1",4,52000
"9921933",17,"2",4,0
"9921933",15,"0",0,0
"9921933",12,"0",0,NA
"9921933",8,"0",0,NA
"9922435",80,"2",4,19690
"9924004",93,"2",4,36400
"9924178",58,"1",4,83950
"9924178",57,"1",4,6500
"9924178",31,"1",4,10000
"9924673",40,"1",4,73000
"9924673",38,"1",4,460
"9924673",10,"0",0,NA
"9924673",7,"0",0,NA
"9924924",20,"1",4,3500
"9928144",52,"1",2,15000
"9929586",57,"2",2,10000
"9930478",46,"1",4,30900
"9930478",45,"2",4,0
"9930478",14,"0",0,NA
"9930684",93,"2",4,51300
"9930691",70,"1",3,13280
"9930691",64,"1",4,2900
"9931271",53,"1",4,20000
"9931271",52,"1",4,35000
"9931800",33,"1",4,35000
"9931800",29,"1",4,9000
"9931800",8,"0",0,NA
"9931800",7,"0",0,NA
"9932659",63,"1",4,28000
"9932659",52,"1",4,36500
"9932659",30,"1",4,25000
"9932659",2,"0",0,NA
"9932659",1,"0",0,NA
"9932659",29,"1",4,35000
"9932778",60,"1",4,52600
"9932848",49,"1",2,33900
"9932848",54,"1",4,26100
"9932879",74,"1",4,12600
"9932879",65,"1",4,9200
"9933831",63,"2",4,21700
"9933831",30,"1",4,7500
"9934995",53,"1",2,42400
"9934995",52,"1",4,5000
"9935435",68,"2",2,35600
"9935435",63,"2",4,5500
"9935633",39,"1",4,42000
"9935633",39,"2",4,0
"9935633",12,"0",0,NA
"9935633",5,"0",0,NA
"9936224",54,"1",2,12700
"9936224",54,"1",4,44000
"9936224",22,"1",3,8400
"9936224",19,"1",4,4000
"9936255",40,"1",4,3e+05
"9936255",38,"1",4,9000
"9936255",4,"0",0,NA
"9937366",77,"2",4,5700
"9937829",44,"2",4,0
"9938133",82,"2",2,17500
"9938133",74,"2",4,5700
"9939882",47,"1",4,55000
"9939882",43,"1",4,21500
"9939882",14,"0",0,NA
"9939882",7,"0",0,NA
"9939882",10,"0",0,NA
"9940493",35,"1",4,20700
"9940494",52,"1",4,47730
"9940780",60,"2",4,11100
"9940780",44,"2",4,10200
"9940780",35,"1",2,1000
"9940889",85,"2",4,2700
"9942284",42,"1",4,15000
"9944012",81,"2",2,17140
"9944012",80,"2",4,6000
"9944518",41,"1",4,18000
"9944518",5,"0",0,NA
"9944594",51,"1",4,25300
"9944872",75,"1",2,9750
"9944872",52,"1",4,8800
"9947471",69,"1",3,54000
"9947542",43,"1",4,21640
"9948400",80,"2",4,7200
"9948656",47,"1",4,45600
"9948656",16,"1",0,2800
"9948656",14,"0",0,NA
"9949403",36,"1",4,23000
"9949403",38,"1",4,50000
"9949755",49,"1",4,2300
"9949755",52,"1",2,30000
"9950395",41,"1",4,30000
"9950395",18,"2",4,0
"9950395",17,"2",4,0
"9950395",14,"0",0,NA
"9951220",37,"1",4,14200
"9951220",38,"1",4,33000
"9951220",18,"1",4,8600
"9951220",16,"1",0,2200
"9951220",15,"0",0,0
"9953055",28,"2",4,8000
"9953055",1,"0",0,NA
"9953055",32,"1",4,14800
"9953188",35,"1",2,41840
"9955037",35,"1",4,20000
"9955037",47,"1",4,24600
"9955084",37,"1",2,34000
"9955084",34,"2",4,7800
"9955084",14,"0",0,NA
"9955084",8,"0",0,NA
"9955084",5,"0",0,NA
"9955084",3,"0",0,NA
"9957019",70,"2",4,15600
"9957367",72,"2",4,16000
"9958692",63,"2",2,13000
"9958692",55,"1",4,24900
"9958834",57,"1",4,19000
"9958834",54,"1",4,16500
"9959546",61,"1",4,34800
"9960015",74,"2",4,1404
"9961122",74,"2",4,18400
"9961563",77,"1",2,10600
"9961563",75,"2",2,24600
"9964985",33,"1",2,33000
"9964985",6,"0",0,NA
"9964985",3,"0",0,NA
"9964985",37,"2",4,5400
"9965307",48,"1",4,28000
"9965307",47,"1",4,15000
"9965307",17,"2",4,0
"9966922",31,"1",4,14300
"9966922",30,"1",4,13600
"9971264",46,"1",2,26000
"9971264",45,"1",4,40000
"9971545",58,"1",4,46200
"9971545",41,"1",4,73800
"9971545",13,"0",0,NA
"9971545",10,"0",0,NA
"9971578",47,"2",4,0
"9971578",52,"1",4,21800
"9971578",33,"1",4,1800
"9971578",13,"0",0,NA
"9971578",11,"0",0,NA
"9971578",10,"0",0,NA
"9971578",6,"0",0,NA
"9971578",5,"0",0,NA
"9972088",68,"1",4,25100
"9972088",69,"2",4,11600
"9972317",32,"1",4,44160
"9972317",29,"1",4,7330
"9972317",1,"0",0,NA
"9972771",27,"1",4,15000
"9972771",4,"0",0,NA
"9974533",44,"1",3,29200
"9974533",41,"1",4,12000
"9975162",46,"1",4,6760
"9975162",39,"1",4,49300
"9975162",6,"0",0,NA
"9976344",68,"2",2,23100
"9976344",44,"1",4,28000
"9976844",20,"1",4,3500
"9978312",69,"2",4,17350
"9978312",74,"2",4,0
"9978332",48,"1",4,56680
"9978332",51,"1",4,13600
"9978332",18,"1",4,1630
"9979038",47,"1",4,105000
"9979038",44,"2",4,0
"9979261",43,"1",4,12000
"9979261",17,"1",4,3000
"9979279",55,"1",4,27700
"9979279",26,"1",4,14600
"9981313",36,"1",2,29100
"9981526",66,"2",4,3200
"9981526",69,"1",2,13204
"9981762",52,"1",4,31000
"9981762",51,"1",4,11000
"9981762",23,"1",4,26000
"9981960",37,"1",4,68700
"9981960",36,"1",4,65000
"9981960",15,"0",0,0
"9981960",2,"0",0,NA
"9982623",30,"1",4,23100
"9982623",32,"1",2,63000
"9985268",42,"1",4,20000
"9985268",83,"2",4,11500
"9985268",83,"2",3,6400
"9985890",67,"2",4,6900
"9986047",26,"1",4,14000
"9986047",25,"1",2,25000
"9986854",49,"2",2,0
"9987788",46,"2",4,9260
"9987788",36,"2",4,4500
"9987788",16,"2",0,0
"9987788",5,"0",0,NA
"9988451",29,"1",4,21500
"9988451",29,"1",4,8400
"9988451",7,"0",0,NA
"9988451",3,"0",0,NA
"9990377",50,"1",4,2700
"9991473",26,"2",4,7000
"9992446",56,"1",4,21000
"9992446",60,"1",4,30000
"9993800",27,"1",4,76000
"9993800",29,"1",4,25100
"9993800",11,"0",0,NA
"9993800",9,"0",0,NA
"9993800",4,"0",0,NA
"9994508",42,"1",4,8120
"9994508",39,"1",4,11000
"9994508",16,"1",0,3200
"9994997",56,"1",2,99600
"9994997",55,"1",4,6500
"9995456",68,"2",4,7450
"9996259",38,"1",4,21000
"9996259",30,"1",4,13200
"9996287",43,"1",4,37240
"9996287",10,"0",0,NA
"9996287",6,"0",0,NA
"9996375",51,"1",4,45050
"9996375",48,"1",4,26000
"9996375",13,"0",0,NA
"9996375",11,"0",0,NA
"9996375",3,"0",0,NA
"9997546",47,"1",4,34500
"9997546",47,"1",4,30000
"9997664",27,"1",4,6640
"9997664",30,"1",4,10800
"9997664",8,"0",0,NA
"9997664",4,"0",0,NA
"9997664",2,"0",0,NA
"9998270",40,"1",4,30000
"9998270",35,"1",4,25000
"9998270",8,"0",0,NA
