20/01/2023 20:22:19 - INFO - activitysim - Read logging configuration from: configs\logging.yaml
20/01/2023 20:22:19 - INFO - activitysim.cli.run - SETTING configs_dir: configs
20/01/2023 20:22:19 - INFO - activitysim.cli.run - SETTING settings_file_name: settings.yaml
20/01/2023 20:22:19 - INFO - activitysim.cli.run - SETTING data_dir: data
20/01/2023 20:22:19 - INFO - activitysim.cli.run - SETTING output_dir: output
20/01/2023 20:22:19 - INFO - activitysim.cli.run - SETTING multiprocess: None
20/01/2023 20:22:19 - INFO - activitysim.cli.run - SETTING num_processes: None
20/01/2023 20:22:19 - INFO - activitysim.cli.run - SETTING resume_after: None
20/01/2023 20:22:19 - INFO - activitysim.cli.run - SETTING GROUP_BY_INCIDENCE_SIGNATURE: True
20/01/2023 20:22:19 - INFO - activitysim.cli.run - SETTING INTEGERIZE_WITH_BACKSTOPPED_CONTROLS: True
20/01/2023 20:22:19 - INFO - activitysim.cli.run - SETTING SUB_BALANCE_WITH_FLOAT_SEED_WEIGHTS: False
20/01/2023 20:22:19 - INFO - activitysim.cli.run - SETTING meta_control_data: None
20/01/2023 20:22:19 - INFO - activitysim.cli.run - SETTING control_file_name: controls.csv
20/01/2023 20:22:19 - INFO - activitysim.cli.run - SETTING USE_CVXPY: False
20/01/2023 20:22:19 - INFO - activitysim.cli.run - SETTING USE_SIMUL_INTEGERIZER: True
20/01/2023 20:22:19 - INFO - activitysim.cli.run - ENV MKL_NUM_THREADS: None
20/01/2023 20:22:19 - INFO - activitysim.cli.run - ENV OMP_NUM_THREADS: None
20/01/2023 20:22:19 - INFO - activitysim.cli.run - ENV OPENBLAS_NUM_THREADS: None
20/01/2023 20:22:19 - INFO - activitysim.cli.run - NUMPY blas_mkl_info libraries: ['mkl_rt']
20/01/2023 20:22:19 - INFO - activitysim.cli.run - NUMPY blas_opt_info libraries: ['mkl_rt']
20/01/2023 20:22:19 - INFO - activitysim.cli.run - NUMPY lapack_mkl_info libraries: ['mkl_rt']
20/01/2023 20:22:19 - INFO - activitysim.cli.run - NUMPY lapack_opt_info libraries: ['mkl_rt']
20/01/2023 20:22:19 - INFO - activitysim.cli.run - run single process simulation
20/01/2023 20:22:19 - DEBUG - activitysim.core.random - Set random seed base to 0
20/01/2023 20:22:19 - DEBUG - activitysim.core.pipeline - open_pipeline - new, empty pipeline
20/01/2023 20:22:19 - DEBUG - activitysim.core.pipeline - opened pipeline_store output\pipeline.h5
20/01/2023 20:22:19 - DEBUG - activitysim.core.pipeline - add_checkpoint init timestamp 2023-01-20 20:22:19.132049
20/01/2023 20:22:19 - DEBUG - activitysim.core.pipeline - open_pipeline complete
20/01/2023 20:22:19 - INFO - activitysim.core.tracing - Time to execute open_pipeline : 0.027 seconds (0.0 minutes)
20/01/2023 20:22:19 - INFO - activitysim.core.tracing - Time to execute preload_injectables : 0.012 seconds (0.0 minutes)
20/01/2023 20:22:19 - INFO - activitysim.core.pipeline - #run_model running step input_pre_processor
20/01/2023 20:22:19 - INFO - populationsim.steps.input_pre_processor - Using table list: [{'tablename': 'households', 'filename': 'seed_households.csv', 'index_col': 'hh_id', 'rename_columns': {'HHNUM': 'hh_id'}}, {'tablename': 'persons', 'filename': 'seed_persons.csv', 'rename_columns': {'HHNUM': 'hh_id', 'SPORDER': 'per_num'}}, {'tablename': 'geo_cross_walk', 'filename': 'geo_cross_walk.csv', 'column_map': {'TRACTGEOID': 'TRACT', 'BzoneID': 'BG'}}, {'tablename': 'BG_control_data', 'filename': 'control_totals_bg.csv', 'column_map': {'TRACTGEOID': 'TRACT', 'BzoneID': 'BG'}}, {'tablename': 'TRACT_control_data', 'filename': 'control_totals_tract.csv', 'column_map': {'TRACTGEOID': 'TRACT'}}, {'tablename': 'REGION_control_data', 'filename': 'scaled_control_totals_meta.csv'}]
20/01/2023 20:22:19 - INFO - activitysim.core.input - Reading CSV file data\seed_households.csv
20/01/2023 20:22:19 - DEBUG - activitysim.core.input - raw households table size: (80494, 13) 8.4 MB
20/01/2023 20:22:19 - DEBUG - activitysim.core.input - renaming columns: {'HHNUM': 'hh_id'}
20/01/2023 20:22:19 - DEBUG - activitysim.core.input - households table columns: ['SERIALNO' 'PUMA' 'REGION' 'NP' 'NW' 'HHINCADJ' 'WGTP' 'HTYPE' 'WGTP.1'
 'NP.1' 'ACCESS' 'HINCP']
20/01/2023 20:22:19 - DEBUG - activitysim.core.input - households table size: (80494, 12) 8.4 MB
20/01/2023 20:22:19 - DEBUG - activitysim.core.input - households index name: hh_id
20/01/2023 20:22:19 - INFO - populationsim.steps.input_pre_processor - registering table households
20/01/2023 20:22:19 - INFO - activitysim.core.input - Reading CSV file data\seed_persons.csv
20/01/2023 20:22:19 - DEBUG - activitysim.core.input - raw persons table size: (191080, 16) 24.5 MB
20/01/2023 20:22:19 - DEBUG - activitysim.core.input - renaming columns: {'HHNUM': 'hh_id', 'SPORDER': 'per_num'}
20/01/2023 20:22:19 - DEBUG - activitysim.core.input - persons table columns: ['SERIALNO' 'hh_id' 'PUMA' 'REGION' 'per_num' 'PWGTP' 'RAC1P' 'AGEP'
 'PINCADJ' 'WORKER' 'SPORDER.1' 'PWGTP.1' 'AGEP.1' 'COW' 'ENG' 'RAC1P.1']
20/01/2023 20:22:19 - DEBUG - activitysim.core.input - persons table size: (191080, 16) 24.5 MB
20/01/2023 20:22:19 - DEBUG - activitysim.core.input - persons index name: None
20/01/2023 20:22:19 - INFO - populationsim.steps.input_pre_processor - registering table persons
20/01/2023 20:22:19 - INFO - activitysim.core.input - Reading CSV file data\geo_cross_walk.csv
20/01/2023 20:22:19 - DEBUG - activitysim.core.input - raw geo_cross_walk table size: (105, 4) 3.5 KB
20/01/2023 20:22:19 - DEBUG - activitysim.core.input - renaming columns: {'TRACTGEOID': 'TRACT', 'BzoneID': 'BG'}
20/01/2023 20:22:19 - DEBUG - activitysim.core.input - geo_cross_walk table columns: ['BG' 'PUMA' 'TRACT' 'REGION']
20/01/2023 20:22:19 - DEBUG - activitysim.core.input - geo_cross_walk table size: (105, 4) 3.5 KB
20/01/2023 20:22:19 - DEBUG - activitysim.core.input - geo_cross_walk index name: None
20/01/2023 20:22:19 - INFO - populationsim.steps.input_pre_processor - registering table geo_cross_walk
20/01/2023 20:22:19 - INFO - activitysim.core.input - Reading CSV file data\control_totals_bg.csv
20/01/2023 20:22:19 - DEBUG - activitysim.core.input - raw BG_control_data table size: (105, 30) 25.3 KB
20/01/2023 20:22:19 - DEBUG - activitysim.core.input - renaming columns: {'TRACTGEOID': 'TRACT', 'BzoneID': 'BG'}
20/01/2023 20:22:19 - DEBUG - activitysim.core.input - BG_control_data table columns: ['BG' 'Area' 'Keep' 'MissTract' 'HHBASE' 'HHINC1' 'HHINC2' 'HHINC3'
 'HHINC4' 'HHINC5' 'HHINC6' 'HHSIZ1' 'HHSIZ2' 'HHSIZ3' 'HHSIZ4'
 'PAGE0TO14' 'PAGE15TO19' 'PAGE20TO29' 'PAGE30TO54' 'PAGE55TO64'
 'PAGE65PLUS' 'PINC' 'POPBASE' 'PRACASN' 'PRACBLK' 'PRACMUL' 'PRACNAT'
 'PRACOTH' 'PRACPAC' 'PRACWHT']
20/01/2023 20:22:19 - DEBUG - activitysim.core.input - BG_control_data table size: (105, 30) 25.3 KB
20/01/2023 20:22:19 - DEBUG - activitysim.core.input - BG_control_data index name: None
20/01/2023 20:22:19 - INFO - populationsim.steps.input_pre_processor - registering table BG_control_data
20/01/2023 20:22:19 - INFO - activitysim.core.input - Reading CSV file data\control_totals_tract.csv
20/01/2023 20:22:19 - DEBUG - activitysim.core.input - raw TRACT_control_data table size: (36, 11) 3.3 KB
20/01/2023 20:22:19 - DEBUG - activitysim.core.input - renaming columns: {'TRACTGEOID': 'TRACT'}
20/01/2023 20:22:19 - DEBUG - activitysim.core.input - TRACT_control_data table columns: ['TRACT' 'DUP' 'HHBASE' 'HHWRK0' 'HHWRK1' 'HHWRK2' 'HHWRK3' 'MF' 'MH'
 'POPBASE' 'SF']
20/01/2023 20:22:19 - DEBUG - activitysim.core.input - TRACT_control_data table size: (36, 11) 3.3 KB
20/01/2023 20:22:19 - DEBUG - activitysim.core.input - TRACT_control_data index name: None
20/01/2023 20:22:19 - INFO - populationsim.steps.input_pre_processor - registering table TRACT_control_data
20/01/2023 20:22:19 - INFO - activitysim.core.input - Reading CSV file data\scaled_control_totals_meta.csv
20/01/2023 20:22:19 - DEBUG - activitysim.core.input - raw REGION_control_data table size: (1, 35) 408 B
20/01/2023 20:22:19 - DEBUG - activitysim.core.input - REGION_control_data table columns: ['REGION' 'DUP' 'HHWRK0' 'HHWRK1' 'HHWRK2' 'HHWRK3' 'MF' 'MH' 'SF'
 'HHBASE' 'HHINC1' 'HHINC2' 'HHINC3' 'HHINC4' 'HHINC5' 'HHINC6' 'HHSIZ1'
 'HHSIZ2' 'HHSIZ3' 'HHSIZ4' 'PAGE0TO14' 'PAGE15TO19' 'PAGE20TO29'
 'PAGE30TO54' 'PAGE55TO64' 'PAGE65PLUS' 'PINC' 'POPBASE' 'PRACASN'
 'PRACBLK' 'PRACMUL' 'PRACNAT' 'PRACOTH' 'PRACPAC' 'PRACWHT']
20/01/2023 20:22:19 - DEBUG - activitysim.core.input - REGION_control_data table size: (1, 35) 408 B
20/01/2023 20:22:19 - DEBUG - activitysim.core.input - REGION_control_data index name: None
20/01/2023 20:22:19 - INFO - populationsim.steps.input_pre_processor - registering table REGION_control_data
20/01/2023 20:22:19 - DEBUG - activitysim.core.tracing - Time to execute #run_model completed step 'input_pre_processor' : 0.661 seconds (0.0 minutes)
20/01/2023 20:22:19 - DEBUG - activitysim.core.pipeline - add_checkpoint input_pre_processor timestamp 2023-01-20 20:22:19.875051
20/01/2023 20:22:19 - DEBUG - activitysim.core.pipeline - add_checkpoint 'input_pre_processor' table 'households' (80494, 12) 8.4 MB
20/01/2023 20:22:19 - DEBUG - activitysim.core.pipeline - add_checkpoint 'input_pre_processor' table 'persons' (191080, 16) 24.5 MB
20/01/2023 20:22:20 - DEBUG - activitysim.core.pipeline - add_checkpoint 'input_pre_processor' table 'geo_cross_walk' (105, 4) 3.5 KB
20/01/2023 20:22:20 - DEBUG - activitysim.core.pipeline - add_checkpoint 'input_pre_processor' table 'BG_control_data' (105, 30) 25.3 KB
20/01/2023 20:22:20 - DEBUG - activitysim.core.pipeline - add_checkpoint 'input_pre_processor' table 'TRACT_control_data' (36, 11) 3.3 KB
20/01/2023 20:22:20 - DEBUG - activitysim.core.pipeline - add_checkpoint 'input_pre_processor' table 'REGION_control_data' (1, 35) 408 B
20/01/2023 20:22:20 - INFO - activitysim.core.pipeline - #run_model running step setup_data_structures
20/01/2023 20:22:20 - INFO - populationsim.steps.setup_data_structures - Reading control file configs\controls.csv
20/01/2023 20:22:20 - INFO - populationsim.steps.setup_data_structures - dropped 76596 households not in seed zones
20/01/2023 20:22:20 - INFO - populationsim.steps.setup_data_structures - kept 3898 households in seed zones
20/01/2023 20:22:20 - DEBUG - activitysim.core.pipeline - rewrap table households inplace=False
20/01/2023 20:22:20 - DEBUG - activitysim.core.pipeline - rewrap table persons inplace=False
20/01/2023 20:22:20 - INFO - populationsim.steps.setup_data_structures - control target num_hh
20/01/2023 20:22:20 - DEBUG - populationsim.steps.setup_data_structures - control_row.seed_table households
20/01/2023 20:22:20 - DEBUG - populationsim.steps.setup_data_structures - control_row.expression (households.WGTP > 0) & (households.WGTP < np.inf)
20/01/2023 20:22:20 - INFO - populationsim.steps.setup_data_structures - control target hh_size_1
20/01/2023 20:22:20 - DEBUG - populationsim.steps.setup_data_structures - control_row.seed_table households
20/01/2023 20:22:20 - DEBUG - populationsim.steps.setup_data_structures - control_row.expression households.NP == 1
20/01/2023 20:22:20 - INFO - populationsim.steps.setup_data_structures - control target hh_size_2
20/01/2023 20:22:20 - DEBUG - populationsim.steps.setup_data_structures - control_row.seed_table households
20/01/2023 20:22:20 - DEBUG - populationsim.steps.setup_data_structures - control_row.expression households.NP == 2
20/01/2023 20:22:20 - INFO - populationsim.steps.setup_data_structures - control target hh_size_3
20/01/2023 20:22:20 - DEBUG - populationsim.steps.setup_data_structures - control_row.seed_table households
20/01/2023 20:22:20 - DEBUG - populationsim.steps.setup_data_structures - control_row.expression households.NP == 3
20/01/2023 20:22:20 - INFO - populationsim.steps.setup_data_structures - control target hh_size_4_plus
20/01/2023 20:22:20 - DEBUG - populationsim.steps.setup_data_structures - control_row.seed_table households
20/01/2023 20:22:20 - DEBUG - populationsim.steps.setup_data_structures - control_row.expression households.NP >= 4
20/01/2023 20:22:20 - INFO - populationsim.steps.setup_data_structures - control target hh_inc_0_20
20/01/2023 20:22:20 - DEBUG - populationsim.steps.setup_data_structures - control_row.seed_table households
20/01/2023 20:22:20 - DEBUG - populationsim.steps.setup_data_structures - control_row.expression (households.HHINCADJ > -999999999) & (households.HHINCADJ <= 22481)
20/01/2023 20:22:20 - INFO - populationsim.steps.setup_data_structures - control target hh_inc_21_40
20/01/2023 20:22:20 - DEBUG - populationsim.steps.setup_data_structures - control_row.seed_table households
20/01/2023 20:22:20 - DEBUG - populationsim.steps.setup_data_structures - control_row.expression (households.HHINCADJ >22481) & (households.HHINCADJ <= 44963)
20/01/2023 20:22:20 - INFO - populationsim.steps.setup_data_structures - control target hh_inc_41_60
20/01/2023 20:22:20 - DEBUG - populationsim.steps.setup_data_structures - control_row.seed_table households
20/01/2023 20:22:20 - DEBUG - populationsim.steps.setup_data_structures - control_row.expression (households.HHINCADJ > 44963) & (households.HHINCADJ <= 67444)
20/01/2023 20:22:20 - INFO - populationsim.steps.setup_data_structures - control target hh_inc_61_75
20/01/2023 20:22:20 - DEBUG - populationsim.steps.setup_data_structures - control_row.seed_table households
20/01/2023 20:22:20 - DEBUG - populationsim.steps.setup_data_structures - control_row.expression (households.HHINCADJ > 67444) & (households.HHINCADJ <= 84306)
20/01/2023 20:22:20 - INFO - populationsim.steps.setup_data_structures - control target hh_inc_76_100
20/01/2023 20:22:20 - DEBUG - populationsim.steps.setup_data_structures - control_row.seed_table households
20/01/2023 20:22:20 - DEBUG - populationsim.steps.setup_data_structures - control_row.expression (households.HHINCADJ > 84306) & (households.HHINCADJ <= 112408)
20/01/2023 20:22:20 - INFO - populationsim.steps.setup_data_structures - control target hh_inc_100_plus
20/01/2023 20:22:20 - DEBUG - populationsim.steps.setup_data_structures - control_row.seed_table households
20/01/2023 20:22:20 - DEBUG - populationsim.steps.setup_data_structures - control_row.expression (households.HHINCADJ > 112408) & (households.HHINCADJ <= np.inf)
20/01/2023 20:22:20 - INFO - populationsim.steps.setup_data_structures - control target hh_wrks_0
20/01/2023 20:22:20 - DEBUG - populationsim.steps.setup_data_structures - control_row.seed_table households
20/01/2023 20:22:20 - DEBUG - populationsim.steps.setup_data_structures - control_row.expression households.NW == 0
20/01/2023 20:22:20 - INFO - populationsim.steps.setup_data_structures - control target hh_wrks_1
20/01/2023 20:22:20 - DEBUG - populationsim.steps.setup_data_structures - control_row.seed_table households
20/01/2023 20:22:20 - DEBUG - populationsim.steps.setup_data_structures - control_row.expression households.NW == 1
20/01/2023 20:22:20 - INFO - populationsim.steps.setup_data_structures - control target hh_wrks_2
20/01/2023 20:22:20 - DEBUG - populationsim.steps.setup_data_structures - control_row.seed_table households
20/01/2023 20:22:20 - DEBUG - populationsim.steps.setup_data_structures - control_row.expression households.NW == 2
20/01/2023 20:22:20 - INFO - populationsim.steps.setup_data_structures - control target hh_wrks_3_plus
20/01/2023 20:22:20 - DEBUG - populationsim.steps.setup_data_structures - control_row.seed_table households
20/01/2023 20:22:20 - DEBUG - populationsim.steps.setup_data_structures - control_row.expression households.NW >= 3
20/01/2023 20:22:20 - INFO - populationsim.steps.setup_data_structures - control target hh_by_type_sf
20/01/2023 20:22:20 - DEBUG - populationsim.steps.setup_data_structures - control_row.seed_table households
20/01/2023 20:22:20 - DEBUG - populationsim.steps.setup_data_structures - control_row.expression households.HTYPE == "SF"
20/01/2023 20:22:20 - INFO - populationsim.steps.setup_data_structures - control target hh_by_type_mf
20/01/2023 20:22:20 - DEBUG - populationsim.steps.setup_data_structures - control_row.seed_table households
20/01/2023 20:22:20 - DEBUG - populationsim.steps.setup_data_structures - control_row.expression households.HTYPE == "MF"
20/01/2023 20:22:20 - INFO - populationsim.steps.setup_data_structures - control target hh_by_type_mh
20/01/2023 20:22:20 - DEBUG - populationsim.steps.setup_data_structures - control_row.seed_table households
20/01/2023 20:22:20 - DEBUG - populationsim.steps.setup_data_structures - control_row.expression households.HTYPE == "MH"
20/01/2023 20:22:20 - INFO - populationsim.steps.setup_data_structures - control target hh_by_type_dup
20/01/2023 20:22:20 - DEBUG - populationsim.steps.setup_data_structures - control_row.seed_table households
20/01/2023 20:22:20 - DEBUG - populationsim.steps.setup_data_structures - control_row.expression households.HTYPE == "DUP"
20/01/2023 20:22:20 - INFO - populationsim.steps.setup_data_structures - control target num_per
20/01/2023 20:22:20 - DEBUG - populationsim.steps.setup_data_structures - control_row.seed_table persons
20/01/2023 20:22:20 - DEBUG - populationsim.steps.setup_data_structures - control_row.expression (persons.PWGTP > 0) & (persons.PWGTP < np.inf)
20/01/2023 20:22:20 - INFO - populationsim.steps.setup_data_structures - control target per_race_white
20/01/2023 20:22:20 - DEBUG - populationsim.steps.setup_data_structures - control_row.seed_table persons
20/01/2023 20:22:20 - DEBUG - populationsim.steps.setup_data_structures - control_row.expression persons.RAC1P == 1
20/01/2023 20:22:20 - INFO - populationsim.steps.setup_data_structures - control target per_race_black
20/01/2023 20:22:20 - DEBUG - populationsim.steps.setup_data_structures - control_row.seed_table persons
20/01/2023 20:22:20 - DEBUG - populationsim.steps.setup_data_structures - control_row.expression persons.RAC1P == 2
20/01/2023 20:22:20 - INFO - populationsim.steps.setup_data_structures - control target per_race_native
20/01/2023 20:22:20 - DEBUG - populationsim.steps.setup_data_structures - control_row.seed_table persons
20/01/2023 20:22:20 - DEBUG - populationsim.steps.setup_data_structures - control_row.expression persons.RAC1P.isin([3,4,5])
20/01/2023 20:22:20 - INFO - populationsim.steps.setup_data_structures - control target per_race_asian
20/01/2023 20:22:20 - DEBUG - populationsim.steps.setup_data_structures - control_row.seed_table persons
20/01/2023 20:22:20 - DEBUG - populationsim.steps.setup_data_structures - control_row.expression persons.RAC1P == 6
20/01/2023 20:22:20 - INFO - populationsim.steps.setup_data_structures - control target per_race_pacific
20/01/2023 20:22:20 - DEBUG - populationsim.steps.setup_data_structures - control_row.seed_table persons
20/01/2023 20:22:20 - DEBUG - populationsim.steps.setup_data_structures - control_row.expression persons.RAC1P == 7
20/01/2023 20:22:20 - INFO - populationsim.steps.setup_data_structures - control target per_race_other
20/01/2023 20:22:20 - DEBUG - populationsim.steps.setup_data_structures - control_row.seed_table persons
20/01/2023 20:22:20 - DEBUG - populationsim.steps.setup_data_structures - control_row.expression persons.RAC1P == 8
20/01/2023 20:22:20 - INFO - populationsim.steps.setup_data_structures - control target per_race_multi
20/01/2023 20:22:20 - DEBUG - populationsim.steps.setup_data_structures - control_row.seed_table persons
20/01/2023 20:22:20 - DEBUG - populationsim.steps.setup_data_structures - control_row.expression persons.RAC1P == 9
20/01/2023 20:22:20 - INFO - populationsim.steps.setup_data_structures - control target per_age_0_14
20/01/2023 20:22:20 - DEBUG - populationsim.steps.setup_data_structures - control_row.seed_table persons
20/01/2023 20:22:20 - DEBUG - populationsim.steps.setup_data_structures - control_row.expression (persons.AGEP <= 14)
20/01/2023 20:22:20 - INFO - populationsim.steps.setup_data_structures - control target per_age_15_19
20/01/2023 20:22:20 - DEBUG - populationsim.steps.setup_data_structures - control_row.seed_table persons
20/01/2023 20:22:20 - DEBUG - populationsim.steps.setup_data_structures - control_row.expression (persons.AGEP > 15) & (persons.AGEP <= 19)
20/01/2023 20:22:20 - INFO - populationsim.steps.setup_data_structures - control target per_age_20_29
20/01/2023 20:22:20 - DEBUG - populationsim.steps.setup_data_structures - control_row.seed_table persons
20/01/2023 20:22:20 - DEBUG - populationsim.steps.setup_data_structures - control_row.expression (persons.AGEP > 19) & (persons.AGEP <= 29)
20/01/2023 20:22:20 - INFO - populationsim.steps.setup_data_structures - control target per_age_30_54
20/01/2023 20:22:20 - DEBUG - populationsim.steps.setup_data_structures - control_row.seed_table persons
20/01/2023 20:22:20 - DEBUG - populationsim.steps.setup_data_structures - control_row.expression (persons.AGEP > 29) & (persons.AGEP <= 54)
20/01/2023 20:22:20 - INFO - populationsim.steps.setup_data_structures - control target per_age_55_64
20/01/2023 20:22:20 - DEBUG - populationsim.steps.setup_data_structures - control_row.seed_table persons
20/01/2023 20:22:20 - DEBUG - populationsim.steps.setup_data_structures - control_row.expression (persons.AGEP > 54) & (persons.AGEP <= 64)
20/01/2023 20:22:20 - INFO - populationsim.steps.setup_data_structures - control target per_age_65_plus
20/01/2023 20:22:20 - DEBUG - populationsim.steps.setup_data_structures - control_row.seed_table persons
20/01/2023 20:22:20 - DEBUG - populationsim.steps.setup_data_structures - control_row.expression (persons.AGEP > 64) & (persons.AGEP <= np.inf)
20/01/2023 20:22:21 - INFO - populationsim.steps.setup_data_structures - grouped incidence table has 1714 entries, ungrouped has 3898
20/01/2023 20:22:21 - DEBUG - activitysim.core.tracing - Time to execute #run_model completed step 'setup_data_structures' : 0.902 seconds (0.0 minutes)
20/01/2023 20:22:21 - DEBUG - activitysim.core.pipeline - add_checkpoint setup_data_structures timestamp 2023-01-20 20:22:21.063754
20/01/2023 20:22:21 - DEBUG - activitysim.core.pipeline - add_checkpoint 'setup_data_structures' table 'crosswalk' (105, 4) 4.2 KB
20/01/2023 20:22:21 - DEBUG - activitysim.core.pipeline - add_checkpoint 'setup_data_structures' table 'control_spec' (33, 6) 1.7 KB
20/01/2023 20:22:21 - DEBUG - activitysim.core.pipeline - add_checkpoint 'setup_data_structures' table 'REGION_controls' (1, 33) 272 B
20/01/2023 20:22:21 - DEBUG - activitysim.core.pipeline - add_checkpoint 'setup_data_structures' table 'PUMA_controls' (2, 33) 544 B
20/01/2023 20:22:21 - DEBUG - activitysim.core.pipeline - add_checkpoint 'setup_data_structures' table 'TRACT_controls' (36, 33) 9.8 KB
20/01/2023 20:22:21 - DEBUG - activitysim.core.pipeline - add_checkpoint 'setup_data_structures' table 'BG_controls' (105, 25) 21.8 KB
20/01/2023 20:22:21 - DEBUG - activitysim.core.pipeline - add_checkpoint 'setup_data_structures' table 'households' (3898, 12) 405.4 KB
20/01/2023 20:22:21 - DEBUG - activitysim.core.pipeline - add_checkpoint 'setup_data_structures' table 'persons' (191080, 16) 24.5 MB
20/01/2023 20:22:21 - DEBUG - activitysim.core.pipeline - add_checkpoint 'setup_data_structures' table 'household_groups' (3898, 3) 109.1 KB
20/01/2023 20:22:21 - DEBUG - activitysim.core.pipeline - add_checkpoint 'setup_data_structures' table 'incidence_table' (1714, 38) 521.2 KB
20/01/2023 20:22:21 - INFO - activitysim.core.pipeline - #run_model running step initial_seed_balancing
20/01/2023 20:22:21 - INFO - populationsim.steps.initial_seed_balancing - initial_seed_balancing seed id 901
20/01/2023 20:22:23 - INFO - populationsim.steps.initial_seed_balancing - seed_balancer status: {'converged': True, 'iter': 881, 'delta': 9.947226387218556e-10, 'max_gamma_dif': 5.149056736541979e-10}
20/01/2023 20:22:23 - INFO - populationsim.steps.initial_seed_balancing - Total balanced weights for seed 901 = 42793.99964789688
20/01/2023 20:22:23 - INFO - populationsim.steps.initial_seed_balancing - initial_seed_balancing seed id 902
20/01/2023 20:22:26 - INFO - populationsim.steps.initial_seed_balancing - seed_balancer status: {'converged': True, 'iter': 926, 'delta': 9.506181664118707e-10, 'max_gamma_dif': 6.095559612617762e-10}
20/01/2023 20:22:26 - INFO - populationsim.steps.initial_seed_balancing - Total balanced weights for seed 902 = 30313.000403817336
20/01/2023 20:22:26 - DEBUG - activitysim.core.tracing - Time to execute #run_model completed step 'initial_seed_balancing' : 4.888 seconds (0.1 minutes)
20/01/2023 20:22:26 - DEBUG - activitysim.core.pipeline - add_checkpoint initial_seed_balancing timestamp 2023-01-20 20:22:26.183666
20/01/2023 20:22:26 - DEBUG - activitysim.core.pipeline - add_checkpoint 'initial_seed_balancing' table 'PUMA_weights' (1714, 4) 55.0 KB
20/01/2023 20:22:26 - INFO - activitysim.core.pipeline - #run_model running step meta_control_factoring
20/01/2023 20:22:26 - WARNING - populationsim.steps.meta_control_factoring - meta_control_factoring: no meta targets so nothing to do
20/01/2023 20:22:26 - DEBUG - activitysim.core.tracing - Time to execute #run_model completed step 'meta_control_factoring' : 0.009 seconds (0.0 minutes)
20/01/2023 20:22:26 - DEBUG - activitysim.core.pipeline - add_checkpoint meta_control_factoring timestamp 2023-01-20 20:22:26.277666
20/01/2023 20:22:26 - INFO - activitysim.core.pipeline - #run_model running step final_seed_balancing
20/01/2023 20:22:26 - WARNING - populationsim.steps.final_seed_balancing - no need for final_seed_balancing because no meta controls
20/01/2023 20:22:26 - DEBUG - activitysim.core.tracing - Time to execute #run_model completed step 'final_seed_balancing' : 0.008 seconds (0.0 minutes)
20/01/2023 20:22:26 - DEBUG - activitysim.core.pipeline - add_checkpoint final_seed_balancing timestamp 2023-01-20 20:22:26.361656
20/01/2023 20:22:26 - DEBUG - activitysim.core.pipeline - rewrap table PUMA_weights inplace=True
20/01/2023 20:22:26 - DEBUG - activitysim.core.pipeline - add_checkpoint 'final_seed_balancing' table 'PUMA_weights' (1714, 5) 68.7 KB
20/01/2023 20:22:26 - INFO - activitysim.core.pipeline - #run_model running step integerize_final_seed_weights
20/01/2023 20:22:26 - INFO - populationsim.steps.integerize_final_seed_weights - integerize_final_seed_weights seed id 901
20/01/2023 20:22:27 - DEBUG - populationsim.integerizer - Integerizer: 35 out of 885 different from round
20/01/2023 20:22:27 - DEBUG - populationsim.integerizer - Integerizer status for unbackstopped PUMA_901: OPTIMAL
20/01/2023 20:22:27 - INFO - populationsim.steps.integerize_final_seed_weights - integerize_final_seed_weights seed id 902
20/01/2023 20:22:27 - DEBUG - populationsim.integerizer - Integerizer: 29 out of 829 different from round
20/01/2023 20:22:27 - DEBUG - populationsim.integerizer - Integerizer status for unbackstopped PUMA_902: OPTIMAL
20/01/2023 20:22:27 - DEBUG - activitysim.core.tracing - Time to execute #run_model completed step 'integerize_final_seed_weights' : 0.757 seconds (0.0 minutes)
20/01/2023 20:22:27 - DEBUG - activitysim.core.pipeline - add_checkpoint integerize_final_seed_weights timestamp 2023-01-20 20:22:27.194662
20/01/2023 20:22:27 - DEBUG - activitysim.core.pipeline - rewrap table PUMA_weights inplace=True
20/01/2023 20:22:27 - DEBUG - activitysim.core.pipeline - add_checkpoint 'integerize_final_seed_weights' table 'PUMA_weights' (1714, 6) 82.4 KB
20/01/2023 20:22:27 - INFO - activitysim.core.pipeline - #run_model running step sub_balancing
20/01/2023 20:22:27 - INFO - populationsim.steps.sub_balancing - balancing 1/1 seed 901, PUMA 901
20/01/2023 20:22:27 - DEBUG - populationsim.simul_balancer - 885 positive weight rows out of 885
20/01/2023 20:22:27 - DEBUG - populationsim.simul_balancer - np_simul_balancer sample_count 885 control_count 33 zone_count 21
20/01/2023 20:22:27 - DEBUG - populationsim.simul_balancer - np_simul_balancer iteration 0 delta 30.633353123617983 max_gamma_dif 5.7976168630506075
20/01/2023 20:22:31 - DEBUG - populationsim.simul_balancer - np_simul_balancer iteration 100 delta 0.01617050424943658 max_gamma_dif 0.5402494608825092
20/01/2023 20:22:36 - DEBUG - populationsim.simul_balancer - np_simul_balancer iteration 200 delta 0.005576286613787811 max_gamma_dif 0.42233134726262134
20/01/2023 20:22:41 - DEBUG - populationsim.simul_balancer - np_simul_balancer iteration 300 delta 0.004729259253599284 max_gamma_dif 0.26314063536811894
20/01/2023 20:22:45 - DEBUG - populationsim.simul_balancer - np_simul_balancer iteration 400 delta 0.004067883190520611 max_gamma_dif 0.08968343051154504
20/01/2023 20:22:50 - DEBUG - populationsim.simul_balancer - np_simul_balancer iteration 500 delta 0.002616055975389573 max_gamma_dif 0.013966521852913805
20/01/2023 20:22:54 - DEBUG - populationsim.simul_balancer - np_simul_balancer iteration 600 delta 0.0008694809084628362 max_gamma_dif 0.006083517904537761
20/01/2023 20:22:58 - DEBUG - populationsim.simul_balancer - np_simul_balancer iteration 700 delta 0.0008661884728044465 max_gamma_dif 0.004373974325595276
20/01/2023 20:23:03 - DEBUG - populationsim.simul_balancer - np_simul_balancer iteration 800 delta 5.290088205185942e-05 max_gamma_dif 0.00013757469298325553
20/01/2023 20:23:07 - DEBUG - populationsim.simul_balancer - np_simul_balancer iteration 900 delta 4.744800132640429e-07 max_gamma_dif 1.2612285995583505e-06
20/01/2023 20:23:10 - DEBUG - populationsim.steps.sub_balancing - PUMA 901 converged True iter 958
20/01/2023 20:23:13 - DEBUG - populationsim.multi_integerizer - SimulIntegerizer status OPTIMAL
20/01/2023 20:23:13 - INFO - populationsim.multi_integerizer - do_simul_integerizing succeeded for PUMA_901 status OPTIMAL. 
20/01/2023 20:23:13 - INFO - populationsim.steps.sub_balancing - balancing 1/1 seed 902, PUMA 902
20/01/2023 20:23:13 - DEBUG - populationsim.simul_balancer - 828 positive weight rows out of 829
20/01/2023 20:23:13 - DEBUG - populationsim.simul_balancer - np_simul_balancer sample_count 828 control_count 33 zone_count 15
20/01/2023 20:23:13 - DEBUG - populationsim.simul_balancer - np_simul_balancer iteration 0 delta 17.48813441144232 max_gamma_dif 6.305204099767722
20/01/2023 20:23:16 - DEBUG - populationsim.simul_balancer - np_simul_balancer iteration 100 delta 0.015513014494143489 max_gamma_dif 2.8109225032960716
20/01/2023 20:23:19 - DEBUG - populationsim.simul_balancer - np_simul_balancer iteration 200 delta 0.004241004200573805 max_gamma_dif 1.9678830995849026
20/01/2023 20:23:22 - DEBUG - populationsim.simul_balancer - np_simul_balancer iteration 300 delta 0.004478474091911021 max_gamma_dif 1.089912127229875
20/01/2023 20:23:25 - DEBUG - populationsim.simul_balancer - np_simul_balancer iteration 400 delta 0.0070264959688963865 max_gamma_dif 0.6555276864554642
20/01/2023 20:23:28 - DEBUG - populationsim.simul_balancer - np_simul_balancer iteration 500 delta 0.005426703448295201 max_gamma_dif 0.39198294045207405
20/01/2023 20:23:31 - DEBUG - populationsim.simul_balancer - np_simul_balancer iteration 600 delta 0.004918940232868928 max_gamma_dif 0.2500085543704138
20/01/2023 20:23:34 - DEBUG - populationsim.simul_balancer - np_simul_balancer iteration 700 delta 0.0005886649354962801 max_gamma_dif 0.010169291594872343
20/01/2023 20:23:37 - DEBUG - populationsim.simul_balancer - np_simul_balancer iteration 800 delta 6.202777791850504e-05 max_gamma_dif 0.004658197291206201
20/01/2023 20:23:40 - DEBUG - populationsim.simul_balancer - np_simul_balancer iteration 900 delta 1.4258072972786345e-06 max_gamma_dif 0.0025000260746610437
20/01/2023 20:23:43 - DEBUG - populationsim.steps.sub_balancing - PUMA 902 converged False iter 999
20/01/2023 20:23:43 - INFO - populationsim.multi_integerizer - omitting 1 zero weight rows out of 829
20/01/2023 20:23:45 - INFO - populationsim.multi_integerizer - restoring 1 zero weight rows
20/01/2023 20:23:45 - DEBUG - populationsim.multi_integerizer - SimulIntegerizer status OPTIMAL
20/01/2023 20:23:45 - INFO - populationsim.multi_integerizer - do_simul_integerizing succeeded for PUMA_902 status OPTIMAL. 
20/01/2023 20:23:45 - INFO - populationsim.steps.sub_balancing - adding table TRACT_weights
20/01/2023 20:23:45 - DEBUG - activitysim.core.tracing - Time to execute #run_model completed step 'sub_balancing.geography=TRACT' : 78.295 seconds (1.3 minutes)
20/01/2023 20:23:45 - DEBUG - activitysim.core.pipeline - add_checkpoint sub_balancing.geography=TRACT timestamp 2023-01-20 20:23:45.567976
20/01/2023 20:23:45 - DEBUG - activitysim.core.pipeline - add_checkpoint 'sub_balancing.geography=TRACT' table 'TRACT_weights' (31020, 6) 1.6 MB
20/01/2023 20:23:45 - DEBUG - activitysim.core.pipeline - add_checkpoint 'sub_balancing.geography=TRACT' table 'TRACT_weights_sparse' (17509, 6) 910.5 KB
20/01/2023 20:23:45 - DEBUG - activitysim.core.pipeline - add_checkpoint 'sub_balancing.geography=TRACT' table 'trace_TRACT_weights' (829, 6) 43.1 KB
20/01/2023 20:23:45 - INFO - activitysim.core.pipeline - #run_model running step sub_balancing
20/01/2023 20:23:45 - INFO - populationsim.steps.sub_balancing - balancing 1/21 seed 901, TRACT 41029000100
20/01/2023 20:23:45 - DEBUG - populationsim.simul_balancer - 286 positive weight rows out of 885
20/01/2023 20:23:45 - DEBUG - populationsim.simul_balancer - np_simul_balancer sample_count 286 control_count 25 zone_count 2
20/01/2023 20:23:45 - DEBUG - populationsim.simul_balancer - np_simul_balancer iteration 0 delta 1.0913934853364706 max_gamma_dif 0.9727306226672217
20/01/2023 20:23:46 - DEBUG - populationsim.simul_balancer - np_simul_balancer iteration 100 delta 0.001266657446760663 max_gamma_dif 0.31657080213781863
20/01/2023 20:23:46 - DEBUG - populationsim.simul_balancer - np_simul_balancer iteration 200 delta 0.0007233072059635821 max_gamma_dif 0.19920696140944383
20/01/2023 20:23:46 - DEBUG - populationsim.simul_balancer - np_simul_balancer iteration 300 delta 0.00031736066105052864 max_gamma_dif 0.13887334319772993
20/01/2023 20:23:46 - DEBUG - populationsim.simul_balancer - np_simul_balancer iteration 400 delta 0.0002050838602975281 max_gamma_dif 0.12820634231711914
20/01/2023 20:23:46 - DEBUG - populationsim.simul_balancer - np_simul_balancer iteration 500 delta 0.00027500828553301426 max_gamma_dif 0.0850714657908831
20/01/2023 20:23:47 - DEBUG - populationsim.simul_balancer - np_simul_balancer iteration 600 delta 0.00011499969044262411 max_gamma_dif 0.018455866918280273
20/01/2023 20:23:47 - DEBUG - populationsim.simul_balancer - np_simul_balancer iteration 700 delta 4.3257127744829935e-05 max_gamma_dif 0.002422489245102355
20/01/2023 20:23:47 - DEBUG - populationsim.simul_balancer - np_simul_balancer iteration 800 delta 6.59858468091146e-06 max_gamma_dif 0.0003578705685731709
20/01/2023 20:23:47 - DEBUG - populationsim.simul_balancer - np_simul_balancer iteration 900 delta 1.8054108685081217e-07 max_gamma_dif 7.035315647829776e-06
20/01/2023 20:23:48 - DEBUG - populationsim.steps.sub_balancing - TRACT 41029000100 converged True iter 970
20/01/2023 20:23:48 - INFO - populationsim.multi_integerizer - omitting 599 zero weight rows out of 885
20/01/2023 20:23:48 - INFO - populationsim.multi_integerizer - restoring 599 zero weight rows
20/01/2023 20:23:48 - DEBUG - populationsim.multi_integerizer - SimulIntegerizer status OPTIMAL
20/01/2023 20:23:48 - INFO - populationsim.multi_integerizer - do_simul_integerizing succeeded for TRACT_41029000100 status OPTIMAL. 
20/01/2023 20:23:48 - INFO - populationsim.steps.sub_balancing - balancing 2/21 seed 901, TRACT 41029000201
20/01/2023 20:23:48 - DEBUG - populationsim.simul_balancer - 443 positive weight rows out of 885
20/01/2023 20:23:48 - DEBUG - populationsim.simul_balancer - np_simul_balancer sample_count 443 control_count 25 zone_count 3
20/01/2023 20:23:48 - DEBUG - populationsim.simul_balancer - np_simul_balancer iteration 0 delta 1.4661682457552134 max_gamma_dif 1.1624362966990036
20/01/2023 20:23:48 - DEBUG - populationsim.simul_balancer - np_simul_balancer iteration 100 delta 0.0033471160062860665 max_gamma_dif 0.2965940841426754
20/01/2023 20:23:48 - DEBUG - populationsim.simul_balancer - np_simul_balancer iteration 200 delta 0.0014926166854876699 max_gamma_dif 0.2524217810353635
20/01/2023 20:23:49 - DEBUG - populationsim.simul_balancer - np_simul_balancer iteration 300 delta 0.0008472503468859538 max_gamma_dif 0.2014931482133403
20/01/2023 20:23:49 - DEBUG - populationsim.simul_balancer - np_simul_balancer iteration 400 delta 0.0007072198333128505 max_gamma_dif 0.1550366538504493
20/01/2023 20:23:50 - DEBUG - populationsim.simul_balancer - np_simul_balancer iteration 500 delta 0.0005663196868721797 max_gamma_dif 0.09857972603065202
20/01/2023 20:23:50 - DEBUG - populationsim.simul_balancer - np_simul_balancer iteration 600 delta 0.00030709216349659904 max_gamma_dif 0.02711622037328465
20/01/2023 20:23:50 - DEBUG - populationsim.simul_balancer - np_simul_balancer iteration 700 delta 4.059744979647794e-05 max_gamma_dif 0.0007281369287316375
20/01/2023 20:23:51 - DEBUG - populationsim.simul_balancer - np_simul_balancer iteration 800 delta 1.05242319194916e-06 max_gamma_dif 3.9701666934011115e-05
20/01/2023 20:23:51 - DEBUG - populationsim.simul_balancer - np_simul_balancer iteration 900 delta 2.9235024607219356e-08 max_gamma_dif 1.0051289964785326e-06
20/01/2023 20:23:51 - DEBUG - populationsim.steps.sub_balancing - TRACT 41029000201 converged True iter 937
20/01/2023 20:23:51 - INFO - populationsim.multi_integerizer - omitting 442 zero weight rows out of 885
20/01/2023 20:23:51 - INFO - populationsim.multi_integerizer - restoring 442 zero weight rows
20/01/2023 20:23:52 - DEBUG - populationsim.multi_integerizer - SimulIntegerizer status OPTIMAL
20/01/2023 20:23:52 - INFO - populationsim.multi_integerizer - do_simul_integerizing succeeded for TRACT_41029000201 status OPTIMAL. 
20/01/2023 20:23:52 - INFO - populationsim.steps.sub_balancing - balancing 3/21 seed 901, TRACT 41029000202
20/01/2023 20:23:52 - DEBUG - populationsim.simul_balancer - 452 positive weight rows out of 885
20/01/2023 20:23:52 - DEBUG - populationsim.simul_balancer - np_simul_balancer sample_count 452 control_count 25 zone_count 3
20/01/2023 20:23:52 - DEBUG - populationsim.simul_balancer - np_simul_balancer iteration 0 delta 1.3899502679126596 max_gamma_dif 1.4053799094296258
20/01/2023 20:23:52 - DEBUG - populationsim.simul_balancer - np_simul_balancer iteration 100 delta 0.0007762483879055744 max_gamma_dif 0.11143238826995638
20/01/2023 20:23:52 - DEBUG - populationsim.simul_balancer - np_simul_balancer iteration 200 delta 0.0001765172263859273 max_gamma_dif 0.08161748442917749
20/01/2023 20:23:53 - DEBUG - populationsim.simul_balancer - np_simul_balancer iteration 300 delta 8.972979973097003e-05 max_gamma_dif 0.04290256532214354
20/01/2023 20:23:53 - DEBUG - populationsim.simul_balancer - np_simul_balancer iteration 400 delta 6.933584924352634e-05 max_gamma_dif 0.012973228166797135
20/01/2023 20:23:53 - DEBUG - populationsim.simul_balancer - np_simul_balancer iteration 500 delta 4.0525848909581345e-05 max_gamma_dif 0.0017409054577721683
20/01/2023 20:23:54 - DEBUG - populationsim.simul_balancer - np_simul_balancer iteration 600 delta 2.3041205363397327e-05 max_gamma_dif 0.0007486251918429332
20/01/2023 20:23:54 - DEBUG - populationsim.simul_balancer - np_simul_balancer iteration 700 delta 4.937310934165e-06 max_gamma_dif 0.0001443142171737577
20/01/2023 20:23:55 - DEBUG - populationsim.simul_balancer - np_simul_balancer iteration 800 delta 5.600262910928035e-07 max_gamma_dif 9.791486108134961e-06
20/01/2023 20:23:55 - DEBUG - populationsim.simul_balancer - np_simul_balancer iteration 900 delta 6.815182172321441e-09 max_gamma_dif 1.1897006158001489e-07
20/01/2023 20:23:55 - DEBUG - populationsim.steps.sub_balancing - TRACT 41029000202 converged True iter 922
20/01/2023 20:23:55 - INFO - populationsim.multi_integerizer - omitting 433 zero weight rows out of 885
20/01/2023 20:23:55 - INFO - populationsim.multi_integerizer - restoring 433 zero weight rows
20/01/2023 20:23:55 - DEBUG - populationsim.multi_integerizer - SimulIntegerizer status OPTIMAL
20/01/2023 20:23:55 - INFO - populationsim.multi_integerizer - do_simul_integerizing succeeded for TRACT_41029000202 status OPTIMAL. 
20/01/2023 20:23:55 - INFO - populationsim.steps.sub_balancing - balancing 4/21 seed 901, TRACT 41029000203
20/01/2023 20:23:55 - DEBUG - populationsim.simul_balancer - 467 positive weight rows out of 885
20/01/2023 20:23:55 - DEBUG - populationsim.simul_balancer - np_simul_balancer sample_count 467 control_count 25 zone_count 3
20/01/2023 20:23:55 - DEBUG - populationsim.simul_balancer - np_simul_balancer iteration 0 delta 1.4152676848415104 max_gamma_dif 1.606277449254871
20/01/2023 20:23:56 - DEBUG - populationsim.simul_balancer - np_simul_balancer iteration 100 delta 0.0014020542103354656 max_gamma_dif 0.08027605226215684
20/01/2023 20:23:56 - DEBUG - populationsim.simul_balancer - np_simul_balancer iteration 200 delta 0.0004881059209270227 max_gamma_dif 0.06200148943785844
20/01/2023 20:23:56 - DEBUG - populationsim.simul_balancer - np_simul_balancer iteration 300 delta 0.00022762846058549518 max_gamma_dif 0.03539208416230477
20/01/2023 20:23:57 - DEBUG - populationsim.simul_balancer - np_simul_balancer iteration 400 delta 9.335937446918905e-05 max_gamma_dif 0.01143841319405059
20/01/2023 20:23:57 - DEBUG - populationsim.simul_balancer - np_simul_balancer iteration 500 delta 2.8237605915171695e-05 max_gamma_dif 0.0028946774436979794
20/01/2023 20:23:58 - DEBUG - populationsim.simul_balancer - np_simul_balancer iteration 600 delta 2.295839067589103e-05 max_gamma_dif 0.0016496348909549319
20/01/2023 20:23:58 - DEBUG - populationsim.simul_balancer - np_simul_balancer iteration 700 delta 5.098164755099386e-06 max_gamma_dif 0.0004726632919702656
20/01/2023 20:23:58 - DEBUG - populationsim.simul_balancer - np_simul_balancer iteration 800 delta 1.0820295738412507e-06 max_gamma_dif 4.93086814530308e-05
20/01/2023 20:23:59 - DEBUG - populationsim.simul_balancer - np_simul_balancer iteration 900 delta 1.5723705785052656e-08 max_gamma_dif 6.381242945163734e-07
20/01/2023 20:23:59 - DEBUG - populationsim.steps.sub_balancing - TRACT 41029000203 converged True iter 931
20/01/2023 20:23:59 - INFO - populationsim.multi_integerizer - omitting 418 zero weight rows out of 885
20/01/2023 20:23:59 - INFO - populationsim.multi_integerizer - restoring 418 zero weight rows
20/01/2023 20:23:59 - DEBUG - populationsim.multi_integerizer - SimulIntegerizer status OPTIMAL
20/01/2023 20:23:59 - INFO - populationsim.multi_integerizer - do_simul_integerizing succeeded for TRACT_41029000203 status OPTIMAL. 
20/01/2023 20:23:59 - INFO - populationsim.steps.sub_balancing - balancing 5/21 seed 901, TRACT 41029000300
20/01/2023 20:23:59 - DEBUG - populationsim.simul_balancer - 697 positive weight rows out of 885
20/01/2023 20:23:59 - DEBUG - populationsim.simul_balancer - np_simul_balancer sample_count 697 control_count 25 zone_count 2
20/01/2023 20:23:59 - DEBUG - populationsim.simul_balancer - np_simul_balancer iteration 0 delta 1.2150851993770428 max_gamma_dif 0.8435686174235699
20/01/2023 20:24:00 - DEBUG - populationsim.simul_balancer - np_simul_balancer iteration 100 delta 0.0004004559891323759 max_gamma_dif 0.22090408215785629
20/01/2023 20:24:00 - DEBUG - populationsim.simul_balancer - np_simul_balancer iteration 200 delta 9.863316755594673e-05 max_gamma_dif 0.15788855014222647
20/01/2023 20:24:00 - DEBUG - populationsim.simul_balancer - np_simul_balancer iteration 300 delta 7.347502669805803e-05 max_gamma_dif 0.08212818604333116
20/01/2023 20:24:00 - DEBUG - populationsim.simul_balancer - np_simul_balancer iteration 400 delta 5.939108286528758e-05 max_gamma_dif 0.02369768081206458
20/01/2023 20:24:01 - DEBUG - populationsim.simul_balancer - np_simul_balancer iteration 500 delta 2.8775706504480344e-05 max_gamma_dif 0.002270819703384608
20/01/2023 20:24:01 - DEBUG - populationsim.simul_balancer - np_simul_balancer iteration 600 delta 8.717600764486503e-06 max_gamma_dif 0.00126962102456174
20/01/2023 20:24:01 - DEBUG - populationsim.simul_balancer - np_simul_balancer iteration 700 delta 8.371087132648427e-06 max_gamma_dif 0.00043374024806408507
20/01/2023 20:24:02 - DEBUG - populationsim.simul_balancer - np_simul_balancer iteration 800 delta 2.8025100159960983e-06 max_gamma_dif 5.819711128274285e-05
20/01/2023 20:24:02 - DEBUG - populationsim.simul_balancer - np_simul_balancer iteration 900 delta 6.608856003414802e-08 max_gamma_dif 9.200175083989848e-07
20/01/2023 20:24:02 - DEBUG - populationsim.steps.sub_balancing - TRACT 41029000300 converged True iter 952
20/01/2023 20:24:02 - INFO - populationsim.multi_integerizer - omitting 188 zero weight rows out of 885
20/01/2023 20:24:02 - INFO - populationsim.multi_integerizer - restoring 188 zero weight rows
20/01/2023 20:24:02 - DEBUG - populationsim.multi_integerizer - SimulIntegerizer status OPTIMAL
20/01/2023 20:24:02 - INFO - populationsim.multi_integerizer - do_simul_integerizing succeeded for TRACT_41029000300 status OPTIMAL. 
20/01/2023 20:24:02 - INFO - populationsim.steps.sub_balancing - balancing 6/21 seed 901, TRACT 41029000403
20/01/2023 20:24:02 - DEBUG - populationsim.simul_balancer - 479 positive weight rows out of 885
20/01/2023 20:24:02 - DEBUG - populationsim.simul_balancer - np_simul_balancer sample_count 479 control_count 25 zone_count 2
20/01/2023 20:24:02 - DEBUG - populationsim.simul_balancer - np_simul_balancer iteration 0 delta 0.7714802999246321 max_gamma_dif 0.9284346138528736
20/01/2023 20:24:03 - DEBUG - populationsim.simul_balancer - np_simul_balancer iteration 100 delta 0.0009699825553729889 max_gamma_dif 0.08750805491506441
20/01/2023 20:24:03 - DEBUG - populationsim.simul_balancer - np_simul_balancer iteration 200 delta 0.00034941373353060043 max_gamma_dif 0.0657315987411684
20/01/2023 20:24:03 - DEBUG - populationsim.simul_balancer - np_simul_balancer iteration 300 delta 0.00014602624823435858 max_gamma_dif 0.03795433408731963
20/01/2023 20:24:03 - DEBUG - populationsim.simul_balancer - np_simul_balancer iteration 400 delta 5.580009150030322e-05 max_gamma_dif 0.012748361644400408
20/01/2023 20:24:04 - DEBUG - populationsim.simul_balancer - np_simul_balancer iteration 500 delta 6.532629629018097e-06 max_gamma_dif 0.0014140922556700186
20/01/2023 20:24:04 - DEBUG - populationsim.simul_balancer - np_simul_balancer iteration 600 delta 5.0313947122940205e-06 max_gamma_dif 0.0008621898952663187
20/01/2023 20:24:04 - DEBUG - populationsim.simul_balancer - np_simul_balancer iteration 700 delta 8.556187698347749e-07 max_gamma_dif 7.201052456906609e-05
20/01/2023 20:24:04 - DEBUG - populationsim.simul_balancer - np_simul_balancer iteration 800 delta 5.303600554661384e-09 max_gamma_dif 3.8889720799240024e-07
20/01/2023 20:24:05 - DEBUG - populationsim.steps.sub_balancing - TRACT 41029000403 converged True iter 823
20/01/2023 20:24:05 - INFO - populationsim.multi_integerizer - omitting 406 zero weight rows out of 885
20/01/2023 20:24:05 - INFO - populationsim.multi_integerizer - restoring 406 zero weight rows
20/01/2023 20:24:05 - DEBUG - populationsim.multi_integerizer - SimulIntegerizer status OPTIMAL
20/01/2023 20:24:05 - INFO - populationsim.multi_integerizer - do_simul_integerizing succeeded for TRACT_41029000403 status OPTIMAL. 
20/01/2023 20:24:05 - INFO - populationsim.steps.sub_balancing - balancing 7/21 seed 901, TRACT 41029000404
20/01/2023 20:24:05 - DEBUG - populationsim.simul_balancer - 457 positive weight rows out of 885
20/01/2023 20:24:05 - DEBUG - populationsim.simul_balancer - np_simul_balancer sample_count 457 control_count 25 zone_count 2
20/01/2023 20:24:05 - DEBUG - populationsim.simul_balancer - np_simul_balancer iteration 0 delta 0.8574162936407578 max_gamma_dif 0.9294077117171131
20/01/2023 20:24:05 - DEBUG - populationsim.simul_balancer - np_simul_balancer iteration 100 delta 0.00041461619589568414 max_gamma_dif 0.9392725555172868
20/01/2023 20:24:05 - DEBUG - populationsim.simul_balancer - np_simul_balancer iteration 200 delta 0.00017493244981785612 max_gamma_dif 0.9376815276058885
20/01/2023 20:24:06 - DEBUG - populationsim.simul_balancer - np_simul_balancer iteration 300 delta 7.911711199751002e-05 max_gamma_dif 0.9352914035668332
20/01/2023 20:24:06 - DEBUG - populationsim.simul_balancer - np_simul_balancer iteration 400 delta 3.9401961369389665e-05 max_gamma_dif 0.9324636299033363
20/01/2023 20:24:06 - DEBUG - populationsim.simul_balancer - np_simul_balancer iteration 500 delta 1.4051594920290789e-05 max_gamma_dif 0.9295626883456896
20/01/2023 20:24:06 - DEBUG - populationsim.simul_balancer - np_simul_balancer iteration 600 delta 7.3980178261153585e-06 max_gamma_dif 0.9254925973542145
20/01/2023 20:24:07 - DEBUG - populationsim.simul_balancer - np_simul_balancer iteration 700 delta 8.219644612769006e-06 max_gamma_dif 0.9176932046560645
20/01/2023 20:24:07 - DEBUG - populationsim.simul_balancer - np_simul_balancer iteration 800 delta 1.2451489547787633e-05 max_gamma_dif 0.9025293520454171
20/01/2023 20:24:07 - DEBUG - populationsim.simul_balancer - np_simul_balancer iteration 900 delta 1.7960803431057175e-05 max_gamma_dif 0.8750000280582808
20/01/2023 20:24:07 - DEBUG - populationsim.steps.sub_balancing - TRACT 41029000404 converged False iter 999
20/01/2023 20:24:07 - INFO - populationsim.multi_integerizer - omitting 428 zero weight rows out of 885
20/01/2023 20:24:07 - INFO - populationsim.multi_integerizer - restoring 428 zero weight rows
20/01/2023 20:24:07 - DEBUG - populationsim.multi_integerizer - SimulIntegerizer status OPTIMAL
20/01/2023 20:24:07 - INFO - populationsim.multi_integerizer - do_simul_integerizing succeeded for TRACT_41029000404 status OPTIMAL. 
20/01/2023 20:24:07 - INFO - populationsim.steps.sub_balancing - balancing 8/21 seed 901, TRACT 41029000405
20/01/2023 20:24:07 - DEBUG - populationsim.simul_balancer - 489 positive weight rows out of 885
20/01/2023 20:24:07 - DEBUG - populationsim.simul_balancer - np_simul_balancer sample_count 489 control_count 25 zone_count 2
20/01/2023 20:24:07 - DEBUG - populationsim.simul_balancer - np_simul_balancer iteration 0 delta 0.9770520739922646 max_gamma_dif 0.5964587547976605
20/01/2023 20:24:08 - DEBUG - populationsim.simul_balancer - np_simul_balancer iteration 100 delta 0.0033036034078975027 max_gamma_dif 0.4062668437113107
20/01/2023 20:24:08 - DEBUG - populationsim.simul_balancer - np_simul_balancer iteration 200 delta 0.0016663514619557488 max_gamma_dif 0.3299500781063389
20/01/2023 20:24:08 - DEBUG - populationsim.simul_balancer - np_simul_balancer iteration 300 delta 0.0009394751450399151 max_gamma_dif 0.25373031045365535
20/01/2023 20:24:08 - DEBUG - populationsim.simul_balancer - np_simul_balancer iteration 400 delta 0.0006090915687519211 max_gamma_dif 0.16034547304701874
20/01/2023 20:24:09 - DEBUG - populationsim.simul_balancer - np_simul_balancer iteration 500 delta 0.00048432289873808317 max_gamma_dif 0.08936718715771574
20/01/2023 20:24:09 - DEBUG - populationsim.simul_balancer - np_simul_balancer iteration 600 delta 0.0002449233760657032 max_gamma_dif 0.04603701350149925
20/01/2023 20:24:09 - DEBUG - populationsim.simul_balancer - np_simul_balancer iteration 700 delta 0.00016145570974074251 max_gamma_dif 0.012012623439330405
20/01/2023 20:24:10 - DEBUG - populationsim.simul_balancer - np_simul_balancer iteration 800 delta 1.8870565996001973e-05 max_gamma_dif 0.0003538434270629054
20/01/2023 20:24:10 - DEBUG - populationsim.simul_balancer - np_simul_balancer iteration 900 delta 4.894970228723865e-07 max_gamma_dif 2.2007364840703758e-05
20/01/2023 20:24:10 - DEBUG - populationsim.steps.sub_balancing - TRACT 41029000405 converged True iter 976
20/01/2023 20:24:10 - INFO - populationsim.multi_integerizer - omitting 396 zero weight rows out of 885
20/01/2023 20:24:10 - INFO - populationsim.multi_integerizer - restoring 396 zero weight rows
20/01/2023 20:24:10 - DEBUG - populationsim.multi_integerizer - SimulIntegerizer status OPTIMAL
20/01/2023 20:24:10 - INFO - populationsim.multi_integerizer - do_simul_integerizing succeeded for TRACT_41029000405 status OPTIMAL. 
20/01/2023 20:24:10 - INFO - populationsim.steps.sub_balancing - balancing 9/21 seed 901, TRACT 41029000406
20/01/2023 20:24:10 - DEBUG - populationsim.simul_balancer - 513 positive weight rows out of 885
20/01/2023 20:24:10 - DEBUG - populationsim.simul_balancer - np_simul_balancer sample_count 513 control_count 25 zone_count 2
20/01/2023 20:24:10 - DEBUG - populationsim.simul_balancer - np_simul_balancer iteration 0 delta 1.6671064588504712 max_gamma_dif 0.9838958023385512
20/01/2023 20:24:10 - DEBUG - populationsim.simul_balancer - np_simul_balancer iteration 100 delta 0.001431399840022806 max_gamma_dif 0.5919545996696076
20/01/2023 20:24:11 - DEBUG - populationsim.simul_balancer - np_simul_balancer iteration 200 delta 0.000741662775645811 max_gamma_dif 0.4790413003620839
20/01/2023 20:24:11 - DEBUG - populationsim.simul_balancer - np_simul_balancer iteration 300 delta 0.0004760613028818769 max_gamma_dif 0.2994169463402505
20/01/2023 20:24:11 - DEBUG - populationsim.simul_balancer - np_simul_balancer iteration 400 delta 0.00046997346337400594 max_gamma_dif 0.250244348219823
20/01/2023 20:24:12 - DEBUG - populationsim.simul_balancer - np_simul_balancer iteration 500 delta 0.0006054383566859849 max_gamma_dif 0.24280523982230462
20/01/2023 20:24:12 - DEBUG - populationsim.simul_balancer - np_simul_balancer iteration 600 delta 0.0002439442905651347 max_gamma_dif 0.4389670568108146
20/01/2023 20:24:12 - DEBUG - populationsim.simul_balancer - np_simul_balancer iteration 700 delta 0.0001325070490527956 max_gamma_dif 0.49395067704566986
20/01/2023 20:24:12 - DEBUG - populationsim.simul_balancer - np_simul_balancer iteration 800 delta 2.0901072129298013e-05 max_gamma_dif 0.41260552094834413
20/01/2023 20:24:13 - DEBUG - populationsim.simul_balancer - np_simul_balancer iteration 900 delta 7.625672410973318e-06 max_gamma_dif 0.2819667141378308
20/01/2023 20:24:13 - DEBUG - populationsim.steps.sub_balancing - TRACT 41029000406 converged False iter 998
20/01/2023 20:24:13 - INFO - populationsim.multi_integerizer - omitting 372 zero weight rows out of 885
20/01/2023 20:24:13 - INFO - populationsim.multi_integerizer - restoring 372 zero weight rows
20/01/2023 20:24:13 - DEBUG - populationsim.multi_integerizer - SimulIntegerizer status OPTIMAL
20/01/2023 20:24:13 - INFO - populationsim.multi_integerizer - do_simul_integerizing succeeded for TRACT_41029000406 status OPTIMAL. 
20/01/2023 20:24:13 - INFO - populationsim.steps.sub_balancing - balancing 10/21 seed 901, TRACT 41029000501
20/01/2023 20:24:13 - DEBUG - populationsim.simul_balancer - 513 positive weight rows out of 885
20/01/2023 20:24:13 - DEBUG - populationsim.simul_balancer - np_simul_balancer sample_count 513 control_count 25 zone_count 2
20/01/2023 20:24:13 - DEBUG - populationsim.simul_balancer - np_simul_balancer iteration 0 delta 0.9858672905198571 max_gamma_dif 0.9061772135544919
20/01/2023 20:24:13 - DEBUG - populationsim.simul_balancer - np_simul_balancer iteration 100 delta 0.00019084930794953638 max_gamma_dif 0.10754543454024934
20/01/2023 20:24:14 - DEBUG - populationsim.simul_balancer - np_simul_balancer iteration 200 delta 9.39132571510584e-05 max_gamma_dif 0.08140821409873755
20/01/2023 20:24:14 - DEBUG - populationsim.simul_balancer - np_simul_balancer iteration 300 delta 5.35360232373814e-05 max_gamma_dif 0.04845464980918712
20/01/2023 20:24:15 - DEBUG - populationsim.simul_balancer - np_simul_balancer iteration 400 delta 2.1802172481778886e-05 max_gamma_dif 0.018082109988357686
20/01/2023 20:24:15 - DEBUG - populationsim.simul_balancer - np_simul_balancer iteration 500 delta 1.7572231520469043e-05 max_gamma_dif 0.0033486306824876966
20/01/2023 20:24:15 - DEBUG - populationsim.simul_balancer - np_simul_balancer iteration 600 delta 4.158740518490726e-06 max_gamma_dif 0.0017413987767507244
20/01/2023 20:24:15 - DEBUG - populationsim.simul_balancer - np_simul_balancer iteration 700 delta 2.2632774822107095e-06 max_gamma_dif 0.0005260190213918214
20/01/2023 20:24:16 - DEBUG - populationsim.simul_balancer - np_simul_balancer iteration 800 delta 2.442545947974578e-07 max_gamma_dif 4.155329442023792e-05
20/01/2023 20:24:16 - DEBUG - populationsim.simul_balancer - np_simul_balancer iteration 900 delta 2.3921966799938422e-09 max_gamma_dif 2.690880409605967e-07
20/01/2023 20:24:16 - DEBUG - populationsim.steps.sub_balancing - TRACT 41029000501 converged True iter 911
20/01/2023 20:24:16 - INFO - populationsim.multi_integerizer - omitting 372 zero weight rows out of 885
20/01/2023 20:24:16 - INFO - populationsim.multi_integerizer - restoring 372 zero weight rows
20/01/2023 20:24:16 - DEBUG - populationsim.multi_integerizer - SimulIntegerizer status OPTIMAL
20/01/2023 20:24:16 - INFO - populationsim.multi_integerizer - do_simul_integerizing succeeded for TRACT_41029000501 status OPTIMAL. 
20/01/2023 20:24:16 - INFO - populationsim.steps.sub_balancing - balancing 11/21 seed 901, TRACT 41029000502
20/01/2023 20:24:16 - DEBUG - populationsim.simul_balancer - 525 positive weight rows out of 885
20/01/2023 20:24:16 - DEBUG - populationsim.simul_balancer - np_simul_balancer sample_count 525 control_count 25 zone_count 3
20/01/2023 20:24:16 - DEBUG - populationsim.simul_balancer - np_simul_balancer iteration 0 delta 2.4113128861420594 max_gamma_dif 1.2257353971097151
20/01/2023 20:24:17 - DEBUG - populationsim.simul_balancer - np_simul_balancer iteration 100 delta 0.0032147616805210544 max_gamma_dif 2.0900306455631266
20/01/2023 20:24:18 - DEBUG - populationsim.simul_balancer - np_simul_balancer iteration 200 delta 0.0013942448812851184 max_gamma_dif 2.704155795598138
20/01/2023 20:24:18 - DEBUG - populationsim.simul_balancer - np_simul_balancer iteration 300 delta 0.001332836312790697 max_gamma_dif 3.6984155476167704
20/01/2023 20:24:19 - DEBUG - populationsim.simul_balancer - np_simul_balancer iteration 400 delta 0.0009804398870618387 max_gamma_dif 5.131901444252042
20/01/2023 20:24:19 - DEBUG - populationsim.simul_balancer - np_simul_balancer iteration 500 delta 0.0010582058517701232 max_gamma_dif 5.908496644142851
20/01/2023 20:24:20 - DEBUG - populationsim.simul_balancer - np_simul_balancer iteration 600 delta 0.0007055064798540975 max_gamma_dif 4.718879354274452
20/01/2023 20:24:20 - DEBUG - populationsim.simul_balancer - np_simul_balancer iteration 700 delta 0.0006007804528030535 max_gamma_dif 2.8824463883146105
20/01/2023 20:24:20 - DEBUG - populationsim.simul_balancer - np_simul_balancer iteration 800 delta 0.0004871202533417231 max_gamma_dif 1.6015304241569384
20/01/2023 20:24:21 - DEBUG - populationsim.simul_balancer - np_simul_balancer iteration 900 delta 0.00045600429130673506 max_gamma_dif 0.8700619786505106
20/01/2023 20:24:21 - DEBUG - populationsim.steps.sub_balancing - TRACT 41029000502 converged False iter 999
20/01/2023 20:24:21 - INFO - populationsim.multi_integerizer - omitting 360 zero weight rows out of 885
20/01/2023 20:24:22 - INFO - populationsim.multi_integerizer - restoring 360 zero weight rows
20/01/2023 20:24:22 - DEBUG - populationsim.multi_integerizer - SimulIntegerizer status OPTIMAL
20/01/2023 20:24:22 - INFO - populationsim.multi_integerizer - do_simul_integerizing succeeded for TRACT_41029000502 status OPTIMAL. 
20/01/2023 20:24:22 - INFO - populationsim.steps.sub_balancing - balancing 12/21 seed 901, TRACT 41029000601
20/01/2023 20:24:22 - DEBUG - populationsim.simul_balancer - 514 positive weight rows out of 885
20/01/2023 20:24:22 - DEBUG - populationsim.simul_balancer - np_simul_balancer sample_count 514 control_count 25 zone_count 4
20/01/2023 20:24:22 - DEBUG - populationsim.simul_balancer - np_simul_balancer iteration 0 delta 2.7236811179125175 max_gamma_dif 2.459097910254433
20/01/2023 20:24:22 - DEBUG - populationsim.simul_balancer - np_simul_balancer iteration 100 delta 0.002291424135468351 max_gamma_dif 0.059714625762494866
20/01/2023 20:24:23 - DEBUG - populationsim.simul_balancer - np_simul_balancer iteration 200 delta 0.0009199989355680239 max_gamma_dif 0.047415321918984454
20/01/2023 20:24:23 - DEBUG - populationsim.simul_balancer - np_simul_balancer iteration 300 delta 0.00058886489075954 max_gamma_dif 0.04131862723841817
20/01/2023 20:24:24 - DEBUG - populationsim.simul_balancer - np_simul_balancer iteration 400 delta 0.00043544279658880026 max_gamma_dif 0.034569784087569944
20/01/2023 20:24:24 - DEBUG - populationsim.simul_balancer - np_simul_balancer iteration 500 delta 0.00026970321974902127 max_gamma_dif 0.02032549076584389
20/01/2023 20:24:25 - DEBUG - populationsim.simul_balancer - np_simul_balancer iteration 600 delta 9.021146149684681e-05 max_gamma_dif 0.0033698892187030705
20/01/2023 20:24:25 - DEBUG - populationsim.simul_balancer - np_simul_balancer iteration 700 delta 9.74258279282371e-06 max_gamma_dif 0.0002125459490600612
20/01/2023 20:24:26 - DEBUG - populationsim.simul_balancer - np_simul_balancer iteration 800 delta 4.3264084115688905e-07 max_gamma_dif 7.074664387651808e-06
20/01/2023 20:24:26 - DEBUG - populationsim.simul_balancer - np_simul_balancer iteration 900 delta 9.461387111644045e-09 max_gamma_dif 1.5848977663601715e-07
20/01/2023 20:24:27 - DEBUG - populationsim.steps.sub_balancing - TRACT 41029000601 converged True iter 930
20/01/2023 20:24:27 - INFO - populationsim.multi_integerizer - omitting 371 zero weight rows out of 885
20/01/2023 20:24:27 - INFO - populationsim.multi_integerizer - restoring 371 zero weight rows
20/01/2023 20:24:27 - DEBUG - populationsim.multi_integerizer - SimulIntegerizer status OPTIMAL
20/01/2023 20:24:27 - INFO - populationsim.multi_integerizer - do_simul_integerizing succeeded for TRACT_41029000601 status OPTIMAL. 
20/01/2023 20:24:27 - INFO - populationsim.steps.sub_balancing - balancing 13/21 seed 901, TRACT 41029000602
20/01/2023 20:24:27 - DEBUG - populationsim.simul_balancer - 502 positive weight rows out of 885
20/01/2023 20:24:27 - DEBUG - populationsim.simul_balancer - np_simul_balancer sample_count 502 control_count 25 zone_count 3
20/01/2023 20:24:27 - DEBUG - populationsim.simul_balancer - np_simul_balancer iteration 0 delta 2.8574100025127365 max_gamma_dif 1.6920317529825524
20/01/2023 20:24:27 - DEBUG - populationsim.simul_balancer - np_simul_balancer iteration 100 delta 0.0015265362222545693 max_gamma_dif 0.869120641923961
20/01/2023 20:24:28 - DEBUG - populationsim.simul_balancer - np_simul_balancer iteration 200 delta 0.0007136226214544498 max_gamma_dif 0.7749541314953053
20/01/2023 20:24:28 - DEBUG - populationsim.simul_balancer - np_simul_balancer iteration 300 delta 0.0007628149085892124 max_gamma_dif 0.5595509340917417
20/01/2023 20:24:29 - DEBUG - populationsim.simul_balancer - np_simul_balancer iteration 400 delta 0.0005628359031870943 max_gamma_dif 0.2546027898591299
20/01/2023 20:24:29 - DEBUG - populationsim.simul_balancer - np_simul_balancer iteration 500 delta 0.0002767194843442412 max_gamma_dif 0.24594555522167927
20/01/2023 20:24:29 - DEBUG - populationsim.simul_balancer - np_simul_balancer iteration 600 delta 0.00027851539842436047 max_gamma_dif 0.2902525604538466
20/01/2023 20:24:30 - DEBUG - populationsim.simul_balancer - np_simul_balancer iteration 700 delta 0.0001367743563408603 max_gamma_dif 0.4186815389521654
20/01/2023 20:24:30 - DEBUG - populationsim.simul_balancer - np_simul_balancer iteration 800 delta 5.249732967386574e-05 max_gamma_dif 0.40410527746944824
20/01/2023 20:24:31 - DEBUG - populationsim.simul_balancer - np_simul_balancer iteration 900 delta 1.114645670746775e-05 max_gamma_dif 0.2819564008923088
20/01/2023 20:24:31 - DEBUG - populationsim.steps.sub_balancing - TRACT 41029000602 converged False iter 999
20/01/2023 20:24:31 - INFO - populationsim.multi_integerizer - omitting 383 zero weight rows out of 885
20/01/2023 20:24:31 - INFO - populationsim.multi_integerizer - restoring 383 zero weight rows
20/01/2023 20:24:31 - DEBUG - populationsim.multi_integerizer - SimulIntegerizer status OPTIMAL
20/01/2023 20:24:31 - INFO - populationsim.multi_integerizer - do_simul_integerizing succeeded for TRACT_41029000602 status OPTIMAL. 
20/01/2023 20:24:31 - INFO - populationsim.steps.sub_balancing - balancing 14/21 seed 901, TRACT 41029000700
20/01/2023 20:24:31 - DEBUG - populationsim.simul_balancer - 699 positive weight rows out of 885
20/01/2023 20:24:31 - DEBUG - populationsim.simul_balancer - np_simul_balancer sample_count 699 control_count 25 zone_count 5
20/01/2023 20:24:31 - DEBUG - populationsim.simul_balancer - np_simul_balancer iteration 0 delta 2.715122908294318 max_gamma_dif 2.561432144671473
20/01/2023 20:24:32 - DEBUG - populationsim.simul_balancer - np_simul_balancer iteration 100 delta 0.002558590053794498 max_gamma_dif 0.07321554548086961
20/01/2023 20:24:33 - DEBUG - populationsim.simul_balancer - np_simul_balancer iteration 200 delta 0.0011470554560981591 max_gamma_dif 0.05749478127040919
20/01/2023 20:24:34 - DEBUG - populationsim.simul_balancer - np_simul_balancer iteration 300 delta 0.0006016312750013062 max_gamma_dif 0.03694436068573359
20/01/2023 20:24:34 - DEBUG - populationsim.simul_balancer - np_simul_balancer iteration 400 delta 0.00036840627652788327 max_gamma_dif 0.015992136748129493
20/01/2023 20:24:35 - DEBUG - populationsim.simul_balancer - np_simul_balancer iteration 500 delta 0.00014363151785208453 max_gamma_dif 0.004845907080091805
20/01/2023 20:24:36 - DEBUG - populationsim.simul_balancer - np_simul_balancer iteration 600 delta 3.268977256932446e-05 max_gamma_dif 0.0014056944819555994
20/01/2023 20:24:37 - DEBUG - populationsim.simul_balancer - np_simul_balancer iteration 700 delta 1.11115631708475e-05 max_gamma_dif 0.0003702006664112467
20/01/2023 20:24:37 - DEBUG - populationsim.simul_balancer - np_simul_balancer iteration 800 delta 1.1502618756290106e-06 max_gamma_dif 3.0278475415035366e-05
20/01/2023 20:24:38 - DEBUG - populationsim.simul_balancer - np_simul_balancer iteration 900 delta 1.065805863026092e-08 max_gamma_dif 3.321296117020367e-07
20/01/2023 20:24:38 - DEBUG - populationsim.steps.sub_balancing - TRACT 41029000700 converged True iter 927
20/01/2023 20:24:38 - INFO - populationsim.multi_integerizer - omitting 186 zero weight rows out of 885
20/01/2023 20:24:39 - INFO - populationsim.multi_integerizer - restoring 186 zero weight rows
20/01/2023 20:24:39 - DEBUG - populationsim.multi_integerizer - SimulIntegerizer status OPTIMAL
20/01/2023 20:24:39 - INFO - populationsim.multi_integerizer - do_simul_integerizing succeeded for TRACT_41029000700 status OPTIMAL. 
20/01/2023 20:24:39 - INFO - populationsim.steps.sub_balancing - balancing 15/21 seed 901, TRACT 41029000800
20/01/2023 20:24:39 - DEBUG - populationsim.simul_balancer - 638 positive weight rows out of 885
20/01/2023 20:24:39 - DEBUG - populationsim.simul_balancer - np_simul_balancer sample_count 638 control_count 25 zone_count 2
20/01/2023 20:24:39 - DEBUG - populationsim.simul_balancer - np_simul_balancer iteration 0 delta 0.8715387504791995 max_gamma_dif 1.5356846437289997
20/01/2023 20:24:39 - DEBUG - populationsim.simul_balancer - np_simul_balancer iteration 100 delta 0.0007848946853849728 max_gamma_dif 0.022841937766767684
20/01/2023 20:24:39 - DEBUG - populationsim.simul_balancer - np_simul_balancer iteration 200 delta 0.0002686346220705428 max_gamma_dif 0.014382124949598118
20/01/2023 20:24:40 - DEBUG - populationsim.simul_balancer - np_simul_balancer iteration 300 delta 0.000114997114407837 max_gamma_dif 0.007289864101422738
20/01/2023 20:24:40 - DEBUG - populationsim.simul_balancer - np_simul_balancer iteration 400 delta 3.778673879219894e-05 max_gamma_dif 0.002320308654344183
20/01/2023 20:24:40 - DEBUG - populationsim.simul_balancer - np_simul_balancer iteration 500 delta 2.0762306651068608e-05 max_gamma_dif 0.0006093815715919604
20/01/2023 20:24:41 - DEBUG - populationsim.simul_balancer - np_simul_balancer iteration 600 delta 1.0031630069479629e-05 max_gamma_dif 0.000346444199296414
20/01/2023 20:24:41 - DEBUG - populationsim.simul_balancer - np_simul_balancer iteration 700 delta 9.703779432968245e-07 max_gamma_dif 3.8677067485393124e-05
20/01/2023 20:24:41 - DEBUG - populationsim.simul_balancer - np_simul_balancer iteration 800 delta 1.3849667087939513e-07 max_gamma_dif 2.968253550950095e-06
20/01/2023 20:24:41 - DEBUG - populationsim.simul_balancer - np_simul_balancer iteration 900 delta 1.0313976858093674e-09 max_gamma_dif 2.104421192861139e-08
20/01/2023 20:24:41 - DEBUG - populationsim.steps.sub_balancing - TRACT 41029000800 converged True iter 901
20/01/2023 20:24:41 - INFO - populationsim.multi_integerizer - omitting 247 zero weight rows out of 885
20/01/2023 20:24:42 - INFO - populationsim.multi_integerizer - restoring 247 zero weight rows
20/01/2023 20:24:42 - DEBUG - populationsim.multi_integerizer - SimulIntegerizer status OPTIMAL
20/01/2023 20:24:42 - INFO - populationsim.multi_integerizer - do_simul_integerizing succeeded for TRACT_41029000800 status OPTIMAL. 
20/01/2023 20:24:42 - INFO - populationsim.steps.sub_balancing - balancing 16/21 seed 901, TRACT 41029000900
20/01/2023 20:24:42 - DEBUG - populationsim.simul_balancer - 632 positive weight rows out of 885
20/01/2023 20:24:42 - DEBUG - populationsim.simul_balancer - np_simul_balancer sample_count 632 control_count 25 zone_count 4
20/01/2023 20:24:42 - DEBUG - populationsim.simul_balancer - np_simul_balancer iteration 0 delta 2.0976205718415044 max_gamma_dif 57.12510355963075
20/01/2023 20:24:42 - DEBUG - populationsim.simul_balancer - np_simul_balancer iteration 100 delta 0.0018728457628031524 max_gamma_dif 10.018735883703165
20/01/2023 20:24:43 - DEBUG - populationsim.simul_balancer - np_simul_balancer iteration 200 delta 0.0022971249525465536 max_gamma_dif 4.019432032310912
20/01/2023 20:24:43 - DEBUG - populationsim.simul_balancer - np_simul_balancer iteration 300 delta 0.005090900029398011 max_gamma_dif 3.4906493976853703
20/01/2023 20:24:44 - DEBUG - populationsim.simul_balancer - np_simul_balancer iteration 400 delta 0.0014252967206481119 max_gamma_dif 1.3329323214300466
20/01/2023 20:24:44 - DEBUG - populationsim.simul_balancer - np_simul_balancer iteration 500 delta 0.0011652137156693383 max_gamma_dif 0.6221743812122144
20/01/2023 20:24:45 - DEBUG - populationsim.simul_balancer - np_simul_balancer iteration 600 delta 0.0008289637639201595 max_gamma_dif 0.560742538705501
20/01/2023 20:24:46 - DEBUG - populationsim.simul_balancer - np_simul_balancer iteration 700 delta 0.00029814490264209423 max_gamma_dif 0.5277755509807958
20/01/2023 20:24:46 - DEBUG - populationsim.simul_balancer - np_simul_balancer iteration 800 delta 0.0001855692296501419 max_gamma_dif 0.5017486677698023
20/01/2023 20:24:47 - DEBUG - populationsim.simul_balancer - np_simul_balancer iteration 900 delta 0.00030847922533884487 max_gamma_dif 0.5014685186537383
20/01/2023 20:24:47 - DEBUG - populationsim.steps.sub_balancing - TRACT 41029000900 converged False iter 999
20/01/2023 20:24:47 - INFO - populationsim.multi_integerizer - omitting 253 zero weight rows out of 885
20/01/2023 20:24:48 - INFO - populationsim.multi_integerizer - restoring 253 zero weight rows
20/01/2023 20:24:48 - DEBUG - populationsim.multi_integerizer - SimulIntegerizer status OPTIMAL
20/01/2023 20:24:48 - INFO - populationsim.multi_integerizer - do_simul_integerizing succeeded for TRACT_41029000900 status OPTIMAL. 
20/01/2023 20:24:48 - INFO - populationsim.steps.sub_balancing - balancing 17/21 seed 901, TRACT 41029001001
20/01/2023 20:24:48 - DEBUG - populationsim.simul_balancer - 577 positive weight rows out of 885
20/01/2023 20:24:48 - DEBUG - populationsim.simul_balancer - np_simul_balancer sample_count 577 control_count 25 zone_count 4
20/01/2023 20:24:48 - DEBUG - populationsim.simul_balancer - np_simul_balancer iteration 0 delta 2.5987651032062784 max_gamma_dif 331.0756651746676
20/01/2023 20:24:48 - DEBUG - populationsim.simul_balancer - np_simul_balancer iteration 100 delta 0.0014664437905956471 max_gamma_dif 37.35340228873946
20/01/2023 20:24:49 - DEBUG - populationsim.simul_balancer - np_simul_balancer iteration 200 delta 0.005643648511325748 max_gamma_dif 28.389080160367133
20/01/2023 20:24:49 - DEBUG - populationsim.simul_balancer - np_simul_balancer iteration 300 delta 0.002402697215510023 max_gamma_dif 13.960857593676582
20/01/2023 20:24:50 - DEBUG - populationsim.simul_balancer - np_simul_balancer iteration 400 delta 0.001297917199994462 max_gamma_dif 4.030549393573821
20/01/2023 20:24:51 - DEBUG - populationsim.simul_balancer - np_simul_balancer iteration 500 delta 0.0006656152349865112 max_gamma_dif 1.4822779393205674
20/01/2023 20:24:51 - DEBUG - populationsim.simul_balancer - np_simul_balancer iteration 600 delta 0.00043167833670500693 max_gamma_dif 1.117245581974025
20/01/2023 20:24:52 - DEBUG - populationsim.simul_balancer - np_simul_balancer iteration 700 delta 0.00025467524324258606 max_gamma_dif 0.9368580794355501
20/01/2023 20:24:52 - DEBUG - populationsim.simul_balancer - np_simul_balancer iteration 800 delta 0.0002839160932581728 max_gamma_dif 0.9337436393045276
20/01/2023 20:24:53 - DEBUG - populationsim.simul_balancer - np_simul_balancer iteration 900 delta 0.0005079138868526643 max_gamma_dif 0.9284246051009346
20/01/2023 20:24:53 - DEBUG - populationsim.steps.sub_balancing - TRACT 41029001001 converged False iter 999
20/01/2023 20:24:53 - INFO - populationsim.multi_integerizer - omitting 308 zero weight rows out of 885
20/01/2023 20:24:54 - INFO - populationsim.multi_integerizer - restoring 308 zero weight rows
20/01/2023 20:24:54 - DEBUG - populationsim.multi_integerizer - SimulIntegerizer status OPTIMAL
20/01/2023 20:24:54 - INFO - populationsim.multi_integerizer - do_simul_integerizing succeeded for TRACT_41029001001 status OPTIMAL. 
20/01/2023 20:24:54 - INFO - populationsim.steps.sub_balancing - balancing 18/21 seed 901, TRACT 41029001002
20/01/2023 20:24:54 - DEBUG - populationsim.simul_balancer - 624 positive weight rows out of 885
20/01/2023 20:24:54 - DEBUG - populationsim.simul_balancer - np_simul_balancer sample_count 624 control_count 25 zone_count 3
20/01/2023 20:24:54 - DEBUG - populationsim.simul_balancer - np_simul_balancer iteration 0 delta 1.302561815757357 max_gamma_dif 1.5779605857195866
20/01/2023 20:24:54 - DEBUG - populationsim.simul_balancer - np_simul_balancer iteration 100 delta 0.0015094195750066687 max_gamma_dif 0.4237285906482403
20/01/2023 20:24:55 - DEBUG - populationsim.simul_balancer - np_simul_balancer iteration 200 delta 0.0007075706872126647 max_gamma_dif 0.36662112634337274
20/01/2023 20:24:55 - DEBUG - populationsim.simul_balancer - np_simul_balancer iteration 300 delta 0.00033405490706535655 max_gamma_dif 0.2673806113204662
20/01/2023 20:24:55 - DEBUG - populationsim.simul_balancer - np_simul_balancer iteration 400 delta 0.00015992630843252235 max_gamma_dif 0.1310896218372225
20/01/2023 20:24:56 - DEBUG - populationsim.simul_balancer - np_simul_balancer iteration 500 delta 5.058310210709705e-05 max_gamma_dif 0.026669383973295102
20/01/2023 20:24:56 - DEBUG - populationsim.simul_balancer - np_simul_balancer iteration 600 delta 7.541122168231559e-06 max_gamma_dif 0.001469915521882914
20/01/2023 20:24:57 - DEBUG - populationsim.simul_balancer - np_simul_balancer iteration 700 delta 3.45237142973938e-06 max_gamma_dif 0.00034632714219462457
20/01/2023 20:24:57 - DEBUG - populationsim.simul_balancer - np_simul_balancer iteration 800 delta 4.933335324276846e-07 max_gamma_dif 3.126092854999207e-05
20/01/2023 20:24:58 - DEBUG - populationsim.simul_balancer - np_simul_balancer iteration 900 delta 7.401189600839116e-09 max_gamma_dif 4.5918897328967034e-07
20/01/2023 20:24:58 - DEBUG - populationsim.steps.sub_balancing - TRACT 41029001002 converged True iter 927
20/01/2023 20:24:58 - INFO - populationsim.multi_integerizer - omitting 261 zero weight rows out of 885
20/01/2023 20:24:58 - INFO - populationsim.multi_integerizer - restoring 261 zero weight rows
20/01/2023 20:24:58 - DEBUG - populationsim.multi_integerizer - SimulIntegerizer status OPTIMAL
20/01/2023 20:24:58 - INFO - populationsim.multi_integerizer - do_simul_integerizing succeeded for TRACT_41029001002 status OPTIMAL. 
20/01/2023 20:24:58 - INFO - populationsim.steps.sub_balancing - balancing 19/21 seed 901, TRACT 41029001100
20/01/2023 20:24:58 - DEBUG - populationsim.simul_balancer - 495 positive weight rows out of 885
20/01/2023 20:24:58 - DEBUG - populationsim.simul_balancer - np_simul_balancer sample_count 495 control_count 25 zone_count 3
20/01/2023 20:24:58 - DEBUG - populationsim.simul_balancer - np_simul_balancer iteration 0 delta 1.9773753408735928 max_gamma_dif 1.5498344382366422
20/01/2023 20:24:58 - DEBUG - populationsim.simul_balancer - np_simul_balancer iteration 100 delta 0.0017484526851374916 max_gamma_dif 0.48817106175094704
20/01/2023 20:24:59 - DEBUG - populationsim.simul_balancer - np_simul_balancer iteration 200 delta 0.000654488115741545 max_gamma_dif 0.47856205384848516
20/01/2023 20:24:59 - DEBUG - populationsim.simul_balancer - np_simul_balancer iteration 300 delta 0.0003799751352642636 max_gamma_dif 0.4282647810573703
20/01/2023 20:25:00 - DEBUG - populationsim.simul_balancer - np_simul_balancer iteration 400 delta 0.0003621400218129484 max_gamma_dif 0.30675985571025066
20/01/2023 20:25:00 - DEBUG - populationsim.simul_balancer - np_simul_balancer iteration 500 delta 0.0003419882520444764 max_gamma_dif 0.155470129819119
20/01/2023 20:25:00 - DEBUG - populationsim.simul_balancer - np_simul_balancer iteration 600 delta 0.00015472813536739253 max_gamma_dif 0.04311706160351936
20/01/2023 20:25:01 - DEBUG - populationsim.simul_balancer - np_simul_balancer iteration 700 delta 5.146081152336897e-05 max_gamma_dif 0.003180467016513089
20/01/2023 20:25:01 - DEBUG - populationsim.simul_balancer - np_simul_balancer iteration 800 delta 7.3168208292236015e-06 max_gamma_dif 0.00015655523206503652
20/01/2023 20:25:02 - DEBUG - populationsim.simul_balancer - np_simul_balancer iteration 900 delta 8.909440031167739e-08 max_gamma_dif 1.8296871449052787e-06
20/01/2023 20:25:02 - DEBUG - populationsim.steps.sub_balancing - TRACT 41029001100 converged True iter 953
20/01/2023 20:25:02 - INFO - populationsim.multi_integerizer - omitting 390 zero weight rows out of 885
20/01/2023 20:25:02 - INFO - populationsim.multi_integerizer - restoring 390 zero weight rows
20/01/2023 20:25:02 - DEBUG - populationsim.multi_integerizer - SimulIntegerizer status OPTIMAL
20/01/2023 20:25:02 - INFO - populationsim.multi_integerizer - do_simul_integerizing succeeded for TRACT_41029001100 status OPTIMAL. 
20/01/2023 20:25:02 - INFO - populationsim.steps.sub_balancing - balancing 20/21 seed 901, TRACT 41029001200
20/01/2023 20:25:02 - DEBUG - populationsim.simul_balancer - 573 positive weight rows out of 885
20/01/2023 20:25:02 - DEBUG - populationsim.simul_balancer - np_simul_balancer sample_count 573 control_count 25 zone_count 2
20/01/2023 20:25:02 - DEBUG - populationsim.simul_balancer - np_simul_balancer iteration 0 delta 0.19849050529740092 max_gamma_dif 3.266109823544416
20/01/2023 20:25:02 - DEBUG - populationsim.simul_balancer - np_simul_balancer iteration 100 delta 1.3460815324784502e-05 max_gamma_dif 0.2498484864799777
20/01/2023 20:25:03 - DEBUG - populationsim.simul_balancer - np_simul_balancer iteration 200 delta 7.657068231571848e-06 max_gamma_dif 0.24961707909866016
20/01/2023 20:25:03 - DEBUG - populationsim.simul_balancer - np_simul_balancer iteration 300 delta 1.1927838520294337e-05 max_gamma_dif 0.24893816601658614
20/01/2023 20:25:03 - DEBUG - populationsim.simul_balancer - np_simul_balancer iteration 400 delta 1.3162791149662498e-05 max_gamma_dif 0.2466594098458601
20/01/2023 20:25:04 - DEBUG - populationsim.simul_balancer - np_simul_balancer iteration 500 delta 2.60191124942077e-05 max_gamma_dif 0.4748770441771146
20/01/2023 20:25:04 - DEBUG - populationsim.simul_balancer - np_simul_balancer iteration 600 delta 1.1616983212326077e-05 max_gamma_dif 0.7267655172768088
20/01/2023 20:25:04 - DEBUG - populationsim.simul_balancer - np_simul_balancer iteration 700 delta 1.6900341765539735e-06 max_gamma_dif 0.6604521204720295
20/01/2023 20:25:04 - DEBUG - populationsim.simul_balancer - np_simul_balancer iteration 800 delta 5.797806996183206e-07 max_gamma_dif 0.49492790547501797
20/01/2023 20:25:05 - DEBUG - populationsim.simul_balancer - np_simul_balancer iteration 900 delta 1.9323433992632054e-06 max_gamma_dif 0.3332977111030304
20/01/2023 20:25:05 - DEBUG - populationsim.steps.sub_balancing - TRACT 41029001200 converged False iter 999
20/01/2023 20:25:05 - INFO - populationsim.multi_integerizer - omitting 312 zero weight rows out of 885
20/01/2023 20:25:05 - INFO - populationsim.multi_integerizer - restoring 312 zero weight rows
20/01/2023 20:25:05 - DEBUG - populationsim.multi_integerizer - SimulIntegerizer status OPTIMAL
20/01/2023 20:25:05 - INFO - populationsim.multi_integerizer - do_simul_integerizing succeeded for TRACT_41029001200 status OPTIMAL. 
20/01/2023 20:25:05 - INFO - populationsim.steps.sub_balancing - balancing 21/21 seed 901, TRACT 41029001601
20/01/2023 20:25:05 - DEBUG - populationsim.simul_balancer - 356 positive weight rows out of 885
20/01/2023 20:25:05 - DEBUG - populationsim.simul_balancer - np_simul_balancer sample_count 356 control_count 25 zone_count 2
20/01/2023 20:25:05 - DEBUG - populationsim.simul_balancer - np_simul_balancer iteration 0 delta 1.5989224941367355 max_gamma_dif 1.0301768653946093
20/01/2023 20:25:05 - DEBUG - populationsim.simul_balancer - np_simul_balancer iteration 100 delta 0.0003804927709437981 max_gamma_dif 0.24096411727835432
20/01/2023 20:25:06 - DEBUG - populationsim.simul_balancer - np_simul_balancer iteration 200 delta 0.00027225194201441574 max_gamma_dif 0.154949890770415
20/01/2023 20:25:06 - DEBUG - populationsim.simul_balancer - np_simul_balancer iteration 300 delta 0.00018696659639199032 max_gamma_dif 0.06641025433693493
20/01/2023 20:25:06 - DEBUG - populationsim.simul_balancer - np_simul_balancer iteration 400 delta 0.00011215196956726173 max_gamma_dif 0.013561673353011283
20/01/2023 20:25:06 - DEBUG - populationsim.simul_balancer - np_simul_balancer iteration 500 delta 3.583064344526044e-05 max_gamma_dif 0.0013019224256602957
20/01/2023 20:25:07 - DEBUG - populationsim.simul_balancer - np_simul_balancer iteration 600 delta 4.655578788780496e-06 max_gamma_dif 0.00011531751253113232
20/01/2023 20:25:07 - DEBUG - populationsim.simul_balancer - np_simul_balancer iteration 700 delta 1.114793349783765e-06 max_gamma_dif 5.4960834845463324e-05
20/01/2023 20:25:07 - DEBUG - populationsim.simul_balancer - np_simul_balancer iteration 800 delta 1.298618521286769e-07 max_gamma_dif 5.862162837821927e-06
20/01/2023 20:25:07 - DEBUG - populationsim.simul_balancer - np_simul_balancer iteration 900 delta 1.009862122181968e-09 max_gamma_dif 4.34943978611102e-08
20/01/2023 20:25:07 - DEBUG - populationsim.steps.sub_balancing - TRACT 41029001601 converged True iter 901
20/01/2023 20:25:07 - INFO - populationsim.multi_integerizer - omitting 529 zero weight rows out of 885
20/01/2023 20:25:07 - INFO - populationsim.multi_integerizer - restoring 529 zero weight rows
20/01/2023 20:25:07 - DEBUG - populationsim.multi_integerizer - SimulIntegerizer status OPTIMAL
20/01/2023 20:25:07 - INFO - populationsim.multi_integerizer - do_simul_integerizing succeeded for TRACT_41029001601 status OPTIMAL. 
20/01/2023 20:25:07 - INFO - populationsim.steps.sub_balancing - balancing 1/15 seed 902, TRACT 41029001301
20/01/2023 20:25:07 - DEBUG - populationsim.simul_balancer - 476 positive weight rows out of 829
20/01/2023 20:25:07 - DEBUG - populationsim.simul_balancer - np_simul_balancer sample_count 476 control_count 25 zone_count 4
20/01/2023 20:25:07 - DEBUG - populationsim.simul_balancer - np_simul_balancer iteration 0 delta 1.6126806514021848 max_gamma_dif 5.915258553419755
20/01/2023 20:25:08 - DEBUG - populationsim.simul_balancer - np_simul_balancer iteration 100 delta 0.0029777688563565616 max_gamma_dif 1.3583754731632727
20/01/2023 20:25:08 - DEBUG - populationsim.simul_balancer - np_simul_balancer iteration 200 delta 0.0017812735091082478 max_gamma_dif 0.9932549873297718
20/01/2023 20:25:09 - DEBUG - populationsim.simul_balancer - np_simul_balancer iteration 300 delta 0.0015331891356691147 max_gamma_dif 0.992320614411915
20/01/2023 20:25:09 - DEBUG - populationsim.simul_balancer - np_simul_balancer iteration 400 delta 0.002652902378143932 max_gamma_dif 0.992977559691146
20/01/2023 20:25:10 - DEBUG - populationsim.simul_balancer - np_simul_balancer iteration 500 delta 0.02351344377217726 max_gamma_dif 1.8374088714774515
20/01/2023 20:25:10 - DEBUG - populationsim.simul_balancer - np_simul_balancer iteration 600 delta 0.0015967813886382158 max_gamma_dif 0.9705070024706374
20/01/2023 20:25:11 - DEBUG - populationsim.simul_balancer - np_simul_balancer iteration 700 delta 0.0013319321217148457 max_gamma_dif 0.9659884869406773
20/01/2023 20:25:12 - DEBUG - populationsim.simul_balancer - np_simul_balancer iteration 800 delta 0.001558690036034243 max_gamma_dif 0.9619561117067084
20/01/2023 20:25:12 - DEBUG - populationsim.simul_balancer - np_simul_balancer iteration 900 delta 0.0018919832713755582 max_gamma_dif 0.9543987243999217
20/01/2023 20:25:13 - DEBUG - populationsim.steps.sub_balancing - TRACT 41029001301 converged False iter 999
20/01/2023 20:25:13 - INFO - populationsim.multi_integerizer - omitting 353 zero weight rows out of 829
20/01/2023 20:25:13 - INFO - populationsim.multi_integerizer - restoring 353 zero weight rows
20/01/2023 20:25:13 - DEBUG - populationsim.multi_integerizer - SimulIntegerizer status OPTIMAL
20/01/2023 20:25:13 - INFO - populationsim.multi_integerizer - do_simul_integerizing succeeded for TRACT_41029001301 status OPTIMAL. 
20/01/2023 20:25:13 - INFO - populationsim.steps.sub_balancing - balancing 2/15 seed 902, TRACT 41029001302
20/01/2023 20:25:13 - DEBUG - populationsim.simul_balancer - 633 positive weight rows out of 829
20/01/2023 20:25:13 - DEBUG - populationsim.simul_balancer - np_simul_balancer sample_count 633 control_count 25 zone_count 5
20/01/2023 20:25:13 - DEBUG - populationsim.simul_balancer - np_simul_balancer iteration 0 delta 3.477554421363806 max_gamma_dif 3.6358219495558215
20/01/2023 20:25:14 - DEBUG - populationsim.simul_balancer - np_simul_balancer iteration 100 delta 0.005720034811426455 max_gamma_dif 0.948854216342679
20/01/2023 20:25:14 - DEBUG - populationsim.simul_balancer - np_simul_balancer iteration 200 delta 0.002550727589328197 max_gamma_dif 0.9117445283271387
20/01/2023 20:25:15 - DEBUG - populationsim.simul_balancer - np_simul_balancer iteration 300 delta 0.0012430205228178572 max_gamma_dif 0.8767716257302417
20/01/2023 20:25:16 - DEBUG - populationsim.simul_balancer - np_simul_balancer iteration 400 delta 0.0005138265063820362 max_gamma_dif 0.8732243952008324
20/01/2023 20:25:16 - DEBUG - populationsim.simul_balancer - np_simul_balancer iteration 500 delta 0.00043366883553415766 max_gamma_dif 0.8689570175708893
20/01/2023 20:25:17 - DEBUG - populationsim.simul_balancer - np_simul_balancer iteration 600 delta 0.0001542838185695068 max_gamma_dif 0.8621125485650969
20/01/2023 20:25:18 - DEBUG - populationsim.simul_balancer - np_simul_balancer iteration 700 delta 0.00011845415290792417 max_gamma_dif 0.8490730389740149
20/01/2023 20:25:19 - DEBUG - populationsim.simul_balancer - np_simul_balancer iteration 800 delta 0.00016096033947803922 max_gamma_dif 0.8238803164548568
20/01/2023 20:25:19 - DEBUG - populationsim.simul_balancer - np_simul_balancer iteration 900 delta 0.0002025871598371229 max_gamma_dif 0.7795954092392139
20/01/2023 20:25:20 - DEBUG - populationsim.steps.sub_balancing - TRACT 41029001302 converged False iter 999
20/01/2023 20:25:20 - INFO - populationsim.multi_integerizer - omitting 196 zero weight rows out of 829
20/01/2023 20:25:21 - INFO - populationsim.multi_integerizer - restoring 196 zero weight rows
20/01/2023 20:25:21 - DEBUG - populationsim.multi_integerizer - SimulIntegerizer status OPTIMAL
20/01/2023 20:25:21 - INFO - populationsim.multi_integerizer - do_simul_integerizing succeeded for TRACT_41029001302 status OPTIMAL. 
20/01/2023 20:25:21 - INFO - populationsim.steps.sub_balancing - balancing 3/15 seed 902, TRACT 41029001400
20/01/2023 20:25:21 - DEBUG - populationsim.simul_balancer - 648 positive weight rows out of 829
20/01/2023 20:25:21 - DEBUG - populationsim.simul_balancer - np_simul_balancer sample_count 648 control_count 25 zone_count 3
20/01/2023 20:25:21 - DEBUG - populationsim.simul_balancer - np_simul_balancer iteration 0 delta 2.815527859074819 max_gamma_dif 2.471156366485317
20/01/2023 20:25:21 - DEBUG - populationsim.simul_balancer - np_simul_balancer iteration 100 delta 0.005545090733500827 max_gamma_dif 0.03444917540940329
20/01/2023 20:25:21 - DEBUG - populationsim.simul_balancer - np_simul_balancer iteration 200 delta 0.0027488217971341745 max_gamma_dif 0.021232799792958112
20/01/2023 20:25:22 - DEBUG - populationsim.simul_balancer - np_simul_balancer iteration 300 delta 0.0015158729855350502 max_gamma_dif 0.018859697366032546
20/01/2023 20:25:22 - DEBUG - populationsim.simul_balancer - np_simul_balancer iteration 400 delta 0.0007842733133694908 max_gamma_dif 0.013000316905184772
20/01/2023 20:25:23 - DEBUG - populationsim.simul_balancer - np_simul_balancer iteration 500 delta 0.00022792341350863756 max_gamma_dif 0.00458003689055464
20/01/2023 20:25:23 - DEBUG - populationsim.simul_balancer - np_simul_balancer iteration 600 delta 5.907195295291334e-05 max_gamma_dif 0.001640314990363656
20/01/2023 20:25:24 - DEBUG - populationsim.simul_balancer - np_simul_balancer iteration 700 delta 1.0451172046129691e-05 max_gamma_dif 0.0003343841750376164
20/01/2023 20:25:24 - DEBUG - populationsim.simul_balancer - np_simul_balancer iteration 800 delta 1.7667941132738005e-06 max_gamma_dif 2.929400994611253e-05
20/01/2023 20:25:24 - DEBUG - populationsim.simul_balancer - np_simul_balancer iteration 900 delta 5.4835683866043924e-08 max_gamma_dif 1.3723853972136268e-06
20/01/2023 20:25:25 - DEBUG - populationsim.steps.sub_balancing - TRACT 41029001400 converged True iter 952
20/01/2023 20:25:25 - INFO - populationsim.multi_integerizer - omitting 181 zero weight rows out of 829
20/01/2023 20:25:25 - INFO - populationsim.multi_integerizer - restoring 181 zero weight rows
20/01/2023 20:25:25 - DEBUG - populationsim.multi_integerizer - SimulIntegerizer status OPTIMAL
20/01/2023 20:25:25 - INFO - populationsim.multi_integerizer - do_simul_integerizing succeeded for TRACT_41029001400 status OPTIMAL. 
20/01/2023 20:25:25 - INFO - populationsim.steps.sub_balancing - balancing 4/15 seed 902, TRACT 41029001500
20/01/2023 20:25:25 - DEBUG - populationsim.simul_balancer - 540 positive weight rows out of 829
20/01/2023 20:25:25 - DEBUG - populationsim.simul_balancer - np_simul_balancer sample_count 540 control_count 25 zone_count 4
20/01/2023 20:25:25 - DEBUG - populationsim.simul_balancer - np_simul_balancer iteration 0 delta 2.4854923872129997 max_gamma_dif 2.599518753836217
20/01/2023 20:25:26 - DEBUG - populationsim.simul_balancer - np_simul_balancer iteration 100 delta 0.0003526129162626205 max_gamma_dif 0.7696935259415949
20/01/2023 20:25:26 - DEBUG - populationsim.simul_balancer - np_simul_balancer iteration 200 delta 0.00037296659179140073 max_gamma_dif 0.765767184839091
20/01/2023 20:25:27 - DEBUG - populationsim.simul_balancer - np_simul_balancer iteration 300 delta 0.0008008012090173798 max_gamma_dif 0.902547732863692
20/01/2023 20:25:27 - DEBUG - populationsim.simul_balancer - np_simul_balancer iteration 400 delta 0.00039079901469409625 max_gamma_dif 0.8959857780337224
20/01/2023 20:25:28 - DEBUG - populationsim.simul_balancer - np_simul_balancer iteration 500 delta 0.0003052543494678943 max_gamma_dif 0.8936275291778092
20/01/2023 20:25:28 - DEBUG - populationsim.simul_balancer - np_simul_balancer iteration 600 delta 0.00021285504194199745 max_gamma_dif 0.8699042744107394
20/01/2023 20:25:29 - DEBUG - populationsim.simul_balancer - np_simul_balancer iteration 700 delta 0.0001613558641463533 max_gamma_dif 0.8549107632929259
20/01/2023 20:25:29 - DEBUG - populationsim.simul_balancer - np_simul_balancer iteration 800 delta 0.00012522834782695147 max_gamma_dif 0.8286887153795021
20/01/2023 20:25:30 - DEBUG - populationsim.simul_balancer - np_simul_balancer iteration 900 delta 0.00012420358969742707 max_gamma_dif 0.785236073191718
20/01/2023 20:25:30 - DEBUG - populationsim.steps.sub_balancing - TRACT 41029001500 converged False iter 999
20/01/2023 20:25:30 - INFO - populationsim.multi_integerizer - omitting 289 zero weight rows out of 829
20/01/2023 20:25:31 - INFO - populationsim.multi_integerizer - restoring 289 zero weight rows
20/01/2023 20:25:31 - DEBUG - populationsim.multi_integerizer - SimulIntegerizer status OPTIMAL
20/01/2023 20:25:31 - INFO - populationsim.multi_integerizer - do_simul_integerizing succeeded for TRACT_41029001500 status OPTIMAL. 
20/01/2023 20:25:31 - INFO - populationsim.steps.sub_balancing - balancing 5/15 seed 902, TRACT 41029001602
20/01/2023 20:25:31 - DEBUG - populationsim.simul_balancer - 568 positive weight rows out of 829
20/01/2023 20:25:31 - DEBUG - populationsim.simul_balancer - np_simul_balancer sample_count 568 control_count 25 zone_count 5
20/01/2023 20:25:31 - DEBUG - populationsim.simul_balancer - np_simul_balancer iteration 0 delta 2.628415006499132 max_gamma_dif 0.9967231000808288
20/01/2023 20:25:32 - DEBUG - populationsim.simul_balancer - np_simul_balancer iteration 100 delta 0.0026158398695554775 max_gamma_dif 0.18027054723134328
20/01/2023 20:25:32 - DEBUG - populationsim.simul_balancer - np_simul_balancer iteration 200 delta 0.001036296862753527 max_gamma_dif 0.1275931177673837
20/01/2023 20:25:33 - DEBUG - populationsim.simul_balancer - np_simul_balancer iteration 300 delta 0.0009069820386150477 max_gamma_dif 0.0827221610645239
20/01/2023 20:25:34 - DEBUG - populationsim.simul_balancer - np_simul_balancer iteration 400 delta 0.0008586304469930511 max_gamma_dif 0.04171583036374682
20/01/2023 20:25:34 - DEBUG - populationsim.simul_balancer - np_simul_balancer iteration 500 delta 0.0005722595689640797 max_gamma_dif 0.013527610510670196
20/01/2023 20:25:35 - DEBUG - populationsim.simul_balancer - np_simul_balancer iteration 600 delta 0.00020389958192285355 max_gamma_dif 0.005150112943551055
20/01/2023 20:25:36 - DEBUG - populationsim.simul_balancer - np_simul_balancer iteration 700 delta 3.568223632297941e-05 max_gamma_dif 0.0007785907905608624
20/01/2023 20:25:36 - DEBUG - populationsim.simul_balancer - np_simul_balancer iteration 800 delta 3.020800931082838e-06 max_gamma_dif 8.170354906722466e-05
20/01/2023 20:25:37 - DEBUG - populationsim.simul_balancer - np_simul_balancer iteration 900 delta 9.763090853951943e-08 max_gamma_dif 1.6904190422994958e-06
20/01/2023 20:25:37 - DEBUG - populationsim.steps.sub_balancing - TRACT 41029001602 converged True iter 962
20/01/2023 20:25:37 - INFO - populationsim.multi_integerizer - omitting 261 zero weight rows out of 829
20/01/2023 20:25:38 - INFO - populationsim.multi_integerizer - restoring 261 zero weight rows
20/01/2023 20:25:38 - DEBUG - populationsim.multi_integerizer - SimulIntegerizer status OPTIMAL
20/01/2023 20:25:38 - INFO - populationsim.multi_integerizer - do_simul_integerizing succeeded for TRACT_41029001602 status OPTIMAL. 
20/01/2023 20:25:38 - INFO - populationsim.steps.sub_balancing - balancing 6/15 seed 902, TRACT 41029001700
20/01/2023 20:25:38 - DEBUG - populationsim.simul_balancer - 640 positive weight rows out of 829
20/01/2023 20:25:38 - DEBUG - populationsim.simul_balancer - np_simul_balancer sample_count 640 control_count 25 zone_count 4
20/01/2023 20:25:38 - DEBUG - populationsim.simul_balancer - np_simul_balancer iteration 0 delta 2.3590691130839967 max_gamma_dif 36.20022307034637
20/01/2023 20:25:39 - DEBUG - populationsim.simul_balancer - np_simul_balancer iteration 100 delta 0.0024554952394695143 max_gamma_dif 0.19778844416361074
20/01/2023 20:25:39 - DEBUG - populationsim.simul_balancer - np_simul_balancer iteration 200 delta 0.00039021073728352654 max_gamma_dif 0.18607722400523252
20/01/2023 20:25:40 - DEBUG - populationsim.simul_balancer - np_simul_balancer iteration 300 delta 0.00017415288097384767 max_gamma_dif 0.16461165630207564
20/01/2023 20:25:40 - DEBUG - populationsim.simul_balancer - np_simul_balancer iteration 400 delta 0.00023001252560483622 max_gamma_dif 0.12197120618419366
20/01/2023 20:25:41 - DEBUG - populationsim.simul_balancer - np_simul_balancer iteration 500 delta 0.00026029475035505847 max_gamma_dif 0.06260497216631689
20/01/2023 20:25:41 - DEBUG - populationsim.simul_balancer - np_simul_balancer iteration 600 delta 0.0001267505030328894 max_gamma_dif 0.013566227878025416
20/01/2023 20:25:42 - DEBUG - populationsim.simul_balancer - np_simul_balancer iteration 700 delta 1.3633055033999574e-05 max_gamma_dif 0.0017633112088388803
20/01/2023 20:25:42 - DEBUG - populationsim.simul_balancer - np_simul_balancer iteration 800 delta 7.375879548615443e-07 max_gamma_dif 0.001242536818680584
20/01/2023 20:25:43 - DEBUG - populationsim.simul_balancer - np_simul_balancer iteration 900 delta 8.339707734093501e-08 max_gamma_dif 0.0008759578212484964
20/01/2023 20:25:44 - DEBUG - populationsim.steps.sub_balancing - TRACT 41029001700 converged False iter 999
20/01/2023 20:25:44 - INFO - populationsim.multi_integerizer - omitting 189 zero weight rows out of 829
20/01/2023 20:25:44 - INFO - populationsim.multi_integerizer - restoring 189 zero weight rows
20/01/2023 20:25:44 - DEBUG - populationsim.multi_integerizer - SimulIntegerizer status OPTIMAL
20/01/2023 20:25:44 - INFO - populationsim.multi_integerizer - do_simul_integerizing succeeded for TRACT_41029001700 status OPTIMAL. 
20/01/2023 20:25:44 - INFO - populationsim.steps.sub_balancing - balancing 7/15 seed 902, TRACT 41029001800
20/01/2023 20:25:44 - DEBUG - populationsim.simul_balancer - 649 positive weight rows out of 829
20/01/2023 20:25:44 - DEBUG - populationsim.simul_balancer - np_simul_balancer sample_count 649 control_count 25 zone_count 4
20/01/2023 20:25:44 - DEBUG - populationsim.simul_balancer - np_simul_balancer iteration 0 delta 2.8819731616550706 max_gamma_dif 2.017826431153947
20/01/2023 20:25:45 - DEBUG - populationsim.simul_balancer - np_simul_balancer iteration 100 delta 0.001798972573885876 max_gamma_dif 0.6376005343093137
20/01/2023 20:25:45 - DEBUG - populationsim.simul_balancer - np_simul_balancer iteration 200 delta 0.0011960250978521004 max_gamma_dif 0.6289283269396445
20/01/2023 20:25:46 - DEBUG - populationsim.simul_balancer - np_simul_balancer iteration 300 delta 0.0010380886499764175 max_gamma_dif 0.616461168041275
20/01/2023 20:25:46 - DEBUG - populationsim.simul_balancer - np_simul_balancer iteration 400 delta 0.0007866027548163048 max_gamma_dif 0.6012363760302266
20/01/2023 20:25:47 - DEBUG - populationsim.simul_balancer - np_simul_balancer iteration 500 delta 0.00040757974175931514 max_gamma_dif 0.5883052190409025
20/01/2023 20:25:47 - DEBUG - populationsim.simul_balancer - np_simul_balancer iteration 600 delta 0.00016983154473001664 max_gamma_dif 0.5741419995459758
20/01/2023 20:25:48 - DEBUG - populationsim.simul_balancer - np_simul_balancer iteration 700 delta 4.989898682335368e-05 max_gamma_dif 0.5506279362176353
20/01/2023 20:25:49 - DEBUG - populationsim.simul_balancer - np_simul_balancer iteration 800 delta 5.634063695391928e-05 max_gamma_dif 0.5088169970241353
20/01/2023 20:25:49 - DEBUG - populationsim.simul_balancer - np_simul_balancer iteration 900 delta 6.172014846660042e-05 max_gamma_dif 0.444639706610235
20/01/2023 20:25:50 - DEBUG - populationsim.steps.sub_balancing - TRACT 41029001800 converged False iter 994
20/01/2023 20:25:50 - INFO - populationsim.multi_integerizer - omitting 180 zero weight rows out of 829
20/01/2023 20:25:50 - INFO - populationsim.multi_integerizer - restoring 180 zero weight rows
20/01/2023 20:25:50 - DEBUG - populationsim.multi_integerizer - SimulIntegerizer status OPTIMAL
20/01/2023 20:25:50 - INFO - populationsim.multi_integerizer - do_simul_integerizing succeeded for TRACT_41029001800 status OPTIMAL. 
20/01/2023 20:25:50 - INFO - populationsim.steps.sub_balancing - balancing 8/15 seed 902, TRACT 41029001900
20/01/2023 20:25:50 - DEBUG - populationsim.simul_balancer - 127 positive weight rows out of 829
20/01/2023 20:25:50 - DEBUG - populationsim.simul_balancer - np_simul_balancer sample_count 127 control_count 25 zone_count 2
20/01/2023 20:25:50 - DEBUG - populationsim.simul_balancer - np_simul_balancer iteration 0 delta 2.562450003288612 max_gamma_dif 1.6982024643497144
20/01/2023 20:25:50 - DEBUG - populationsim.simul_balancer - np_simul_balancer iteration 100 delta 0.001596147128864064 max_gamma_dif 0.6653222273566912
20/01/2023 20:25:50 - DEBUG - populationsim.simul_balancer - np_simul_balancer iteration 200 delta 0.0023017479494749984 max_gamma_dif 0.4931884509206038
20/01/2023 20:25:51 - DEBUG - populationsim.simul_balancer - np_simul_balancer iteration 300 delta 0.0021469477430197813 max_gamma_dif 0.3160488687865566
20/01/2023 20:25:51 - DEBUG - populationsim.simul_balancer - np_simul_balancer iteration 400 delta 0.0020447526087859712 max_gamma_dif 0.287171202573688
20/01/2023 20:25:51 - DEBUG - populationsim.simul_balancer - np_simul_balancer iteration 500 delta 0.004438319139026763 max_gamma_dif 0.23379770416105972
20/01/2023 20:25:51 - DEBUG - populationsim.simul_balancer - np_simul_balancer iteration 600 delta 0.0020234778083110068 max_gamma_dif 0.10013285625656643
20/01/2023 20:25:51 - DEBUG - populationsim.simul_balancer - np_simul_balancer iteration 700 delta 0.00026168399849545295 max_gamma_dif 0.014499831336815983
20/01/2023 20:25:52 - DEBUG - populationsim.simul_balancer - np_simul_balancer iteration 800 delta 7.726053039717407e-05 max_gamma_dif 0.0024072693711700843
20/01/2023 20:25:52 - DEBUG - populationsim.simul_balancer - np_simul_balancer iteration 900 delta 3.2912619558940885e-06 max_gamma_dif 4.335384612175197e-05
20/01/2023 20:25:52 - DEBUG - populationsim.steps.sub_balancing - TRACT 41029001900 converged False iter 999
20/01/2023 20:25:52 - INFO - populationsim.multi_integerizer - omitting 702 zero weight rows out of 829
20/01/2023 20:25:52 - INFO - populationsim.multi_integerizer - restoring 702 zero weight rows
20/01/2023 20:25:52 - DEBUG - populationsim.multi_integerizer - SimulIntegerizer status OPTIMAL
20/01/2023 20:25:52 - INFO - populationsim.multi_integerizer - do_simul_integerizing succeeded for TRACT_41029001900 status OPTIMAL. 
20/01/2023 20:25:52 - INFO - populationsim.steps.sub_balancing - balancing 9/15 seed 902, TRACT 41029002000
20/01/2023 20:25:52 - DEBUG - populationsim.simul_balancer - 360 positive weight rows out of 829
20/01/2023 20:25:52 - DEBUG - populationsim.simul_balancer - np_simul_balancer sample_count 360 control_count 25 zone_count 2
20/01/2023 20:25:52 - DEBUG - populationsim.simul_balancer - np_simul_balancer iteration 0 delta 0.7620811661443524 max_gamma_dif 0.29069656566747804
20/01/2023 20:25:52 - DEBUG - populationsim.simul_balancer - np_simul_balancer iteration 100 delta 0.0004831940906674436 max_gamma_dif 0.008485464876299087
20/01/2023 20:25:53 - DEBUG - populationsim.simul_balancer - np_simul_balancer iteration 200 delta 0.00010517725412707194 max_gamma_dif 0.0077489708386602185
20/01/2023 20:25:53 - DEBUG - populationsim.simul_balancer - np_simul_balancer iteration 300 delta 2.2016911536579803e-05 max_gamma_dif 0.006420803030378175
20/01/2023 20:25:53 - DEBUG - populationsim.simul_balancer - np_simul_balancer iteration 400 delta 1.9721806348758055e-05 max_gamma_dif 0.004824112616907961
20/01/2023 20:25:53 - DEBUG - populationsim.simul_balancer - np_simul_balancer iteration 500 delta 2.2123574819359068e-05 max_gamma_dif 0.003390943406263114
20/01/2023 20:25:54 - DEBUG - populationsim.simul_balancer - np_simul_balancer iteration 600 delta 1.4470151619650348e-05 max_gamma_dif 0.0009125104568652453
20/01/2023 20:25:54 - DEBUG - populationsim.simul_balancer - np_simul_balancer iteration 700 delta 2.6645369802414992e-06 max_gamma_dif 0.0002300707409121916
20/01/2023 20:25:54 - DEBUG - populationsim.simul_balancer - np_simul_balancer iteration 800 delta 5.740158943600038e-07 max_gamma_dif 2.355718969493381e-05
20/01/2023 20:25:54 - DEBUG - populationsim.simul_balancer - np_simul_balancer iteration 900 delta 1.1058550445100609e-08 max_gamma_dif 2.386060563575043e-07
20/01/2023 20:25:54 - DEBUG - populationsim.steps.sub_balancing - TRACT 41029002000 converged True iter 928
20/01/2023 20:25:54 - INFO - populationsim.multi_integerizer - omitting 469 zero weight rows out of 829
20/01/2023 20:25:54 - INFO - populationsim.multi_integerizer - restoring 469 zero weight rows
20/01/2023 20:25:54 - DEBUG - populationsim.multi_integerizer - SimulIntegerizer status OPTIMAL
20/01/2023 20:25:54 - INFO - populationsim.multi_integerizer - do_simul_integerizing succeeded for TRACT_41029002000 status OPTIMAL. 
20/01/2023 20:25:54 - INFO - populationsim.steps.sub_balancing - balancing 10/15 seed 902, TRACT 41029002100
20/01/2023 20:25:55 - DEBUG - populationsim.simul_balancer - 384 positive weight rows out of 829
20/01/2023 20:25:55 - DEBUG - populationsim.simul_balancer - np_simul_balancer sample_count 384 control_count 25 zone_count 3
20/01/2023 20:25:55 - DEBUG - populationsim.simul_balancer - np_simul_balancer iteration 0 delta 1.5554617771371433 max_gamma_dif 1.434408954373949
20/01/2023 20:25:55 - DEBUG - populationsim.simul_balancer - np_simul_balancer iteration 100 delta 0.0011083457584162785 max_gamma_dif 0.709968280641231
20/01/2023 20:25:55 - DEBUG - populationsim.simul_balancer - np_simul_balancer iteration 200 delta 0.0004650677616601005 max_gamma_dif 0.7080295882520208
20/01/2023 20:25:56 - DEBUG - populationsim.simul_balancer - np_simul_balancer iteration 300 delta 0.0002523576290245735 max_gamma_dif 0.7039038064357713
20/01/2023 20:25:56 - DEBUG - populationsim.simul_balancer - np_simul_balancer iteration 400 delta 0.00014121273716867402 max_gamma_dif 0.6975213339029332
20/01/2023 20:25:56 - DEBUG - populationsim.simul_balancer - np_simul_balancer iteration 500 delta 5.555160094160269e-05 max_gamma_dif 0.6896913953427498
20/01/2023 20:25:57 - DEBUG - populationsim.simul_balancer - np_simul_balancer iteration 600 delta 6.557590561550883e-05 max_gamma_dif 0.6805715837857181
20/01/2023 20:25:57 - DEBUG - populationsim.simul_balancer - np_simul_balancer iteration 700 delta 9.135134469600872e-05 max_gamma_dif 0.6663328693292904
20/01/2023 20:25:57 - DEBUG - populationsim.simul_balancer - np_simul_balancer iteration 800 delta 0.00015147995921034057 max_gamma_dif 0.6419372319836096
20/01/2023 20:25:58 - DEBUG - populationsim.simul_balancer - np_simul_balancer iteration 900 delta 0.0002110967895726429 max_gamma_dif 0.6053449781075794
20/01/2023 20:25:58 - DEBUG - populationsim.steps.sub_balancing - TRACT 41029002100 converged False iter 999
20/01/2023 20:25:58 - INFO - populationsim.multi_integerizer - omitting 445 zero weight rows out of 829
20/01/2023 20:25:58 - INFO - populationsim.multi_integerizer - restoring 445 zero weight rows
20/01/2023 20:25:58 - DEBUG - populationsim.multi_integerizer - SimulIntegerizer status OPTIMAL
20/01/2023 20:25:58 - INFO - populationsim.multi_integerizer - do_simul_integerizing succeeded for TRACT_41029002100 status OPTIMAL. 
20/01/2023 20:25:58 - INFO - populationsim.steps.sub_balancing - balancing 11/15 seed 902, TRACT 41029002200
20/01/2023 20:25:58 - DEBUG - populationsim.simul_balancer - 478 positive weight rows out of 829
20/01/2023 20:25:58 - DEBUG - populationsim.simul_balancer - np_simul_balancer sample_count 478 control_count 25 zone_count 4
20/01/2023 20:25:58 - DEBUG - populationsim.simul_balancer - np_simul_balancer iteration 0 delta 2.584318741631119 max_gamma_dif 1.44599375011276
20/01/2023 20:25:59 - DEBUG - populationsim.simul_balancer - np_simul_balancer iteration 100 delta 0.002313417293144961 max_gamma_dif 0.9382273499849973
20/01/2023 20:25:59 - DEBUG - populationsim.simul_balancer - np_simul_balancer iteration 200 delta 0.0009440682035740385 max_gamma_dif 0.9366462672732911
20/01/2023 20:26:00 - DEBUG - populationsim.simul_balancer - np_simul_balancer iteration 300 delta 0.0005122160375830738 max_gamma_dif 0.9341656990143626
20/01/2023 20:26:00 - DEBUG - populationsim.simul_balancer - np_simul_balancer iteration 400 delta 0.00040176011515090273 max_gamma_dif 0.9319819553575948
20/01/2023 20:26:01 - DEBUG - populationsim.simul_balancer - np_simul_balancer iteration 500 delta 0.00020554860192961212 max_gamma_dif 0.9297705027114992
20/01/2023 20:26:02 - DEBUG - populationsim.simul_balancer - np_simul_balancer iteration 600 delta 0.00010799592345221582 max_gamma_dif 0.9255702727934885
20/01/2023 20:26:02 - DEBUG - populationsim.simul_balancer - np_simul_balancer iteration 700 delta 0.00010890663506975391 max_gamma_dif 0.9177158867944002
20/01/2023 20:26:03 - DEBUG - populationsim.simul_balancer - np_simul_balancer iteration 800 delta 0.0001733560638770368 max_gamma_dif 0.9025310072111079
20/01/2023 20:26:03 - DEBUG - populationsim.simul_balancer - np_simul_balancer iteration 900 delta 0.0002630128204807978 max_gamma_dif 0.8750000741709317
20/01/2023 20:26:04 - DEBUG - populationsim.steps.sub_balancing - TRACT 41029002200 converged False iter 999
20/01/2023 20:26:04 - INFO - populationsim.multi_integerizer - omitting 351 zero weight rows out of 829
20/01/2023 20:26:04 - INFO - populationsim.multi_integerizer - restoring 351 zero weight rows
20/01/2023 20:26:04 - DEBUG - populationsim.multi_integerizer - SimulIntegerizer status OPTIMAL
20/01/2023 20:26:04 - INFO - populationsim.multi_integerizer - do_simul_integerizing succeeded for TRACT_41029002200 status OPTIMAL. 
20/01/2023 20:26:04 - INFO - populationsim.steps.sub_balancing - balancing 12/15 seed 902, TRACT 41029002300
20/01/2023 20:26:04 - DEBUG - populationsim.simul_balancer - 287 positive weight rows out of 829
20/01/2023 20:26:04 - DEBUG - populationsim.simul_balancer - np_simul_balancer sample_count 287 control_count 25 zone_count 2
20/01/2023 20:26:04 - DEBUG - populationsim.simul_balancer - np_simul_balancer iteration 0 delta 0.5098534746192047 max_gamma_dif 0.5796631044206428
20/01/2023 20:26:04 - DEBUG - populationsim.simul_balancer - np_simul_balancer iteration 100 delta 0.00018532535626952906 max_gamma_dif 0.41210970115273926
20/01/2023 20:26:04 - DEBUG - populationsim.simul_balancer - np_simul_balancer iteration 200 delta 0.00010554687321619542 max_gamma_dif 0.3702812094388821
20/01/2023 20:26:05 - DEBUG - populationsim.simul_balancer - np_simul_balancer iteration 300 delta 0.00016246790840384083 max_gamma_dif 0.33331542922811697
20/01/2023 20:26:05 - DEBUG - populationsim.simul_balancer - np_simul_balancer iteration 400 delta 0.000360626823469709 max_gamma_dif 0.28553271300153527
20/01/2023 20:26:05 - DEBUG - populationsim.simul_balancer - np_simul_balancer iteration 500 delta 0.00020358259151266063 max_gamma_dif 0.6730645442260116
20/01/2023 20:26:05 - DEBUG - populationsim.simul_balancer - np_simul_balancer iteration 600 delta 0.0002991392882951755 max_gamma_dif 0.6803356732947085
20/01/2023 20:26:05 - DEBUG - populationsim.simul_balancer - np_simul_balancer iteration 700 delta 0.0003399122212808005 max_gamma_dif 0.6779901005614232
20/01/2023 20:26:06 - DEBUG - populationsim.simul_balancer - np_simul_balancer iteration 800 delta 0.0002495986326197087 max_gamma_dif 0.6610883921316284
20/01/2023 20:26:06 - DEBUG - populationsim.simul_balancer - np_simul_balancer iteration 900 delta 0.00032521167451613533 max_gamma_dif 0.6296212597818256
20/01/2023 20:26:06 - DEBUG - populationsim.steps.sub_balancing - TRACT 41029002300 converged False iter 999
20/01/2023 20:26:06 - INFO - populationsim.multi_integerizer - omitting 542 zero weight rows out of 829
20/01/2023 20:26:06 - INFO - populationsim.multi_integerizer - restoring 542 zero weight rows
20/01/2023 20:26:06 - DEBUG - populationsim.multi_integerizer - SimulIntegerizer status OPTIMAL
20/01/2023 20:26:06 - INFO - populationsim.multi_integerizer - do_simul_integerizing succeeded for TRACT_41029002300 status OPTIMAL. 
20/01/2023 20:26:06 - INFO - populationsim.steps.sub_balancing - balancing 13/15 seed 902, TRACT 41029002400
20/01/2023 20:26:06 - DEBUG - populationsim.simul_balancer - 325 positive weight rows out of 829
20/01/2023 20:26:06 - DEBUG - populationsim.simul_balancer - np_simul_balancer sample_count 325 control_count 25 zone_count 2
20/01/2023 20:26:06 - DEBUG - populationsim.simul_balancer - np_simul_balancer iteration 0 delta 0.5474512212070411 max_gamma_dif 0.4545850403440008
20/01/2023 20:26:07 - DEBUG - populationsim.simul_balancer - np_simul_balancer iteration 100 delta 0.0008713616045950479 max_gamma_dif 0.7601634916834407
20/01/2023 20:26:07 - DEBUG - populationsim.simul_balancer - np_simul_balancer iteration 200 delta 0.00042349425856392 max_gamma_dif 0.7561901677240201
20/01/2023 20:26:07 - DEBUG - populationsim.simul_balancer - np_simul_balancer iteration 300 delta 0.0003219640898865095 max_gamma_dif 0.7530865276796903
20/01/2023 20:26:07 - DEBUG - populationsim.simul_balancer - np_simul_balancer iteration 400 delta 0.00027745515720668524 max_gamma_dif 0.7480568326586909
20/01/2023 20:26:07 - DEBUG - populationsim.simul_balancer - np_simul_balancer iteration 500 delta 0.00021247418330199398 max_gamma_dif 0.7397470149268562
20/01/2023 20:26:08 - DEBUG - populationsim.simul_balancer - np_simul_balancer iteration 600 delta 0.00015745142721635365 max_gamma_dif 0.7287402745959265
20/01/2023 20:26:08 - DEBUG - populationsim.simul_balancer - np_simul_balancer iteration 700 delta 0.00019643586454080316 max_gamma_dif 0.7179062659473543
20/01/2023 20:26:08 - DEBUG - populationsim.simul_balancer - np_simul_balancer iteration 800 delta 0.0003044320522964915 max_gamma_dif 0.7014383012040851
20/01/2023 20:26:08 - DEBUG - populationsim.simul_balancer - np_simul_balancer iteration 900 delta 0.0004899760184517994 max_gamma_dif 0.6795856316573388
20/01/2023 20:26:09 - DEBUG - populationsim.steps.sub_balancing - TRACT 41029002400 converged False iter 999
20/01/2023 20:26:09 - INFO - populationsim.multi_integerizer - omitting 504 zero weight rows out of 829
20/01/2023 20:26:09 - INFO - populationsim.multi_integerizer - restoring 504 zero weight rows
20/01/2023 20:26:09 - DEBUG - populationsim.multi_integerizer - SimulIntegerizer status OPTIMAL
20/01/2023 20:26:09 - INFO - populationsim.multi_integerizer - do_simul_integerizing succeeded for TRACT_41029002400 status OPTIMAL. 
20/01/2023 20:26:09 - INFO - populationsim.steps.sub_balancing - balancing 14/15 seed 902, TRACT 41029002500
20/01/2023 20:26:09 - DEBUG - populationsim.simul_balancer - 277 positive weight rows out of 829
20/01/2023 20:26:09 - DEBUG - populationsim.simul_balancer - np_simul_balancer sample_count 277 control_count 25 zone_count 2
20/01/2023 20:26:09 - DEBUG - populationsim.simul_balancer - np_simul_balancer iteration 0 delta 0.9881424295464917 max_gamma_dif 1.1878853369520588
20/01/2023 20:26:09 - DEBUG - populationsim.simul_balancer - np_simul_balancer iteration 100 delta 0.00011991553917148333 max_gamma_dif 0.09721921999547745
20/01/2023 20:26:09 - DEBUG - populationsim.simul_balancer - np_simul_balancer iteration 200 delta 5.081205967125223e-05 max_gamma_dif 0.09422888487046632
20/01/2023 20:26:10 - DEBUG - populationsim.simul_balancer - np_simul_balancer iteration 300 delta 8.388278770109477e-05 max_gamma_dif 0.08975057019229549
20/01/2023 20:26:10 - DEBUG - populationsim.simul_balancer - np_simul_balancer iteration 400 delta 6.496962088512372e-05 max_gamma_dif 0.08023397557016865
20/01/2023 20:26:10 - DEBUG - populationsim.simul_balancer - np_simul_balancer iteration 500 delta 0.0001695155792746383 max_gamma_dif 0.051364853246546494
20/01/2023 20:26:10 - DEBUG - populationsim.simul_balancer - np_simul_balancer iteration 600 delta 0.00010803286641226553 max_gamma_dif 0.014783769262791346
20/01/2023 20:26:10 - DEBUG - populationsim.simul_balancer - np_simul_balancer iteration 700 delta 1.982331000817073e-05 max_gamma_dif 0.003631491160834721
20/01/2023 20:26:11 - DEBUG - populationsim.simul_balancer - np_simul_balancer iteration 800 delta 4.0963754384887815e-06 max_gamma_dif 0.00031865686966325857
20/01/2023 20:26:11 - DEBUG - populationsim.simul_balancer - np_simul_balancer iteration 900 delta 6.368524462126172e-08 max_gamma_dif 4.107460148894404e-06
20/01/2023 20:26:11 - DEBUG - populationsim.steps.sub_balancing - TRACT 41029002500 converged True iter 947
20/01/2023 20:26:11 - INFO - populationsim.multi_integerizer - omitting 552 zero weight rows out of 829
20/01/2023 20:26:11 - INFO - populationsim.multi_integerizer - restoring 552 zero weight rows
20/01/2023 20:26:11 - DEBUG - populationsim.multi_integerizer - SimulIntegerizer status OPTIMAL
20/01/2023 20:26:11 - INFO - populationsim.multi_integerizer - do_simul_integerizing succeeded for TRACT_41029002500 status OPTIMAL. 
20/01/2023 20:26:11 - INFO - populationsim.steps.sub_balancing - balancing 15/15 seed 902, TRACT 41029003001
20/01/2023 20:26:11 - DEBUG - populationsim.simul_balancer - 186 positive weight rows out of 829
20/01/2023 20:26:11 - DEBUG - populationsim.simul_balancer - np_simul_balancer sample_count 186 control_count 25 zone_count 1
20/01/2023 20:26:11 - DEBUG - populationsim.simul_balancer - np_simul_balancer iteration 0 delta 1.1937881985216738e-18 max_gamma_dif 0.10611472856190551
20/01/2023 20:26:11 - DEBUG - populationsim.steps.sub_balancing - TRACT 41029003001 converged False iter 0
20/01/2023 20:26:11 - INFO - populationsim.multi_integerizer - omitting 643 zero weight rows out of 829
20/01/2023 20:26:11 - INFO - populationsim.multi_integerizer - restoring 643 zero weight rows
20/01/2023 20:26:11 - DEBUG - populationsim.multi_integerizer - SimulIntegerizer status OPTIMAL
20/01/2023 20:26:11 - INFO - populationsim.multi_integerizer - do_simul_integerizing succeeded for TRACT_41029003001 status OPTIMAL. 
20/01/2023 20:26:11 - INFO - populationsim.steps.sub_balancing - adding table BG_weights
20/01/2023 20:26:11 - DEBUG - activitysim.core.tracing - Time to execute #run_model completed step 'sub_balancing.geography=BG' : 146.181 seconds (2.4 minutes)
20/01/2023 20:26:11 - DEBUG - activitysim.core.pipeline - add_checkpoint sub_balancing.geography=BG timestamp 2023-01-20 20:26:11.854664
20/01/2023 20:26:11 - DEBUG - activitysim.core.pipeline - add_checkpoint 'sub_balancing.geography=BG' table 'BG_weights' (90293, 7) 5.4 MB
20/01/2023 20:26:11 - DEBUG - activitysim.core.pipeline - add_checkpoint 'sub_balancing.geography=BG' table 'BG_weights_sparse' (27076, 7) 1.6 MB
20/01/2023 20:26:11 - DEBUG - activitysim.core.pipeline - add_checkpoint 'sub_balancing.geography=BG' table 'trace_BG_weights' (0, 7) 0 B
20/01/2023 20:26:11 - INFO - activitysim.core.pipeline - #run_model running step expand_households
20/01/2023 20:26:14 - DEBUG - activitysim.core.tracing - Time to execute #run_model completed step 'expand_households' : 2.72 seconds (0.0 minutes)
20/01/2023 20:26:14 - DEBUG - activitysim.core.pipeline - add_checkpoint expand_households timestamp 2023-01-20 20:26:14.703902
20/01/2023 20:26:14 - DEBUG - activitysim.core.pipeline - add_checkpoint 'expand_households' table 'expanded_household_ids' (73107, 4) 2.6 MB
20/01/2023 20:26:15 - INFO - activitysim.core.pipeline - #run_model running step write_data_dictionary
20/01/2023 20:26:16 - DEBUG - activitysim.core.tracing - Time to execute #run_model completed step 'write_data_dictionary' : 1.135 seconds (0.0 minutes)
20/01/2023 20:26:16 - DEBUG - activitysim.core.pipeline - add_checkpoint write_data_dictionary timestamp 2023-01-20 20:26:16.267092
20/01/2023 20:26:16 - INFO - activitysim.core.pipeline - #run_model running step summarize
20/01/2023 20:26:16 - INFO - populationsim.steps.summarize - saving summary table summary_REGION_1
20/01/2023 20:26:16 - INFO - populationsim.steps.summarize - saving summary table summary_TRACT_aggregate
20/01/2023 20:26:16 - INFO - populationsim.steps.summarize - saving summary table summary_TRACT_PUMA
20/01/2023 20:26:17 - INFO - populationsim.steps.summarize - saving summary table summary_TRACT
20/01/2023 20:26:17 - INFO - populationsim.steps.summarize - saving summary table summary_BG_aggregate
20/01/2023 20:26:17 - INFO - populationsim.steps.summarize - saving summary table summary_BG_PUMA
20/01/2023 20:26:18 - INFO - populationsim.steps.summarize - saving summary table summary_BG
20/01/2023 20:26:18 - INFO - populationsim.steps.summarize - saving summary table summary_hh_weights
20/01/2023 20:26:18 - DEBUG - activitysim.core.tracing - Time to execute #run_model completed step 'summarize' : 2.554 seconds (0.0 minutes)
20/01/2023 20:26:18 - DEBUG - activitysim.core.pipeline - add_checkpoint summarize timestamp 2023-01-20 20:26:18.887601
20/01/2023 20:26:18 - DEBUG - activitysim.core.pipeline - add_checkpoint 'summarize' table 'summary_REGION_1' (33, 8) 2.4 KB
20/01/2023 20:26:18 - DEBUG - activitysim.core.pipeline - add_checkpoint 'summarize' table 'summary_TRACT_aggregate' (1714, 7) 102.8 KB
20/01/2023 20:26:18 - DEBUG - activitysim.core.pipeline - add_checkpoint 'summarize' table 'summary_TRACT_PUMA' (2, 101) 1.4 KB
20/01/2023 20:26:18 - DEBUG - activitysim.core.pipeline - add_checkpoint 'summarize' table 'summary_TRACT' (36, 101) 24.6 KB
20/01/2023 20:26:18 - DEBUG - activitysim.core.pipeline - add_checkpoint 'summarize' table 'summary_BG_aggregate' (1714, 7) 102.8 KB
20/01/2023 20:26:18 - DEBUG - activitysim.core.pipeline - add_checkpoint 'summarize' table 'summary_BG_PUMA' (2, 101) 1.4 KB
20/01/2023 20:26:18 - DEBUG - activitysim.core.pipeline - add_checkpoint 'summarize' table 'summary_BG' (105, 77) 55.0 KB
20/01/2023 20:26:18 - DEBUG - activitysim.core.pipeline - add_checkpoint 'summarize' table 'summary_hh_weights' (1714, 6) 68.7 KB
20/01/2023 20:26:19 - INFO - activitysim.core.pipeline - #run_model running step write_tables
20/01/2023 20:26:19 - DEBUG - activitysim.core.tracing - Time to execute #run_model completed step 'write_tables' : 0.312 seconds (0.0 minutes)
20/01/2023 20:26:19 - DEBUG - activitysim.core.pipeline - add_checkpoint write_tables timestamp 2023-01-20 20:26:19.391027
20/01/2023 20:26:19 - INFO - activitysim.core.pipeline - #run_model running step write_synthetic_population
20/01/2023 20:26:20 - WARNING - populationsim.steps.write_synthetic_population - column 'per_id' not in persons
20/01/2023 20:26:21 - DEBUG - activitysim.core.tracing - Time to execute #run_model completed step 'write_synthetic_population' : 1.868 seconds (0.0 minutes)
20/01/2023 20:26:21 - DEBUG - activitysim.core.pipeline - add_checkpoint write_synthetic_population timestamp 2023-01-20 20:26:21.350028
20/01/2023 20:26:21 - INFO - activitysim.core.tracing - Time to execute run_model (13 models) : 242.231 seconds (4.0 minutes)
20/01/2023 20:26:21 - DEBUG - activitysim.core.pipeline - close_pipeline
20/01/2023 20:26:21 - INFO - activitysim.core.mem - MainProcess high water mark rss: 162_738_176 (162.7 MB) timestamp: 20/01/2023 20:26:19 label:pipeline.run_model write_tables finished
20/01/2023 20:26:21 - INFO - activitysim.core.mem - MainProcess high water mark uss: 155_566_080 (155.6 MB) timestamp: 20/01/2023 20:26:19 label:pipeline.run_model write_tables finished
20/01/2023 20:26:21 - INFO - activitysim.core.tracing - Time to execute all models : 242.298 seconds (4.0 minutes)
